id,class_id,topic,scheduled_date
1,1.0,penjumlahan,2026-01-01
2,1.0,penjumlahan,2026-01-03
3,1.0,penjumlahan,2026-01-05
4,1.0,penjumlahan,2026-01-07
5,1.0,penjumlahan,2026-01-09
6,1.0,penjumlahan,2026-01-11
7,1.0,penjumlahan,2026-01-13
8,1.0,pengurangan,2026-01-16
9,1.0,pengurangan,2026-01-18
10,1.0,pengurangan,2026-01-20
11,1.0,pengurangan,2026-01-22
12,1.0,pengurangan,2026-01-25
13,1.0,pembagian,2026-01-26
14,1.0,pembagian,2026-01-27
15,1.0,pembagian,2026-01-30
16,1.0,pembagian,2026-02-02
17,1.0,pembagian,2026-02-05
18,1.0,pembagian,2026-02-07
19,1.0,pembagian,2026-02-09
20,1.0,pembagian,2026-02-10
21,1.0,limit,2026-02-11
22,1.0,limit,2026-02-13
23,1.0,limit,2026-02-16
24,1.0,limit,2026-02-18
25,1.0,limit,2026-02-21
26,1.0,turunan,2026-02-24
27,1.0,turunan,2026-02-25
28,1.0,turunan,2026-02-27
29,1.0,turunan,2026-03-02
30,1.0,turunan,2026-03-05
31,1.0,turunan,2026-03-08
32,1.0,turunan,2026-03-09
33,1.0,integral,2026-03-11
34,1.0,integral,2026-03-12
35,1.0,integral,2026-03-15
36,1.0,integral,2026-03-18
37,1.0,integral,2026-03-19
38,1.0,integral,2026-03-21
39,1.0,integral,2026-03-24
40,8.0,penjumlahan,2026-01-01
41,8.0,penjumlahan,2026-01-04
42,8.0,penjumlahan,2026-01-05
43,8.0,penjumlahan,2026-01-08
44,8.0,penjumlahan,2026-01-09
45,8.0,penjumlahan,2026-01-10
46,8.0,pengurangan,2026-01-11
47,8.0,pengurangan,2026-01-13
48,8.0,pengurangan,2026-01-16
49,8.0,pengurangan,2026-01-18
50,8.0,pengurangan,2026-01-19
51,8.0,pengurangan,2026-01-22
52,8.0,perkalian,2026-01-25
53,8.0,perkalian,2026-01-28
54,8.0,perkalian,2026-01-30
55,8.0,perkalian,2026-02-02
56,8.0,perkalian,2026-02-05
57,8.0,pembagian,2026-02-07
58,8.0,pembagian,2026-02-08
59,8.0,pembagian,2026-02-11
60,8.0,pembagian,2026-02-14
61,8.0,pembagian,2026-02-15
62,8.0,pembagian,2026-02-17
63,8.0,pembagian,2026-02-19
64,8.0,pecahan,2026-02-20
65,8.0,pecahan,2026-02-21
66,8.0,pecahan,2026-02-22
67,8.0,pecahan,2026-02-25
68,8.0,pecahan,2026-02-27
69,8.0,fungsi,2026-03-01
70,8.0,fungsi,2026-03-03
71,8.0,fungsi,2026-03-06
72,8.0,fungsi,2026-03-09
73,8.0,fungsi,2026-03-12
74,8.0,fungsi,2026-03-15
75,8.0,fungsi,2026-03-18
76,8.0,fungsi,2026-03-20
77,8.0,fungsi,2026-03-22
78,8.0,limit,2026-03-23
79,8.0,limit,2026-03-24
80,8.0,limit,2026-03-26
81,8.0,limit,2026-03-28
82,8.0,limit,2026-03-31
83,8.0,limit,2026-04-01
84,8.0,turunan,2026-04-04
85,8.0,turunan,2026-04-06
86,8.0,turunan,2026-04-08
87,8.0,turunan,2026-04-11
88,8.0,turunan,2026-04-13
89,8.0,turunan,2026-04-16
90,8.0,turunan,2026-04-17
91,8.0,turunan,2026-04-19
92,8.0,integral,2026-04-22
93,8.0,integral,2026-04-25
94,8.0,integral,2026-04-28
95,8.0,integral,2026-04-30
96,8.0,integral,2026-05-03
97,8.0,integral,2026-05-05
98,8.0,integral,2026-05-08
99,8.0,integral,2026-05-10
100,8.0,integral,2026-05-11
101,5.0,penjumlahan,2026-01-01
102,5.0,penjumlahan,2026-01-02
103,5.0,penjumlahan,2026-01-05
104,5.0,penjumlahan,2026-01-07
105,5.0,penjumlahan,2026-01-10
106,5.0,penjumlahan,2026-01-11
107,5.0,penjumlahan,2026-01-12
108,5.0,pengurangan,2026-01-13
109,5.0,pengurangan,2026-01-16
110,5.0,pengurangan,2026-01-19
111,5.0,pengurangan,2026-01-21
112,5.0,pengurangan,2026-01-22
113,5.0,pengurangan,2026-01-25
114,5.0,pengurangan,2026-01-26
115,5.0,pengurangan,2026-01-28
116,5.0,perkalian,2026-01-30
117,5.0,perkalian,2026-02-01
118,5.0,perkalian,2026-02-04
119,5.0,perkalian,2026-02-07
120,5.0,perkalian,2026-02-09
121,5.0,pembagian,2026-02-11
122,5.0,pembagian,2026-02-14
123,5.0,pembagian,2026-02-16
124,5.0,pembagian,2026-02-19
125,5.0,pembagian,2026-02-21
126,5.0,pembagian,2026-02-24
127,5.0,pembagian,2026-02-27
128,5.0,pecahan,2026-03-02
129,5.0,pecahan,2026-03-05
130,5.0,pecahan,2026-03-07
131,5.0,pecahan,2026-03-09
132,5.0,pecahan,2026-03-10
133,5.0,pecahan,2026-03-12
134,5.0,pecahan,2026-03-15
135,5.0,pecahan,2026-03-16
136,5.0,pecahan,2026-03-18
137,5.0,desimal,2026-03-19
138,5.0,desimal,2026-03-20
139,5.0,desimal,2026-03-23
140,5.0,desimal,2026-03-26
141,5.0,desimal,2026-03-29
142,5.0,desimal,2026-03-30
143,5.0,persamaan_linear,2026-04-02
144,5.0,persamaan_linear,2026-04-04
145,5.0,persamaan_linear,2026-04-06
146,5.0,persamaan_linear,2026-04-08
147,5.0,persamaan_linear,2026-04-11
148,5.0,persamaan_linear,2026-04-13
149,5.0,persamaan_linear,2026-04-16
150,5.0,persamaan_linear,2026-04-17
151,5.0,fungsi,2026-04-19
152,5.0,fungsi,2026-04-22
153,5.0,fungsi,2026-04-23
154,5.0,fungsi,2026-04-24
155,5.0,fungsi,2026-04-25
156,5.0,fungsi,2026-04-26
157,5.0,fungsi,2026-04-28
158,5.0,limit,2026-04-30
159,5.0,limit,2026-05-01
160,5.0,limit,2026-05-03
161,5.0,limit,2026-05-06
162,5.0,limit,2026-05-07
163,5.0,turunan,2026-05-10
164,5.0,turunan,2026-05-11
165,5.0,turunan,2026-05-13
166,5.0,turunan,2026-05-15
167,5.0,turunan,2026-05-18
168,5.0,turunan,2026-05-20
169,5.0,turunan,2026-05-21
170,5.0,integral,2026-05-24
171,5.0,integral,2026-05-27
172,5.0,integral,2026-05-29
173,5.0,integral,2026-05-31
174,5.0,integral,2026-06-01
175,18.0,penjumlahan,2026-01-01
176,18.0,penjumlahan,2026-01-02
177,18.0,penjumlahan,2026-01-05
178,18.0,penjumlahan,2026-01-07
179,18.0,penjumlahan,2026-01-08
180,18.0,penjumlahan,2026-01-10
181,18.0,penjumlahan,2026-01-11
182,18.0,penjumlahan,2026-01-13
183,18.0,penjumlahan,2026-01-16
184,18.0,pengurangan,2026-01-19
185,18.0,pengurangan,2026-01-22
186,18.0,pengurangan,2026-01-24
187,18.0,pengurangan,2026-01-26
188,18.0,pengurangan,2026-01-27
189,18.0,pengurangan,2026-01-30
190,18.0,pengurangan,2026-02-01
191,18.0,perkalian,2026-02-02
192,18.0,perkalian,2026-02-04
193,18.0,perkalian,2026-02-07
194,18.0,perkalian,2026-02-10
195,18.0,perkalian,2026-02-12
196,18.0,pembagian,2026-02-13
197,18.0,pembagian,2026-02-14
198,18.0,pembagian,2026-02-17
199,18.0,pembagian,2026-02-18
200,18.0,pembagian,2026-02-20
201,18.0,pembagian,2026-02-21
202,18.0,pembagian,2026-02-23
203,18.0,pecahan,2026-02-26
204,18.0,pecahan,2026-02-27
205,18.0,pecahan,2026-03-02
206,18.0,pecahan,2026-03-04
207,18.0,pecahan,2026-03-05
208,18.0,pecahan,2026-03-07
209,18.0,pecahan,2026-03-08
210,18.0,limit,2026-03-10
211,18.0,limit,2026-03-11
212,18.0,limit,2026-03-14
213,18.0,limit,2026-03-15
214,18.0,limit,2026-03-17
215,18.0,limit,2026-03-19
216,18.0,limit,2026-03-20
217,18.0,limit,2026-03-22
218,18.0,limit,2026-03-24
219,18.0,turunan,2026-03-27
220,18.0,turunan,2026-03-29
221,18.0,turunan,2026-04-01
222,18.0,turunan,2026-04-02
223,18.0,turunan,2026-04-03
224,18.0,integral,2026-04-05
225,18.0,integral,2026-04-07
226,18.0,integral,2026-04-10
227,18.0,integral,2026-04-13
228,18.0,integral,2026-04-16
229,18.0,integral,2026-04-19
230,19.0,penjumlahan,2026-01-01
231,19.0,penjumlahan,2026-01-02
232,19.0,penjumlahan,2026-01-04
233,19.0,penjumlahan,2026-01-06
234,19.0,penjumlahan,2026-01-09
235,19.0,penjumlahan,2026-01-11
236,19.0,penjumlahan,2026-01-14
237,19.0,pengurangan,2026-01-17
238,19.0,pengurangan,2026-01-19
239,19.0,pengurangan,2026-01-22
240,19.0,pengurangan,2026-01-24
241,19.0,pengurangan,2026-01-26
242,19.0,pengurangan,2026-01-27
243,19.0,pengurangan,2026-01-28
244,19.0,pengurangan,2026-01-30
245,19.0,desimal,2026-01-31
246,19.0,desimal,2026-02-02
247,19.0,desimal,2026-02-03
248,19.0,desimal,2026-02-04
249,19.0,desimal,2026-02-07
250,19.0,desimal,2026-02-08
251,19.0,desimal,2026-02-10
252,19.0,desimal,2026-02-12
253,19.0,desimal,2026-02-15
254,19.0,aljabar,2026-02-16
255,19.0,aljabar,2026-02-19
256,19.0,aljabar,2026-02-20
257,19.0,aljabar,2026-02-22
258,19.0,aljabar,2026-02-23
259,19.0,aljabar,2026-02-26
260,19.0,aljabar,2026-02-28
261,19.0,aljabar,2026-03-03
262,19.0,aljabar,2026-03-05
263,19.0,fungsi,2026-03-08
264,19.0,fungsi,2026-03-10
265,19.0,fungsi,2026-03-12
266,19.0,fungsi,2026-03-15
267,19.0,fungsi,2026-03-18
268,19.0,fungsi,2026-03-20
269,19.0,fungsi,2026-03-23
270,19.0,fungsi,2026-03-26
271,19.0,fungsi,2026-03-29
272,19.0,turunan,2026-03-30
273,19.0,turunan,2026-04-01
274,19.0,turunan,2026-04-03
275,19.0,turunan,2026-04-05
276,19.0,turunan,2026-04-06
277,19.0,integral,2026-04-09
278,19.0,integral,2026-04-11
279,19.0,integral,2026-04-13
280,19.0,integral,2026-04-16
281,19.0,integral,2026-04-19
282,19.0,integral,2026-04-21
283,19.0,integral,2026-04-23
284,19.0,integral,2026-04-26
285,19.0,integral,2026-04-28
286,2.0,penjumlahan,2026-01-01
287,2.0,penjumlahan,2026-01-03
288,2.0,penjumlahan,2026-01-04
289,2.0,penjumlahan,2026-01-07
290,2.0,penjumlahan,2026-01-10
291,2.0,pengurangan,2026-01-11
292,2.0,pengurangan,2026-01-12
293,2.0,pengurangan,2026-01-13
294,2.0,pengurangan,2026-01-16
295,2.0,pengurangan,2026-01-17
296,2.0,pengurangan,2026-01-18
297,2.0,pengurangan,2026-01-21
298,2.0,pecahan,2026-01-24
299,2.0,pecahan,2026-01-25
300,2.0,pecahan,2026-01-28
301,2.0,pecahan,2026-01-29
302,2.0,pecahan,2026-01-30
303,2.0,pecahan,2026-02-01
304,2.0,pecahan,2026-02-03
305,2.0,desimal,2026-02-06
306,2.0,desimal,2026-02-09
307,2.0,desimal,2026-02-10
308,2.0,desimal,2026-02-11
309,2.0,desimal,2026-02-14
310,2.0,desimal,2026-02-15
311,2.0,desimal,2026-02-18
312,2.0,fungsi,2026-02-21
313,2.0,fungsi,2026-02-23
314,2.0,fungsi,2026-02-25
315,2.0,fungsi,2026-02-27
316,2.0,fungsi,2026-02-28
317,2.0,limit,2026-03-01
318,2.0,limit,2026-03-04
319,2.0,limit,2026-03-07
320,2.0,limit,2026-03-10
321,2.0,limit,2026-03-12
322,2.0,limit,2026-03-15
323,2.0,limit,2026-03-17
324,2.0,integral,2026-03-18
325,2.0,integral,2026-03-20
326,2.0,integral,2026-03-23
327,2.0,integral,2026-03-26
328,2.0,integral,2026-03-29
329,3.0,penjumlahan,2026-01-01
330,3.0,penjumlahan,2026-01-02
331,3.0,penjumlahan,2026-01-04
332,3.0,penjumlahan,2026-01-07
333,3.0,penjumlahan,2026-01-09
334,3.0,pengurangan,2026-01-10
335,3.0,pengurangan,2026-01-13
336,3.0,pengurangan,2026-01-14
337,3.0,pengurangan,2026-01-16
338,3.0,pengurangan,2026-01-19
339,3.0,perkalian,2026-01-21
340,3.0,perkalian,2026-01-23
341,3.0,perkalian,2026-01-26
342,3.0,perkalian,2026-01-27
343,3.0,perkalian,2026-01-30
344,3.0,perkalian,2026-01-31
345,3.0,perkalian,2026-02-02
346,3.0,perkalian,2026-02-05
347,3.0,pembagian,2026-02-07
348,3.0,pembagian,2026-02-10
349,3.0,pembagian,2026-02-11
350,3.0,pembagian,2026-02-14
351,3.0,pembagian,2026-02-15
352,3.0,pecahan,2026-02-17
353,3.0,pecahan,2026-02-18
354,3.0,pecahan,2026-02-20
355,3.0,pecahan,2026-02-22
356,3.0,pecahan,2026-02-25
357,3.0,desimal,2026-02-27
358,3.0,desimal,2026-03-01
359,3.0,desimal,2026-03-03
360,3.0,desimal,2026-03-05
361,3.0,desimal,2026-03-06
362,3.0,desimal,2026-03-07
363,3.0,persamaan_linear,2026-03-09
364,3.0,persamaan_linear,2026-03-11
365,3.0,persamaan_linear,2026-03-13
366,3.0,persamaan_linear,2026-03-16
367,3.0,persamaan_linear,2026-03-18
368,3.0,persamaan_linear,2026-03-19
369,3.0,persamaan_linear,2026-03-22
370,3.0,persamaan_linear,2026-03-23
371,3.0,persamaan_linear,2026-03-24
372,3.0,fungsi,2026-03-27
373,3.0,fungsi,2026-03-30
374,3.0,fungsi,2026-04-02
375,3.0,fungsi,2026-04-04
376,3.0,fungsi,2026-04-06
377,3.0,fungsi,2026-04-08
378,3.0,fungsi,2026-04-10
379,3.0,fungsi,2026-04-11
380,3.0,integral,2026-04-14
381,3.0,integral,2026-04-15
382,3.0,integral,2026-04-18
383,3.0,integral,2026-04-21
384,3.0,integral,2026-04-23
385,3.0,integral,2026-04-25
386,3.0,integral,2026-04-27
387,3.0,integral,2026-04-29
388,3.0,integral,2026-05-02
389,8.0,penjumlahan,2026-01-01
390,8.0,penjumlahan,2026-01-04
391,8.0,penjumlahan,2026-01-05
392,8.0,penjumlahan,2026-01-06
393,8.0,penjumlahan,2026-01-09
394,8.0,pengurangan,2026-01-10
395,8.0,pengurangan,2026-01-13
396,8.0,pengurangan,2026-01-14
397,8.0,pengurangan,2026-01-16
398,8.0,pengurangan,2026-01-17
399,8.0,pengurangan,2026-01-18
400,8.0,pengurangan,2026-01-20
401,8.0,pengurangan,2026-01-22
402,8.0,pengurangan,2026-01-23
403,8.0,pembagian,2026-01-26
404,8.0,pembagian,2026-01-29
405,8.0,pembagian,2026-02-01
406,8.0,pembagian,2026-02-03
407,8.0,pembagian,2026-02-04
408,8.0,pecahan,2026-02-05
409,8.0,pecahan,2026-02-06
410,8.0,pecahan,2026-02-09
411,8.0,pecahan,2026-02-11
412,8.0,pecahan,2026-02-14
413,8.0,pecahan,2026-02-16
414,8.0,pecahan,2026-02-18
415,8.0,pecahan,2026-02-20
416,8.0,pecahan,2026-02-23
417,8.0,desimal,2026-02-25
418,8.0,desimal,2026-02-28
419,8.0,desimal,2026-03-01
420,8.0,desimal,2026-03-03
421,8.0,desimal,2026-03-05
422,8.0,aljabar,2026-03-08
423,8.0,aljabar,2026-03-09
424,8.0,aljabar,2026-03-12
425,8.0,aljabar,2026-03-14
426,8.0,aljabar,2026-03-16
427,8.0,aljabar,2026-03-17
428,8.0,aljabar,2026-03-19
429,8.0,persamaan_linear,2026-03-20
430,8.0,persamaan_linear,2026-03-22
431,8.0,persamaan_linear,2026-03-25
432,8.0,persamaan_linear,2026-03-26
433,8.0,persamaan_linear,2026-03-28
434,8.0,fungsi,2026-03-30
435,8.0,fungsi,2026-03-31
436,8.0,fungsi,2026-04-03
437,8.0,fungsi,2026-04-04
438,8.0,fungsi,2026-04-05
439,8.0,fungsi,2026-04-08
440,8.0,fungsi,2026-04-10
441,8.0,fungsi,2026-04-13
442,8.0,limit,2026-04-15
443,8.0,limit,2026-04-17
444,8.0,limit,2026-04-19
445,8.0,limit,2026-04-21
446,8.0,limit,2026-04-23
447,8.0,limit,2026-04-24
448,8.0,limit,2026-04-27
449,8.0,limit,2026-04-30
450,18.0,penjumlahan,2026-01-01
451,18.0,penjumlahan,2026-01-03
452,18.0,penjumlahan,2026-01-06
453,18.0,penjumlahan,2026-01-08
454,18.0,penjumlahan,2026-01-10
455,18.0,penjumlahan,2026-01-13
456,18.0,penjumlahan,2026-01-15
457,18.0,penjumlahan,2026-01-18
458,18.0,pengurangan,2026-01-19
459,18.0,pengurangan,2026-01-22
460,18.0,pengurangan,2026-01-24
461,18.0,pengurangan,2026-01-26
462,18.0,pengurangan,2026-01-29
463,18.0,pengurangan,2026-02-01
464,18.0,pengurangan,2026-02-03
465,18.0,perkalian,2026-02-06
466,18.0,perkalian,2026-02-07
467,18.0,perkalian,2026-02-08
468,18.0,perkalian,2026-02-09
469,18.0,perkalian,2026-02-10
470,18.0,perkalian,2026-02-12
471,18.0,perkalian,2026-02-13
472,18.0,perkalian,2026-02-16
473,18.0,pembagian,2026-02-19
474,18.0,pembagian,2026-02-21
475,18.0,pembagian,2026-02-22
476,18.0,pembagian,2026-02-24
477,18.0,pembagian,2026-02-25
478,18.0,pembagian,2026-02-26
479,18.0,desimal,2026-03-01
480,18.0,desimal,2026-03-03
481,18.0,desimal,2026-03-06
482,18.0,desimal,2026-03-08
483,18.0,desimal,2026-03-10
484,18.0,desimal,2026-03-13
485,18.0,desimal,2026-03-16
486,18.0,desimal,2026-03-17
487,18.0,desimal,2026-03-19
488,18.0,aljabar,2026-03-21
489,18.0,aljabar,2026-03-24
490,18.0,aljabar,2026-03-25
491,18.0,aljabar,2026-03-26
492,18.0,aljabar,2026-03-29
493,18.0,aljabar,2026-03-30
494,18.0,aljabar,2026-04-02
495,18.0,aljabar,2026-04-05
496,18.0,persamaan_linear,2026-04-07
497,18.0,persamaan_linear,2026-04-08
498,18.0,persamaan_linear,2026-04-09
499,18.0,persamaan_linear,2026-04-11
500,18.0,persamaan_linear,2026-04-12
501,18.0,fungsi,2026-04-14
502,18.0,fungsi,2026-04-15
503,18.0,fungsi,2026-04-16
504,18.0,fungsi,2026-04-18
505,18.0,fungsi,2026-04-19
506,18.0,fungsi,2026-04-20
507,18.0,fungsi,2026-04-23
508,18.0,fungsi,2026-04-26
509,18.0,integral,2026-04-27
510,18.0,integral,2026-04-30
511,18.0,integral,2026-05-03
512,18.0,integral,2026-05-04
513,18.0,integral,2026-05-06
514,18.0,integral,2026-05-09
515,18.0,integral,2026-05-12
516,18.0,integral,2026-05-15
517,18.0,integral,2026-05-18
518,18.0,penjumlahan,2026-01-01
519,18.0,penjumlahan,2026-01-04
520,18.0,penjumlahan,2026-01-06
521,18.0,penjumlahan,2026-01-09
522,18.0,penjumlahan,2026-01-12
523,18.0,pengurangan,2026-01-13
524,18.0,pengurangan,2026-01-14
525,18.0,pengurangan,2026-01-16
526,18.0,pengurangan,2026-01-19
527,18.0,pengurangan,2026-01-22
528,18.0,pengurangan,2026-01-25
529,18.0,pengurangan,2026-01-26
530,18.0,pengurangan,2026-01-28
531,18.0,pecahan,2026-01-31
532,18.0,pecahan,2026-02-01
533,18.0,pecahan,2026-02-02
534,18.0,pecahan,2026-02-05
535,18.0,pecahan,2026-02-08
536,18.0,pecahan,2026-02-09
537,18.0,pecahan,2026-02-10
538,18.0,desimal,2026-02-11
539,18.0,desimal,2026-02-12
540,18.0,desimal,2026-02-13
541,18.0,desimal,2026-02-15
542,18.0,desimal,2026-02-16
543,18.0,desimal,2026-02-17
544,18.0,desimal,2026-02-20
545,18.0,desimal,2026-02-21
546,18.0,aljabar,2026-02-23
547,18.0,aljabar,2026-02-24
548,18.0,aljabar,2026-02-26
549,18.0,aljabar,2026-02-28
550,18.0,aljabar,2026-03-03
551,18.0,aljabar,2026-03-06
552,18.0,persamaan_linear,2026-03-07
553,18.0,persamaan_linear,2026-03-08
554,18.0,persamaan_linear,2026-03-10
555,18.0,persamaan_linear,2026-03-11
556,18.0,persamaan_linear,2026-03-12
557,18.0,persamaan_linear,2026-03-14
558,18.0,persamaan_linear,2026-03-16
559,18.0,persamaan_linear,2026-03-17
560,18.0,fungsi,2026-03-18
561,18.0,fungsi,2026-03-21
562,18.0,fungsi,2026-03-23
563,18.0,fungsi,2026-03-26
564,18.0,fungsi,2026-03-27
565,18.0,fungsi,2026-03-28
566,18.0,fungsi,2026-03-31
567,18.0,fungsi,2026-04-03
568,18.0,turunan,2026-04-06
569,18.0,turunan,2026-04-07
570,18.0,turunan,2026-04-10
571,18.0,turunan,2026-04-11
572,18.0,turunan,2026-04-13
573,18.0,turunan,2026-04-16
574,18.0,turunan,2026-04-19
575,18.0,turunan,2026-04-20
576,18.0,integral,2026-04-22
577,18.0,integral,2026-04-25
578,18.0,integral,2026-04-28
579,18.0,integral,2026-04-29
580,18.0,integral,2026-04-30
581,18.0,integral,2026-05-01
582,18.0,integral,2026-05-02
583,18.0,integral,2026-05-03
584,18.0,integral,2026-05-04
585,8.0,penjumlahan,2026-01-01
586,8.0,penjumlahan,2026-01-04
587,8.0,penjumlahan,2026-01-07
588,8.0,penjumlahan,2026-01-08
589,8.0,penjumlahan,2026-01-09
590,8.0,penjumlahan,2026-01-11
591,8.0,pengurangan,2026-01-13
592,8.0,pengurangan,2026-01-15
593,8.0,pengurangan,2026-01-18
594,8.0,pengurangan,2026-01-20
595,8.0,pengurangan,2026-01-23
596,8.0,pengurangan,2026-01-24
597,8.0,pengurangan,2026-01-25
598,8.0,pengurangan,2026-01-28
599,8.0,pengurangan,2026-01-29
600,8.0,pembagian,2026-02-01
601,8.0,pembagian,2026-02-02
602,8.0,pembagian,2026-02-03
603,8.0,pembagian,2026-02-06
604,8.0,pembagian,2026-02-09
605,8.0,pembagian,2026-02-10
606,8.0,pecahan,2026-02-13
607,8.0,pecahan,2026-02-15
608,8.0,pecahan,2026-02-18
609,8.0,pecahan,2026-02-19
610,8.0,pecahan,2026-02-22
611,8.0,pecahan,2026-02-24
612,8.0,desimal,2026-02-27
613,8.0,desimal,2026-02-28
614,8.0,desimal,2026-03-02
615,8.0,desimal,2026-03-03
616,8.0,desimal,2026-03-04
617,8.0,desimal,2026-03-06
618,8.0,desimal,2026-03-08
619,8.0,desimal,2026-03-09
620,8.0,persamaan_linear,2026-03-12
621,8.0,persamaan_linear,2026-03-13
622,8.0,persamaan_linear,2026-03-15
623,8.0,persamaan_linear,2026-03-16
624,8.0,persamaan_linear,2026-03-17
625,8.0,persamaan_linear,2026-03-19
626,8.0,fungsi,2026-03-21
627,8.0,fungsi,2026-03-24
628,8.0,fungsi,2026-03-27
629,8.0,fungsi,2026-03-28
630,8.0,fungsi,2026-03-29
631,8.0,limit,2026-03-31
632,8.0,limit,2026-04-01
633,8.0,limit,2026-04-02
634,8.0,limit,2026-04-03
635,8.0,limit,2026-04-05
636,8.0,limit,2026-04-07
637,8.0,limit,2026-04-09
638,8.0,limit,2026-04-12
639,8.0,turunan,2026-04-14
640,8.0,turunan,2026-04-15
641,8.0,turunan,2026-04-18
642,8.0,turunan,2026-04-21
643,8.0,turunan,2026-04-22
644,8.0,turunan,2026-04-24
645,8.0,turunan,2026-04-25
646,8.0,turunan,2026-04-28
647,8.0,turunan,2026-04-29
648,8.0,integral,2026-05-02
649,8.0,integral,2026-05-04
650,8.0,integral,2026-05-05
651,8.0,integral,2026-05-06
652,8.0,integral,2026-05-09
653,8.0,integral,2026-05-12
654,19.0,penjumlahan,2026-01-01
655,19.0,penjumlahan,2026-01-02
656,19.0,penjumlahan,2026-01-03
657,19.0,penjumlahan,2026-01-05
658,19.0,penjumlahan,2026-01-07
659,19.0,penjumlahan,2026-01-09
660,19.0,pengurangan,2026-01-12
661,19.0,pengurangan,2026-01-14
662,19.0,pengurangan,2026-01-15
663,19.0,pengurangan,2026-01-17
664,19.0,pengurangan,2026-01-20
665,19.0,pengurangan,2026-01-23
666,19.0,pengurangan,2026-01-26
667,19.0,pengurangan,2026-01-28
668,19.0,pengurangan,2026-01-29
669,19.0,pembagian,2026-02-01
670,19.0,pembagian,2026-02-02
671,19.0,pembagian,2026-02-03
672,19.0,pembagian,2026-02-05
673,19.0,pembagian,2026-02-07
674,19.0,pembagian,2026-02-10
675,19.0,pembagian,2026-02-13
676,19.0,pecahan,2026-02-14
677,19.0,pecahan,2026-02-15
678,19.0,pecahan,2026-02-17
679,19.0,pecahan,2026-02-18
680,19.0,pecahan,2026-02-20
681,19.0,desimal,2026-02-23
682,19.0,desimal,2026-02-25
683,19.0,desimal,2026-02-28
684,19.0,desimal,2026-03-02
685,19.0,desimal,2026-03-05
686,19.0,desimal,2026-03-06
687,19.0,persamaan_linear,2026-03-08
688,19.0,persamaan_linear,2026-03-09
689,19.0,persamaan_linear,2026-03-11
690,19.0,persamaan_linear,2026-03-13
691,19.0,persamaan_linear,2026-03-14
692,19.0,fungsi,2026-03-15
693,19.0,fungsi,2026-03-18
694,19.0,fungsi,2026-03-21
695,19.0,fungsi,2026-03-24
696,19.0,fungsi,2026-03-25
697,19.0,fungsi,2026-03-28
698,19.0,fungsi,2026-03-30
699,19.0,fungsi,2026-04-01
700,19.0,limit,2026-04-04
701,19.0,limit,2026-04-07
702,19.0,limit,2026-04-09
703,19.0,limit,2026-04-10
704,19.0,limit,2026-04-12
705,19.0,limit,2026-04-13
706,19.0,limit,2026-04-16
707,19.0,limit,2026-04-17
708,19.0,limit,2026-04-20
709,19.0,integral,2026-04-22
710,19.0,integral,2026-04-24
711,19.0,integral,2026-04-27
712,19.0,integral,2026-04-28
713,19.0,integral,2026-04-30
714,19.0,integral,2026-05-02
715,19.0,integral,2026-05-05
716,19.0,integral,2026-05-07
717,19.0,integral,2026-05-10
718,1.0,penjumlahan,2026-01-01
719,1.0,penjumlahan,2026-01-03
720,1.0,penjumlahan,2026-01-05
721,1.0,penjumlahan,2026-01-08
722,1.0,penjumlahan,2026-01-09
723,1.0,pengurangan,2026-01-11
724,1.0,pengurangan,2026-01-13
725,1.0,pengurangan,2026-01-16
726,1.0,pengurangan,2026-01-18
727,1.0,pengurangan,2026-01-19
728,1.0,pengurangan,2026-01-21
729,1.0,pengurangan,2026-01-24
730,1.0,pengurangan,2026-01-25
731,1.0,perkalian,2026-01-27
732,1.0,perkalian,2026-01-30
733,1.0,perkalian,2026-02-02
734,1.0,perkalian,2026-02-05
735,1.0,perkalian,2026-02-07
736,1.0,perkalian,2026-02-08
737,1.0,pembagian,2026-02-11
738,1.0,pembagian,2026-02-12
739,1.0,pembagian,2026-02-15
740,1.0,pembagian,2026-02-18
741,1.0,pembagian,2026-02-21
742,1.0,desimal,2026-02-24
743,1.0,desimal,2026-02-26
744,1.0,desimal,2026-02-28
745,1.0,desimal,2026-03-02
746,1.0,desimal,2026-03-04
747,1.0,desimal,2026-03-07
748,1.0,desimal,2026-03-10
749,1.0,aljabar,2026-03-12
750,1.0,aljabar,2026-03-14
751,1.0,aljabar,2026-03-17
752,1.0,aljabar,2026-03-18
753,1.0,aljabar,2026-03-21
754,1.0,aljabar,2026-03-22
755,1.0,aljabar,2026-03-24
756,1.0,fungsi,2026-03-26
757,1.0,fungsi,2026-03-29
758,1.0,fungsi,2026-04-01
759,1.0,fungsi,2026-04-02
760,1.0,fungsi,2026-04-03
761,1.0,fungsi,2026-04-06
762,1.0,integral,2026-04-07
763,1.0,integral,2026-04-09
764,1.0,integral,2026-04-11
765,1.0,integral,2026-04-14
766,1.0,integral,2026-04-15
767,1.0,integral,2026-04-16
768,14.0,penjumlahan,2026-01-01
769,14.0,penjumlahan,2026-01-03
770,14.0,penjumlahan,2026-01-05
771,14.0,penjumlahan,2026-01-06
772,14.0,penjumlahan,2026-01-09
773,14.0,penjumlahan,2026-01-10
774,14.0,pengurangan,2026-01-11
775,14.0,pengurangan,2026-01-12
776,14.0,pengurangan,2026-01-14
777,14.0,pengurangan,2026-01-16
778,14.0,pengurangan,2026-01-17
779,14.0,pengurangan,2026-01-20
780,14.0,pembagian,2026-01-23
781,14.0,pembagian,2026-01-26
782,14.0,pembagian,2026-01-27
783,14.0,pembagian,2026-01-30
784,14.0,pembagian,2026-02-01
785,14.0,pembagian,2026-02-03
786,14.0,pembagian,2026-02-04
787,14.0,pecahan,2026-02-06
788,14.0,pecahan,2026-02-09
789,14.0,pecahan,2026-02-12
790,14.0,pecahan,2026-02-15
791,14.0,pecahan,2026-02-16
792,14.0,pecahan,2026-02-17
793,14.0,desimal,2026-02-20
794,14.0,desimal,2026-02-21
795,14.0,desimal,2026-02-22
796,14.0,desimal,2026-02-25
797,14.0,desimal,2026-02-28
798,14.0,aljabar,2026-03-01
799,14.0,aljabar,2026-03-02
800,14.0,aljabar,2026-03-05
801,14.0,aljabar,2026-03-07
802,14.0,aljabar,2026-03-09
803,14.0,aljabar,2026-03-11
804,14.0,aljabar,2026-03-14
805,14.0,persamaan_linear,2026-03-17
806,14.0,persamaan_linear,2026-03-20
807,14.0,persamaan_linear,2026-03-21
808,14.0,persamaan_linear,2026-03-23
809,14.0,persamaan_linear,2026-03-24
810,14.0,limit,2026-03-26
811,14.0,limit,2026-03-27
812,14.0,limit,2026-03-28
813,14.0,limit,2026-03-31
814,14.0,limit,2026-04-02
815,14.0,turunan,2026-04-04
816,14.0,turunan,2026-04-06
817,14.0,turunan,2026-04-07
818,14.0,turunan,2026-04-08
819,14.0,turunan,2026-04-10
820,14.0,turunan,2026-04-11
821,14.0,turunan,2026-04-14
822,14.0,turunan,2026-04-15
823,14.0,integral,2026-04-17
824,14.0,integral,2026-04-20
825,14.0,integral,2026-04-23
826,14.0,integral,2026-04-26
827,14.0,integral,2026-04-29
828,14.0,integral,2026-05-02
829,14.0,integral,2026-05-05
830,9.0,penjumlahan,2026-01-01
831,9.0,penjumlahan,2026-01-03
832,9.0,penjumlahan,2026-01-05
833,9.0,penjumlahan,2026-01-07
834,9.0,penjumlahan,2026-01-09
835,9.0,penjumlahan,2026-01-11
836,9.0,pengurangan,2026-01-13
837,9.0,pengurangan,2026-01-14
838,9.0,pengurangan,2026-01-17
839,9.0,pengurangan,2026-01-20
840,9.0,pengurangan,2026-01-23
841,9.0,pembagian,2026-01-25
842,9.0,pembagian,2026-01-28
843,9.0,pembagian,2026-01-30
844,9.0,pembagian,2026-02-02
845,9.0,pembagian,2026-02-05
846,9.0,pembagian,2026-02-08
847,9.0,pecahan,2026-02-09
848,9.0,pecahan,2026-02-10
849,9.0,pecahan,2026-02-11
850,9.0,pecahan,2026-02-14
851,9.0,pecahan,2026-02-15
852,9.0,pecahan,2026-02-18
853,9.0,pecahan,2026-02-20
854,9.0,pecahan,2026-02-21
855,9.0,desimal,2026-02-24
856,9.0,desimal,2026-02-25
857,9.0,desimal,2026-02-26
858,9.0,desimal,2026-03-01
859,9.0,desimal,2026-03-03
860,9.0,desimal,2026-03-06
861,9.0,desimal,2026-03-08
862,9.0,desimal,2026-03-09
863,9.0,desimal,2026-03-12
864,9.0,limit,2026-03-15
865,9.0,limit,2026-03-18
866,9.0,limit,2026-03-19
867,9.0,limit,2026-03-21
868,9.0,limit,2026-03-24
869,9.0,limit,2026-03-27
870,9.0,limit,2026-03-30
871,9.0,limit,2026-03-31
872,9.0,limit,2026-04-01
873,9.0,integral,2026-04-02
874,9.0,integral,2026-04-05
875,9.0,integral,2026-04-08
876,9.0,integral,2026-04-11
877,9.0,integral,2026-04-14
878,7.0,penjumlahan,2026-01-01
879,7.0,penjumlahan,2026-01-04
880,7.0,penjumlahan,2026-01-05
881,7.0,penjumlahan,2026-01-07
882,7.0,penjumlahan,2026-01-10
883,7.0,pengurangan,2026-01-13
884,7.0,pengurangan,2026-01-14
885,7.0,pengurangan,2026-01-17
886,7.0,pengurangan,2026-01-20
887,7.0,pengurangan,2026-01-22
888,7.0,pengurangan,2026-01-23
889,7.0,pengurangan,2026-01-25
890,7.0,pengurangan,2026-01-26
891,7.0,pengurangan,2026-01-27
892,7.0,perkalian,2026-01-30
893,7.0,perkalian,2026-02-01
894,7.0,perkalian,2026-02-04
895,7.0,perkalian,2026-02-06
896,7.0,perkalian,2026-02-08
897,7.0,perkalian,2026-02-10
898,7.0,perkalian,2026-02-13
899,7.0,perkalian,2026-02-16
900,7.0,perkalian,2026-02-19
901,7.0,pembagian,2026-02-20
902,7.0,pembagian,2026-02-22
903,7.0,pembagian,2026-02-25
904,7.0,pembagian,2026-02-26
905,7.0,pembagian,2026-02-28
906,7.0,aljabar,2026-03-01
907,7.0,aljabar,2026-03-04
908,7.0,aljabar,2026-03-07
909,7.0,aljabar,2026-03-10
910,7.0,aljabar,2026-03-11
911,7.0,aljabar,2026-03-13
912,7.0,persamaan_linear,2026-03-14
913,7.0,persamaan_linear,2026-03-16
914,7.0,persamaan_linear,2026-03-18
915,7.0,persamaan_linear,2026-03-21
916,7.0,persamaan_linear,2026-03-24
917,7.0,persamaan_linear,2026-03-27
918,7.0,persamaan_linear,2026-03-29
919,7.0,persamaan_linear,2026-04-01
920,7.0,persamaan_linear,2026-04-03
921,7.0,fungsi,2026-04-04
922,7.0,fungsi,2026-04-07
923,7.0,fungsi,2026-04-09
924,7.0,fungsi,2026-04-12
925,7.0,fungsi,2026-04-13
926,7.0,fungsi,2026-04-14
927,7.0,turunan,2026-04-17
928,7.0,turunan,2026-04-20
929,7.0,turunan,2026-04-23
930,7.0,turunan,2026-04-24
931,7.0,turunan,2026-04-25
932,7.0,turunan,2026-04-28
933,7.0,turunan,2026-04-30
934,4.0,penjumlahan,2026-01-01
935,4.0,penjumlahan,2026-01-02
936,4.0,penjumlahan,2026-01-03
937,4.0,penjumlahan,2026-01-06
938,4.0,penjumlahan,2026-01-07
939,4.0,penjumlahan,2026-01-09
940,4.0,penjumlahan,2026-01-11
941,4.0,pengurangan,2026-01-14
942,4.0,pengurangan,2026-01-17
943,4.0,pengurangan,2026-01-19
944,4.0,pengurangan,2026-01-22
945,4.0,pengurangan,2026-01-23
946,4.0,pengurangan,2026-01-24
947,4.0,pengurangan,2026-01-27
948,4.0,pecahan,2026-01-28
949,4.0,pecahan,2026-01-29
950,4.0,pecahan,2026-02-01
951,4.0,pecahan,2026-02-03
952,4.0,pecahan,2026-02-06
953,4.0,pecahan,2026-02-08
954,4.0,pecahan,2026-02-10
955,4.0,pecahan,2026-02-13
956,4.0,pecahan,2026-02-14
957,4.0,desimal,2026-02-17
958,4.0,desimal,2026-02-19
959,4.0,desimal,2026-02-20
960,4.0,desimal,2026-02-22
961,4.0,desimal,2026-02-23
962,4.0,desimal,2026-02-24
963,4.0,desimal,2026-02-26
964,4.0,desimal,2026-03-01
965,4.0,aljabar,2026-03-03
966,4.0,aljabar,2026-03-04
967,4.0,aljabar,2026-03-06
968,4.0,aljabar,2026-03-09
969,4.0,aljabar,2026-03-10
970,4.0,persamaan_linear,2026-03-11
971,4.0,persamaan_linear,2026-03-12
972,4.0,persamaan_linear,2026-03-13
973,4.0,persamaan_linear,2026-03-14
974,4.0,persamaan_linear,2026-03-16
975,4.0,persamaan_linear,2026-03-17
976,4.0,persamaan_linear,2026-03-20
977,4.0,persamaan_linear,2026-03-21
978,4.0,persamaan_linear,2026-03-24
979,4.0,fungsi,2026-03-27
980,4.0,fungsi,2026-03-29
981,4.0,fungsi,2026-03-31
982,4.0,fungsi,2026-04-01
983,4.0,fungsi,2026-04-02
984,4.0,limit,2026-04-04
985,4.0,limit,2026-04-05
986,4.0,limit,2026-04-08
987,4.0,limit,2026-04-09
988,4.0,limit,2026-04-12
989,4.0,limit,2026-04-13
990,4.0,limit,2026-04-16
991,4.0,limit,2026-04-19
992,4.0,integral,2026-04-21
993,4.0,integral,2026-04-24
994,4.0,integral,2026-04-27
995,4.0,integral,2026-04-29
996,4.0,integral,2026-04-30
997,4.0,integral,2026-05-02
998,4.0,integral,2026-05-05
999,4.0,integral,2026-05-06
1000,13.0,penjumlahan,2026-01-01
1001,13.0,penjumlahan,2026-01-03
1002,13.0,penjumlahan,2026-01-06
1003,13.0,penjumlahan,2026-01-08
1004,13.0,penjumlahan,2026-01-09
1005,13.0,penjumlahan,2026-01-11
1006,13.0,penjumlahan,2026-01-13
1007,13.0,pengurangan,2026-01-15
1008,13.0,pengurangan,2026-01-18
1009,13.0,pengurangan,2026-01-21
1010,13.0,pengurangan,2026-01-24
1011,13.0,pengurangan,2026-01-27
1012,13.0,pengurangan,2026-01-28
1013,13.0,pengurangan,2026-01-29
1014,13.0,pengurangan,2026-01-31
1015,13.0,perkalian,2026-02-01
1016,13.0,perkalian,2026-02-03
1017,13.0,perkalian,2026-02-06
1018,13.0,perkalian,2026-02-07
1019,13.0,perkalian,2026-02-08
1020,13.0,perkalian,2026-02-11
1021,13.0,perkalian,2026-02-14
1022,13.0,perkalian,2026-02-17
1023,13.0,perkalian,2026-02-18
1024,13.0,desimal,2026-02-19
1025,13.0,desimal,2026-02-22
1026,13.0,desimal,2026-02-25
1027,13.0,desimal,2026-02-27
1028,13.0,desimal,2026-03-01
1029,13.0,desimal,2026-03-03
1030,13.0,desimal,2026-03-06
1031,13.0,desimal,2026-03-07
1032,13.0,desimal,2026-03-10
1033,13.0,aljabar,2026-03-13
1034,13.0,aljabar,2026-03-15
1035,13.0,aljabar,2026-03-16
1036,13.0,aljabar,2026-03-18
1037,13.0,aljabar,2026-03-21
1038,13.0,aljabar,2026-03-23
1039,13.0,aljabar,2026-03-24
1040,13.0,aljabar,2026-03-26
1041,13.0,persamaan_linear,2026-03-27
1042,13.0,persamaan_linear,2026-03-29
1043,13.0,persamaan_linear,2026-03-30
1044,13.0,persamaan_linear,2026-04-02
1045,13.0,persamaan_linear,2026-04-03
1046,13.0,persamaan_linear,2026-04-06
1047,13.0,persamaan_linear,2026-04-07
1048,13.0,fungsi,2026-04-10
1049,13.0,fungsi,2026-04-12
1050,13.0,fungsi,2026-04-15
1051,13.0,fungsi,2026-04-18
1052,13.0,fungsi,2026-04-21
1053,13.0,fungsi,2026-04-23
1054,13.0,fungsi,2026-04-26
1055,13.0,fungsi,2026-04-27
1056,13.0,fungsi,2026-04-30
1057,13.0,limit,2026-05-01
1058,13.0,limit,2026-05-03
1059,13.0,limit,2026-05-05
1060,13.0,limit,2026-05-07
1061,13.0,limit,2026-05-09
1062,13.0,turunan,2026-05-11
1063,13.0,turunan,2026-05-12
1064,13.0,turunan,2026-05-15
1065,13.0,turunan,2026-05-16
1066,13.0,turunan,2026-05-18
1067,13.0,turunan,2026-05-20
1068,13.0,integral,2026-05-23
1069,13.0,integral,2026-05-26
1070,13.0,integral,2026-05-27
1071,13.0,integral,2026-05-30
1072,13.0,integral,2026-06-01
1073,13.0,integral,2026-06-03
1074,13.0,integral,2026-06-05
1075,13.0,integral,2026-06-06
1076,12.0,penjumlahan,2026-01-01
1077,12.0,penjumlahan,2026-01-03
1078,12.0,penjumlahan,2026-01-04
1079,12.0,penjumlahan,2026-01-07
1080,12.0,penjumlahan,2026-01-10
1081,12.0,penjumlahan,2026-01-13
1082,12.0,penjumlahan,2026-01-14
1083,12.0,pengurangan,2026-01-16
1084,12.0,pengurangan,2026-01-18
1085,12.0,pengurangan,2026-01-20
1086,12.0,pengurangan,2026-01-22
1087,12.0,pengurangan,2026-01-23
1088,12.0,pengurangan,2026-01-25
1089,12.0,pengurangan,2026-01-26
1090,12.0,perkalian,2026-01-27
1091,12.0,perkalian,2026-01-28
1092,12.0,perkalian,2026-01-29
1093,12.0,perkalian,2026-01-31
1094,12.0,perkalian,2026-02-02
1095,12.0,perkalian,2026-02-03
1096,12.0,perkalian,2026-02-05
1097,12.0,perkalian,2026-02-08
1098,12.0,perkalian,2026-02-09
1099,12.0,pembagian,2026-02-10
1100,12.0,pembagian,2026-02-13
1101,12.0,pembagian,2026-02-16
1102,12.0,pembagian,2026-02-18
1103,12.0,pembagian,2026-02-20
1104,12.0,pembagian,2026-02-21
1105,12.0,pembagian,2026-02-22
1106,12.0,pembagian,2026-02-24
1107,12.0,pembagian,2026-02-26
1108,12.0,pecahan,2026-03-01
1109,12.0,pecahan,2026-03-04
1110,12.0,pecahan,2026-03-06
1111,12.0,pecahan,2026-03-09
1112,12.0,pecahan,2026-03-12
1113,12.0,pecahan,2026-03-14
1114,12.0,pecahan,2026-03-16
1115,12.0,pecahan,2026-03-17
1116,12.0,pecahan,2026-03-19
1117,12.0,desimal,2026-03-22
1118,12.0,desimal,2026-03-23
1119,12.0,desimal,2026-03-25
1120,12.0,desimal,2026-03-26
1121,12.0,desimal,2026-03-28
1122,12.0,desimal,2026-03-30
1123,12.0,aljabar,2026-04-01
1124,12.0,aljabar,2026-04-02
1125,12.0,aljabar,2026-04-04
1126,12.0,aljabar,2026-04-05
1127,12.0,aljabar,2026-04-07
1128,12.0,aljabar,2026-04-10
1129,12.0,fungsi,2026-04-13
1130,12.0,fungsi,2026-04-15
1131,12.0,fungsi,2026-04-18
1132,12.0,fungsi,2026-04-20
1133,12.0,fungsi,2026-04-22
1134,12.0,fungsi,2026-04-23
1135,12.0,fungsi,2026-04-25
1136,12.0,fungsi,2026-04-27
1137,12.0,limit,2026-04-28
1138,12.0,limit,2026-04-29
1139,12.0,limit,2026-05-02
1140,12.0,limit,2026-05-05
1141,12.0,limit,2026-05-06
1142,12.0,limit,2026-05-07
1143,12.0,limit,2026-05-10
1144,12.0,limit,2026-05-12
1145,12.0,turunan,2026-05-14
1146,12.0,turunan,2026-05-16
1147,12.0,turunan,2026-05-19
1148,12.0,turunan,2026-05-22
1149,12.0,turunan,2026-05-25
1150,12.0,integral,2026-05-26
1151,12.0,integral,2026-05-29
1152,12.0,integral,2026-05-30
1153,12.0,integral,2026-06-02
1154,12.0,integral,2026-06-05
1155,12.0,integral,2026-06-06
1156,12.0,integral,2026-06-09
1157,20.0,penjumlahan,2026-01-01
1158,20.0,penjumlahan,2026-01-02
1159,20.0,penjumlahan,2026-01-03
1160,20.0,penjumlahan,2026-01-06
1161,20.0,penjumlahan,2026-01-08
1162,20.0,pengurangan,2026-01-10
1163,20.0,pengurangan,2026-01-11
1164,20.0,pengurangan,2026-01-12
1165,20.0,pengurangan,2026-01-14
1166,20.0,pengurangan,2026-01-16
1167,20.0,pengurangan,2026-01-17
1168,20.0,pecahan,2026-01-18
1169,20.0,pecahan,2026-01-21
1170,20.0,pecahan,2026-01-24
1171,20.0,pecahan,2026-01-25
1172,20.0,pecahan,2026-01-28
1173,20.0,pecahan,2026-01-30
1174,20.0,pecahan,2026-02-01
1175,20.0,pecahan,2026-02-02
1176,20.0,pecahan,2026-02-05
1177,20.0,persamaan_linear,2026-02-07
1178,20.0,persamaan_linear,2026-02-10
1179,20.0,persamaan_linear,2026-02-13
1180,20.0,persamaan_linear,2026-02-16
1181,20.0,persamaan_linear,2026-02-18
1182,20.0,persamaan_linear,2026-02-19
1183,20.0,persamaan_linear,2026-02-22
1184,20.0,fungsi,2026-02-23
1185,20.0,fungsi,2026-02-25
1186,20.0,fungsi,2026-02-28
1187,20.0,fungsi,2026-03-01
1188,20.0,fungsi,2026-03-03
1189,20.0,fungsi,2026-03-04
1190,20.0,fungsi,2026-03-07
1191,20.0,limit,2026-03-10
1192,20.0,limit,2026-03-13
1193,20.0,limit,2026-03-14
1194,20.0,limit,2026-03-17
1195,20.0,limit,2026-03-18
1196,20.0,limit,2026-03-20
1197,20.0,limit,2026-03-21
1198,20.0,limit,2026-03-22
1199,20.0,turunan,2026-03-23
1200,20.0,turunan,2026-03-26
1201,20.0,turunan,2026-03-29
1202,20.0,turunan,2026-04-01
1203,20.0,turunan,2026-04-03
1204,20.0,turunan,2026-04-04
1205,20.0,turunan,2026-04-07
1206,20.0,turunan,2026-04-08
1207,20.0,turunan,2026-04-11
1208,20.0,integral,2026-04-14
1209,20.0,integral,2026-04-17
1210,20.0,integral,2026-04-19
1211,20.0,integral,2026-04-22
1212,20.0,integral,2026-04-24
1213,20.0,integral,2026-04-26
1214,20.0,integral,2026-04-28
1215,20.0,integral,2026-04-30
1216,20.0,integral,2026-05-01
1217,2.0,penjumlahan,2026-01-01
1218,2.0,penjumlahan,2026-01-04
1219,2.0,penjumlahan,2026-01-06
1220,2.0,penjumlahan,2026-01-07
1221,2.0,penjumlahan,2026-01-09
1222,2.0,pengurangan,2026-01-10
1223,2.0,pengurangan,2026-01-11
1224,2.0,pengurangan,2026-01-13
1225,2.0,pengurangan,2026-01-14
1226,2.0,pengurangan,2026-01-15
1227,2.0,pengurangan,2026-01-16
1228,2.0,pengurangan,2026-01-17
1229,2.0,perkalian,2026-01-20
1230,2.0,perkalian,2026-01-21
1231,2.0,perkalian,2026-01-24
1232,2.0,perkalian,2026-01-27
1233,2.0,perkalian,2026-01-30
1234,2.0,perkalian,2026-02-02
1235,2.0,perkalian,2026-02-05
1236,2.0,pembagian,2026-02-08
1237,2.0,pembagian,2026-02-11
1238,2.0,pembagian,2026-02-13
1239,2.0,pembagian,2026-02-14
1240,2.0,pembagian,2026-02-15
1241,2.0,pembagian,2026-02-18
1242,2.0,pembagian,2026-02-21
1243,2.0,pecahan,2026-02-24
1244,2.0,pecahan,2026-02-27
1245,2.0,pecahan,2026-02-28
1246,2.0,pecahan,2026-03-03
1247,2.0,pecahan,2026-03-05
1248,2.0,pecahan,2026-03-06
1249,2.0,pecahan,2026-03-07
1250,2.0,pecahan,2026-03-08
1251,2.0,pecahan,2026-03-11
1252,2.0,fungsi,2026-03-12
1253,2.0,fungsi,2026-03-15
1254,2.0,fungsi,2026-03-16
1255,2.0,fungsi,2026-03-19
1256,2.0,fungsi,2026-03-22
1257,2.0,fungsi,2026-03-25
1258,2.0,fungsi,2026-03-26
1259,2.0,fungsi,2026-03-29
1260,2.0,limit,2026-03-31
1261,2.0,limit,2026-04-01
1262,2.0,limit,2026-04-02
1263,2.0,limit,2026-04-03
1264,2.0,limit,2026-04-05
1265,2.0,limit,2026-04-07
1266,2.0,turunan,2026-04-09
1267,2.0,turunan,2026-04-12
1268,2.0,turunan,2026-04-15
1269,2.0,turunan,2026-04-18
1270,2.0,turunan,2026-04-19
1271,2.0,turunan,2026-04-22
1272,2.0,turunan,2026-04-25
1273,2.0,turunan,2026-04-26
1274,18.0,penjumlahan,2026-01-01
1275,18.0,penjumlahan,2026-01-02
1276,18.0,penjumlahan,2026-01-04
1277,18.0,penjumlahan,2026-01-07
1278,18.0,penjumlahan,2026-01-10
1279,18.0,penjumlahan,2026-01-11
1280,18.0,pengurangan,2026-01-12
1281,18.0,pengurangan,2026-01-14
1282,18.0,pengurangan,2026-01-17
1283,18.0,pengurangan,2026-01-20
1284,18.0,pengurangan,2026-01-23
1285,18.0,pengurangan,2026-01-26
1286,18.0,pengurangan,2026-01-29
1287,18.0,pengurangan,2026-02-01
1288,18.0,pengurangan,2026-02-03
1289,18.0,perkalian,2026-02-04
1290,18.0,perkalian,2026-02-06
1291,18.0,perkalian,2026-02-07
1292,18.0,perkalian,2026-02-09
1293,18.0,perkalian,2026-02-11
1294,18.0,pembagian,2026-02-13
1295,18.0,pembagian,2026-02-16
1296,18.0,pembagian,2026-02-19
1297,18.0,pembagian,2026-02-20
1298,18.0,pembagian,2026-02-21
1299,18.0,pembagian,2026-02-24
1300,18.0,pembagian,2026-02-25
1301,18.0,pembagian,2026-02-26
1302,18.0,pecahan,2026-03-01
1303,18.0,pecahan,2026-03-04
1304,18.0,pecahan,2026-03-06
1305,18.0,pecahan,2026-03-07
1306,18.0,pecahan,2026-03-08
1307,18.0,pecahan,2026-03-11
1308,18.0,pecahan,2026-03-13
1309,18.0,pecahan,2026-03-16
1310,18.0,pecahan,2026-03-19
1311,18.0,desimal,2026-03-22
1312,18.0,desimal,2026-03-24
1313,18.0,desimal,2026-03-26
1314,18.0,desimal,2026-03-28
1315,18.0,desimal,2026-03-30
1316,18.0,desimal,2026-03-31
1317,18.0,desimal,2026-04-01
1318,18.0,persamaan_linear,2026-04-02
1319,18.0,persamaan_linear,2026-04-05
1320,18.0,persamaan_linear,2026-04-08
1321,18.0,persamaan_linear,2026-04-09
1322,18.0,persamaan_linear,2026-04-11
1323,18.0,persamaan_linear,2026-04-13
1324,18.0,persamaan_linear,2026-04-16
1325,18.0,persamaan_linear,2026-04-17
1326,18.0,fungsi,2026-04-20
1327,18.0,fungsi,2026-04-23
1328,18.0,fungsi,2026-04-25
1329,18.0,fungsi,2026-04-28
1330,18.0,fungsi,2026-05-01
1331,18.0,limit,2026-05-04
1332,18.0,limit,2026-05-06
1333,18.0,limit,2026-05-07
1334,18.0,limit,2026-05-10
1335,18.0,limit,2026-05-12
1336,18.0,limit,2026-05-14
1337,18.0,limit,2026-05-15
1338,18.0,turunan,2026-05-16
1339,18.0,turunan,2026-05-17
1340,18.0,turunan,2026-05-18
1341,18.0,turunan,2026-05-19
1342,18.0,turunan,2026-05-20
1343,18.0,turunan,2026-05-23
1344,18.0,turunan,2026-05-25
1345,18.0,integral,2026-05-28
1346,18.0,integral,2026-05-31
1347,18.0,integral,2026-06-01
1348,18.0,integral,2026-06-02
1349,18.0,integral,2026-06-03
1350,13.0,penjumlahan,2026-01-01
1351,13.0,penjumlahan,2026-01-02
1352,13.0,penjumlahan,2026-01-04
1353,13.0,penjumlahan,2026-01-06
1354,13.0,penjumlahan,2026-01-07
1355,13.0,penjumlahan,2026-01-08
1356,13.0,penjumlahan,2026-01-10
1357,13.0,pengurangan,2026-01-12
1358,13.0,pengurangan,2026-01-14
1359,13.0,pengurangan,2026-01-17
1360,13.0,pengurangan,2026-01-18
1361,13.0,pengurangan,2026-01-21
1362,13.0,pengurangan,2026-01-24
1363,13.0,perkalian,2026-01-26
1364,13.0,perkalian,2026-01-28
1365,13.0,perkalian,2026-01-31
1366,13.0,perkalian,2026-02-03
1367,13.0,perkalian,2026-02-05
1368,13.0,perkalian,2026-02-08
1369,13.0,perkalian,2026-02-09
1370,13.0,perkalian,2026-02-11
1371,13.0,perkalian,2026-02-13
1372,13.0,pembagian,2026-02-14
1373,13.0,pembagian,2026-02-17
1374,13.0,pembagian,2026-02-20
1375,13.0,pembagian,2026-02-22
1376,13.0,pembagian,2026-02-25
1377,13.0,pembagian,2026-02-27
1378,13.0,pembagian,2026-03-02
1379,13.0,pembagian,2026-03-04
1380,13.0,pembagian,2026-03-07
1381,13.0,persamaan_linear,2026-03-08
1382,13.0,persamaan_linear,2026-03-09
1383,13.0,persamaan_linear,2026-03-12
1384,13.0,persamaan_linear,2026-03-14
1385,13.0,persamaan_linear,2026-03-15
1386,13.0,persamaan_linear,2026-03-18
1387,13.0,persamaan_linear,2026-03-19
1388,13.0,fungsi,2026-03-21
1389,13.0,fungsi,2026-03-23
1390,13.0,fungsi,2026-03-26
1391,13.0,fungsi,2026-03-28
1392,13.0,fungsi,2026-03-29
1393,13.0,fungsi,2026-04-01
1394,13.0,fungsi,2026-04-03
1395,13.0,fungsi,2026-04-04
1396,13.0,fungsi,2026-04-06
1397,13.0,limit,2026-04-07
1398,13.0,limit,2026-04-09
1399,13.0,limit,2026-04-12
1400,13.0,limit,2026-04-15
1401,13.0,limit,2026-04-17
1402,13.0,limit,2026-04-20
1403,13.0,limit,2026-04-23
1404,13.0,limit,2026-04-25
1405,13.0,turunan,2026-04-26
1406,13.0,turunan,2026-04-28
1407,13.0,turunan,2026-04-30
1408,13.0,turunan,2026-05-02
1409,13.0,turunan,2026-05-03
1410,13.0,turunan,2026-05-04
1411,13.0,turunan,2026-05-07
1412,13.0,turunan,2026-05-08
1413,13.0,integral,2026-05-09
1414,13.0,integral,2026-05-11
1415,13.0,integral,2026-05-14
1416,13.0,integral,2026-05-17
1417,13.0,integral,2026-05-20
1418,18.0,penjumlahan,2026-01-01
1419,18.0,penjumlahan,2026-01-03
1420,18.0,penjumlahan,2026-01-06
1421,18.0,penjumlahan,2026-01-08
1422,18.0,penjumlahan,2026-01-11
1423,18.0,penjumlahan,2026-01-14
1424,18.0,penjumlahan,2026-01-17
1425,18.0,pengurangan,2026-01-19
1426,18.0,pengurangan,2026-01-20
1427,18.0,pengurangan,2026-01-21
1428,18.0,pengurangan,2026-01-23
1429,18.0,pengurangan,2026-01-24
1430,18.0,pengurangan,2026-01-27
1431,18.0,pengurangan,2026-01-29
1432,18.0,pengurangan,2026-01-30
1433,18.0,pengurangan,2026-02-01
1434,18.0,pembagian,2026-02-04
1435,18.0,pembagian,2026-02-06
1436,18.0,pembagian,2026-02-09
1437,18.0,pembagian,2026-02-12
1438,18.0,pembagian,2026-02-13
1439,18.0,pembagian,2026-02-15
1440,18.0,pembagian,2026-02-18
1441,18.0,pembagian,2026-02-20
1442,18.0,pecahan,2026-02-22
1443,18.0,pecahan,2026-02-25
1444,18.0,pecahan,2026-02-28
1445,18.0,pecahan,2026-03-02
1446,18.0,pecahan,2026-03-04
1447,18.0,pecahan,2026-03-05
1448,18.0,pecahan,2026-03-07
1449,18.0,pecahan,2026-03-10
1450,18.0,desimal,2026-03-13
1451,18.0,desimal,2026-03-14
1452,18.0,desimal,2026-03-15
1453,18.0,desimal,2026-03-17
1454,18.0,desimal,2026-03-18
1455,18.0,desimal,2026-03-21
1456,18.0,aljabar,2026-03-24
1457,18.0,aljabar,2026-03-26
1458,18.0,aljabar,2026-03-29
1459,18.0,aljabar,2026-03-30
1460,18.0,aljabar,2026-04-01
1461,18.0,fungsi,2026-04-03
1462,18.0,fungsi,2026-04-05
1463,18.0,fungsi,2026-04-07
1464,18.0,fungsi,2026-04-09
1465,18.0,fungsi,2026-04-10
1466,18.0,fungsi,2026-04-12
1467,18.0,fungsi,2026-04-15
1468,18.0,limit,2026-04-18
1469,18.0,limit,2026-04-20
1470,18.0,limit,2026-04-23
1471,18.0,limit,2026-04-26
1472,18.0,limit,2026-04-28
1473,20.0,penjumlahan,2026-01-01
1474,20.0,penjumlahan,2026-01-02
1475,20.0,penjumlahan,2026-01-05
1476,20.0,penjumlahan,2026-01-08
1477,20.0,penjumlahan,2026-01-10
1478,20.0,penjumlahan,2026-01-13
1479,20.0,penjumlahan,2026-01-15
1480,20.0,penjumlahan,2026-01-16
1481,20.0,pengurangan,2026-01-18
1482,20.0,pengurangan,2026-01-21
1483,20.0,pengurangan,2026-01-22
1484,20.0,pengurangan,2026-01-23
1485,20.0,pengurangan,2026-01-24
1486,20.0,pengurangan,2026-01-27
1487,20.0,perkalian,2026-01-29
1488,20.0,perkalian,2026-01-31
1489,20.0,perkalian,2026-02-02
1490,20.0,perkalian,2026-02-03
1491,20.0,perkalian,2026-02-06
1492,20.0,perkalian,2026-02-09
1493,20.0,perkalian,2026-02-10
1494,20.0,pembagian,2026-02-13
1495,20.0,pembagian,2026-02-14
1496,20.0,pembagian,2026-02-15
1497,20.0,pembagian,2026-02-18
1498,20.0,pembagian,2026-02-19
1499,20.0,pembagian,2026-02-20
1500,20.0,pembagian,2026-02-22
1501,20.0,pembagian,2026-02-25
1502,20.0,pembagian,2026-02-28
1503,20.0,desimal,2026-03-01
1504,20.0,desimal,2026-03-02
1505,20.0,desimal,2026-03-04
1506,20.0,desimal,2026-03-05
1507,20.0,desimal,2026-03-08
1508,20.0,aljabar,2026-03-10
1509,20.0,aljabar,2026-03-12
1510,20.0,aljabar,2026-03-14
1511,20.0,aljabar,2026-03-17
1512,20.0,aljabar,2026-03-18
1513,20.0,persamaan_linear,2026-03-19
1514,20.0,persamaan_linear,2026-03-21
1515,20.0,persamaan_linear,2026-03-22
1516,20.0,persamaan_linear,2026-03-23
1517,20.0,persamaan_linear,2026-03-26
1518,20.0,persamaan_linear,2026-03-29
1519,20.0,persamaan_linear,2026-03-30
1520,20.0,persamaan_linear,2026-04-01
1521,20.0,persamaan_linear,2026-04-02
1522,20.0,fungsi,2026-04-04
1523,20.0,fungsi,2026-04-05
1524,20.0,fungsi,2026-04-08
1525,20.0,fungsi,2026-04-11
1526,20.0,fungsi,2026-04-13
1527,20.0,fungsi,2026-04-15
1528,20.0,fungsi,2026-04-16
1529,20.0,fungsi,2026-04-17
1530,20.0,limit,2026-04-19
1531,20.0,limit,2026-04-21
1532,20.0,limit,2026-04-23
1533,20.0,limit,2026-04-25
1534,20.0,limit,2026-04-28
1535,20.0,limit,2026-04-29
1536,20.0,limit,2026-04-30
1537,20.0,limit,2026-05-02
1538,19.0,penjumlahan,2026-01-01
1539,19.0,penjumlahan,2026-01-04
1540,19.0,penjumlahan,2026-01-07
1541,19.0,penjumlahan,2026-01-08
1542,19.0,penjumlahan,2026-01-09
1543,19.0,penjumlahan,2026-01-10
1544,19.0,penjumlahan,2026-01-11
1545,19.0,penjumlahan,2026-01-13
1546,19.0,penjumlahan,2026-01-15
1547,19.0,pengurangan,2026-01-17
1548,19.0,pengurangan,2026-01-18
1549,19.0,pengurangan,2026-01-21
1550,19.0,pengurangan,2026-01-23
1551,19.0,pengurangan,2026-01-25
1552,19.0,pengurangan,2026-01-26
1553,19.0,pengurangan,2026-01-29
1554,19.0,pengurangan,2026-02-01
1555,19.0,pembagian,2026-02-02
1556,19.0,pembagian,2026-02-03
1557,19.0,pembagian,2026-02-06
1558,19.0,pembagian,2026-02-08
1559,19.0,pembagian,2026-02-11
1560,19.0,pembagian,2026-02-14
1561,19.0,pembagian,2026-02-15
1562,19.0,desimal,2026-02-17
1563,19.0,desimal,2026-02-20
1564,19.0,desimal,2026-02-23
1565,19.0,desimal,2026-02-25
1566,19.0,desimal,2026-02-27
1567,19.0,desimal,2026-03-02
1568,19.0,desimal,2026-03-03
1569,19.0,desimal,2026-03-06
1570,19.0,desimal,2026-03-07
1571,19.0,aljabar,2026-03-10
1572,19.0,aljabar,2026-03-12
1573,19.0,aljabar,2026-03-15
1574,19.0,aljabar,2026-03-16
1575,19.0,aljabar,2026-03-17
1576,19.0,aljabar,2026-03-18
1577,19.0,aljabar,2026-03-21
1578,19.0,aljabar,2026-03-22
1579,19.0,aljabar,2026-03-24
1580,19.0,persamaan_linear,2026-03-25
1581,19.0,persamaan_linear,2026-03-26
1582,19.0,persamaan_linear,2026-03-28
1583,19.0,persamaan_linear,2026-03-31
1584,19.0,persamaan_linear,2026-04-03
1585,19.0,fungsi,2026-04-05
1586,19.0,fungsi,2026-04-07
1587,19.0,fungsi,2026-04-08
1588,19.0,fungsi,2026-04-09
1589,19.0,fungsi,2026-04-12
1590,19.0,fungsi,2026-04-15
1591,19.0,fungsi,2026-04-16
1592,19.0,limit,2026-04-18
1593,19.0,limit,2026-04-19
1594,19.0,limit,2026-04-20
1595,19.0,limit,2026-04-21
1596,19.0,limit,2026-04-22
1597,19.0,limit,2026-04-23
1598,19.0,limit,2026-04-24
1599,19.0,turunan,2026-04-26
1600,19.0,turunan,2026-04-29
1601,19.0,turunan,2026-05-02
1602,19.0,turunan,2026-05-05
1603,19.0,turunan,2026-05-06
1604,19.0,turunan,2026-05-08
1605,19.0,turunan,2026-05-10
1606,19.0,integral,2026-05-13
1607,19.0,integral,2026-05-15
1608,19.0,integral,2026-05-18
1609,19.0,integral,2026-05-21
1610,19.0,integral,2026-05-24
1611,19.0,integral,2026-05-26
1612,19.0,integral,2026-05-28
1613,3.0,penjumlahan,2026-01-01
1614,3.0,penjumlahan,2026-01-04
1615,3.0,penjumlahan,2026-01-06
1616,3.0,penjumlahan,2026-01-08
1617,3.0,penjumlahan,2026-01-11
1618,3.0,pengurangan,2026-01-13
1619,3.0,pengurangan,2026-01-16
1620,3.0,pengurangan,2026-01-18
1621,3.0,pengurangan,2026-01-19
1622,3.0,pengurangan,2026-01-20
1623,3.0,pengurangan,2026-01-22
1624,3.0,pengurangan,2026-01-24
1625,3.0,pengurangan,2026-01-27
1626,3.0,pengurangan,2026-01-28
1627,3.0,pembagian,2026-01-31
1628,3.0,pembagian,2026-02-03
1629,3.0,pembagian,2026-02-05
1630,3.0,pembagian,2026-02-08
1631,3.0,pembagian,2026-02-11
1632,3.0,pembagian,2026-02-14
1633,3.0,pembagian,2026-02-15
1634,3.0,desimal,2026-02-16
1635,3.0,desimal,2026-02-18
1636,3.0,desimal,2026-02-20
1637,3.0,desimal,2026-02-21
1638,3.0,desimal,2026-02-22
1639,3.0,desimal,2026-02-23
1640,3.0,desimal,2026-02-24
1641,3.0,persamaan_linear,2026-02-27
1642,3.0,persamaan_linear,2026-02-28
1643,3.0,persamaan_linear,2026-03-02
1644,3.0,persamaan_linear,2026-03-03
1645,3.0,persamaan_linear,2026-03-04
1646,3.0,persamaan_linear,2026-03-07
1647,3.0,persamaan_linear,2026-03-10
1648,3.0,limit,2026-03-13
1649,3.0,limit,2026-03-14
1650,3.0,limit,2026-03-16
1651,3.0,limit,2026-03-19
1652,3.0,limit,2026-03-20
1653,3.0,turunan,2026-03-21
1654,3.0,turunan,2026-03-22
1655,3.0,turunan,2026-03-25
1656,3.0,turunan,2026-03-26
1657,3.0,turunan,2026-03-27
1658,3.0,turunan,2026-03-30
1659,8.0,penjumlahan,2026-01-01
1660,8.0,penjumlahan,2026-01-02
1661,8.0,penjumlahan,2026-01-03
1662,8.0,penjumlahan,2026-01-04
1663,8.0,penjumlahan,2026-01-06
1664,8.0,penjumlahan,2026-01-07
1665,8.0,penjumlahan,2026-01-10
1666,8.0,pengurangan,2026-01-11
1667,8.0,pengurangan,2026-01-13
1668,8.0,pengurangan,2026-01-14
1669,8.0,pengurangan,2026-01-15
1670,8.0,pengurangan,2026-01-17
1671,8.0,perkalian,2026-01-19
1672,8.0,perkalian,2026-01-22
1673,8.0,perkalian,2026-01-24
1674,8.0,perkalian,2026-01-25
1675,8.0,perkalian,2026-01-27
1676,8.0,perkalian,2026-01-29
1677,8.0,perkalian,2026-01-31
1678,8.0,pembagian,2026-02-02
1679,8.0,pembagian,2026-02-04
1680,8.0,pembagian,2026-02-05
1681,8.0,pembagian,2026-02-06
1682,8.0,pembagian,2026-02-09
1683,8.0,pembagian,2026-02-11
1684,8.0,pembagian,2026-02-14
1685,8.0,pembagian,2026-02-15
1686,8.0,pecahan,2026-02-16
1687,8.0,pecahan,2026-02-18
1688,8.0,pecahan,2026-02-21
1689,8.0,pecahan,2026-02-24
1690,8.0,pecahan,2026-02-27
1691,8.0,desimal,2026-03-01
1692,8.0,desimal,2026-03-03
1693,8.0,desimal,2026-03-04
1694,8.0,desimal,2026-03-05
1695,8.0,desimal,2026-03-06
1696,8.0,desimal,2026-03-07
1697,8.0,desimal,2026-03-08
1698,8.0,desimal,2026-03-10
1699,8.0,aljabar,2026-03-13
1700,8.0,aljabar,2026-03-16
1701,8.0,aljabar,2026-03-17
1702,8.0,aljabar,2026-03-19
1703,8.0,aljabar,2026-03-20
1704,8.0,aljabar,2026-03-22
1705,8.0,aljabar,2026-03-24
1706,8.0,aljabar,2026-03-26
1707,8.0,aljabar,2026-03-28
1708,8.0,persamaan_linear,2026-03-31
1709,8.0,persamaan_linear,2026-04-02
1710,8.0,persamaan_linear,2026-04-05
1711,8.0,persamaan_linear,2026-04-07
1712,8.0,persamaan_linear,2026-04-09
1713,8.0,persamaan_linear,2026-04-10
1714,8.0,fungsi,2026-04-12
1715,8.0,fungsi,2026-04-13
1716,8.0,fungsi,2026-04-16
1717,8.0,fungsi,2026-04-17
1718,8.0,fungsi,2026-04-19
1719,8.0,fungsi,2026-04-21
1720,8.0,fungsi,2026-04-23
1721,8.0,limit,2026-04-25
1722,8.0,limit,2026-04-26
1723,8.0,limit,2026-04-29
1724,8.0,limit,2026-05-01
1725,8.0,limit,2026-05-04
1726,8.0,limit,2026-05-07
1727,8.0,limit,2026-05-09
1728,8.0,limit,2026-05-10
1729,8.0,limit,2026-05-13
1730,8.0,turunan,2026-05-15
1731,8.0,turunan,2026-05-16
1732,8.0,turunan,2026-05-18
1733,8.0,turunan,2026-05-19
1734,8.0,turunan,2026-05-22
1735,8.0,turunan,2026-05-23
1736,8.0,turunan,2026-05-26
1737,8.0,turunan,2026-05-27
1738,8.0,turunan,2026-05-29
1739,3.0,penjumlahan,2026-01-01
1740,3.0,penjumlahan,2026-01-02
1741,3.0,penjumlahan,2026-01-03
1742,3.0,penjumlahan,2026-01-05
1743,3.0,penjumlahan,2026-01-06
1744,3.0,penjumlahan,2026-01-08
1745,3.0,penjumlahan,2026-01-10
1746,3.0,penjumlahan,2026-01-11
1747,3.0,penjumlahan,2026-01-12
1748,3.0,pengurangan,2026-01-14
1749,3.0,pengurangan,2026-01-15
1750,3.0,pengurangan,2026-01-17
1751,3.0,pengurangan,2026-01-20
1752,3.0,pengurangan,2026-01-23
1753,3.0,pengurangan,2026-01-24
1754,3.0,pengurangan,2026-01-25
1755,3.0,pengurangan,2026-01-27
1756,3.0,pecahan,2026-01-29
1757,3.0,pecahan,2026-02-01
1758,3.0,pecahan,2026-02-03
1759,3.0,pecahan,2026-02-06
1760,3.0,pecahan,2026-02-08
1761,3.0,pecahan,2026-02-11
1762,3.0,pecahan,2026-02-12
1763,3.0,pecahan,2026-02-14
1764,3.0,pecahan,2026-02-17
1765,3.0,aljabar,2026-02-20
1766,3.0,aljabar,2026-02-21
1767,3.0,aljabar,2026-02-23
1768,3.0,aljabar,2026-02-26
1769,3.0,aljabar,2026-03-01
1770,3.0,aljabar,2026-03-03
1771,3.0,persamaan_linear,2026-03-06
1772,3.0,persamaan_linear,2026-03-08
1773,3.0,persamaan_linear,2026-03-10
1774,3.0,persamaan_linear,2026-03-12
1775,3.0,persamaan_linear,2026-03-13
1776,3.0,limit,2026-03-14
1777,3.0,limit,2026-03-15
1778,3.0,limit,2026-03-17
1779,3.0,limit,2026-03-19
1780,3.0,limit,2026-03-20
1781,3.0,limit,2026-03-23
1782,3.0,limit,2026-03-26
1783,3.0,limit,2026-03-27
1784,3.0,turunan,2026-03-28
1785,3.0,turunan,2026-03-31
1786,3.0,turunan,2026-04-03
1787,3.0,turunan,2026-04-06
1788,3.0,turunan,2026-04-09
1789,3.0,turunan,2026-04-11
1790,3.0,integral,2026-04-13
1791,3.0,integral,2026-04-15
1792,3.0,integral,2026-04-17
1793,3.0,integral,2026-04-18
1794,3.0,integral,2026-04-21
1795,3.0,integral,2026-04-23
1796,3.0,integral,2026-04-24
1797,4.0,penjumlahan,2026-01-01
1798,4.0,penjumlahan,2026-01-04
1799,4.0,penjumlahan,2026-01-06
1800,4.0,penjumlahan,2026-01-09
1801,4.0,penjumlahan,2026-01-10
1802,4.0,pengurangan,2026-01-12
1803,4.0,pengurangan,2026-01-13
1804,4.0,pengurangan,2026-01-15
1805,4.0,pengurangan,2026-01-16
1806,4.0,pengurangan,2026-01-18
1807,4.0,pengurangan,2026-01-20
1808,4.0,pengurangan,2026-01-23
1809,4.0,pengurangan,2026-01-25
1810,4.0,perkalian,2026-01-28
1811,4.0,perkalian,2026-01-30
1812,4.0,perkalian,2026-01-31
1813,4.0,perkalian,2026-02-02
1814,4.0,perkalian,2026-02-05
1815,4.0,perkalian,2026-02-06
1816,4.0,perkalian,2026-02-08
1817,4.0,perkalian,2026-02-09
1818,4.0,pembagian,2026-02-12
1819,4.0,pembagian,2026-02-13
1820,4.0,pembagian,2026-02-15
1821,4.0,pembagian,2026-02-16
1822,4.0,pembagian,2026-02-18
1823,4.0,pembagian,2026-02-20
1824,4.0,pembagian,2026-02-22
1825,4.0,pembagian,2026-02-23
1826,4.0,pecahan,2026-02-24
1827,4.0,pecahan,2026-02-25
1828,4.0,pecahan,2026-02-26
1829,4.0,pecahan,2026-02-28
1830,4.0,pecahan,2026-03-03
1831,4.0,pecahan,2026-03-04
1832,4.0,pecahan,2026-03-05
1833,4.0,pecahan,2026-03-07
1834,4.0,aljabar,2026-03-10
1835,4.0,aljabar,2026-03-13
1836,4.0,aljabar,2026-03-14
1837,4.0,aljabar,2026-03-15
1838,4.0,aljabar,2026-03-18
1839,4.0,aljabar,2026-03-20
1840,4.0,persamaan_linear,2026-03-22
1841,4.0,persamaan_linear,2026-03-25
1842,4.0,persamaan_linear,2026-03-26
1843,4.0,persamaan_linear,2026-03-28
1844,4.0,persamaan_linear,2026-03-31
1845,4.0,persamaan_linear,2026-04-03
1846,4.0,persamaan_linear,2026-04-06
1847,4.0,persamaan_linear,2026-04-08
1848,4.0,turunan,2026-04-09
1849,4.0,turunan,2026-04-12
1850,4.0,turunan,2026-04-13
1851,4.0,turunan,2026-04-16
1852,4.0,turunan,2026-04-19
1853,4.0,turunan,2026-04-20
1854,4.0,integral,2026-04-22
1855,4.0,integral,2026-04-24
1856,4.0,integral,2026-04-26
1857,4.0,integral,2026-04-29
1858,4.0,integral,2026-04-30
1859,4.0,integral,2026-05-02
1860,4.0,integral,2026-05-03
1861,9.0,penjumlahan,2026-01-01
1862,9.0,penjumlahan,2026-01-02
1863,9.0,penjumlahan,2026-01-03
1864,9.0,penjumlahan,2026-01-06
1865,9.0,penjumlahan,2026-01-07
1866,9.0,penjumlahan,2026-01-09
1867,9.0,pengurangan,2026-01-12
1868,9.0,pengurangan,2026-01-14
1869,9.0,pengurangan,2026-01-17
1870,9.0,pengurangan,2026-01-19
1871,9.0,pengurangan,2026-01-21
1872,9.0,pengurangan,2026-01-22
1873,9.0,pengurangan,2026-01-25
1874,9.0,pengurangan,2026-01-27
1875,9.0,perkalian,2026-01-28
1876,9.0,perkalian,2026-01-31
1877,9.0,perkalian,2026-02-03
1878,9.0,perkalian,2026-02-06
1879,9.0,perkalian,2026-02-08
1880,9.0,perkalian,2026-02-09
1881,9.0,perkalian,2026-02-10
1882,9.0,perkalian,2026-02-13
1883,9.0,pecahan,2026-02-16
1884,9.0,pecahan,2026-02-17
1885,9.0,pecahan,2026-02-20
1886,9.0,pecahan,2026-02-21
1887,9.0,pecahan,2026-02-22
1888,9.0,pecahan,2026-02-24
1889,9.0,pecahan,2026-02-27
1890,9.0,pecahan,2026-03-01
1891,9.0,persamaan_linear,2026-03-04
1892,9.0,persamaan_linear,2026-03-07
1893,9.0,persamaan_linear,2026-03-08
1894,9.0,persamaan_linear,2026-03-10
1895,9.0,persamaan_linear,2026-03-12
1896,9.0,persamaan_linear,2026-03-14
1897,9.0,persamaan_linear,2026-03-17
1898,9.0,persamaan_linear,2026-03-18
1899,9.0,persamaan_linear,2026-03-20
1900,9.0,fungsi,2026-03-21
1901,9.0,fungsi,2026-03-23
1902,9.0,fungsi,2026-03-26
1903,9.0,fungsi,2026-03-29
1904,9.0,fungsi,2026-03-31
1905,9.0,fungsi,2026-04-03
1906,9.0,fungsi,2026-04-04
1907,9.0,fungsi,2026-04-05
1908,9.0,fungsi,2026-04-07
1909,9.0,limit,2026-04-08
1910,9.0,limit,2026-04-11
1911,9.0,limit,2026-04-14
1912,9.0,limit,2026-04-16
1913,9.0,limit,2026-04-19
1914,12.0,penjumlahan,2026-01-01
1915,12.0,penjumlahan,2026-01-04
1916,12.0,penjumlahan,2026-01-05
1917,12.0,penjumlahan,2026-01-07
1918,12.0,penjumlahan,2026-01-08
1919,12.0,penjumlahan,2026-01-11
1920,12.0,penjumlahan,2026-01-14
1921,12.0,penjumlahan,2026-01-17
1922,12.0,penjumlahan,2026-01-19
1923,12.0,pengurangan,2026-01-21
1924,12.0,pengurangan,2026-01-24
1925,12.0,pengurangan,2026-01-25
1926,12.0,pengurangan,2026-01-27
1927,12.0,pengurangan,2026-01-29
1928,12.0,pengurangan,2026-01-30
1929,12.0,pengurangan,2026-02-01
1930,12.0,pengurangan,2026-02-02
1931,12.0,perkalian,2026-02-03
1932,12.0,perkalian,2026-02-06
1933,12.0,perkalian,2026-02-07
1934,12.0,perkalian,2026-02-10
1935,12.0,perkalian,2026-02-11
1936,12.0,perkalian,2026-02-12
1937,12.0,perkalian,2026-02-13
1938,12.0,perkalian,2026-02-16
1939,12.0,aljabar,2026-02-19
1940,12.0,aljabar,2026-02-21
1941,12.0,aljabar,2026-02-23
1942,12.0,aljabar,2026-02-24
1943,12.0,aljabar,2026-02-25
1944,12.0,aljabar,2026-02-28
1945,12.0,aljabar,2026-03-03
1946,12.0,aljabar,2026-03-05
1947,12.0,aljabar,2026-03-07
1948,12.0,persamaan_linear,2026-03-08
1949,12.0,persamaan_linear,2026-03-11
1950,12.0,persamaan_linear,2026-03-12
1951,12.0,persamaan_linear,2026-03-13
1952,12.0,persamaan_linear,2026-03-15
1953,12.0,persamaan_linear,2026-03-16
1954,12.0,fungsi,2026-03-19
1955,12.0,fungsi,2026-03-20
1956,12.0,fungsi,2026-03-23
1957,12.0,fungsi,2026-03-26
1958,12.0,fungsi,2026-03-27
1959,12.0,limit,2026-03-30
1960,12.0,limit,2026-04-01
1961,12.0,limit,2026-04-03
1962,12.0,limit,2026-04-05
1963,12.0,limit,2026-04-06
1964,12.0,limit,2026-04-07
1965,12.0,limit,2026-04-10
1966,12.0,limit,2026-04-12
1967,12.0,turunan,2026-04-15
1968,12.0,turunan,2026-04-16
1969,12.0,turunan,2026-04-19
1970,12.0,turunan,2026-04-22
1971,12.0,turunan,2026-04-23
1972,12.0,turunan,2026-04-24
1973,12.0,turunan,2026-04-25
1974,12.0,turunan,2026-04-26
1975,12.0,integral,2026-04-29
1976,12.0,integral,2026-04-30
1977,12.0,integral,2026-05-01
1978,12.0,integral,2026-05-03
1979,12.0,integral,2026-05-05
1980,12.0,integral,2026-05-06
1981,12.0,integral,2026-05-09
1982,12.0,penjumlahan,2026-01-01
1983,12.0,penjumlahan,2026-01-04
1984,12.0,penjumlahan,2026-01-06
1985,12.0,penjumlahan,2026-01-07
1986,12.0,penjumlahan,2026-01-09
1987,12.0,penjumlahan,2026-01-11
1988,12.0,penjumlahan,2026-01-13
1989,12.0,penjumlahan,2026-01-14
1990,12.0,penjumlahan,2026-01-17
1991,12.0,pengurangan,2026-01-20
1992,12.0,pengurangan,2026-01-21
1993,12.0,pengurangan,2026-01-23
1994,12.0,pengurangan,2026-01-26
1995,12.0,pengurangan,2026-01-27
1996,12.0,pengurangan,2026-01-30
1997,12.0,pembagian,2026-01-31
1998,12.0,pembagian,2026-02-02
1999,12.0,pembagian,2026-02-05
2000,12.0,pembagian,2026-02-06
2001,12.0,pembagian,2026-02-08
2002,12.0,pecahan,2026-02-09
2003,12.0,pecahan,2026-02-10
2004,12.0,pecahan,2026-02-12
2005,12.0,pecahan,2026-02-14
2006,12.0,pecahan,2026-02-15
2007,12.0,pecahan,2026-02-18
2008,12.0,desimal,2026-02-21
2009,12.0,desimal,2026-02-22
2010,12.0,desimal,2026-02-23
2011,12.0,desimal,2026-02-26
2012,12.0,desimal,2026-02-27
2013,12.0,aljabar,2026-02-28
2014,12.0,aljabar,2026-03-01
2015,12.0,aljabar,2026-03-02
2016,12.0,aljabar,2026-03-05
2017,12.0,aljabar,2026-03-07
2018,12.0,fungsi,2026-03-10
2019,12.0,fungsi,2026-03-13
2020,12.0,fungsi,2026-03-16
2021,12.0,fungsi,2026-03-18
2022,12.0,fungsi,2026-03-21
2023,12.0,fungsi,2026-03-24
2024,12.0,fungsi,2026-03-27
2025,12.0,fungsi,2026-03-28
2026,12.0,integral,2026-03-30
2027,12.0,integral,2026-04-01
2028,12.0,integral,2026-04-04
2029,12.0,integral,2026-04-05
2030,12.0,integral,2026-04-07
2031,12.0,integral,2026-04-10
2032,12.0,integral,2026-04-12
2033,12.0,integral,2026-04-15
2034,7.0,penjumlahan,2026-01-01
2035,7.0,penjumlahan,2026-01-04
2036,7.0,penjumlahan,2026-01-07
2037,7.0,penjumlahan,2026-01-09
2038,7.0,penjumlahan,2026-01-10
2039,7.0,pengurangan,2026-01-13
2040,7.0,pengurangan,2026-01-16
2041,7.0,pengurangan,2026-01-17
2042,7.0,pengurangan,2026-01-18
2043,7.0,pengurangan,2026-01-21
2044,7.0,pengurangan,2026-01-24
2045,7.0,pengurangan,2026-01-27
2046,7.0,perkalian,2026-01-28
2047,7.0,perkalian,2026-01-29
2048,7.0,perkalian,2026-02-01
2049,7.0,perkalian,2026-02-04
2050,7.0,perkalian,2026-02-07
2051,7.0,perkalian,2026-02-10
2052,7.0,perkalian,2026-02-12
2053,7.0,perkalian,2026-02-15
2054,7.0,perkalian,2026-02-17
2055,7.0,pembagian,2026-02-19
2056,7.0,pembagian,2026-02-22
2057,7.0,pembagian,2026-02-24
2058,7.0,pembagian,2026-02-26
2059,7.0,pembagian,2026-03-01
2060,7.0,pembagian,2026-03-02
2061,7.0,pembagian,2026-03-03
2062,7.0,pembagian,2026-03-05
2063,7.0,pecahan,2026-03-06
2064,7.0,pecahan,2026-03-08
2065,7.0,pecahan,2026-03-10
2066,7.0,pecahan,2026-03-11
2067,7.0,pecahan,2026-03-12
2068,7.0,desimal,2026-03-15
2069,7.0,desimal,2026-03-16
2070,7.0,desimal,2026-03-19
2071,7.0,desimal,2026-03-21
2072,7.0,desimal,2026-03-22
2073,7.0,desimal,2026-03-24
2074,7.0,desimal,2026-03-27
2075,7.0,desimal,2026-03-30
2076,7.0,aljabar,2026-04-01
2077,7.0,aljabar,2026-04-04
2078,7.0,aljabar,2026-04-06
2079,7.0,aljabar,2026-04-07
2080,7.0,aljabar,2026-04-08
2081,7.0,aljabar,2026-04-11
2082,7.0,aljabar,2026-04-14
2083,7.0,aljabar,2026-04-15
2084,7.0,aljabar,2026-04-17
2085,7.0,fungsi,2026-04-20
2086,7.0,fungsi,2026-04-22
2087,7.0,fungsi,2026-04-25
2088,7.0,fungsi,2026-04-26
2089,7.0,fungsi,2026-04-29
2090,7.0,fungsi,2026-04-30
2091,7.0,turunan,2026-05-01
2092,7.0,turunan,2026-05-04
2093,7.0,turunan,2026-05-06
2094,7.0,turunan,2026-05-08
2095,7.0,turunan,2026-05-10
2096,7.0,turunan,2026-05-11
2097,7.0,turunan,2026-05-12
2098,7.0,turunan,2026-05-14
2099,7.0,integral,2026-05-16
2100,7.0,integral,2026-05-17
2101,7.0,integral,2026-05-20
2102,7.0,integral,2026-05-21
2103,7.0,integral,2026-05-22
2104,7.0,integral,2026-05-24
2105,7.0,integral,2026-05-25
2106,3.0,penjumlahan,2026-01-01
2107,3.0,penjumlahan,2026-01-02
2108,3.0,penjumlahan,2026-01-04
2109,3.0,penjumlahan,2026-01-07
2110,3.0,penjumlahan,2026-01-10
2111,3.0,penjumlahan,2026-01-11
2112,3.0,pengurangan,2026-01-12
2113,3.0,pengurangan,2026-01-14
2114,3.0,pengurangan,2026-01-15
2115,3.0,pengurangan,2026-01-18
2116,3.0,pengurangan,2026-01-19
2117,3.0,pengurangan,2026-01-21
2118,3.0,pembagian,2026-01-24
2119,3.0,pembagian,2026-01-25
2120,3.0,pembagian,2026-01-28
2121,3.0,pembagian,2026-01-31
2122,3.0,pembagian,2026-02-02
2123,3.0,pembagian,2026-02-04
2124,3.0,pembagian,2026-02-07
2125,3.0,pembagian,2026-02-08
2126,3.0,desimal,2026-02-10
2127,3.0,desimal,2026-02-12
2128,3.0,desimal,2026-02-13
2129,3.0,desimal,2026-02-14
2130,3.0,desimal,2026-02-17
2131,3.0,desimal,2026-02-19
2132,3.0,desimal,2026-02-21
2133,3.0,desimal,2026-02-23
2134,3.0,persamaan_linear,2026-02-25
2135,3.0,persamaan_linear,2026-02-26
2136,3.0,persamaan_linear,2026-02-27
2137,3.0,persamaan_linear,2026-03-02
2138,3.0,persamaan_linear,2026-03-05
2139,3.0,persamaan_linear,2026-03-08
2140,3.0,persamaan_linear,2026-03-11
2141,3.0,persamaan_linear,2026-03-12
2142,3.0,persamaan_linear,2026-03-14
2143,3.0,turunan,2026-03-16
2144,3.0,turunan,2026-03-19
2145,3.0,turunan,2026-03-22
2146,3.0,turunan,2026-03-24
2147,3.0,turunan,2026-03-25
2148,3.0,turunan,2026-03-28
2149,3.0,integral,2026-03-31
2150,3.0,integral,2026-04-02
2151,3.0,integral,2026-04-04
2152,3.0,integral,2026-04-06
2153,3.0,integral,2026-04-08
2154,3.0,integral,2026-04-09
2155,18.0,penjumlahan,2026-01-01
2156,18.0,penjumlahan,2026-01-03
2157,18.0,penjumlahan,2026-01-05
2158,18.0,penjumlahan,2026-01-07
2159,18.0,penjumlahan,2026-01-09
2160,18.0,penjumlahan,2026-01-10
2161,18.0,penjumlahan,2026-01-11
2162,18.0,penjumlahan,2026-01-12
2163,18.0,penjumlahan,2026-01-14
2164,18.0,pengurangan,2026-01-17
2165,18.0,pengurangan,2026-01-18
2166,18.0,pengurangan,2026-01-20
2167,18.0,pengurangan,2026-01-23
2168,18.0,pengurangan,2026-01-25
2169,18.0,pengurangan,2026-01-26
2170,18.0,pengurangan,2026-01-29
2171,18.0,pengurangan,2026-02-01
2172,18.0,pembagian,2026-02-04
2173,18.0,pembagian,2026-02-07
2174,18.0,pembagian,2026-02-10
2175,18.0,pembagian,2026-02-13
2176,18.0,pembagian,2026-02-16
2177,18.0,pembagian,2026-02-19
2178,18.0,pecahan,2026-02-21
2179,18.0,pecahan,2026-02-24
2180,18.0,pecahan,2026-02-27
2181,18.0,pecahan,2026-03-01
2182,18.0,pecahan,2026-03-02
2183,18.0,pecahan,2026-03-04
2184,18.0,aljabar,2026-03-07
2185,18.0,aljabar,2026-03-08
2186,18.0,aljabar,2026-03-10
2187,18.0,aljabar,2026-03-13
2188,18.0,aljabar,2026-03-16
2189,18.0,aljabar,2026-03-18
2190,18.0,aljabar,2026-03-19
2191,18.0,aljabar,2026-03-20
2192,18.0,aljabar,2026-03-23
2193,18.0,persamaan_linear,2026-03-24
2194,18.0,persamaan_linear,2026-03-25
2195,18.0,persamaan_linear,2026-03-26
2196,18.0,persamaan_linear,2026-03-29
2197,18.0,persamaan_linear,2026-03-30
2198,18.0,persamaan_linear,2026-04-01
2199,18.0,persamaan_linear,2026-04-04
2200,18.0,persamaan_linear,2026-04-05
2201,18.0,fungsi,2026-04-08
2202,18.0,fungsi,2026-04-09
2203,18.0,fungsi,2026-04-11
2204,18.0,fungsi,2026-04-13
2205,18.0,fungsi,2026-04-14
2206,18.0,turunan,2026-04-16
2207,18.0,turunan,2026-04-17
2208,18.0,turunan,2026-04-20
2209,18.0,turunan,2026-04-23
2210,18.0,turunan,2026-04-26
2211,18.0,integral,2026-04-27
2212,18.0,integral,2026-04-28
2213,18.0,integral,2026-04-30
2214,18.0,integral,2026-05-01
2215,18.0,integral,2026-05-04
2216,18.0,integral,2026-05-07
2217,6.0,penjumlahan,2026-01-01
2218,6.0,penjumlahan,2026-01-04
2219,6.0,penjumlahan,2026-01-07
2220,6.0,penjumlahan,2026-01-10
2221,6.0,penjumlahan,2026-01-12
2222,6.0,pengurangan,2026-01-15
2223,6.0,pengurangan,2026-01-18
2224,6.0,pengurangan,2026-01-19
2225,6.0,pengurangan,2026-01-21
2226,6.0,pengurangan,2026-01-22
2227,6.0,pengurangan,2026-01-24
2228,6.0,pengurangan,2026-01-26
2229,6.0,pengurangan,2026-01-29
2230,6.0,pengurangan,2026-02-01
2231,6.0,perkalian,2026-02-03
2232,6.0,perkalian,2026-02-05
2233,6.0,perkalian,2026-02-08
2234,6.0,perkalian,2026-02-11
2235,6.0,perkalian,2026-02-12
2236,6.0,perkalian,2026-02-13
2237,6.0,perkalian,2026-02-15
2238,6.0,perkalian,2026-02-16
2239,6.0,perkalian,2026-02-17
2240,6.0,pembagian,2026-02-18
2241,6.0,pembagian,2026-02-19
2242,6.0,pembagian,2026-02-21
2243,6.0,pembagian,2026-02-22
2244,6.0,pembagian,2026-02-24
2245,6.0,pembagian,2026-02-27
2246,6.0,pembagian,2026-03-01
2247,6.0,pembagian,2026-03-03
2248,6.0,pembagian,2026-03-05
2249,6.0,aljabar,2026-03-06
2250,6.0,aljabar,2026-03-09
2251,6.0,aljabar,2026-03-10
2252,6.0,aljabar,2026-03-12
2253,6.0,aljabar,2026-03-14
2254,6.0,persamaan_linear,2026-03-16
2255,6.0,persamaan_linear,2026-03-18
2256,6.0,persamaan_linear,2026-03-20
2257,6.0,persamaan_linear,2026-03-22
2258,6.0,persamaan_linear,2026-03-23
2259,6.0,fungsi,2026-03-24
2260,6.0,fungsi,2026-03-27
2261,6.0,fungsi,2026-03-30
2262,6.0,fungsi,2026-04-02
2263,6.0,fungsi,2026-04-03
2264,6.0,fungsi,2026-04-05
2265,6.0,limit,2026-04-08
2266,6.0,limit,2026-04-10
2267,6.0,limit,2026-04-13
2268,6.0,limit,2026-04-14
2269,6.0,limit,2026-04-16
2270,6.0,limit,2026-04-17
2271,6.0,limit,2026-04-19
2272,6.0,limit,2026-04-22
2273,6.0,limit,2026-04-25
2274,6.0,turunan,2026-04-28
2275,6.0,turunan,2026-04-30
2276,6.0,turunan,2026-05-01
2277,6.0,turunan,2026-05-03
2278,6.0,turunan,2026-05-04
2279,6.0,integral,2026-05-07
2280,6.0,integral,2026-05-10
2281,6.0,integral,2026-05-13
2282,6.0,integral,2026-05-14
2283,6.0,integral,2026-05-15
2284,6.0,integral,2026-05-17
2285,6.0,integral,2026-05-18
2286,6.0,integral,2026-05-20
2287,13.0,penjumlahan,2026-01-01
2288,13.0,penjumlahan,2026-01-02
2289,13.0,penjumlahan,2026-01-05
2290,13.0,penjumlahan,2026-01-06
2291,13.0,penjumlahan,2026-01-08
2292,13.0,penjumlahan,2026-01-10
2293,13.0,penjumlahan,2026-01-12
2294,13.0,penjumlahan,2026-01-15
2295,13.0,penjumlahan,2026-01-16
2296,13.0,pengurangan,2026-01-18
2297,13.0,pengurangan,2026-01-19
2298,13.0,pengurangan,2026-01-22
2299,13.0,pengurangan,2026-01-23
2300,13.0,pengurangan,2026-01-25
2301,13.0,pengurangan,2026-01-26
2302,13.0,pengurangan,2026-01-29
2303,13.0,perkalian,2026-02-01
2304,13.0,perkalian,2026-02-04
2305,13.0,perkalian,2026-02-07
2306,13.0,perkalian,2026-02-08
2307,13.0,perkalian,2026-02-10
2308,13.0,perkalian,2026-02-11
2309,13.0,perkalian,2026-02-12
2310,13.0,desimal,2026-02-15
2311,13.0,desimal,2026-02-18
2312,13.0,desimal,2026-02-20
2313,13.0,desimal,2026-02-23
2314,13.0,desimal,2026-02-26
2315,13.0,aljabar,2026-03-01
2316,13.0,aljabar,2026-03-02
2317,13.0,aljabar,2026-03-05
2318,13.0,aljabar,2026-03-08
2319,13.0,aljabar,2026-03-11
2320,13.0,aljabar,2026-03-14
2321,13.0,aljabar,2026-03-17
2322,13.0,fungsi,2026-03-20
2323,13.0,fungsi,2026-03-21
2324,13.0,fungsi,2026-03-22
2325,13.0,fungsi,2026-03-25
2326,13.0,fungsi,2026-03-26
2327,13.0,fungsi,2026-03-28
2328,13.0,fungsi,2026-03-29
2329,13.0,fungsi,2026-03-30
2330,13.0,fungsi,2026-04-01
2331,13.0,limit,2026-04-02
2332,13.0,limit,2026-04-04
2333,13.0,limit,2026-04-06
2334,13.0,limit,2026-04-08
2335,13.0,limit,2026-04-11
2336,13.0,limit,2026-04-14
2337,13.0,turunan,2026-04-17
2338,13.0,turunan,2026-04-19
2339,13.0,turunan,2026-04-20
2340,13.0,turunan,2026-04-23
2341,13.0,turunan,2026-04-24
2342,13.0,turunan,2026-04-25
2343,13.0,turunan,2026-04-27
2344,13.0,turunan,2026-04-28
2345,13.0,turunan,2026-04-30
2346,18.0,penjumlahan,2026-01-01
2347,18.0,penjumlahan,2026-01-02
2348,18.0,penjumlahan,2026-01-03
2349,18.0,penjumlahan,2026-01-06
2350,18.0,penjumlahan,2026-01-09
2351,18.0,penjumlahan,2026-01-12
2352,18.0,penjumlahan,2026-01-14
2353,18.0,penjumlahan,2026-01-17
2354,18.0,penjumlahan,2026-01-19
2355,18.0,pengurangan,2026-01-22
2356,18.0,pengurangan,2026-01-25
2357,18.0,pengurangan,2026-01-26
2358,18.0,pengurangan,2026-01-27
2359,18.0,pengurangan,2026-01-29
2360,18.0,pengurangan,2026-02-01
2361,18.0,perkalian,2026-02-02
2362,18.0,perkalian,2026-02-04
2363,18.0,perkalian,2026-02-07
2364,18.0,perkalian,2026-02-10
2365,18.0,perkalian,2026-02-12
2366,18.0,perkalian,2026-02-13
2367,18.0,perkalian,2026-02-16
2368,18.0,perkalian,2026-02-19
2369,18.0,perkalian,2026-02-20
2370,18.0,desimal,2026-02-22
2371,18.0,desimal,2026-02-23
2372,18.0,desimal,2026-02-25
2373,18.0,desimal,2026-02-28
2374,18.0,desimal,2026-03-03
2375,18.0,desimal,2026-03-06
2376,18.0,desimal,2026-03-09
2377,18.0,aljabar,2026-03-12
2378,18.0,aljabar,2026-03-13
2379,18.0,aljabar,2026-03-14
2380,18.0,aljabar,2026-03-15
2381,18.0,aljabar,2026-03-17
2382,18.0,aljabar,2026-03-19
2383,18.0,aljabar,2026-03-20
2384,18.0,aljabar,2026-03-23
2385,18.0,persamaan_linear,2026-03-26
2386,18.0,persamaan_linear,2026-03-28
2387,18.0,persamaan_linear,2026-03-31
2388,18.0,persamaan_linear,2026-04-01
2389,18.0,persamaan_linear,2026-04-02
2390,18.0,persamaan_linear,2026-04-03
2391,18.0,persamaan_linear,2026-04-06
2392,18.0,fungsi,2026-04-08
2393,18.0,fungsi,2026-04-10
2394,18.0,fungsi,2026-04-11
2395,18.0,fungsi,2026-04-14
2396,18.0,fungsi,2026-04-17
2397,18.0,fungsi,2026-04-20
2398,18.0,limit,2026-04-21
2399,18.0,limit,2026-04-22
2400,18.0,limit,2026-04-23
2401,18.0,limit,2026-04-25
2402,18.0,limit,2026-04-27
2403,18.0,limit,2026-04-28
2404,18.0,limit,2026-04-29
2405,18.0,limit,2026-04-30
2406,18.0,turunan,2026-05-02
2407,18.0,turunan,2026-05-04
2408,18.0,turunan,2026-05-05
2409,18.0,turunan,2026-05-07
2410,18.0,turunan,2026-05-10
2411,11.0,penjumlahan,2026-01-01
2412,11.0,penjumlahan,2026-01-04
2413,11.0,penjumlahan,2026-01-05
2414,11.0,penjumlahan,2026-01-06
2415,11.0,penjumlahan,2026-01-08
2416,11.0,penjumlahan,2026-01-11
2417,11.0,penjumlahan,2026-01-13
2418,11.0,penjumlahan,2026-01-16
2419,11.0,penjumlahan,2026-01-19
2420,11.0,pengurangan,2026-01-20
2421,11.0,pengurangan,2026-01-22
2422,11.0,pengurangan,2026-01-23
2423,11.0,pengurangan,2026-01-24
2424,11.0,pengurangan,2026-01-26
2425,11.0,pembagian,2026-01-27
2426,11.0,pembagian,2026-01-30
2427,11.0,pembagian,2026-02-01
2428,11.0,pembagian,2026-02-02
2429,11.0,pembagian,2026-02-05
2430,11.0,pembagian,2026-02-08
2431,11.0,pecahan,2026-02-11
2432,11.0,pecahan,2026-02-14
2433,11.0,pecahan,2026-02-16
2434,11.0,pecahan,2026-02-17
2435,11.0,pecahan,2026-02-19
2436,11.0,pecahan,2026-02-22
2437,11.0,pecahan,2026-02-23
2438,11.0,pecahan,2026-02-25
2439,11.0,desimal,2026-02-28
2440,11.0,desimal,2026-03-02
2441,11.0,desimal,2026-03-03
2442,11.0,desimal,2026-03-05
2443,11.0,desimal,2026-03-07
2444,11.0,desimal,2026-03-09
2445,11.0,desimal,2026-03-12
2446,11.0,desimal,2026-03-13
2447,11.0,desimal,2026-03-16
2448,11.0,aljabar,2026-03-18
2449,11.0,aljabar,2026-03-20
2450,11.0,aljabar,2026-03-21
2451,11.0,aljabar,2026-03-23
2452,11.0,aljabar,2026-03-24
2453,11.0,aljabar,2026-03-26
2454,11.0,persamaan_linear,2026-03-27
2455,11.0,persamaan_linear,2026-03-28
2456,11.0,persamaan_linear,2026-03-31
2457,11.0,persamaan_linear,2026-04-02
2458,11.0,persamaan_linear,2026-04-04
2459,11.0,persamaan_linear,2026-04-05
2460,11.0,persamaan_linear,2026-04-06
2461,11.0,persamaan_linear,2026-04-09
2462,11.0,limit,2026-04-12
2463,11.0,limit,2026-04-15
2464,11.0,limit,2026-04-16
2465,11.0,limit,2026-04-18
2466,11.0,limit,2026-04-20
2467,11.0,limit,2026-04-21
2468,11.0,limit,2026-04-22
2469,11.0,limit,2026-04-25
2470,11.0,turunan,2026-04-26
2471,11.0,turunan,2026-04-29
2472,11.0,turunan,2026-05-01
2473,11.0,turunan,2026-05-04
2474,11.0,turunan,2026-05-06
2475,11.0,turunan,2026-05-09
2476,11.0,integral,2026-05-11
2477,11.0,integral,2026-05-12
2478,11.0,integral,2026-05-13
2479,11.0,integral,2026-05-16
2480,11.0,integral,2026-05-18
2481,11.0,integral,2026-05-19
2482,11.0,integral,2026-05-20
2483,11.0,integral,2026-05-22
2484,8.0,penjumlahan,2026-01-01
2485,8.0,penjumlahan,2026-01-02
2486,8.0,penjumlahan,2026-01-03
2487,8.0,penjumlahan,2026-01-06
2488,8.0,penjumlahan,2026-01-08
2489,8.0,penjumlahan,2026-01-11
2490,8.0,penjumlahan,2026-01-13
2491,8.0,pengurangan,2026-01-16
2492,8.0,pengurangan,2026-01-18
2493,8.0,pengurangan,2026-01-21
2494,8.0,pengurangan,2026-01-23
2495,8.0,pengurangan,2026-01-25
2496,8.0,pengurangan,2026-01-28
2497,8.0,perkalian,2026-01-30
2498,8.0,perkalian,2026-02-02
2499,8.0,perkalian,2026-02-04
2500,8.0,perkalian,2026-02-05
2501,8.0,perkalian,2026-02-07
2502,8.0,pembagian,2026-02-10
2503,8.0,pembagian,2026-02-11
2504,8.0,pembagian,2026-02-13
2505,8.0,pembagian,2026-02-15
2506,8.0,pembagian,2026-02-18
2507,8.0,pembagian,2026-02-19
2508,8.0,pecahan,2026-02-20
2509,8.0,pecahan,2026-02-21
2510,8.0,pecahan,2026-02-22
2511,8.0,pecahan,2026-02-24
2512,8.0,pecahan,2026-02-26
2513,8.0,pecahan,2026-03-01
2514,8.0,pecahan,2026-03-03
2515,8.0,aljabar,2026-03-04
2516,8.0,aljabar,2026-03-07
2517,8.0,aljabar,2026-03-10
2518,8.0,aljabar,2026-03-13
2519,8.0,aljabar,2026-03-16
2520,8.0,aljabar,2026-03-17
2521,8.0,limit,2026-03-20
2522,8.0,limit,2026-03-21
2523,8.0,limit,2026-03-22
2524,8.0,limit,2026-03-25
2525,8.0,limit,2026-03-27
2526,8.0,limit,2026-03-29
2527,8.0,limit,2026-03-30
2528,8.0,limit,2026-04-01
2529,8.0,integral,2026-04-04
2530,8.0,integral,2026-04-07
2531,8.0,integral,2026-04-08
2532,8.0,integral,2026-04-11
2533,8.0,integral,2026-04-12
2534,8.0,integral,2026-04-15
2535,8.0,integral,2026-04-17
2536,8.0,integral,2026-04-19
2537,11.0,penjumlahan,2026-01-01
2538,11.0,penjumlahan,2026-01-02
2539,11.0,penjumlahan,2026-01-04
2540,11.0,penjumlahan,2026-01-05
2541,11.0,penjumlahan,2026-01-07
2542,11.0,penjumlahan,2026-01-10
2543,11.0,penjumlahan,2026-01-11
2544,11.0,penjumlahan,2026-01-12
2545,11.0,penjumlahan,2026-01-14
2546,11.0,pengurangan,2026-01-16
2547,11.0,pengurangan,2026-01-17
2548,11.0,pengurangan,2026-01-18
2549,11.0,pengurangan,2026-01-21
2550,11.0,pengurangan,2026-01-23
2551,11.0,perkalian,2026-01-25
2552,11.0,perkalian,2026-01-26
2553,11.0,perkalian,2026-01-27
2554,11.0,perkalian,2026-01-29
2555,11.0,perkalian,2026-01-31
2556,11.0,pembagian,2026-02-01
2557,11.0,pembagian,2026-02-03
2558,11.0,pembagian,2026-02-06
2559,11.0,pembagian,2026-02-09
2560,11.0,pembagian,2026-02-12
2561,11.0,pembagian,2026-02-15
2562,11.0,pembagian,2026-02-16
2563,11.0,pembagian,2026-02-19
2564,11.0,desimal,2026-02-20
2565,11.0,desimal,2026-02-21
2566,11.0,desimal,2026-02-23
2567,11.0,desimal,2026-02-24
2568,11.0,desimal,2026-02-27
2569,11.0,aljabar,2026-02-28
2570,11.0,aljabar,2026-03-03
2571,11.0,aljabar,2026-03-05
2572,11.0,aljabar,2026-03-07
2573,11.0,aljabar,2026-03-08
2574,11.0,aljabar,2026-03-09
2575,11.0,persamaan_linear,2026-03-11
2576,11.0,persamaan_linear,2026-03-13
2577,11.0,persamaan_linear,2026-03-15
2578,11.0,persamaan_linear,2026-03-17
2579,11.0,persamaan_linear,2026-03-20
2580,11.0,persamaan_linear,2026-03-21
2581,11.0,fungsi,2026-03-23
2582,11.0,fungsi,2026-03-25
2583,11.0,fungsi,2026-03-26
2584,11.0,fungsi,2026-03-27
2585,11.0,fungsi,2026-03-28
2586,11.0,fungsi,2026-03-31
2587,11.0,fungsi,2026-04-01
2588,11.0,fungsi,2026-04-03
2589,11.0,fungsi,2026-04-05
2590,11.0,limit,2026-04-08
2591,11.0,limit,2026-04-09
2592,11.0,limit,2026-04-10
2593,11.0,limit,2026-04-12
2594,11.0,limit,2026-04-13
2595,11.0,turunan,2026-04-16
2596,11.0,turunan,2026-04-17
2597,11.0,turunan,2026-04-19
2598,11.0,turunan,2026-04-21
2599,11.0,turunan,2026-04-24
2600,11.0,turunan,2026-04-27
2601,11.0,turunan,2026-04-28
2602,11.0,turunan,2026-04-30
2603,11.0,integral,2026-05-02
2604,11.0,integral,2026-05-05
2605,11.0,integral,2026-05-08
2606,11.0,integral,2026-05-09
2607,11.0,integral,2026-05-12
2608,9.0,penjumlahan,2026-01-01
2609,9.0,penjumlahan,2026-01-03
2610,9.0,penjumlahan,2026-01-06
2611,9.0,penjumlahan,2026-01-09
2612,9.0,penjumlahan,2026-01-12
2613,9.0,penjumlahan,2026-01-13
2614,9.0,pengurangan,2026-01-16
2615,9.0,pengurangan,2026-01-17
2616,9.0,pengurangan,2026-01-19
2617,9.0,pengurangan,2026-01-20
2618,9.0,pengurangan,2026-01-22
2619,9.0,perkalian,2026-01-24
2620,9.0,perkalian,2026-01-26
2621,9.0,perkalian,2026-01-29
2622,9.0,perkalian,2026-01-31
2623,9.0,perkalian,2026-02-02
2624,9.0,pembagian,2026-02-05
2625,9.0,pembagian,2026-02-08
2626,9.0,pembagian,2026-02-11
2627,9.0,pembagian,2026-02-12
2628,9.0,pembagian,2026-02-13
2629,9.0,pecahan,2026-02-14
2630,9.0,pecahan,2026-02-15
2631,9.0,pecahan,2026-02-17
2632,9.0,pecahan,2026-02-19
2633,9.0,pecahan,2026-02-22
2634,9.0,pecahan,2026-02-24
2635,9.0,pecahan,2026-02-27
2636,9.0,pecahan,2026-03-02
2637,9.0,pecahan,2026-03-05
2638,9.0,persamaan_linear,2026-03-07
2639,9.0,persamaan_linear,2026-03-09
2640,9.0,persamaan_linear,2026-03-10
2641,9.0,persamaan_linear,2026-03-12
2642,9.0,persamaan_linear,2026-03-14
2643,9.0,fungsi,2026-03-16
2644,9.0,fungsi,2026-03-17
2645,9.0,fungsi,2026-03-19
2646,9.0,fungsi,2026-03-20
2647,9.0,fungsi,2026-03-23
2648,9.0,fungsi,2026-03-26
2649,9.0,fungsi,2026-03-27
2650,9.0,fungsi,2026-03-28
2651,9.0,integral,2026-03-31
2652,9.0,integral,2026-04-02
2653,9.0,integral,2026-04-04
2654,9.0,integral,2026-04-06
2655,9.0,integral,2026-04-09
2656,9.0,integral,2026-04-10
2657,9.0,integral,2026-04-13
2658,9.0,integral,2026-04-15
2659,7.0,penjumlahan,2026-01-01
2660,7.0,penjumlahan,2026-01-03
2661,7.0,penjumlahan,2026-01-04
2662,7.0,penjumlahan,2026-01-06
2663,7.0,penjumlahan,2026-01-09
2664,7.0,penjumlahan,2026-01-11
2665,7.0,penjumlahan,2026-01-13
2666,7.0,penjumlahan,2026-01-14
2667,7.0,penjumlahan,2026-01-17
2668,7.0,pengurangan,2026-01-19
2669,7.0,pengurangan,2026-01-20
2670,7.0,pengurangan,2026-01-22
2671,7.0,pengurangan,2026-01-25
2672,7.0,pengurangan,2026-01-27
2673,7.0,perkalian,2026-01-30
2674,7.0,perkalian,2026-01-31
2675,7.0,perkalian,2026-02-01
2676,7.0,perkalian,2026-02-03
2677,7.0,perkalian,2026-02-06
2678,7.0,perkalian,2026-02-08
2679,7.0,pecahan,2026-02-10
2680,7.0,pecahan,2026-02-12
2681,7.0,pecahan,2026-02-15
2682,7.0,pecahan,2026-02-17
2683,7.0,pecahan,2026-02-19
2684,7.0,pecahan,2026-02-20
2685,7.0,pecahan,2026-02-21
2686,7.0,pecahan,2026-02-22
2687,7.0,desimal,2026-02-25
2688,7.0,desimal,2026-02-28
2689,7.0,desimal,2026-03-03
2690,7.0,desimal,2026-03-06
2691,7.0,desimal,2026-03-07
2692,7.0,desimal,2026-03-08
2693,7.0,desimal,2026-03-09
2694,7.0,desimal,2026-03-10
2695,7.0,desimal,2026-03-13
2696,7.0,persamaan_linear,2026-03-16
2697,7.0,persamaan_linear,2026-03-17
2698,7.0,persamaan_linear,2026-03-19
2699,7.0,persamaan_linear,2026-03-21
2700,7.0,persamaan_linear,2026-03-22
2701,7.0,persamaan_linear,2026-03-23
2702,7.0,fungsi,2026-03-24
2703,7.0,fungsi,2026-03-25
2704,7.0,fungsi,2026-03-26
2705,7.0,fungsi,2026-03-29
2706,7.0,fungsi,2026-03-31
2707,7.0,fungsi,2026-04-02
2708,7.0,turunan,2026-04-03
2709,7.0,turunan,2026-04-05
2710,7.0,turunan,2026-04-08
2711,7.0,turunan,2026-04-09
2712,7.0,turunan,2026-04-10
2713,7.0,penjumlahan,2026-01-01
2714,7.0,penjumlahan,2026-01-02
2715,7.0,penjumlahan,2026-01-04
2716,7.0,penjumlahan,2026-01-05
2717,7.0,penjumlahan,2026-01-07
2718,7.0,penjumlahan,2026-01-09
2719,7.0,pengurangan,2026-01-10
2720,7.0,pengurangan,2026-01-12
2721,7.0,pengurangan,2026-01-15
2722,7.0,pengurangan,2026-01-18
2723,7.0,pengurangan,2026-01-20
2724,7.0,pengurangan,2026-01-22
2725,7.0,perkalian,2026-01-24
2726,7.0,perkalian,2026-01-27
2727,7.0,perkalian,2026-01-30
2728,7.0,perkalian,2026-02-02
2729,7.0,perkalian,2026-02-03
2730,7.0,pembagian,2026-02-04
2731,7.0,pembagian,2026-02-05
2732,7.0,pembagian,2026-02-06
2733,7.0,pembagian,2026-02-07
2734,7.0,pembagian,2026-02-10
2735,7.0,pembagian,2026-02-13
2736,7.0,pembagian,2026-02-16
2737,7.0,pecahan,2026-02-18
2738,7.0,pecahan,2026-02-20
2739,7.0,pecahan,2026-02-22
2740,7.0,pecahan,2026-02-25
2741,7.0,pecahan,2026-02-28
2742,7.0,pecahan,2026-03-03
2743,7.0,pecahan,2026-03-05
2744,7.0,persamaan_linear,2026-03-06
2745,7.0,persamaan_linear,2026-03-08
2746,7.0,persamaan_linear,2026-03-10
2747,7.0,persamaan_linear,2026-03-12
2748,7.0,persamaan_linear,2026-03-14
2749,7.0,limit,2026-03-17
2750,7.0,limit,2026-03-18
2751,7.0,limit,2026-03-21
2752,7.0,limit,2026-03-22
2753,7.0,limit,2026-03-24
2754,7.0,limit,2026-03-25
2755,7.0,limit,2026-03-27
2756,7.0,limit,2026-03-28
2757,7.0,limit,2026-03-30
2758,7.0,turunan,2026-04-01
2759,7.0,turunan,2026-04-03
2760,7.0,turunan,2026-04-05
2761,7.0,turunan,2026-04-08
2762,7.0,turunan,2026-04-11
2763,7.0,turunan,2026-04-14
2764,13.0,penjumlahan,2026-01-01
2765,13.0,penjumlahan,2026-01-02
2766,13.0,penjumlahan,2026-01-04
2767,13.0,penjumlahan,2026-01-05
2768,13.0,penjumlahan,2026-01-07
2769,13.0,penjumlahan,2026-01-10
2770,13.0,pengurangan,2026-01-12
2771,13.0,pengurangan,2026-01-15
2772,13.0,pengurangan,2026-01-17
2773,13.0,pengurangan,2026-01-20
2774,13.0,pengurangan,2026-01-21
2775,13.0,pengurangan,2026-01-24
2776,13.0,pengurangan,2026-01-27
2777,13.0,pembagian,2026-01-28
2778,13.0,pembagian,2026-01-31
2779,13.0,pembagian,2026-02-03
2780,13.0,pembagian,2026-02-04
2781,13.0,pembagian,2026-02-06
2782,13.0,pembagian,2026-02-09
2783,13.0,pecahan,2026-02-10
2784,13.0,pecahan,2026-02-13
2785,13.0,pecahan,2026-02-16
2786,13.0,pecahan,2026-02-17
2787,13.0,pecahan,2026-02-18
2788,13.0,pecahan,2026-02-21
2789,13.0,pecahan,2026-02-23
2790,13.0,pecahan,2026-02-26
2791,13.0,pecahan,2026-02-27
2792,13.0,desimal,2026-03-02
2793,13.0,desimal,2026-03-04
2794,13.0,desimal,2026-03-07
2795,13.0,desimal,2026-03-08
2796,13.0,desimal,2026-03-10
2797,13.0,desimal,2026-03-12
2798,13.0,persamaan_linear,2026-03-14
2799,13.0,persamaan_linear,2026-03-17
2800,13.0,persamaan_linear,2026-03-18
2801,13.0,persamaan_linear,2026-03-20
2802,13.0,persamaan_linear,2026-03-21
2803,13.0,fungsi,2026-03-22
2804,13.0,fungsi,2026-03-25
2805,13.0,fungsi,2026-03-27
2806,13.0,fungsi,2026-03-29
2807,13.0,fungsi,2026-04-01
2808,13.0,fungsi,2026-04-04
2809,13.0,fungsi,2026-04-07
2810,13.0,fungsi,2026-04-09
2811,13.0,limit,2026-04-10
2812,13.0,limit,2026-04-12
2813,13.0,limit,2026-04-14
2814,13.0,limit,2026-04-17
2815,13.0,limit,2026-04-19
2816,13.0,limit,2026-04-20
2817,13.0,limit,2026-04-22
2818,13.0,limit,2026-04-24
2819,13.0,limit,2026-04-27
2820,13.0,turunan,2026-04-28
2821,13.0,turunan,2026-04-30
2822,13.0,turunan,2026-05-03
2823,13.0,turunan,2026-05-06
2824,13.0,turunan,2026-05-08
2825,13.0,turunan,2026-05-09
2826,13.0,turunan,2026-05-12
2827,13.0,integral,2026-05-13
2828,13.0,integral,2026-05-15
2829,13.0,integral,2026-05-18
2830,13.0,integral,2026-05-20
2831,13.0,integral,2026-05-22
2832,5.0,penjumlahan,2026-01-01
2833,5.0,penjumlahan,2026-01-03
2834,5.0,penjumlahan,2026-01-04
2835,5.0,penjumlahan,2026-01-07
2836,5.0,penjumlahan,2026-01-10
2837,5.0,penjumlahan,2026-01-11
2838,5.0,penjumlahan,2026-01-12
2839,5.0,pengurangan,2026-01-14
2840,5.0,pengurangan,2026-01-15
2841,5.0,pengurangan,2026-01-17
2842,5.0,pengurangan,2026-01-20
2843,5.0,pengurangan,2026-01-23
2844,5.0,pengurangan,2026-01-25
2845,5.0,pengurangan,2026-01-26
2846,5.0,pengurangan,2026-01-28
2847,5.0,pengurangan,2026-01-30
2848,5.0,perkalian,2026-02-01
2849,5.0,perkalian,2026-02-03
2850,5.0,perkalian,2026-02-05
2851,5.0,perkalian,2026-02-07
2852,5.0,perkalian,2026-02-09
2853,5.0,perkalian,2026-02-11
2854,5.0,perkalian,2026-02-14
2855,5.0,perkalian,2026-02-15
2856,5.0,perkalian,2026-02-18
2857,5.0,pembagian,2026-02-19
2858,5.0,pembagian,2026-02-22
2859,5.0,pembagian,2026-02-24
2860,5.0,pembagian,2026-02-26
2861,5.0,pembagian,2026-02-27
2862,5.0,pembagian,2026-02-28
2863,5.0,pembagian,2026-03-01
2864,5.0,pembagian,2026-03-02
2865,5.0,persamaan_linear,2026-03-04
2866,5.0,persamaan_linear,2026-03-06
2867,5.0,persamaan_linear,2026-03-07
2868,5.0,persamaan_linear,2026-03-08
2869,5.0,persamaan_linear,2026-03-09
2870,5.0,persamaan_linear,2026-03-12
2871,5.0,persamaan_linear,2026-03-14
2872,5.0,persamaan_linear,2026-03-17
2873,5.0,fungsi,2026-03-19
2874,5.0,fungsi,2026-03-21
2875,5.0,fungsi,2026-03-23
2876,5.0,fungsi,2026-03-24
2877,5.0,fungsi,2026-03-26
2878,5.0,limit,2026-03-29
2879,5.0,limit,2026-04-01
2880,5.0,limit,2026-04-04
2881,5.0,limit,2026-04-05
2882,5.0,limit,2026-04-07
2883,5.0,limit,2026-04-10
2884,5.0,limit,2026-04-13
2885,5.0,limit,2026-04-16
2886,5.0,limit,2026-04-17
2887,5.0,turunan,2026-04-20
2888,5.0,turunan,2026-04-23
2889,5.0,turunan,2026-04-24
2890,5.0,turunan,2026-04-26
2891,5.0,turunan,2026-04-29
2892,5.0,turunan,2026-04-30
2893,5.0,turunan,2026-05-02
2894,5.0,turunan,2026-05-04
2895,5.0,integral,2026-05-05
2896,5.0,integral,2026-05-08
2897,5.0,integral,2026-05-11
2898,5.0,integral,2026-05-13
2899,5.0,integral,2026-05-14
2900,5.0,penjumlahan,2026-01-01
2901,5.0,penjumlahan,2026-01-04
2902,5.0,penjumlahan,2026-01-05
2903,5.0,penjumlahan,2026-01-07
2904,5.0,penjumlahan,2026-01-09
2905,5.0,penjumlahan,2026-01-12
2906,5.0,pengurangan,2026-01-13
2907,5.0,pengurangan,2026-01-16
2908,5.0,pengurangan,2026-01-18
2909,5.0,pengurangan,2026-01-19
2910,5.0,pengurangan,2026-01-22
2911,5.0,pengurangan,2026-01-23
2912,5.0,pengurangan,2026-01-24
2913,5.0,pengurangan,2026-01-26
2914,5.0,pembagian,2026-01-27
2915,5.0,pembagian,2026-01-29
2916,5.0,pembagian,2026-01-30
2917,5.0,pembagian,2026-02-01
2918,5.0,pembagian,2026-02-03
2919,5.0,pembagian,2026-02-04
2920,5.0,pembagian,2026-02-07
2921,5.0,pembagian,2026-02-08
2922,5.0,pembagian,2026-02-11
2923,5.0,pecahan,2026-02-12
2924,5.0,pecahan,2026-02-13
2925,5.0,pecahan,2026-02-14
2926,5.0,pecahan,2026-02-15
2927,5.0,pecahan,2026-02-17
2928,5.0,pecahan,2026-02-18
2929,5.0,pecahan,2026-02-19
2930,5.0,pecahan,2026-02-22
2931,5.0,desimal,2026-02-24
2932,5.0,desimal,2026-02-25
2933,5.0,desimal,2026-02-28
2934,5.0,desimal,2026-03-01
2935,5.0,desimal,2026-03-02
2936,5.0,desimal,2026-03-03
2937,5.0,aljabar,2026-03-06
2938,5.0,aljabar,2026-03-07
2939,5.0,aljabar,2026-03-08
2940,5.0,aljabar,2026-03-11
2941,5.0,aljabar,2026-03-13
2942,5.0,persamaan_linear,2026-03-16
2943,5.0,persamaan_linear,2026-03-19
2944,5.0,persamaan_linear,2026-03-20
2945,5.0,persamaan_linear,2026-03-22
2946,5.0,persamaan_linear,2026-03-25
2947,5.0,persamaan_linear,2026-03-27
2948,5.0,persamaan_linear,2026-03-28
2949,5.0,fungsi,2026-03-31
2950,5.0,fungsi,2026-04-02
2951,5.0,fungsi,2026-04-04
2952,5.0,fungsi,2026-04-05
2953,5.0,fungsi,2026-04-08
2954,5.0,fungsi,2026-04-09
2955,5.0,limit,2026-04-11
2956,5.0,limit,2026-04-12
2957,5.0,limit,2026-04-13
2958,5.0,limit,2026-04-16
2959,5.0,limit,2026-04-18
2960,18.0,penjumlahan,2026-01-01
2961,18.0,penjumlahan,2026-01-02
2962,18.0,penjumlahan,2026-01-04
2963,18.0,penjumlahan,2026-01-07
2964,18.0,penjumlahan,2026-01-10
2965,18.0,penjumlahan,2026-01-13
2966,18.0,penjumlahan,2026-01-16
2967,18.0,pengurangan,2026-01-19
2968,18.0,pengurangan,2026-01-22
2969,18.0,pengurangan,2026-01-23
2970,18.0,pengurangan,2026-01-25
2971,18.0,pengurangan,2026-01-28
2972,18.0,pengurangan,2026-01-29
2973,18.0,pengurangan,2026-02-01
2974,18.0,perkalian,2026-02-04
2975,18.0,perkalian,2026-02-06
2976,18.0,perkalian,2026-02-08
2977,18.0,perkalian,2026-02-11
2978,18.0,perkalian,2026-02-12
2979,18.0,perkalian,2026-02-15
2980,18.0,perkalian,2026-02-17
2981,18.0,pembagian,2026-02-19
2982,18.0,pembagian,2026-02-22
2983,18.0,pembagian,2026-02-25
2984,18.0,pembagian,2026-02-27
2985,18.0,pembagian,2026-03-02
2986,18.0,pembagian,2026-03-04
2987,18.0,pecahan,2026-03-06
2988,18.0,pecahan,2026-03-08
2989,18.0,pecahan,2026-03-09
2990,18.0,pecahan,2026-03-12
2991,18.0,pecahan,2026-03-14
2992,18.0,pecahan,2026-03-16
2993,18.0,desimal,2026-03-19
2994,18.0,desimal,2026-03-20
2995,18.0,desimal,2026-03-23
2996,18.0,desimal,2026-03-26
2997,18.0,desimal,2026-03-29
2998,18.0,desimal,2026-03-31
2999,18.0,desimal,2026-04-03
3000,18.0,aljabar,2026-04-06
3001,18.0,aljabar,2026-04-09
3002,18.0,aljabar,2026-04-12
3003,18.0,aljabar,2026-04-13
3004,18.0,aljabar,2026-04-16
3005,18.0,aljabar,2026-04-19
3006,18.0,limit,2026-04-20
3007,18.0,limit,2026-04-22
3008,18.0,limit,2026-04-25
3009,18.0,limit,2026-04-27
3010,18.0,limit,2026-04-29
3011,18.0,integral,2026-04-30
3012,18.0,integral,2026-05-02
3013,18.0,integral,2026-05-04
3014,18.0,integral,2026-05-07
3015,18.0,integral,2026-05-08
3016,18.0,integral,2026-05-09
3017,18.0,integral,2026-05-12
3018,18.0,integral,2026-05-13
3019,18.0,integral,2026-05-15
3020,19.0,penjumlahan,2026-01-01
3021,19.0,penjumlahan,2026-01-03
3022,19.0,penjumlahan,2026-01-05
3023,19.0,penjumlahan,2026-01-07
3024,19.0,penjumlahan,2026-01-10
3025,19.0,penjumlahan,2026-01-12
3026,19.0,penjumlahan,2026-01-15
3027,19.0,penjumlahan,2026-01-17
3028,19.0,pengurangan,2026-01-20
3029,19.0,pengurangan,2026-01-21
3030,19.0,pengurangan,2026-01-24
3031,19.0,pengurangan,2026-01-26
3032,19.0,pengurangan,2026-01-29
3033,19.0,pengurangan,2026-01-30
3034,19.0,pengurangan,2026-01-31
3035,19.0,pengurangan,2026-02-03
3036,19.0,pengurangan,2026-02-05
3037,19.0,pembagian,2026-02-06
3038,19.0,pembagian,2026-02-09
3039,19.0,pembagian,2026-02-10
3040,19.0,pembagian,2026-02-12
3041,19.0,pembagian,2026-02-14
3042,19.0,pembagian,2026-02-15
3043,19.0,pecahan,2026-02-16
3044,19.0,pecahan,2026-02-19
3045,19.0,pecahan,2026-02-21
3046,19.0,pecahan,2026-02-22
3047,19.0,pecahan,2026-02-24
3048,19.0,pecahan,2026-02-26
3049,19.0,aljabar,2026-03-01
3050,19.0,aljabar,2026-03-03
3051,19.0,aljabar,2026-03-05
3052,19.0,aljabar,2026-03-06
3053,19.0,aljabar,2026-03-09
3054,19.0,aljabar,2026-03-12
3055,19.0,aljabar,2026-03-15
3056,19.0,aljabar,2026-03-16
3057,19.0,persamaan_linear,2026-03-19
3058,19.0,persamaan_linear,2026-03-20
3059,19.0,persamaan_linear,2026-03-21
3060,19.0,persamaan_linear,2026-03-22
3061,19.0,persamaan_linear,2026-03-24
3062,19.0,integral,2026-03-25
3063,19.0,integral,2026-03-26
3064,19.0,integral,2026-03-28
3065,19.0,integral,2026-03-30
3066,19.0,integral,2026-03-31
3067,19.0,integral,2026-04-02
3068,19.0,integral,2026-04-05
3069,19.0,integral,2026-04-07
3070,19.0,integral,2026-04-09
3071,19.0,penjumlahan,2026-01-01
3072,19.0,penjumlahan,2026-01-04
3073,19.0,penjumlahan,2026-01-07
3074,19.0,penjumlahan,2026-01-09
3075,19.0,penjumlahan,2026-01-10
3076,19.0,pengurangan,2026-01-12
3077,19.0,pengurangan,2026-01-14
3078,19.0,pengurangan,2026-01-16
3079,19.0,pengurangan,2026-01-19
3080,19.0,pengurangan,2026-01-20
3081,19.0,pengurangan,2026-01-23
3082,19.0,pengurangan,2026-01-26
3083,19.0,perkalian,2026-01-29
3084,19.0,perkalian,2026-01-31
3085,19.0,perkalian,2026-02-02
3086,19.0,perkalian,2026-02-05
3087,19.0,perkalian,2026-02-06
3088,19.0,pembagian,2026-02-09
3089,19.0,pembagian,2026-02-12
3090,19.0,pembagian,2026-02-13
3091,19.0,pembagian,2026-02-16
3092,19.0,pembagian,2026-02-17
3093,19.0,pembagian,2026-02-20
3094,19.0,pembagian,2026-02-22
3095,19.0,pecahan,2026-02-24
3096,19.0,pecahan,2026-02-27
3097,19.0,pecahan,2026-03-01
3098,19.0,pecahan,2026-03-04
3099,19.0,pecahan,2026-03-07
3100,19.0,pecahan,2026-03-10
3101,19.0,pecahan,2026-03-12
3102,19.0,desimal,2026-03-14
3103,19.0,desimal,2026-03-15
3104,19.0,desimal,2026-03-17
3105,19.0,desimal,2026-03-20
3106,19.0,desimal,2026-03-22
3107,19.0,desimal,2026-03-25
3108,19.0,desimal,2026-03-28
3109,19.0,desimal,2026-03-29
3110,19.0,desimal,2026-03-30
3111,19.0,persamaan_linear,2026-04-02
3112,19.0,persamaan_linear,2026-04-04
3113,19.0,persamaan_linear,2026-04-07
3114,19.0,persamaan_linear,2026-04-08
3115,19.0,persamaan_linear,2026-04-10
3116,19.0,persamaan_linear,2026-04-11
3117,19.0,persamaan_linear,2026-04-13
3118,19.0,persamaan_linear,2026-04-14
3119,19.0,fungsi,2026-04-17
3120,19.0,fungsi,2026-04-20
3121,19.0,fungsi,2026-04-23
3122,19.0,fungsi,2026-04-26
3123,19.0,fungsi,2026-04-27
3124,19.0,fungsi,2026-04-28
3125,19.0,limit,2026-04-29
3126,19.0,limit,2026-04-30
3127,19.0,limit,2026-05-02
3128,19.0,limit,2026-05-05
3129,19.0,limit,2026-05-08
3130,19.0,limit,2026-05-11
3131,19.0,turunan,2026-05-14
3132,19.0,turunan,2026-05-16
3133,19.0,turunan,2026-05-19
3134,19.0,turunan,2026-05-20
3135,19.0,turunan,2026-05-22
3136,19.0,turunan,2026-05-23
3137,19.0,turunan,2026-05-26
3138,19.0,integral,2026-05-29
3139,19.0,integral,2026-05-31
3140,19.0,integral,2026-06-02
3141,19.0,integral,2026-06-04
3142,19.0,integral,2026-06-06
3143,19.0,integral,2026-06-09
3144,19.0,integral,2026-06-12
3145,19.0,integral,2026-06-13
3146,19.0,integral,2026-06-14
3147,12.0,penjumlahan,2026-01-01
3148,12.0,penjumlahan,2026-01-03
3149,12.0,penjumlahan,2026-01-06
3150,12.0,penjumlahan,2026-01-09
3151,12.0,penjumlahan,2026-01-10
3152,12.0,penjumlahan,2026-01-11
3153,12.0,penjumlahan,2026-01-12
3154,12.0,penjumlahan,2026-01-13
3155,12.0,penjumlahan,2026-01-14
3156,12.0,pengurangan,2026-01-16
3157,12.0,pengurangan,2026-01-17
3158,12.0,pengurangan,2026-01-19
3159,12.0,pengurangan,2026-01-22
3160,12.0,pengurangan,2026-01-25
3161,12.0,pengurangan,2026-01-28
3162,12.0,pengurangan,2026-01-30
3163,12.0,perkalian,2026-02-01
3164,12.0,perkalian,2026-02-03
3165,12.0,perkalian,2026-02-05
3166,12.0,perkalian,2026-02-08
3167,12.0,perkalian,2026-02-09
3168,12.0,perkalian,2026-02-12
3169,12.0,perkalian,2026-02-14
3170,12.0,perkalian,2026-02-16
3171,12.0,pembagian,2026-02-18
3172,12.0,pembagian,2026-02-20
3173,12.0,pembagian,2026-02-23
3174,12.0,pembagian,2026-02-26
3175,12.0,pembagian,2026-02-28
3176,12.0,pembagian,2026-03-02
3177,12.0,pembagian,2026-03-05
3178,12.0,pecahan,2026-03-06
3179,12.0,pecahan,2026-03-07
3180,12.0,pecahan,2026-03-08
3181,12.0,pecahan,2026-03-09
3182,12.0,pecahan,2026-03-11
3183,12.0,pecahan,2026-03-14
3184,12.0,aljabar,2026-03-17
3185,12.0,aljabar,2026-03-18
3186,12.0,aljabar,2026-03-21
3187,12.0,aljabar,2026-03-24
3188,12.0,aljabar,2026-03-25
3189,12.0,aljabar,2026-03-26
3190,12.0,aljabar,2026-03-29
3191,12.0,aljabar,2026-03-30
3192,12.0,aljabar,2026-03-31
3193,12.0,persamaan_linear,2026-04-03
3194,12.0,persamaan_linear,2026-04-06
3195,12.0,persamaan_linear,2026-04-09
3196,12.0,persamaan_linear,2026-04-10
3197,12.0,persamaan_linear,2026-04-11
3198,12.0,limit,2026-04-13
3199,12.0,limit,2026-04-15
3200,12.0,limit,2026-04-16
3201,12.0,limit,2026-04-18
3202,12.0,limit,2026-04-19
3203,12.0,limit,2026-04-22
3204,12.0,turunan,2026-04-24
3205,12.0,turunan,2026-04-25
3206,12.0,turunan,2026-04-28
3207,12.0,turunan,2026-04-30
3208,12.0,turunan,2026-05-02
3209,12.0,turunan,2026-05-05
3210,12.0,turunan,2026-05-07
3211,12.0,turunan,2026-05-09
3212,12.0,turunan,2026-05-10
3213,12.0,integral,2026-05-12
3214,12.0,integral,2026-05-13
3215,12.0,integral,2026-05-15
3216,12.0,integral,2026-05-17
3217,12.0,integral,2026-05-18
3218,12.0,integral,2026-05-19
3219,12.0,integral,2026-05-20
3220,5.0,penjumlahan,2026-01-01
3221,5.0,penjumlahan,2026-01-02
3222,5.0,penjumlahan,2026-01-04
3223,5.0,penjumlahan,2026-01-05
3224,5.0,penjumlahan,2026-01-08
3225,5.0,penjumlahan,2026-01-10
3226,5.0,penjumlahan,2026-01-11
3227,5.0,penjumlahan,2026-01-13
3228,5.0,pengurangan,2026-01-16
3229,5.0,pengurangan,2026-01-18
3230,5.0,pengurangan,2026-01-19
3231,5.0,pengurangan,2026-01-21
3232,5.0,pengurangan,2026-01-22
3233,5.0,pengurangan,2026-01-23
3234,5.0,pengurangan,2026-01-24
3235,5.0,pengurangan,2026-01-27
3236,5.0,pengurangan,2026-01-29
3237,5.0,perkalian,2026-01-30
3238,5.0,perkalian,2026-02-01
3239,5.0,perkalian,2026-02-02
3240,5.0,perkalian,2026-02-03
3241,5.0,perkalian,2026-02-05
3242,5.0,perkalian,2026-02-07
3243,5.0,pembagian,2026-02-09
3244,5.0,pembagian,2026-02-10
3245,5.0,pembagian,2026-02-12
3246,5.0,pembagian,2026-02-15
3247,5.0,pembagian,2026-02-18
3248,5.0,pembagian,2026-02-19
3249,5.0,pembagian,2026-02-21
3250,5.0,pembagian,2026-02-22
3251,5.0,pembagian,2026-02-24
3252,5.0,pecahan,2026-02-25
3253,5.0,pecahan,2026-02-28
3254,5.0,pecahan,2026-03-02
3255,5.0,pecahan,2026-03-04
3256,5.0,pecahan,2026-03-07
3257,5.0,desimal,2026-03-10
3258,5.0,desimal,2026-03-11
3259,5.0,desimal,2026-03-13
3260,5.0,desimal,2026-03-16
3261,5.0,desimal,2026-03-18
3262,5.0,desimal,2026-03-20
3263,5.0,desimal,2026-03-23
3264,5.0,aljabar,2026-03-26
3265,5.0,aljabar,2026-03-27
3266,5.0,aljabar,2026-03-29
3267,5.0,aljabar,2026-04-01
3268,5.0,aljabar,2026-04-03
3269,5.0,aljabar,2026-04-04
3270,5.0,aljabar,2026-04-06
3271,5.0,aljabar,2026-04-08
3272,5.0,aljabar,2026-04-10
3273,5.0,persamaan_linear,2026-04-12
3274,5.0,persamaan_linear,2026-04-14
3275,5.0,persamaan_linear,2026-04-16
3276,5.0,persamaan_linear,2026-04-19
3277,5.0,persamaan_linear,2026-04-20
3278,5.0,fungsi,2026-04-21
3279,5.0,fungsi,2026-04-22
3280,5.0,fungsi,2026-04-24
3281,5.0,fungsi,2026-04-27
3282,5.0,fungsi,2026-04-28
3283,5.0,turunan,2026-04-29
3284,5.0,turunan,2026-04-30
3285,5.0,turunan,2026-05-03
3286,5.0,turunan,2026-05-05
3287,5.0,turunan,2026-05-06
3288,5.0,turunan,2026-05-09
3289,5.0,turunan,2026-05-11
3290,5.0,turunan,2026-05-12
3291,5.0,turunan,2026-05-14
3292,5.0,integral,2026-05-17
3293,5.0,integral,2026-05-20
3294,5.0,integral,2026-05-22
3295,5.0,integral,2026-05-24
3296,5.0,integral,2026-05-27
3297,3.0,penjumlahan,2026-01-01
3298,3.0,penjumlahan,2026-01-04
3299,3.0,penjumlahan,2026-01-07
3300,3.0,penjumlahan,2026-01-10
3301,3.0,penjumlahan,2026-01-11
3302,3.0,penjumlahan,2026-01-13
3303,3.0,penjumlahan,2026-01-15
3304,3.0,penjumlahan,2026-01-18
3305,3.0,pengurangan,2026-01-21
3306,3.0,pengurangan,2026-01-24
3307,3.0,pengurangan,2026-01-27
3308,3.0,pengurangan,2026-01-28
3309,3.0,pengurangan,2026-01-29
3310,3.0,desimal,2026-01-30
3311,3.0,desimal,2026-02-01
3312,3.0,desimal,2026-02-04
3313,3.0,desimal,2026-02-07
3314,3.0,desimal,2026-02-09
3315,3.0,desimal,2026-02-11
3316,3.0,persamaan_linear,2026-02-12
3317,3.0,persamaan_linear,2026-02-15
3318,3.0,persamaan_linear,2026-02-17
3319,3.0,persamaan_linear,2026-02-19
3320,3.0,persamaan_linear,2026-02-22
3321,3.0,persamaan_linear,2026-02-25
3322,3.0,persamaan_linear,2026-02-28
3323,3.0,persamaan_linear,2026-03-03
3324,3.0,persamaan_linear,2026-03-05
3325,3.0,turunan,2026-03-06
3326,3.0,turunan,2026-03-08
3327,3.0,turunan,2026-03-10
3328,3.0,turunan,2026-03-12
3329,3.0,turunan,2026-03-13
3330,3.0,turunan,2026-03-14
3331,4.0,penjumlahan,2026-01-01
3332,4.0,penjumlahan,2026-01-03
3333,4.0,penjumlahan,2026-01-04
3334,4.0,penjumlahan,2026-01-05
3335,4.0,penjumlahan,2026-01-07
3336,4.0,penjumlahan,2026-01-09
3337,4.0,penjumlahan,2026-01-12
3338,4.0,penjumlahan,2026-01-15
3339,4.0,penjumlahan,2026-01-16
3340,4.0,pengurangan,2026-01-17
3341,4.0,pengurangan,2026-01-18
3342,4.0,pengurangan,2026-01-21
3343,4.0,pengurangan,2026-01-22
3344,4.0,pengurangan,2026-01-25
3345,4.0,pengurangan,2026-01-26
3346,4.0,pengurangan,2026-01-27
3347,4.0,pengurangan,2026-01-28
3348,4.0,perkalian,2026-01-31
3349,4.0,perkalian,2026-02-02
3350,4.0,perkalian,2026-02-04
3351,4.0,perkalian,2026-02-07
3352,4.0,perkalian,2026-02-08
3353,4.0,perkalian,2026-02-10
3354,4.0,perkalian,2026-02-13
3355,4.0,perkalian,2026-02-15
3356,4.0,pecahan,2026-02-16
3357,4.0,pecahan,2026-02-17
3358,4.0,pecahan,2026-02-19
3359,4.0,pecahan,2026-02-21
3360,4.0,pecahan,2026-02-24
3361,4.0,pecahan,2026-02-25
3362,4.0,pecahan,2026-02-28
3363,4.0,desimal,2026-03-02
3364,4.0,desimal,2026-03-04
3365,4.0,desimal,2026-03-05
3366,4.0,desimal,2026-03-06
3367,4.0,desimal,2026-03-09
3368,4.0,desimal,2026-03-11
3369,4.0,turunan,2026-03-14
3370,4.0,turunan,2026-03-17
3371,4.0,turunan,2026-03-18
3372,4.0,turunan,2026-03-21
3373,4.0,turunan,2026-03-22
3374,4.0,turunan,2026-03-23
3375,6.0,penjumlahan,2026-01-01
3376,6.0,penjumlahan,2026-01-02
3377,6.0,penjumlahan,2026-01-04
3378,6.0,penjumlahan,2026-01-05
3379,6.0,penjumlahan,2026-01-07
3380,6.0,penjumlahan,2026-01-10
3381,6.0,pengurangan,2026-01-11
3382,6.0,pengurangan,2026-01-12
3383,6.0,pengurangan,2026-01-14
3384,6.0,pengurangan,2026-01-15
3385,6.0,pengurangan,2026-01-16
3386,6.0,pembagian,2026-01-17
3387,6.0,pembagian,2026-01-19
3388,6.0,pembagian,2026-01-21
3389,6.0,pembagian,2026-01-22
3390,6.0,pembagian,2026-01-24
3391,6.0,pembagian,2026-01-27
3392,6.0,pembagian,2026-01-30
3393,6.0,pembagian,2026-01-31
3394,6.0,pembagian,2026-02-02
3395,6.0,pecahan,2026-02-04
3396,6.0,pecahan,2026-02-06
3397,6.0,pecahan,2026-02-07
3398,6.0,pecahan,2026-02-08
3399,6.0,pecahan,2026-02-10
3400,6.0,pecahan,2026-02-13
3401,6.0,pecahan,2026-02-16
3402,6.0,pecahan,2026-02-17
3403,6.0,desimal,2026-02-18
3404,6.0,desimal,2026-02-20
3405,6.0,desimal,2026-02-22
3406,6.0,desimal,2026-02-24
3407,6.0,desimal,2026-02-27
3408,6.0,desimal,2026-03-01
3409,6.0,desimal,2026-03-03
3410,6.0,desimal,2026-03-04
3411,6.0,desimal,2026-03-05
3412,6.0,persamaan_linear,2026-03-06
3413,6.0,persamaan_linear,2026-03-08
3414,6.0,persamaan_linear,2026-03-11
3415,6.0,persamaan_linear,2026-03-12
3416,6.0,persamaan_linear,2026-03-14
3417,6.0,persamaan_linear,2026-03-16
3418,6.0,persamaan_linear,2026-03-19
3419,6.0,limit,2026-03-20
3420,6.0,limit,2026-03-23
3421,6.0,limit,2026-03-26
3422,6.0,limit,2026-03-28
3423,6.0,limit,2026-03-29
3424,6.0,limit,2026-04-01
3425,6.0,limit,2026-04-02
3426,6.0,limit,2026-04-05
3427,6.0,turunan,2026-04-08
3428,6.0,turunan,2026-04-09
3429,6.0,turunan,2026-04-12
3430,6.0,turunan,2026-04-14
3431,6.0,turunan,2026-04-15
3432,6.0,turunan,2026-04-17
3433,6.0,turunan,2026-04-20
3434,6.0,turunan,2026-04-21
3435,6.0,turunan,2026-04-23
3436,20.0,penjumlahan,2026-01-01
3437,20.0,penjumlahan,2026-01-02
3438,20.0,penjumlahan,2026-01-04
3439,20.0,penjumlahan,2026-01-07
3440,20.0,penjumlahan,2026-01-08
3441,20.0,penjumlahan,2026-01-09
3442,20.0,penjumlahan,2026-01-10
3443,20.0,penjumlahan,2026-01-13
3444,20.0,penjumlahan,2026-01-16
3445,20.0,pengurangan,2026-01-18
3446,20.0,pengurangan,2026-01-21
3447,20.0,pengurangan,2026-01-24
3448,20.0,pengurangan,2026-01-25
3449,20.0,pengurangan,2026-01-28
3450,20.0,pengurangan,2026-01-29
3451,20.0,perkalian,2026-01-30
3452,20.0,perkalian,2026-02-02
3453,20.0,perkalian,2026-02-05
3454,20.0,perkalian,2026-02-06
3455,20.0,perkalian,2026-02-07
3456,20.0,perkalian,2026-02-08
3457,20.0,perkalian,2026-02-09
3458,20.0,perkalian,2026-02-10
3459,20.0,perkalian,2026-02-11
3460,20.0,pecahan,2026-02-12
3461,20.0,pecahan,2026-02-13
3462,20.0,pecahan,2026-02-16
3463,20.0,pecahan,2026-02-18
3464,20.0,pecahan,2026-02-20
3465,20.0,pecahan,2026-02-21
3466,20.0,pecahan,2026-02-24
3467,20.0,pecahan,2026-02-25
3468,20.0,aljabar,2026-02-27
3469,20.0,aljabar,2026-03-01
3470,20.0,aljabar,2026-03-02
3471,20.0,aljabar,2026-03-03
3472,20.0,aljabar,2026-03-04
3473,20.0,persamaan_linear,2026-03-06
3474,20.0,persamaan_linear,2026-03-08
3475,20.0,persamaan_linear,2026-03-09
3476,20.0,persamaan_linear,2026-03-12
3477,20.0,persamaan_linear,2026-03-14
3478,20.0,persamaan_linear,2026-03-15
3479,20.0,persamaan_linear,2026-03-17
3480,20.0,persamaan_linear,2026-03-19
3481,20.0,turunan,2026-03-20
3482,20.0,turunan,2026-03-21
3483,20.0,turunan,2026-03-23
3484,20.0,turunan,2026-03-24
3485,20.0,turunan,2026-03-25
3486,20.0,integral,2026-03-27
3487,20.0,integral,2026-03-28
3488,20.0,integral,2026-03-29
3489,20.0,integral,2026-03-31
3490,20.0,integral,2026-04-01
3491,20.0,integral,2026-04-02
3492,20.0,integral,2026-04-04
3493,20.0,integral,2026-04-06
3494,20.0,integral,2026-04-07
3495,13.0,penjumlahan,2026-01-01
3496,13.0,penjumlahan,2026-01-02
3497,13.0,penjumlahan,2026-01-03
3498,13.0,penjumlahan,2026-01-06
3499,13.0,penjumlahan,2026-01-07
3500,13.0,penjumlahan,2026-01-10
3501,13.0,pengurangan,2026-01-13
3502,13.0,pengurangan,2026-01-15
3503,13.0,pengurangan,2026-01-18
3504,13.0,pengurangan,2026-01-20
3505,13.0,pengurangan,2026-01-21
3506,13.0,pengurangan,2026-01-22
3507,13.0,pengurangan,2026-01-25
3508,13.0,perkalian,2026-01-26
3509,13.0,perkalian,2026-01-28
3510,13.0,perkalian,2026-01-29
3511,13.0,perkalian,2026-02-01
3512,13.0,perkalian,2026-02-02
3513,13.0,perkalian,2026-02-04
3514,13.0,perkalian,2026-02-05
3515,13.0,perkalian,2026-02-08
3516,13.0,perkalian,2026-02-10
3517,13.0,pembagian,2026-02-11
3518,13.0,pembagian,2026-02-12
3519,13.0,pembagian,2026-02-14
3520,13.0,pembagian,2026-02-17
3521,13.0,pembagian,2026-02-20
3522,13.0,desimal,2026-02-21
3523,13.0,desimal,2026-02-24
3524,13.0,desimal,2026-02-26
3525,13.0,desimal,2026-03-01
3526,13.0,desimal,2026-03-04
3527,13.0,desimal,2026-03-07
3528,13.0,desimal,2026-03-10
3529,13.0,desimal,2026-03-13
3530,13.0,desimal,2026-03-14
3531,13.0,aljabar,2026-03-16
3532,13.0,aljabar,2026-03-17
3533,13.0,aljabar,2026-03-18
3534,13.0,aljabar,2026-03-20
3535,13.0,aljabar,2026-03-23
3536,13.0,aljabar,2026-03-25
3537,13.0,aljabar,2026-03-26
3538,13.0,aljabar,2026-03-27
3539,13.0,persamaan_linear,2026-03-29
3540,13.0,persamaan_linear,2026-03-31
3541,13.0,persamaan_linear,2026-04-03
3542,13.0,persamaan_linear,2026-04-04
3543,13.0,persamaan_linear,2026-04-06
3544,13.0,persamaan_linear,2026-04-07
3545,13.0,persamaan_linear,2026-04-10
3546,13.0,fungsi,2026-04-12
3547,13.0,fungsi,2026-04-15
3548,13.0,fungsi,2026-04-16
3549,13.0,fungsi,2026-04-17
3550,13.0,fungsi,2026-04-18
3551,13.0,fungsi,2026-04-20
3552,13.0,fungsi,2026-04-21
3553,13.0,fungsi,2026-04-23
3554,13.0,fungsi,2026-04-25
3555,13.0,limit,2026-04-27
3556,13.0,limit,2026-04-29
3557,13.0,limit,2026-05-02
3558,13.0,limit,2026-05-03
3559,13.0,limit,2026-05-06
3560,13.0,limit,2026-05-09
3561,13.0,limit,2026-05-12
3562,13.0,turunan,2026-05-15
3563,13.0,turunan,2026-05-18
3564,13.0,turunan,2026-05-19
3565,13.0,turunan,2026-05-22
3566,13.0,turunan,2026-05-24
3567,13.0,turunan,2026-05-25
3568,13.0,turunan,2026-05-27
3569,13.0,turunan,2026-05-29
3570,13.0,integral,2026-05-31
3571,13.0,integral,2026-06-02
3572,13.0,integral,2026-06-03
3573,13.0,integral,2026-06-05
3574,13.0,integral,2026-06-07
3575,13.0,integral,2026-06-09
3576,13.0,integral,2026-06-12
3577,13.0,integral,2026-06-13
3578,13.0,integral,2026-06-16
3579,20.0,penjumlahan,2026-01-01
3580,20.0,penjumlahan,2026-01-03
3581,20.0,penjumlahan,2026-01-04
3582,20.0,penjumlahan,2026-01-07
3583,20.0,penjumlahan,2026-01-10
3584,20.0,penjumlahan,2026-01-12
3585,20.0,pengurangan,2026-01-14
3586,20.0,pengurangan,2026-01-15
3587,20.0,pengurangan,2026-01-18
3588,20.0,pengurangan,2026-01-21
3589,20.0,pengurangan,2026-01-24
3590,20.0,pengurangan,2026-01-25
3591,20.0,pengurangan,2026-01-28
3592,20.0,pengurangan,2026-01-30
3593,20.0,perkalian,2026-02-01
3594,20.0,perkalian,2026-02-03
3595,20.0,perkalian,2026-02-05
3596,20.0,perkalian,2026-02-06
3597,20.0,perkalian,2026-02-08
3598,20.0,pembagian,2026-02-09
3599,20.0,pembagian,2026-02-10
3600,20.0,pembagian,2026-02-12
3601,20.0,pembagian,2026-02-15
3602,20.0,pembagian,2026-02-18
3603,20.0,pembagian,2026-02-20
3604,20.0,desimal,2026-02-22
3605,20.0,desimal,2026-02-25
3606,20.0,desimal,2026-02-28
3607,20.0,desimal,2026-03-01
3608,20.0,desimal,2026-03-04
3609,20.0,desimal,2026-03-05
3610,20.0,aljabar,2026-03-08
3611,20.0,aljabar,2026-03-10
3612,20.0,aljabar,2026-03-13
3613,20.0,aljabar,2026-03-14
3614,20.0,aljabar,2026-03-17
3615,20.0,aljabar,2026-03-19
3616,20.0,aljabar,2026-03-20
3617,20.0,aljabar,2026-03-23
3618,20.0,aljabar,2026-03-26
3619,20.0,fungsi,2026-03-27
3620,20.0,fungsi,2026-03-28
3621,20.0,fungsi,2026-03-30
3622,20.0,fungsi,2026-04-02
3623,20.0,fungsi,2026-04-05
3624,20.0,fungsi,2026-04-06
3625,20.0,fungsi,2026-04-09
3626,20.0,fungsi,2026-04-12
3627,20.0,fungsi,2026-04-13
3628,20.0,limit,2026-04-16
3629,20.0,limit,2026-04-18
3630,20.0,limit,2026-04-20
3631,20.0,limit,2026-04-21
3632,20.0,limit,2026-04-23
3633,20.0,limit,2026-04-24
3634,20.0,limit,2026-04-26
3635,20.0,limit,2026-04-28
3636,20.0,turunan,2026-04-30
3637,20.0,turunan,2026-05-03
3638,20.0,turunan,2026-05-05
3639,20.0,turunan,2026-05-06
3640,20.0,turunan,2026-05-09
3641,20.0,turunan,2026-05-11
3642,20.0,turunan,2026-05-12
3643,20.0,turunan,2026-05-14
3644,20.0,turunan,2026-05-15
3645,20.0,integral,2026-05-17
3646,20.0,integral,2026-05-18
3647,20.0,integral,2026-05-20
3648,20.0,integral,2026-05-23
3649,20.0,integral,2026-05-25
3650,20.0,integral,2026-05-28
3651,20.0,integral,2026-05-31
3652,20.0,integral,2026-06-02
3653,20.0,integral,2026-06-03
3654,17.0,penjumlahan,2026-01-01
3655,17.0,penjumlahan,2026-01-03
3656,17.0,penjumlahan,2026-01-06
3657,17.0,penjumlahan,2026-01-07
3658,17.0,penjumlahan,2026-01-10
3659,17.0,penjumlahan,2026-01-13
3660,17.0,penjumlahan,2026-01-16
3661,17.0,penjumlahan,2026-01-17
3662,17.0,pengurangan,2026-01-20
3663,17.0,pengurangan,2026-01-22
3664,17.0,pengurangan,2026-01-25
3665,17.0,pengurangan,2026-01-27
3666,17.0,pengurangan,2026-01-30
3667,17.0,pengurangan,2026-01-31
3668,17.0,pengurangan,2026-02-03
3669,17.0,pengurangan,2026-02-06
3670,17.0,perkalian,2026-02-08
3671,17.0,perkalian,2026-02-10
3672,17.0,perkalian,2026-02-11
3673,17.0,perkalian,2026-02-12
3674,17.0,perkalian,2026-02-13
3675,17.0,perkalian,2026-02-14
3676,17.0,perkalian,2026-02-17
3677,17.0,perkalian,2026-02-19
3678,17.0,perkalian,2026-02-21
3679,17.0,aljabar,2026-02-23
3680,17.0,aljabar,2026-02-26
3681,17.0,aljabar,2026-02-28
3682,17.0,aljabar,2026-03-03
3683,17.0,aljabar,2026-03-06
3684,17.0,persamaan_linear,2026-03-09
3685,17.0,persamaan_linear,2026-03-11
3686,17.0,persamaan_linear,2026-03-14
3687,17.0,persamaan_linear,2026-03-16
3688,17.0,persamaan_linear,2026-03-17
3689,17.0,persamaan_linear,2026-03-19
3690,17.0,persamaan_linear,2026-03-20
3691,17.0,persamaan_linear,2026-03-23
3692,17.0,fungsi,2026-03-25
3693,17.0,fungsi,2026-03-27
3694,17.0,fungsi,2026-03-28
3695,17.0,fungsi,2026-03-29
3696,17.0,fungsi,2026-03-31
3697,17.0,fungsi,2026-04-02
3698,17.0,fungsi,2026-04-03
3699,17.0,fungsi,2026-04-05
3700,17.0,fungsi,2026-04-06
3701,17.0,integral,2026-04-07
3702,17.0,integral,2026-04-08
3703,17.0,integral,2026-04-11
3704,17.0,integral,2026-04-13
3705,17.0,integral,2026-04-16
3706,17.0,integral,2026-04-18
3707,18.0,penjumlahan,2026-01-01
3708,18.0,penjumlahan,2026-01-03
3709,18.0,penjumlahan,2026-01-06
3710,18.0,penjumlahan,2026-01-09
3711,18.0,penjumlahan,2026-01-10
3712,18.0,penjumlahan,2026-01-11
3713,18.0,penjumlahan,2026-01-13
3714,18.0,pengurangan,2026-01-14
3715,18.0,pengurangan,2026-01-17
3716,18.0,pengurangan,2026-01-20
3717,18.0,pengurangan,2026-01-23
3718,18.0,pengurangan,2026-01-24
3719,18.0,pembagian,2026-01-26
3720,18.0,pembagian,2026-01-27
3721,18.0,pembagian,2026-01-28
3722,18.0,pembagian,2026-01-30
3723,18.0,pembagian,2026-01-31
3724,18.0,pembagian,2026-02-01
3725,18.0,aljabar,2026-02-04
3726,18.0,aljabar,2026-02-06
3727,18.0,aljabar,2026-02-08
3728,18.0,aljabar,2026-02-11
3729,18.0,aljabar,2026-02-12
3730,18.0,aljabar,2026-02-15
3731,18.0,fungsi,2026-02-18
3732,18.0,fungsi,2026-02-20
3733,18.0,fungsi,2026-02-23
3734,18.0,fungsi,2026-02-26
3735,18.0,fungsi,2026-02-28
3736,18.0,fungsi,2026-03-02
3737,18.0,fungsi,2026-03-04
3738,18.0,fungsi,2026-03-05
3739,18.0,turunan,2026-03-08
3740,18.0,turunan,2026-03-09
3741,18.0,turunan,2026-03-11
3742,18.0,turunan,2026-03-14
3743,18.0,turunan,2026-03-15
3744,18.0,turunan,2026-03-16
3745,4.0,penjumlahan,2026-01-01
3746,4.0,penjumlahan,2026-01-02
3747,4.0,penjumlahan,2026-01-05
3748,4.0,penjumlahan,2026-01-07
3749,4.0,penjumlahan,2026-01-09
3750,4.0,penjumlahan,2026-01-10
3751,4.0,penjumlahan,2026-01-12
3752,4.0,pengurangan,2026-01-14
3753,4.0,pengurangan,2026-01-16
3754,4.0,pengurangan,2026-01-17
3755,4.0,pengurangan,2026-01-19
3756,4.0,pengurangan,2026-01-21
3757,4.0,pengurangan,2026-01-22
3758,4.0,pengurangan,2026-01-24
3759,4.0,pengurangan,2026-01-25
3760,4.0,pengurangan,2026-01-27
3761,4.0,pecahan,2026-01-29
3762,4.0,pecahan,2026-01-30
3763,4.0,pecahan,2026-02-02
3764,4.0,pecahan,2026-02-04
3765,4.0,pecahan,2026-02-05
3766,4.0,pecahan,2026-02-07
3767,4.0,pecahan,2026-02-09
3768,4.0,desimal,2026-02-11
3769,4.0,desimal,2026-02-13
3770,4.0,desimal,2026-02-14
3771,4.0,desimal,2026-02-16
3772,4.0,desimal,2026-02-19
3773,4.0,desimal,2026-02-22
3774,4.0,desimal,2026-02-23
3775,4.0,desimal,2026-02-25
3776,4.0,desimal,2026-02-27
3777,4.0,aljabar,2026-03-02
3778,4.0,aljabar,2026-03-04
3779,4.0,aljabar,2026-03-06
3780,4.0,aljabar,2026-03-08
3781,4.0,aljabar,2026-03-10
3782,4.0,aljabar,2026-03-13
3783,4.0,aljabar,2026-03-14
3784,4.0,aljabar,2026-03-15
3785,4.0,aljabar,2026-03-16
3786,4.0,fungsi,2026-03-17
3787,4.0,fungsi,2026-03-18
3788,4.0,fungsi,2026-03-20
3789,4.0,fungsi,2026-03-23
3790,4.0,fungsi,2026-03-26
3791,4.0,fungsi,2026-03-27
3792,4.0,fungsi,2026-03-28
3793,4.0,limit,2026-03-29
3794,4.0,limit,2026-03-31
3795,4.0,limit,2026-04-02
3796,4.0,limit,2026-04-04
3797,4.0,limit,2026-04-05
3798,4.0,limit,2026-04-06
3799,4.0,limit,2026-04-07
3800,4.0,limit,2026-04-08
3801,4.0,turunan,2026-04-09
3802,4.0,turunan,2026-04-12
3803,4.0,turunan,2026-04-15
3804,4.0,turunan,2026-04-17
3805,4.0,turunan,2026-04-20
3806,4.0,turunan,2026-04-22
3807,4.0,integral,2026-04-23
3808,4.0,integral,2026-04-24
3809,4.0,integral,2026-04-26
3810,4.0,integral,2026-04-29
3811,4.0,integral,2026-05-02
3812,11.0,penjumlahan,2026-01-01
3813,11.0,penjumlahan,2026-01-03
3814,11.0,penjumlahan,2026-01-05
3815,11.0,penjumlahan,2026-01-06
3816,11.0,penjumlahan,2026-01-09
3817,11.0,penjumlahan,2026-01-11
3818,11.0,penjumlahan,2026-01-13
3819,11.0,pengurangan,2026-01-15
3820,11.0,pengurangan,2026-01-16
3821,11.0,pengurangan,2026-01-19
3822,11.0,pengurangan,2026-01-21
3823,11.0,pengurangan,2026-01-22
3824,11.0,pengurangan,2026-01-23
3825,11.0,pengurangan,2026-01-24
3826,11.0,pengurangan,2026-01-26
3827,11.0,perkalian,2026-01-29
3828,11.0,perkalian,2026-01-30
3829,11.0,perkalian,2026-02-01
3830,11.0,perkalian,2026-02-03
3831,11.0,perkalian,2026-02-04
3832,11.0,perkalian,2026-02-05
3833,11.0,perkalian,2026-02-07
3834,11.0,perkalian,2026-02-09
3835,11.0,perkalian,2026-02-10
3836,11.0,aljabar,2026-02-12
3837,11.0,aljabar,2026-02-14
3838,11.0,aljabar,2026-02-16
3839,11.0,aljabar,2026-02-18
3840,11.0,aljabar,2026-02-21
3841,11.0,limit,2026-02-22
3842,11.0,limit,2026-02-23
3843,11.0,limit,2026-02-24
3844,11.0,limit,2026-02-26
3845,11.0,limit,2026-02-27
3846,11.0,limit,2026-03-02
3847,11.0,limit,2026-03-03
3848,11.0,limit,2026-03-04
3849,11.0,limit,2026-03-06
3850,11.0,turunan,2026-03-08
3851,11.0,turunan,2026-03-10
3852,11.0,turunan,2026-03-13
3853,11.0,turunan,2026-03-14
3854,11.0,turunan,2026-03-15
3855,11.0,turunan,2026-03-16
3856,11.0,turunan,2026-03-17
3857,11.0,turunan,2026-03-18
3858,11.0,turunan,2026-03-20
3859,11.0,integral,2026-03-21
3860,11.0,integral,2026-03-22
3861,11.0,integral,2026-03-23
3862,11.0,integral,2026-03-24
3863,11.0,integral,2026-03-25
3864,11.0,integral,2026-03-26
3865,10.0,penjumlahan,2026-01-01
3866,10.0,penjumlahan,2026-01-04
3867,10.0,penjumlahan,2026-01-05
3868,10.0,penjumlahan,2026-01-06
3869,10.0,penjumlahan,2026-01-09
3870,10.0,penjumlahan,2026-01-12
3871,10.0,pengurangan,2026-01-13
3872,10.0,pengurangan,2026-01-16
3873,10.0,pengurangan,2026-01-18
3874,10.0,pengurangan,2026-01-19
3875,10.0,pengurangan,2026-01-22
3876,10.0,pengurangan,2026-01-25
3877,10.0,perkalian,2026-01-26
3878,10.0,perkalian,2026-01-29
3879,10.0,perkalian,2026-02-01
3880,10.0,perkalian,2026-02-02
3881,10.0,perkalian,2026-02-03
3882,10.0,perkalian,2026-02-06
3883,10.0,perkalian,2026-02-08
3884,10.0,pembagian,2026-02-11
3885,10.0,pembagian,2026-02-14
3886,10.0,pembagian,2026-02-15
3887,10.0,pembagian,2026-02-16
3888,10.0,pembagian,2026-02-17
3889,10.0,pembagian,2026-02-19
3890,10.0,pecahan,2026-02-21
3891,10.0,pecahan,2026-02-23
3892,10.0,pecahan,2026-02-25
3893,10.0,pecahan,2026-02-28
3894,10.0,pecahan,2026-03-01
3895,10.0,pecahan,2026-03-04
3896,10.0,pecahan,2026-03-07
3897,10.0,pecahan,2026-03-10
3898,10.0,pecahan,2026-03-12
3899,10.0,desimal,2026-03-15
3900,10.0,desimal,2026-03-16
3901,10.0,desimal,2026-03-18
3902,10.0,desimal,2026-03-20
3903,10.0,desimal,2026-03-22
3904,10.0,desimal,2026-03-24
3905,10.0,desimal,2026-03-27
3906,10.0,aljabar,2026-03-30
3907,10.0,aljabar,2026-04-01
3908,10.0,aljabar,2026-04-03
3909,10.0,aljabar,2026-04-04
3910,10.0,aljabar,2026-04-05
3911,10.0,persamaan_linear,2026-04-07
3912,10.0,persamaan_linear,2026-04-08
3913,10.0,persamaan_linear,2026-04-09
3914,10.0,persamaan_linear,2026-04-12
3915,10.0,persamaan_linear,2026-04-14
3916,10.0,fungsi,2026-04-17
3917,10.0,fungsi,2026-04-18
3918,10.0,fungsi,2026-04-21
3919,10.0,fungsi,2026-04-23
3920,10.0,fungsi,2026-04-25
3921,10.0,fungsi,2026-04-26
3922,10.0,fungsi,2026-04-27
3923,10.0,fungsi,2026-04-29
3924,10.0,fungsi,2026-04-30
3925,10.0,turunan,2026-05-02
3926,10.0,turunan,2026-05-05
3927,10.0,turunan,2026-05-08
3928,10.0,turunan,2026-05-11
3929,10.0,turunan,2026-05-13
3930,10.0,integral,2026-05-15
3931,10.0,integral,2026-05-18
3932,10.0,integral,2026-05-20
3933,10.0,integral,2026-05-22
3934,10.0,integral,2026-05-24
3935,10.0,integral,2026-05-26
3936,10.0,integral,2026-05-28
3937,10.0,integral,2026-05-31
3938,10.0,integral,2026-06-01
3939,6.0,penjumlahan,2026-01-01
3940,6.0,penjumlahan,2026-01-02
3941,6.0,penjumlahan,2026-01-03
3942,6.0,penjumlahan,2026-01-05
3943,6.0,penjumlahan,2026-01-08
3944,6.0,penjumlahan,2026-01-09
3945,6.0,penjumlahan,2026-01-10
3946,6.0,pengurangan,2026-01-12
3947,6.0,pengurangan,2026-01-15
3948,6.0,pengurangan,2026-01-17
3949,6.0,pengurangan,2026-01-19
3950,6.0,pengurangan,2026-01-20
3951,6.0,pengurangan,2026-01-23
3952,6.0,pengurangan,2026-01-24
3953,6.0,perkalian,2026-01-25
3954,6.0,perkalian,2026-01-26
3955,6.0,perkalian,2026-01-27
3956,6.0,perkalian,2026-01-28
3957,6.0,perkalian,2026-01-29
3958,6.0,perkalian,2026-01-31
3959,6.0,perkalian,2026-02-01
3960,6.0,pembagian,2026-02-03
3961,6.0,pembagian,2026-02-06
3962,6.0,pembagian,2026-02-07
3963,6.0,pembagian,2026-02-09
3964,6.0,pembagian,2026-02-11
3965,6.0,pembagian,2026-02-13
3966,6.0,pembagian,2026-02-15
3967,6.0,pembagian,2026-02-16
3968,6.0,pembagian,2026-02-17
3969,6.0,pecahan,2026-02-18
3970,6.0,pecahan,2026-02-19
3971,6.0,pecahan,2026-02-21
3972,6.0,pecahan,2026-02-23
3973,6.0,pecahan,2026-02-24
3974,6.0,persamaan_linear,2026-02-27
3975,6.0,persamaan_linear,2026-03-02
3976,6.0,persamaan_linear,2026-03-05
3977,6.0,persamaan_linear,2026-03-06
3978,6.0,persamaan_linear,2026-03-07
3979,6.0,persamaan_linear,2026-03-09
3980,6.0,persamaan_linear,2026-03-10
3981,6.0,persamaan_linear,2026-03-11
3982,6.0,turunan,2026-03-14
3983,6.0,turunan,2026-03-16
3984,6.0,turunan,2026-03-19
3985,6.0,turunan,2026-03-20
3986,6.0,turunan,2026-03-23
3987,6.0,turunan,2026-03-25
3988,6.0,turunan,2026-03-28
3989,6.0,integral,2026-03-31
3990,6.0,integral,2026-04-02
3991,6.0,integral,2026-04-05
3992,6.0,integral,2026-04-06
3993,6.0,integral,2026-04-07
3994,1.0,penjumlahan,2026-01-01
3995,1.0,penjumlahan,2026-01-04
3996,1.0,penjumlahan,2026-01-07
3997,1.0,penjumlahan,2026-01-10
3998,1.0,penjumlahan,2026-01-12
3999,1.0,penjumlahan,2026-01-13
4000,1.0,penjumlahan,2026-01-14
4001,1.0,penjumlahan,2026-01-17
4002,1.0,pengurangan,2026-01-18
4003,1.0,pengurangan,2026-01-19
4004,1.0,pengurangan,2026-01-20
4005,1.0,pengurangan,2026-01-23
4006,1.0,pengurangan,2026-01-24
4007,1.0,pengurangan,2026-01-27
4008,1.0,perkalian,2026-01-29
4009,1.0,perkalian,2026-01-31
4010,1.0,perkalian,2026-02-01
4011,1.0,perkalian,2026-02-03
4012,1.0,perkalian,2026-02-04
4013,1.0,perkalian,2026-02-06
4014,1.0,perkalian,2026-02-07
4015,1.0,perkalian,2026-02-10
4016,1.0,perkalian,2026-02-12
4017,1.0,pembagian,2026-02-13
4018,1.0,pembagian,2026-02-14
4019,1.0,pembagian,2026-02-17
4020,1.0,pembagian,2026-02-20
4021,1.0,pembagian,2026-02-22
4022,1.0,pembagian,2026-02-24
4023,1.0,pembagian,2026-02-26
4024,1.0,pembagian,2026-02-28
4025,1.0,pecahan,2026-03-03
4026,1.0,pecahan,2026-03-04
4027,1.0,pecahan,2026-03-06
4028,1.0,pecahan,2026-03-09
4029,1.0,pecahan,2026-03-11
4030,1.0,pecahan,2026-03-14
4031,1.0,pecahan,2026-03-16
4032,1.0,pecahan,2026-03-18
4033,1.0,pecahan,2026-03-20
4034,1.0,desimal,2026-03-22
4035,1.0,desimal,2026-03-23
4036,1.0,desimal,2026-03-24
4037,1.0,desimal,2026-03-27
4038,1.0,desimal,2026-03-29
4039,1.0,desimal,2026-04-01
4040,1.0,aljabar,2026-04-02
4041,1.0,aljabar,2026-04-04
4042,1.0,aljabar,2026-04-07
4043,1.0,aljabar,2026-04-10
4044,1.0,aljabar,2026-04-11
4045,1.0,aljabar,2026-04-14
4046,1.0,aljabar,2026-04-15
4047,1.0,persamaan_linear,2026-04-17
4048,1.0,persamaan_linear,2026-04-19
4049,1.0,persamaan_linear,2026-04-21
4050,1.0,persamaan_linear,2026-04-22
4051,1.0,persamaan_linear,2026-04-23
4052,1.0,persamaan_linear,2026-04-24
4053,1.0,persamaan_linear,2026-04-27
4054,1.0,persamaan_linear,2026-04-30
4055,1.0,persamaan_linear,2026-05-03
4056,1.0,turunan,2026-05-05
4057,1.0,turunan,2026-05-07
4058,1.0,turunan,2026-05-08
4059,1.0,turunan,2026-05-10
4060,1.0,turunan,2026-05-12
4061,1.0,turunan,2026-05-13
4062,17.0,penjumlahan,2026-01-01
4063,17.0,penjumlahan,2026-01-03
4064,17.0,penjumlahan,2026-01-04
4065,17.0,penjumlahan,2026-01-07
4066,17.0,penjumlahan,2026-01-10
4067,17.0,penjumlahan,2026-01-11
4068,17.0,pengurangan,2026-01-14
4069,17.0,pengurangan,2026-01-17
4070,17.0,pengurangan,2026-01-19
4071,17.0,pengurangan,2026-01-21
4072,17.0,pengurangan,2026-01-23
4073,17.0,pengurangan,2026-01-25
4074,17.0,perkalian,2026-01-27
4075,17.0,perkalian,2026-01-28
4076,17.0,perkalian,2026-01-29
4077,17.0,perkalian,2026-01-31
4078,17.0,perkalian,2026-02-01
4079,17.0,perkalian,2026-02-04
4080,17.0,perkalian,2026-02-05
4081,17.0,perkalian,2026-02-07
4082,17.0,pecahan,2026-02-09
4083,17.0,pecahan,2026-02-11
4084,17.0,pecahan,2026-02-14
4085,17.0,pecahan,2026-02-15
4086,17.0,pecahan,2026-02-17
4087,17.0,pecahan,2026-02-18
4088,17.0,desimal,2026-02-19
4089,17.0,desimal,2026-02-21
4090,17.0,desimal,2026-02-22
4091,17.0,desimal,2026-02-23
4092,17.0,desimal,2026-02-24
4093,17.0,desimal,2026-02-27
4094,17.0,desimal,2026-03-01
4095,17.0,aljabar,2026-03-02
4096,17.0,aljabar,2026-03-05
4097,17.0,aljabar,2026-03-07
4098,17.0,aljabar,2026-03-08
4099,17.0,aljabar,2026-03-09
4100,17.0,persamaan_linear,2026-03-10
4101,17.0,persamaan_linear,2026-03-11
4102,17.0,persamaan_linear,2026-03-14
4103,17.0,persamaan_linear,2026-03-16
4104,17.0,persamaan_linear,2026-03-19
4105,17.0,persamaan_linear,2026-03-22
4106,17.0,persamaan_linear,2026-03-24
4107,17.0,persamaan_linear,2026-03-27
4108,17.0,fungsi,2026-03-29
4109,17.0,fungsi,2026-04-01
4110,17.0,fungsi,2026-04-04
4111,17.0,fungsi,2026-04-06
4112,17.0,fungsi,2026-04-09
4113,17.0,fungsi,2026-04-10
4114,17.0,fungsi,2026-04-12
4115,17.0,fungsi,2026-04-14
4116,17.0,fungsi,2026-04-15
4117,17.0,limit,2026-04-16
4118,17.0,limit,2026-04-19
4119,17.0,limit,2026-04-21
4120,17.0,limit,2026-04-22
4121,17.0,limit,2026-04-24
4122,17.0,limit,2026-04-25
4123,17.0,turunan,2026-04-26
4124,17.0,turunan,2026-04-28
4125,17.0,turunan,2026-04-30
4126,17.0,turunan,2026-05-03
4127,17.0,turunan,2026-05-05
4128,17.0,integral,2026-05-08
4129,17.0,integral,2026-05-09
4130,17.0,integral,2026-05-10
4131,17.0,integral,2026-05-13
4132,17.0,integral,2026-05-15
4133,17.0,integral,2026-05-18
4134,17.0,penjumlahan,2026-01-01
4135,17.0,penjumlahan,2026-01-04
4136,17.0,penjumlahan,2026-01-05
4137,17.0,penjumlahan,2026-01-08
4138,17.0,penjumlahan,2026-01-11
4139,17.0,penjumlahan,2026-01-12
4140,17.0,penjumlahan,2026-01-14
4141,17.0,penjumlahan,2026-01-15
4142,17.0,penjumlahan,2026-01-18
4143,17.0,pengurangan,2026-01-19
4144,17.0,pengurangan,2026-01-20
4145,17.0,pengurangan,2026-01-21
4146,17.0,pengurangan,2026-01-22
4147,17.0,pengurangan,2026-01-23
4148,17.0,pengurangan,2026-01-24
4149,17.0,pengurangan,2026-01-26
4150,17.0,pengurangan,2026-01-28
4151,17.0,pengurangan,2026-01-31
4152,17.0,perkalian,2026-02-03
4153,17.0,perkalian,2026-02-06
4154,17.0,perkalian,2026-02-09
4155,17.0,perkalian,2026-02-10
4156,17.0,perkalian,2026-02-13
4157,17.0,perkalian,2026-02-15
4158,17.0,perkalian,2026-02-17
4159,17.0,perkalian,2026-02-18
4160,17.0,perkalian,2026-02-19
4161,17.0,pembagian,2026-02-20
4162,17.0,pembagian,2026-02-22
4163,17.0,pembagian,2026-02-25
4164,17.0,pembagian,2026-02-26
4165,17.0,pembagian,2026-02-27
4166,17.0,pembagian,2026-02-28
4167,17.0,pembagian,2026-03-02
4168,17.0,pembagian,2026-03-03
4169,17.0,pecahan,2026-03-05
4170,17.0,pecahan,2026-03-06
4171,17.0,pecahan,2026-03-09
4172,17.0,pecahan,2026-03-10
4173,17.0,pecahan,2026-03-11
4174,17.0,pecahan,2026-03-12
4175,17.0,desimal,2026-03-15
4176,17.0,desimal,2026-03-17
4177,17.0,desimal,2026-03-20
4178,17.0,desimal,2026-03-23
4179,17.0,desimal,2026-03-25
4180,17.0,aljabar,2026-03-28
4181,17.0,aljabar,2026-03-29
4182,17.0,aljabar,2026-03-31
4183,17.0,aljabar,2026-04-03
4184,17.0,aljabar,2026-04-06
4185,17.0,fungsi,2026-04-09
4186,17.0,fungsi,2026-04-12
4187,17.0,fungsi,2026-04-14
4188,17.0,fungsi,2026-04-16
4189,17.0,fungsi,2026-04-18
4190,17.0,fungsi,2026-04-20
4191,17.0,fungsi,2026-04-22
4192,17.0,fungsi,2026-04-24
4193,17.0,fungsi,2026-04-25
4194,17.0,limit,2026-04-26
4195,17.0,limit,2026-04-28
4196,17.0,limit,2026-05-01
4197,17.0,limit,2026-05-04
4198,17.0,limit,2026-05-07
4199,17.0,limit,2026-05-08
4200,17.0,turunan,2026-05-10
4201,17.0,turunan,2026-05-12
4202,17.0,turunan,2026-05-14
4203,17.0,turunan,2026-05-17
4204,17.0,turunan,2026-05-19
4205,17.0,integral,2026-05-22
4206,17.0,integral,2026-05-23
4207,17.0,integral,2026-05-25
4208,17.0,integral,2026-05-26
4209,17.0,integral,2026-05-29
4210,17.0,integral,2026-05-30
4211,17.0,integral,2026-05-31
4212,17.0,integral,2026-06-03
4213,17.0,integral,2026-06-05
4214,10.0,penjumlahan,2026-01-01
4215,10.0,penjumlahan,2026-01-04
4216,10.0,penjumlahan,2026-01-07
4217,10.0,penjumlahan,2026-01-10
4218,10.0,penjumlahan,2026-01-13
4219,10.0,penjumlahan,2026-01-16
4220,10.0,penjumlahan,2026-01-18
4221,10.0,pengurangan,2026-01-20
4222,10.0,pengurangan,2026-01-22
4223,10.0,pengurangan,2026-01-23
4224,10.0,pengurangan,2026-01-24
4225,10.0,pengurangan,2026-01-27
4226,10.0,pembagian,2026-01-30
4227,10.0,pembagian,2026-02-01
4228,10.0,pembagian,2026-02-02
4229,10.0,pembagian,2026-02-04
4230,10.0,pembagian,2026-02-06
4231,10.0,pembagian,2026-02-09
4232,10.0,pembagian,2026-02-11
4233,10.0,pembagian,2026-02-13
4234,10.0,pembagian,2026-02-16
4235,10.0,desimal,2026-02-17
4236,10.0,desimal,2026-02-20
4237,10.0,desimal,2026-02-21
4238,10.0,desimal,2026-02-22
4239,10.0,desimal,2026-02-23
4240,10.0,desimal,2026-02-25
4241,10.0,aljabar,2026-02-28
4242,10.0,aljabar,2026-03-03
4243,10.0,aljabar,2026-03-04
4244,10.0,aljabar,2026-03-05
4245,10.0,aljabar,2026-03-07
4246,10.0,aljabar,2026-03-09
4247,10.0,aljabar,2026-03-12
4248,10.0,persamaan_linear,2026-03-15
4249,10.0,persamaan_linear,2026-03-17
4250,10.0,persamaan_linear,2026-03-19
4251,10.0,persamaan_linear,2026-03-22
4252,10.0,persamaan_linear,2026-03-23
4253,10.0,persamaan_linear,2026-03-25
4254,10.0,persamaan_linear,2026-03-28
4255,10.0,fungsi,2026-03-31
4256,10.0,fungsi,2026-04-03
4257,10.0,fungsi,2026-04-04
4258,10.0,fungsi,2026-04-07
4259,10.0,fungsi,2026-04-10
4260,10.0,fungsi,2026-04-12
4261,10.0,fungsi,2026-04-14
4262,10.0,fungsi,2026-04-15
4263,10.0,integral,2026-04-16
4264,10.0,integral,2026-04-17
4265,10.0,integral,2026-04-20
4266,10.0,integral,2026-04-21
4267,10.0,integral,2026-04-24
4268,5.0,penjumlahan,2026-01-01
4269,5.0,penjumlahan,2026-01-03
4270,5.0,penjumlahan,2026-01-04
4271,5.0,penjumlahan,2026-01-05
4272,5.0,penjumlahan,2026-01-06
4273,5.0,penjumlahan,2026-01-07
4274,5.0,penjumlahan,2026-01-09
4275,5.0,pengurangan,2026-01-10
4276,5.0,pengurangan,2026-01-11
4277,5.0,pengurangan,2026-01-12
4278,5.0,pengurangan,2026-01-14
4279,5.0,pengurangan,2026-01-15
4280,5.0,pengurangan,2026-01-16
4281,5.0,pengurangan,2026-01-19
4282,5.0,pembagian,2026-01-20
4283,5.0,pembagian,2026-01-22
4284,5.0,pembagian,2026-01-23
4285,5.0,pembagian,2026-01-24
4286,5.0,pembagian,2026-01-25
4287,5.0,pembagian,2026-01-28
4288,5.0,pembagian,2026-01-30
4289,5.0,pembagian,2026-01-31
4290,5.0,pembagian,2026-02-01
4291,5.0,aljabar,2026-02-04
4292,5.0,aljabar,2026-02-05
4293,5.0,aljabar,2026-02-08
4294,5.0,aljabar,2026-02-09
4295,5.0,aljabar,2026-02-12
4296,5.0,aljabar,2026-02-13
4297,5.0,aljabar,2026-02-15
4298,5.0,aljabar,2026-02-16
4299,5.0,persamaan_linear,2026-02-17
4300,5.0,persamaan_linear,2026-02-18
4301,5.0,persamaan_linear,2026-02-21
4302,5.0,persamaan_linear,2026-02-23
4303,5.0,persamaan_linear,2026-02-26
4304,5.0,persamaan_linear,2026-03-01
4305,5.0,persamaan_linear,2026-03-02
4306,5.0,persamaan_linear,2026-03-03
4307,5.0,persamaan_linear,2026-03-06
4308,5.0,limit,2026-03-08
4309,5.0,limit,2026-03-09
4310,5.0,limit,2026-03-10
4311,5.0,limit,2026-03-12
4312,5.0,limit,2026-03-15
4313,5.0,turunan,2026-03-18
4314,5.0,turunan,2026-03-21
4315,5.0,turunan,2026-03-23
4316,5.0,turunan,2026-03-24
4317,5.0,turunan,2026-03-25
4318,5.0,turunan,2026-03-26
4319,5.0,integral,2026-03-27
4320,5.0,integral,2026-03-28
4321,5.0,integral,2026-03-29
4322,5.0,integral,2026-04-01
4323,5.0,integral,2026-04-03
4324,5.0,integral,2026-04-05
4325,6.0,penjumlahan,2026-01-01
4326,6.0,penjumlahan,2026-01-04
4327,6.0,penjumlahan,2026-01-05
4328,6.0,penjumlahan,2026-01-07
4329,6.0,penjumlahan,2026-01-10
4330,6.0,penjumlahan,2026-01-12
4331,6.0,pengurangan,2026-01-13
4332,6.0,pengurangan,2026-01-16
4333,6.0,pengurangan,2026-01-19
4334,6.0,pengurangan,2026-01-20
4335,6.0,pengurangan,2026-01-21
4336,6.0,pengurangan,2026-01-24
4337,6.0,pengurangan,2026-01-26
4338,6.0,pecahan,2026-01-27
4339,6.0,pecahan,2026-01-30
4340,6.0,pecahan,2026-02-02
4341,6.0,pecahan,2026-02-05
4342,6.0,pecahan,2026-02-06
4343,6.0,pecahan,2026-02-07
4344,6.0,pecahan,2026-02-09
4345,6.0,desimal,2026-02-10
4346,6.0,desimal,2026-02-12
4347,6.0,desimal,2026-02-13
4348,6.0,desimal,2026-02-16
4349,6.0,desimal,2026-02-19
4350,6.0,desimal,2026-02-20
4351,6.0,aljabar,2026-02-22
4352,6.0,aljabar,2026-02-23
4353,6.0,aljabar,2026-02-24
4354,6.0,aljabar,2026-02-27
4355,6.0,aljabar,2026-02-28
4356,6.0,aljabar,2026-03-03
4357,6.0,aljabar,2026-03-05
4358,6.0,aljabar,2026-03-07
4359,6.0,aljabar,2026-03-10
4360,6.0,persamaan_linear,2026-03-12
4361,6.0,persamaan_linear,2026-03-13
4362,6.0,persamaan_linear,2026-03-14
4363,6.0,persamaan_linear,2026-03-15
4364,6.0,persamaan_linear,2026-03-16
4365,6.0,persamaan_linear,2026-03-17
4366,6.0,persamaan_linear,2026-03-19
4367,6.0,turunan,2026-03-20
4368,6.0,turunan,2026-03-23
4369,6.0,turunan,2026-03-24
4370,6.0,turunan,2026-03-25
4371,6.0,turunan,2026-03-26
4372,6.0,turunan,2026-03-27
4373,6.0,turunan,2026-03-28
4374,6.0,integral,2026-03-31
4375,6.0,integral,2026-04-03
4376,6.0,integral,2026-04-04
4377,6.0,integral,2026-04-07
4378,6.0,integral,2026-04-09
4379,6.0,integral,2026-04-11
4380,6.0,integral,2026-04-12
4381,6.0,integral,2026-04-13
4382,6.0,integral,2026-04-16
4383,20.0,penjumlahan,2026-01-01
4384,20.0,penjumlahan,2026-01-04
4385,20.0,penjumlahan,2026-01-07
4386,20.0,penjumlahan,2026-01-10
4387,20.0,penjumlahan,2026-01-11
4388,20.0,penjumlahan,2026-01-12
4389,20.0,pengurangan,2026-01-13
4390,20.0,pengurangan,2026-01-16
4391,20.0,pengurangan,2026-01-19
4392,20.0,pengurangan,2026-01-22
4393,20.0,pengurangan,2026-01-24
4394,20.0,pengurangan,2026-01-25
4395,20.0,pengurangan,2026-01-28
4396,20.0,pengurangan,2026-01-30
4397,20.0,pengurangan,2026-02-02
4398,20.0,perkalian,2026-02-04
4399,20.0,perkalian,2026-02-05
4400,20.0,perkalian,2026-02-08
4401,20.0,perkalian,2026-02-11
4402,20.0,perkalian,2026-02-12
4403,20.0,perkalian,2026-02-14
4404,20.0,perkalian,2026-02-16
4405,20.0,pembagian,2026-02-19
4406,20.0,pembagian,2026-02-22
4407,20.0,pembagian,2026-02-24
4408,20.0,pembagian,2026-02-25
4409,20.0,pembagian,2026-02-27
4410,20.0,pembagian,2026-02-28
4411,20.0,pembagian,2026-03-02
4412,20.0,pecahan,2026-03-04
4413,20.0,pecahan,2026-03-05
4414,20.0,pecahan,2026-03-06
4415,20.0,pecahan,2026-03-07
4416,20.0,pecahan,2026-03-10
4417,20.0,pecahan,2026-03-11
4418,20.0,pecahan,2026-03-13
4419,20.0,pecahan,2026-03-15
4420,20.0,aljabar,2026-03-16
4421,20.0,aljabar,2026-03-17
4422,20.0,aljabar,2026-03-20
4423,20.0,aljabar,2026-03-21
4424,20.0,aljabar,2026-03-24
4425,20.0,turunan,2026-03-26
4426,20.0,turunan,2026-03-28
4427,20.0,turunan,2026-03-31
4428,20.0,turunan,2026-04-02
4429,20.0,turunan,2026-04-03
4430,20.0,turunan,2026-04-06
4431,20.0,turunan,2026-04-07
4432,20.0,turunan,2026-04-10
4433,20.0,turunan,2026-04-13
4434,20.0,integral,2026-04-16
4435,20.0,integral,2026-04-18
4436,20.0,integral,2026-04-21
4437,20.0,integral,2026-04-22
4438,20.0,integral,2026-04-24
4439,20.0,integral,2026-04-26
4440,20.0,integral,2026-04-28
4441,16.0,penjumlahan,2026-01-01
4442,16.0,penjumlahan,2026-01-04
4443,16.0,penjumlahan,2026-01-07
4444,16.0,penjumlahan,2026-01-10
4445,16.0,penjumlahan,2026-01-12
4446,16.0,pengurangan,2026-01-15
4447,16.0,pengurangan,2026-01-16
4448,16.0,pengurangan,2026-01-19
4449,16.0,pengurangan,2026-01-21
4450,16.0,pengurangan,2026-01-23
4451,16.0,pengurangan,2026-01-26
4452,16.0,pengurangan,2026-01-29
4453,16.0,pengurangan,2026-01-31
4454,16.0,pengurangan,2026-02-01
4455,16.0,pembagian,2026-02-02
4456,16.0,pembagian,2026-02-03
4457,16.0,pembagian,2026-02-06
4458,16.0,pembagian,2026-02-09
4459,16.0,pembagian,2026-02-10
4460,16.0,pecahan,2026-02-13
4461,16.0,pecahan,2026-02-15
4462,16.0,pecahan,2026-02-17
4463,16.0,pecahan,2026-02-18
4464,16.0,pecahan,2026-02-21
4465,16.0,pecahan,2026-02-23
4466,16.0,pecahan,2026-02-25
4467,16.0,pecahan,2026-02-28
4468,16.0,desimal,2026-03-01
4469,16.0,desimal,2026-03-03
4470,16.0,desimal,2026-03-06
4471,16.0,desimal,2026-03-09
4472,16.0,desimal,2026-03-12
4473,16.0,aljabar,2026-03-15
4474,16.0,aljabar,2026-03-18
4475,16.0,aljabar,2026-03-20
4476,16.0,aljabar,2026-03-22
4477,16.0,aljabar,2026-03-25
4478,16.0,aljabar,2026-03-26
4479,16.0,aljabar,2026-03-28
4480,16.0,aljabar,2026-03-29
4481,16.0,persamaan_linear,2026-03-31
4482,16.0,persamaan_linear,2026-04-03
4483,16.0,persamaan_linear,2026-04-05
4484,16.0,persamaan_linear,2026-04-06
4485,16.0,persamaan_linear,2026-04-09
4486,16.0,persamaan_linear,2026-04-12
4487,16.0,limit,2026-04-13
4488,16.0,limit,2026-04-15
4489,16.0,limit,2026-04-16
4490,16.0,limit,2026-04-19
4491,16.0,limit,2026-04-20
4492,16.0,limit,2026-04-21
4493,16.0,limit,2026-04-23
4494,16.0,turunan,2026-04-24
4495,16.0,turunan,2026-04-25
4496,16.0,turunan,2026-04-27
4497,16.0,turunan,2026-04-29
4498,16.0,turunan,2026-05-02
4499,16.0,integral,2026-05-04
4500,16.0,integral,2026-05-06
4501,16.0,integral,2026-05-07
4502,16.0,integral,2026-05-08
4503,16.0,integral,2026-05-09
4504,16.0,integral,2026-05-12
4505,4.0,penjumlahan,2026-01-01
4506,4.0,penjumlahan,2026-01-04
4507,4.0,penjumlahan,2026-01-07
4508,4.0,penjumlahan,2026-01-08
4509,4.0,penjumlahan,2026-01-10
4510,4.0,pengurangan,2026-01-11
4511,4.0,pengurangan,2026-01-14
4512,4.0,pengurangan,2026-01-17
4513,4.0,pengurangan,2026-01-20
4514,4.0,pengurangan,2026-01-23
4515,4.0,pengurangan,2026-01-25
4516,4.0,pengurangan,2026-01-28
4517,4.0,pembagian,2026-01-31
4518,4.0,pembagian,2026-02-01
4519,4.0,pembagian,2026-02-03
4520,4.0,pembagian,2026-02-04
4521,4.0,pembagian,2026-02-05
4522,4.0,pembagian,2026-02-08
4523,4.0,pembagian,2026-02-09
4524,4.0,pembagian,2026-02-10
4525,4.0,pecahan,2026-02-11
4526,4.0,pecahan,2026-02-12
4527,4.0,pecahan,2026-02-15
4528,4.0,pecahan,2026-02-16
4529,4.0,pecahan,2026-02-17
4530,4.0,pecahan,2026-02-18
4531,4.0,pecahan,2026-02-21
4532,4.0,pecahan,2026-02-23
4533,4.0,desimal,2026-02-25
4534,4.0,desimal,2026-02-26
4535,4.0,desimal,2026-02-27
4536,4.0,desimal,2026-03-02
4537,4.0,desimal,2026-03-05
4538,4.0,desimal,2026-03-06
4539,4.0,desimal,2026-03-07
4540,4.0,desimal,2026-03-10
4541,4.0,desimal,2026-03-12
4542,4.0,aljabar,2026-03-14
4543,4.0,aljabar,2026-03-16
4544,4.0,aljabar,2026-03-17
4545,4.0,aljabar,2026-03-19
4546,4.0,aljabar,2026-03-21
4547,4.0,aljabar,2026-03-23
4548,4.0,fungsi,2026-03-25
4549,4.0,fungsi,2026-03-26
4550,4.0,fungsi,2026-03-29
4551,4.0,fungsi,2026-03-30
4552,4.0,fungsi,2026-04-01
4553,4.0,limit,2026-04-04
4554,4.0,limit,2026-04-07
4555,4.0,limit,2026-04-10
4556,4.0,limit,2026-04-12
4557,4.0,limit,2026-04-13
4558,4.0,integral,2026-04-16
4559,4.0,integral,2026-04-18
4560,4.0,integral,2026-04-20
4561,4.0,integral,2026-04-21
4562,4.0,integral,2026-04-24
4563,10.0,penjumlahan,2026-01-01
4564,10.0,penjumlahan,2026-01-02
4565,10.0,penjumlahan,2026-01-05
4566,10.0,penjumlahan,2026-01-06
4567,10.0,penjumlahan,2026-01-09
4568,10.0,penjumlahan,2026-01-10
4569,10.0,pengurangan,2026-01-13
4570,10.0,pengurangan,2026-01-14
4571,10.0,pengurangan,2026-01-16
4572,10.0,pengurangan,2026-01-17
4573,10.0,pengurangan,2026-01-18
4574,10.0,pengurangan,2026-01-20
4575,10.0,perkalian,2026-01-21
4576,10.0,perkalian,2026-01-22
4577,10.0,perkalian,2026-01-24
4578,10.0,perkalian,2026-01-27
4579,10.0,perkalian,2026-01-28
4580,10.0,perkalian,2026-01-31
4581,10.0,pembagian,2026-02-03
4582,10.0,pembagian,2026-02-05
4583,10.0,pembagian,2026-02-06
4584,10.0,pembagian,2026-02-07
4585,10.0,pembagian,2026-02-09
4586,10.0,pembagian,2026-02-12
4587,10.0,pembagian,2026-02-14
4588,10.0,pembagian,2026-02-17
4589,10.0,pembagian,2026-02-18
4590,10.0,desimal,2026-02-20
4591,10.0,desimal,2026-02-22
4592,10.0,desimal,2026-02-25
4593,10.0,desimal,2026-02-28
4594,10.0,desimal,2026-03-02
4595,10.0,aljabar,2026-03-05
4596,10.0,aljabar,2026-03-07
4597,10.0,aljabar,2026-03-10
4598,10.0,aljabar,2026-03-11
4599,10.0,aljabar,2026-03-14
4600,10.0,aljabar,2026-03-17
4601,10.0,aljabar,2026-03-19
4602,10.0,aljabar,2026-03-21
4603,10.0,aljabar,2026-03-22
4604,10.0,persamaan_linear,2026-03-23
4605,10.0,persamaan_linear,2026-03-25
4606,10.0,persamaan_linear,2026-03-27
4607,10.0,persamaan_linear,2026-03-28
4608,10.0,persamaan_linear,2026-03-30
4609,10.0,persamaan_linear,2026-04-01
4610,10.0,fungsi,2026-04-04
4611,10.0,fungsi,2026-04-07
4612,10.0,fungsi,2026-04-10
4613,10.0,fungsi,2026-04-13
4614,10.0,fungsi,2026-04-15
4615,10.0,integral,2026-04-18
4616,10.0,integral,2026-04-21
4617,10.0,integral,2026-04-24
4618,10.0,integral,2026-04-27
4619,10.0,integral,2026-04-29
4620,10.0,integral,2026-05-02
4621,10.0,integral,2026-05-05
4622,2.0,penjumlahan,2026-01-01
4623,2.0,penjumlahan,2026-01-02
4624,2.0,penjumlahan,2026-01-04
4625,2.0,penjumlahan,2026-01-07
4626,2.0,penjumlahan,2026-01-08
4627,2.0,penjumlahan,2026-01-09
4628,2.0,penjumlahan,2026-01-11
4629,2.0,penjumlahan,2026-01-14
4630,2.0,pengurangan,2026-01-16
4631,2.0,pengurangan,2026-01-19
4632,2.0,pengurangan,2026-01-21
4633,2.0,pengurangan,2026-01-22
4634,2.0,pengurangan,2026-01-24
4635,2.0,pengurangan,2026-01-27
4636,2.0,pengurangan,2026-01-28
4637,2.0,pengurangan,2026-01-31
4638,2.0,pengurangan,2026-02-03
4639,2.0,pembagian,2026-02-05
4640,2.0,pembagian,2026-02-06
4641,2.0,pembagian,2026-02-09
4642,2.0,pembagian,2026-02-11
4643,2.0,pembagian,2026-02-14
4644,2.0,pembagian,2026-02-15
4645,2.0,pembagian,2026-02-18
4646,2.0,desimal,2026-02-21
4647,2.0,desimal,2026-02-22
4648,2.0,desimal,2026-02-25
4649,2.0,desimal,2026-02-26
4650,2.0,desimal,2026-02-28
4651,2.0,desimal,2026-03-03
4652,2.0,desimal,2026-03-05
4653,2.0,aljabar,2026-03-06
4654,2.0,aljabar,2026-03-09
4655,2.0,aljabar,2026-03-12
4656,2.0,aljabar,2026-03-14
4657,2.0,aljabar,2026-03-16
4658,2.0,aljabar,2026-03-19
4659,2.0,fungsi,2026-03-21
4660,2.0,fungsi,2026-03-22
4661,2.0,fungsi,2026-03-25
4662,2.0,fungsi,2026-03-27
4663,2.0,fungsi,2026-03-28
4664,2.0,limit,2026-03-31
4665,2.0,limit,2026-04-02
4666,2.0,limit,2026-04-03
4667,2.0,limit,2026-04-04
4668,2.0,limit,2026-04-07
4669,19.0,penjumlahan,2026-01-01
4670,19.0,penjumlahan,2026-01-02
4671,19.0,penjumlahan,2026-01-03
4672,19.0,penjumlahan,2026-01-04
4673,19.0,penjumlahan,2026-01-05
4674,19.0,penjumlahan,2026-01-07
4675,19.0,penjumlahan,2026-01-08
4676,19.0,penjumlahan,2026-01-11
4677,19.0,pengurangan,2026-01-12
4678,19.0,pengurangan,2026-01-15
4679,19.0,pengurangan,2026-01-17
4680,19.0,pengurangan,2026-01-19
4681,19.0,pengurangan,2026-01-21
4682,19.0,perkalian,2026-01-24
4683,19.0,perkalian,2026-01-25
4684,19.0,perkalian,2026-01-28
4685,19.0,perkalian,2026-01-31
4686,19.0,perkalian,2026-02-03
4687,19.0,perkalian,2026-02-05
4688,19.0,perkalian,2026-02-07
4689,19.0,perkalian,2026-02-10
4690,19.0,pembagian,2026-02-13
4691,19.0,pembagian,2026-02-14
4692,19.0,pembagian,2026-02-16
4693,19.0,pembagian,2026-02-17
4694,19.0,pembagian,2026-02-20
4695,19.0,pembagian,2026-02-21
4696,19.0,pecahan,2026-02-22
4697,19.0,pecahan,2026-02-25
4698,19.0,pecahan,2026-02-27
4699,19.0,pecahan,2026-03-02
4700,19.0,pecahan,2026-03-05
4701,19.0,pecahan,2026-03-07
4702,19.0,pecahan,2026-03-08
4703,19.0,pecahan,2026-03-10
4704,19.0,desimal,2026-03-12
4705,19.0,desimal,2026-03-15
4706,19.0,desimal,2026-03-16
4707,19.0,desimal,2026-03-17
4708,19.0,desimal,2026-03-20
4709,19.0,desimal,2026-03-21
4710,19.0,desimal,2026-03-22
4711,19.0,aljabar,2026-03-25
4712,19.0,aljabar,2026-03-26
4713,19.0,aljabar,2026-03-28
4714,19.0,aljabar,2026-03-30
4715,19.0,aljabar,2026-04-01
4716,19.0,persamaan_linear,2026-04-04
4717,19.0,persamaan_linear,2026-04-07
4718,19.0,persamaan_linear,2026-04-09
4719,19.0,persamaan_linear,2026-04-12
4720,19.0,persamaan_linear,2026-04-15
4721,19.0,persamaan_linear,2026-04-18
4722,19.0,persamaan_linear,2026-04-21
4723,19.0,fungsi,2026-04-23
4724,19.0,fungsi,2026-04-24
4725,19.0,fungsi,2026-04-25
4726,19.0,fungsi,2026-04-26
4727,19.0,fungsi,2026-04-27
4728,19.0,fungsi,2026-04-29
4729,19.0,fungsi,2026-05-02
4730,19.0,fungsi,2026-05-04
4731,19.0,limit,2026-05-07
4732,19.0,limit,2026-05-10
4733,19.0,limit,2026-05-11
4734,19.0,limit,2026-05-12
4735,19.0,limit,2026-05-15
4736,19.0,limit,2026-05-17
4737,19.0,limit,2026-05-20
4738,19.0,limit,2026-05-22
4739,19.0,limit,2026-05-24
4740,19.0,turunan,2026-05-26
4741,19.0,turunan,2026-05-27
4742,19.0,turunan,2026-05-30
4743,19.0,turunan,2026-05-31
4744,19.0,turunan,2026-06-02
4745,19.0,turunan,2026-06-04
4746,19.0,turunan,2026-06-07
4747,19.0,turunan,2026-06-09
4748,19.0,integral,2026-06-12
4749,19.0,integral,2026-06-15
4750,19.0,integral,2026-06-18
4751,19.0,integral,2026-06-19
4752,19.0,integral,2026-06-22
4753,3.0,penjumlahan,2026-01-01
4754,3.0,penjumlahan,2026-01-04
4755,3.0,penjumlahan,2026-01-07
4756,3.0,penjumlahan,2026-01-09
4757,3.0,penjumlahan,2026-01-11
4758,3.0,penjumlahan,2026-01-12
4759,3.0,penjumlahan,2026-01-14
4760,3.0,penjumlahan,2026-01-15
4761,3.0,penjumlahan,2026-01-18
4762,3.0,pengurangan,2026-01-20
4763,3.0,pengurangan,2026-01-23
4764,3.0,pengurangan,2026-01-24
4765,3.0,pengurangan,2026-01-25
4766,3.0,pengurangan,2026-01-28
4767,3.0,pengurangan,2026-01-29
4768,3.0,pembagian,2026-02-01
4769,3.0,pembagian,2026-02-03
4770,3.0,pembagian,2026-02-05
4771,3.0,pembagian,2026-02-06
4772,3.0,pembagian,2026-02-09
4773,3.0,pembagian,2026-02-10
4774,3.0,pecahan,2026-02-12
4775,3.0,pecahan,2026-02-13
4776,3.0,pecahan,2026-02-14
4777,3.0,pecahan,2026-02-15
4778,3.0,pecahan,2026-02-16
4779,3.0,pecahan,2026-02-19
4780,3.0,persamaan_linear,2026-02-20
4781,3.0,persamaan_linear,2026-02-23
4782,3.0,persamaan_linear,2026-02-26
4783,3.0,persamaan_linear,2026-02-27
4784,3.0,persamaan_linear,2026-02-28
4785,3.0,persamaan_linear,2026-03-03
4786,3.0,turunan,2026-03-04
4787,3.0,turunan,2026-03-05
4788,3.0,turunan,2026-03-07
4789,3.0,turunan,2026-03-09
4790,3.0,turunan,2026-03-12
4791,3.0,turunan,2026-03-13
4792,3.0,integral,2026-03-15
4793,3.0,integral,2026-03-16
4794,3.0,integral,2026-03-18
4795,3.0,integral,2026-03-21
4796,3.0,integral,2026-03-23
4797,3.0,integral,2026-03-24
4798,3.0,integral,2026-03-27
4799,3.0,integral,2026-03-29
4800,3.0,penjumlahan,2026-01-01
4801,3.0,penjumlahan,2026-01-02
4802,3.0,penjumlahan,2026-01-04
4803,3.0,penjumlahan,2026-01-06
4804,3.0,penjumlahan,2026-01-08
4805,3.0,penjumlahan,2026-01-10
4806,3.0,penjumlahan,2026-01-11
4807,3.0,penjumlahan,2026-01-12
4808,3.0,pengurangan,2026-01-15
4809,3.0,pengurangan,2026-01-16
4810,3.0,pengurangan,2026-01-18
4811,3.0,pengurangan,2026-01-21
4812,3.0,pengurangan,2026-01-23
4813,3.0,pengurangan,2026-01-26
4814,3.0,pengurangan,2026-01-28
4815,3.0,perkalian,2026-01-29
4816,3.0,perkalian,2026-01-31
4817,3.0,perkalian,2026-02-01
4818,3.0,perkalian,2026-02-02
4819,3.0,perkalian,2026-02-05
4820,3.0,perkalian,2026-02-06
4821,3.0,pembagian,2026-02-07
4822,3.0,pembagian,2026-02-10
4823,3.0,pembagian,2026-02-11
4824,3.0,pembagian,2026-02-12
4825,3.0,pembagian,2026-02-14
4826,3.0,pecahan,2026-02-16
4827,3.0,pecahan,2026-02-17
4828,3.0,pecahan,2026-02-20
4829,3.0,pecahan,2026-02-21
4830,3.0,pecahan,2026-02-24
4831,3.0,pecahan,2026-02-26
4832,3.0,pecahan,2026-03-01
4833,3.0,pecahan,2026-03-04
4834,3.0,desimal,2026-03-05
4835,3.0,desimal,2026-03-06
4836,3.0,desimal,2026-03-08
4837,3.0,desimal,2026-03-10
4838,3.0,desimal,2026-03-12
4839,3.0,desimal,2026-03-13
4840,3.0,desimal,2026-03-14
4841,3.0,aljabar,2026-03-15
4842,3.0,aljabar,2026-03-17
4843,3.0,aljabar,2026-03-18
4844,3.0,aljabar,2026-03-21
4845,3.0,aljabar,2026-03-24
4846,3.0,aljabar,2026-03-27
4847,3.0,aljabar,2026-03-30
4848,3.0,aljabar,2026-03-31
4849,3.0,aljabar,2026-04-03
4850,3.0,persamaan_linear,2026-04-04
4851,3.0,persamaan_linear,2026-04-07
4852,3.0,persamaan_linear,2026-04-09
4853,3.0,persamaan_linear,2026-04-11
4854,3.0,persamaan_linear,2026-04-12
4855,3.0,limit,2026-04-13
4856,3.0,limit,2026-04-14
4857,3.0,limit,2026-04-15
4858,3.0,limit,2026-04-16
4859,3.0,limit,2026-04-18
4860,3.0,limit,2026-04-21
4861,3.0,limit,2026-04-24
4862,3.0,integral,2026-04-25
4863,3.0,integral,2026-04-28
4864,3.0,integral,2026-04-29
4865,3.0,integral,2026-05-02
4866,3.0,integral,2026-05-04
4867,3.0,integral,2026-05-07
4868,3.0,integral,2026-05-10
4869,5.0,penjumlahan,2026-01-01
4870,5.0,penjumlahan,2026-01-04
4871,5.0,penjumlahan,2026-01-07
4872,5.0,penjumlahan,2026-01-08
4873,5.0,penjumlahan,2026-01-09
4874,5.0,pengurangan,2026-01-12
4875,5.0,pengurangan,2026-01-13
4876,5.0,pengurangan,2026-01-15
4877,5.0,pengurangan,2026-01-16
4878,5.0,pengurangan,2026-01-18
4879,5.0,pengurangan,2026-01-19
4880,5.0,pengurangan,2026-01-22
4881,5.0,perkalian,2026-01-25
4882,5.0,perkalian,2026-01-27
4883,5.0,perkalian,2026-01-28
4884,5.0,perkalian,2026-01-29
4885,5.0,perkalian,2026-02-01
4886,5.0,perkalian,2026-02-04
4887,5.0,perkalian,2026-02-07
4888,5.0,pembagian,2026-02-10
4889,5.0,pembagian,2026-02-13
4890,5.0,pembagian,2026-02-15
4891,5.0,pembagian,2026-02-16
4892,5.0,pembagian,2026-02-17
4893,5.0,pembagian,2026-02-20
4894,5.0,pecahan,2026-02-21
4895,5.0,pecahan,2026-02-24
4896,5.0,pecahan,2026-02-27
4897,5.0,pecahan,2026-03-01
4898,5.0,pecahan,2026-03-04
4899,5.0,pecahan,2026-03-06
4900,5.0,aljabar,2026-03-08
4901,5.0,aljabar,2026-03-11
4902,5.0,aljabar,2026-03-14
4903,5.0,aljabar,2026-03-15
4904,5.0,aljabar,2026-03-17
4905,5.0,aljabar,2026-03-19
4906,5.0,aljabar,2026-03-22
4907,5.0,aljabar,2026-03-23
4908,5.0,persamaan_linear,2026-03-24
4909,5.0,persamaan_linear,2026-03-26
4910,5.0,persamaan_linear,2026-03-28
4911,5.0,persamaan_linear,2026-03-31
4912,5.0,persamaan_linear,2026-04-02
4913,5.0,persamaan_linear,2026-04-03
4914,5.0,persamaan_linear,2026-04-06
4915,5.0,persamaan_linear,2026-04-07
4916,5.0,persamaan_linear,2026-04-10
4917,5.0,limit,2026-04-11
4918,5.0,limit,2026-04-12
4919,5.0,limit,2026-04-15
4920,5.0,limit,2026-04-18
4921,5.0,limit,2026-04-20
4922,5.0,limit,2026-04-22
4923,5.0,limit,2026-04-24
4924,5.0,limit,2026-04-27
4925,5.0,turunan,2026-04-30
4926,5.0,turunan,2026-05-03
4927,5.0,turunan,2026-05-06
4928,5.0,turunan,2026-05-09
4929,5.0,turunan,2026-05-12
4930,5.0,turunan,2026-05-13
4931,5.0,turunan,2026-05-15
4932,5.0,turunan,2026-05-16
4933,5.0,integral,2026-05-19
4934,5.0,integral,2026-05-22
4935,5.0,integral,2026-05-23
4936,5.0,integral,2026-05-26
4937,5.0,integral,2026-05-29
4938,5.0,integral,2026-05-30
4939,5.0,integral,2026-06-01
4940,5.0,integral,2026-06-02
4941,18.0,penjumlahan,2026-01-01
4942,18.0,penjumlahan,2026-01-03
4943,18.0,penjumlahan,2026-01-04
4944,18.0,penjumlahan,2026-01-07
4945,18.0,penjumlahan,2026-01-10
4946,18.0,penjumlahan,2026-01-12
4947,18.0,penjumlahan,2026-01-14
4948,18.0,penjumlahan,2026-01-15
4949,18.0,pengurangan,2026-01-17
4950,18.0,pengurangan,2026-01-20
4951,18.0,pengurangan,2026-01-21
4952,18.0,pengurangan,2026-01-23
4953,18.0,pengurangan,2026-01-25
4954,18.0,pengurangan,2026-01-27
4955,18.0,pengurangan,2026-01-30
4956,18.0,pengurangan,2026-02-01
4957,18.0,pecahan,2026-02-02
4958,18.0,pecahan,2026-02-03
4959,18.0,pecahan,2026-02-05
4960,18.0,pecahan,2026-02-06
4961,18.0,pecahan,2026-02-07
4962,18.0,pecahan,2026-02-09
4963,18.0,pecahan,2026-02-11
4964,18.0,pecahan,2026-02-12
4965,18.0,desimal,2026-02-14
4966,18.0,desimal,2026-02-15
4967,18.0,desimal,2026-02-16
4968,18.0,desimal,2026-02-17
4969,18.0,desimal,2026-02-19
4970,18.0,desimal,2026-02-22
4971,18.0,desimal,2026-02-24
4972,18.0,aljabar,2026-02-25
4973,18.0,aljabar,2026-02-28
4974,18.0,aljabar,2026-03-03
4975,18.0,aljabar,2026-03-04
4976,18.0,aljabar,2026-03-05
4977,18.0,persamaan_linear,2026-03-07
4978,18.0,persamaan_linear,2026-03-08
4979,18.0,persamaan_linear,2026-03-10
4980,18.0,persamaan_linear,2026-03-11
4981,18.0,persamaan_linear,2026-03-12
4982,18.0,persamaan_linear,2026-03-14
4983,18.0,persamaan_linear,2026-03-16
4984,18.0,persamaan_linear,2026-03-17
4985,18.0,persamaan_linear,2026-03-18
4986,18.0,fungsi,2026-03-20
4987,18.0,fungsi,2026-03-23
4988,18.0,fungsi,2026-03-26
4989,18.0,fungsi,2026-03-29
4990,18.0,fungsi,2026-04-01
4991,18.0,fungsi,2026-04-04
4992,18.0,fungsi,2026-04-06
4993,18.0,fungsi,2026-04-08
4994,18.0,fungsi,2026-04-10
4995,18.0,integral,2026-04-11
4996,18.0,integral,2026-04-13
4997,18.0,integral,2026-04-16
4998,18.0,integral,2026-04-19
4999,18.0,integral,2026-04-21
5000,18.0,integral,2026-04-22
5001,9.0,penjumlahan,2026-01-01
5002,9.0,penjumlahan,2026-01-04
5003,9.0,penjumlahan,2026-01-05
5004,9.0,penjumlahan,2026-01-06
5005,9.0,penjumlahan,2026-01-07
5006,9.0,penjumlahan,2026-01-08
5007,9.0,pengurangan,2026-01-11
5008,9.0,pengurangan,2026-01-12
5009,9.0,pengurangan,2026-01-13
5010,9.0,pengurangan,2026-01-15
5011,9.0,pengurangan,2026-01-16
5012,9.0,pecahan,2026-01-19
5013,9.0,pecahan,2026-01-22
5014,9.0,pecahan,2026-01-24
5015,9.0,pecahan,2026-01-26
5016,9.0,pecahan,2026-01-28
5017,9.0,pecahan,2026-01-31
5018,9.0,pecahan,2026-02-02
5019,9.0,pecahan,2026-02-05
5020,9.0,desimal,2026-02-08
5021,9.0,desimal,2026-02-09
5022,9.0,desimal,2026-02-12
5023,9.0,desimal,2026-02-15
5024,9.0,desimal,2026-02-18
5025,9.0,desimal,2026-02-21
5026,9.0,desimal,2026-02-24
5027,9.0,aljabar,2026-02-26
5028,9.0,aljabar,2026-03-01
5029,9.0,aljabar,2026-03-02
5030,9.0,aljabar,2026-03-05
5031,9.0,aljabar,2026-03-08
5032,9.0,aljabar,2026-03-09
5033,9.0,aljabar,2026-03-12
5034,9.0,aljabar,2026-03-13
5035,9.0,fungsi,2026-03-14
5036,9.0,fungsi,2026-03-17
5037,9.0,fungsi,2026-03-20
5038,9.0,fungsi,2026-03-23
5039,9.0,fungsi,2026-03-24
5040,9.0,fungsi,2026-03-25
5041,9.0,fungsi,2026-03-26
5042,9.0,fungsi,2026-03-28
5043,9.0,limit,2026-03-29
5044,9.0,limit,2026-04-01
5045,9.0,limit,2026-04-02
5046,9.0,limit,2026-04-04
5047,9.0,limit,2026-04-07
5048,9.0,limit,2026-04-09
5049,9.0,limit,2026-04-10
5050,9.0,limit,2026-04-12
5051,9.0,limit,2026-04-15
5052,9.0,turunan,2026-04-17
5053,9.0,turunan,2026-04-18
5054,9.0,turunan,2026-04-20
5055,9.0,turunan,2026-04-21
5056,9.0,turunan,2026-04-23
5057,9.0,turunan,2026-04-26
5058,9.0,turunan,2026-04-28
5059,9.0,integral,2026-05-01
5060,9.0,integral,2026-05-03
5061,9.0,integral,2026-05-06
5062,9.0,integral,2026-05-07
5063,9.0,integral,2026-05-09
5064,7.0,penjumlahan,2026-01-01
5065,7.0,penjumlahan,2026-01-02
5066,7.0,penjumlahan,2026-01-05
5067,7.0,penjumlahan,2026-01-08
5068,7.0,penjumlahan,2026-01-10
5069,7.0,penjumlahan,2026-01-13
5070,7.0,penjumlahan,2026-01-15
5071,7.0,penjumlahan,2026-01-18
5072,7.0,penjumlahan,2026-01-21
5073,7.0,pengurangan,2026-01-24
5074,7.0,pengurangan,2026-01-25
5075,7.0,pengurangan,2026-01-26
5076,7.0,pengurangan,2026-01-29
5077,7.0,pengurangan,2026-02-01
5078,7.0,pengurangan,2026-02-02
5079,7.0,pengurangan,2026-02-04
5080,7.0,pengurangan,2026-02-07
5081,7.0,perkalian,2026-02-08
5082,7.0,perkalian,2026-02-11
5083,7.0,perkalian,2026-02-12
5084,7.0,perkalian,2026-02-15
5085,7.0,perkalian,2026-02-17
5086,7.0,pembagian,2026-02-18
5087,7.0,pembagian,2026-02-19
5088,7.0,pembagian,2026-02-22
5089,7.0,pembagian,2026-02-25
5090,7.0,pembagian,2026-02-26
5091,7.0,pembagian,2026-02-27
5092,7.0,pembagian,2026-03-02
5093,7.0,aljabar,2026-03-05
5094,7.0,aljabar,2026-03-08
5095,7.0,aljabar,2026-03-10
5096,7.0,aljabar,2026-03-12
5097,7.0,aljabar,2026-03-15
5098,7.0,aljabar,2026-03-17
5099,7.0,aljabar,2026-03-20
5100,7.0,persamaan_linear,2026-03-22
5101,7.0,persamaan_linear,2026-03-24
5102,7.0,persamaan_linear,2026-03-26
5103,7.0,persamaan_linear,2026-03-27
5104,7.0,persamaan_linear,2026-03-30
5105,7.0,persamaan_linear,2026-04-01
5106,7.0,persamaan_linear,2026-04-04
5107,7.0,fungsi,2026-04-07
5108,7.0,fungsi,2026-04-10
5109,7.0,fungsi,2026-04-12
5110,7.0,fungsi,2026-04-14
5111,7.0,fungsi,2026-04-15
5112,7.0,fungsi,2026-04-16
5113,7.0,fungsi,2026-04-17
5114,7.0,fungsi,2026-04-19
5115,7.0,turunan,2026-04-20
5116,7.0,turunan,2026-04-21
5117,7.0,turunan,2026-04-23
5118,7.0,turunan,2026-04-24
5119,7.0,turunan,2026-04-27
5120,7.0,turunan,2026-04-30
5121,7.0,turunan,2026-05-03
5122,7.0,turunan,2026-05-06
5123,7.0,integral,2026-05-08
5124,7.0,integral,2026-05-09
5125,7.0,integral,2026-05-11
5126,7.0,integral,2026-05-14
5127,7.0,integral,2026-05-17
5128,7.0,integral,2026-05-19
5129,10.0,penjumlahan,2026-01-01
5130,10.0,penjumlahan,2026-01-02
5131,10.0,penjumlahan,2026-01-05
5132,10.0,penjumlahan,2026-01-06
5133,10.0,penjumlahan,2026-01-09
5134,10.0,pengurangan,2026-01-10
5135,10.0,pengurangan,2026-01-12
5136,10.0,pengurangan,2026-01-15
5137,10.0,pengurangan,2026-01-18
5138,10.0,pengurangan,2026-01-20
5139,10.0,pengurangan,2026-01-23
5140,10.0,perkalian,2026-01-24
5141,10.0,perkalian,2026-01-25
5142,10.0,perkalian,2026-01-27
5143,10.0,perkalian,2026-01-29
5144,10.0,perkalian,2026-01-31
5145,10.0,perkalian,2026-02-01
5146,10.0,perkalian,2026-02-02
5147,10.0,pecahan,2026-02-04
5148,10.0,pecahan,2026-02-07
5149,10.0,pecahan,2026-02-08
5150,10.0,pecahan,2026-02-11
5151,10.0,pecahan,2026-02-14
5152,10.0,pecahan,2026-02-16
5153,10.0,pecahan,2026-02-18
5154,10.0,desimal,2026-02-19
5155,10.0,desimal,2026-02-21
5156,10.0,desimal,2026-02-22
5157,10.0,desimal,2026-02-25
5158,10.0,desimal,2026-02-27
5159,10.0,desimal,2026-03-01
5160,10.0,desimal,2026-03-02
5161,10.0,desimal,2026-03-05
5162,10.0,desimal,2026-03-06
5163,10.0,persamaan_linear,2026-03-07
5164,10.0,persamaan_linear,2026-03-10
5165,10.0,persamaan_linear,2026-03-11
5166,10.0,persamaan_linear,2026-03-13
5167,10.0,persamaan_linear,2026-03-15
5168,10.0,persamaan_linear,2026-03-17
5169,10.0,persamaan_linear,2026-03-19
5170,10.0,persamaan_linear,2026-03-22
5171,10.0,persamaan_linear,2026-03-23
5172,10.0,fungsi,2026-03-26
5173,10.0,fungsi,2026-03-27
5174,10.0,fungsi,2026-03-28
5175,10.0,fungsi,2026-03-31
5176,10.0,fungsi,2026-04-01
5177,10.0,integral,2026-04-02
5178,10.0,integral,2026-04-03
5179,10.0,integral,2026-04-05
5180,10.0,integral,2026-04-06
5181,10.0,integral,2026-04-09
5182,10.0,integral,2026-04-12
5183,12.0,penjumlahan,2026-01-01
5184,12.0,penjumlahan,2026-01-03
5185,12.0,penjumlahan,2026-01-04
5186,12.0,penjumlahan,2026-01-07
5187,12.0,penjumlahan,2026-01-08
5188,12.0,penjumlahan,2026-01-10
5189,12.0,penjumlahan,2026-01-12
5190,12.0,penjumlahan,2026-01-14
5191,12.0,penjumlahan,2026-01-15
5192,12.0,pengurangan,2026-01-16
5193,12.0,pengurangan,2026-01-18
5194,12.0,pengurangan,2026-01-20
5195,12.0,pengurangan,2026-01-23
5196,12.0,pengurangan,2026-01-26
5197,12.0,pembagian,2026-01-29
5198,12.0,pembagian,2026-02-01
5199,12.0,pembagian,2026-02-04
5200,12.0,pembagian,2026-02-07
5201,12.0,pembagian,2026-02-10
5202,12.0,pembagian,2026-02-12
5203,12.0,pembagian,2026-02-13
5204,12.0,pecahan,2026-02-15
5205,12.0,pecahan,2026-02-18
5206,12.0,pecahan,2026-02-20
5207,12.0,pecahan,2026-02-23
5208,12.0,pecahan,2026-02-25
5209,12.0,pecahan,2026-02-26
5210,12.0,aljabar,2026-03-01
5211,12.0,aljabar,2026-03-04
5212,12.0,aljabar,2026-03-05
5213,12.0,aljabar,2026-03-07
5214,12.0,aljabar,2026-03-09
5215,12.0,aljabar,2026-03-10
5216,12.0,persamaan_linear,2026-03-12
5217,12.0,persamaan_linear,2026-03-13
5218,12.0,persamaan_linear,2026-03-14
5219,12.0,persamaan_linear,2026-03-17
5220,12.0,persamaan_linear,2026-03-20
5221,12.0,persamaan_linear,2026-03-22
5222,12.0,fungsi,2026-03-25
5223,12.0,fungsi,2026-03-27
5224,12.0,fungsi,2026-03-30
5225,12.0,fungsi,2026-04-02
5226,12.0,fungsi,2026-04-03
5227,12.0,limit,2026-04-06
5228,12.0,limit,2026-04-09
5229,12.0,limit,2026-04-12
5230,12.0,limit,2026-04-13
5231,12.0,limit,2026-04-14
5232,12.0,limit,2026-04-16
5233,12.0,limit,2026-04-19
5234,12.0,turunan,2026-04-21
5235,12.0,turunan,2026-04-22
5236,12.0,turunan,2026-04-23
5237,12.0,turunan,2026-04-24
5238,12.0,turunan,2026-04-26
5239,12.0,turunan,2026-04-29
5240,12.0,turunan,2026-05-02
5241,12.0,turunan,2026-05-04
5242,12.0,turunan,2026-05-07
5243,12.0,integral,2026-05-08
5244,12.0,integral,2026-05-09
5245,12.0,integral,2026-05-12
5246,12.0,integral,2026-05-13
5247,12.0,integral,2026-05-15
5248,17.0,penjumlahan,2026-01-01
5249,17.0,penjumlahan,2026-01-03
5250,17.0,penjumlahan,2026-01-04
5251,17.0,penjumlahan,2026-01-05
5252,17.0,penjumlahan,2026-01-07
5253,17.0,penjumlahan,2026-01-08
5254,17.0,penjumlahan,2026-01-09
5255,17.0,penjumlahan,2026-01-12
5256,17.0,pengurangan,2026-01-15
5257,17.0,pengurangan,2026-01-18
5258,17.0,pengurangan,2026-01-21
5259,17.0,pengurangan,2026-01-22
5260,17.0,pengurangan,2026-01-25
5261,17.0,perkalian,2026-01-28
5262,17.0,perkalian,2026-01-29
5263,17.0,perkalian,2026-01-30
5264,17.0,perkalian,2026-02-01
5265,17.0,perkalian,2026-02-03
5266,17.0,perkalian,2026-02-04
5267,17.0,perkalian,2026-02-05
5268,17.0,perkalian,2026-02-07
5269,17.0,perkalian,2026-02-10
5270,17.0,pembagian,2026-02-12
5271,17.0,pembagian,2026-02-14
5272,17.0,pembagian,2026-02-15
5273,17.0,pembagian,2026-02-17
5274,17.0,pembagian,2026-02-19
5275,17.0,pembagian,2026-02-21
5276,17.0,pembagian,2026-02-22
5277,17.0,pembagian,2026-02-24
5278,17.0,persamaan_linear,2026-02-25
5279,17.0,persamaan_linear,2026-02-28
5280,17.0,persamaan_linear,2026-03-03
5281,17.0,persamaan_linear,2026-03-06
5282,17.0,persamaan_linear,2026-03-09
5283,17.0,persamaan_linear,2026-03-12
5284,17.0,fungsi,2026-03-15
5285,17.0,fungsi,2026-03-17
5286,17.0,fungsi,2026-03-20
5287,17.0,fungsi,2026-03-22
5288,17.0,fungsi,2026-03-24
5289,17.0,fungsi,2026-03-25
5290,17.0,fungsi,2026-03-26
5291,17.0,fungsi,2026-03-29
5292,17.0,turunan,2026-03-31
5293,17.0,turunan,2026-04-02
5294,17.0,turunan,2026-04-05
5295,17.0,turunan,2026-04-07
5296,17.0,turunan,2026-04-10
5297,17.0,turunan,2026-04-12
5298,17.0,turunan,2026-04-15
5299,17.0,integral,2026-04-16
5300,17.0,integral,2026-04-19
5301,17.0,integral,2026-04-20
5302,17.0,integral,2026-04-21
5303,17.0,integral,2026-04-23
5304,17.0,integral,2026-04-25
5305,17.0,integral,2026-04-27
5306,4.0,penjumlahan,2026-01-01
5307,4.0,penjumlahan,2026-01-03
5308,4.0,penjumlahan,2026-01-05
5309,4.0,penjumlahan,2026-01-06
5310,4.0,penjumlahan,2026-01-08
5311,4.0,penjumlahan,2026-01-11
5312,4.0,penjumlahan,2026-01-12
5313,4.0,penjumlahan,2026-01-14
5314,4.0,penjumlahan,2026-01-17
5315,4.0,pengurangan,2026-01-18
5316,4.0,pengurangan,2026-01-20
5317,4.0,pengurangan,2026-01-22
5318,4.0,pengurangan,2026-01-24
5319,4.0,pengurangan,2026-01-27
5320,4.0,perkalian,2026-01-30
5321,4.0,perkalian,2026-01-31
5322,4.0,perkalian,2026-02-03
5323,4.0,perkalian,2026-02-06
5324,4.0,perkalian,2026-02-08
5325,4.0,perkalian,2026-02-11
5326,4.0,perkalian,2026-02-14
5327,4.0,perkalian,2026-02-17
5328,4.0,perkalian,2026-02-18
5329,4.0,desimal,2026-02-19
5330,4.0,desimal,2026-02-20
5331,4.0,desimal,2026-02-22
5332,4.0,desimal,2026-02-25
5333,4.0,desimal,2026-02-27
5334,4.0,desimal,2026-02-28
5335,4.0,desimal,2026-03-02
5336,4.0,desimal,2026-03-05
5337,4.0,aljabar,2026-03-07
5338,4.0,aljabar,2026-03-10
5339,4.0,aljabar,2026-03-12
5340,4.0,aljabar,2026-03-13
5341,4.0,aljabar,2026-03-15
5342,4.0,fungsi,2026-03-16
5343,4.0,fungsi,2026-03-17
5344,4.0,fungsi,2026-03-20
5345,4.0,fungsi,2026-03-23
5346,4.0,fungsi,2026-03-26
5347,4.0,integral,2026-03-29
5348,4.0,integral,2026-04-01
5349,4.0,integral,2026-04-02
5350,4.0,integral,2026-04-04
5351,4.0,integral,2026-04-07
5352,4.0,integral,2026-04-09
5353,4.0,integral,2026-04-12
5354,4.0,integral,2026-04-13
5355,4.0,integral,2026-04-14
5356,8.0,penjumlahan,2026-01-01
5357,8.0,penjumlahan,2026-01-04
5358,8.0,penjumlahan,2026-01-05
5359,8.0,penjumlahan,2026-01-06
5360,8.0,penjumlahan,2026-01-07
5361,8.0,penjumlahan,2026-01-09
5362,8.0,penjumlahan,2026-01-11
5363,8.0,penjumlahan,2026-01-14
5364,8.0,pengurangan,2026-01-17
5365,8.0,pengurangan,2026-01-19
5366,8.0,pengurangan,2026-01-21
5367,8.0,pengurangan,2026-01-24
5368,8.0,pengurangan,2026-01-26
5369,8.0,pengurangan,2026-01-28
5370,8.0,pecahan,2026-01-29
5371,8.0,pecahan,2026-02-01
5372,8.0,pecahan,2026-02-03
5373,8.0,pecahan,2026-02-06
5374,8.0,pecahan,2026-02-09
5375,8.0,pecahan,2026-02-10
5376,8.0,pecahan,2026-02-12
5377,8.0,pecahan,2026-02-15
5378,8.0,pecahan,2026-02-17
5379,8.0,aljabar,2026-02-18
5380,8.0,aljabar,2026-02-21
5381,8.0,aljabar,2026-02-23
5382,8.0,aljabar,2026-02-24
5383,8.0,aljabar,2026-02-27
5384,8.0,aljabar,2026-03-02
5385,8.0,persamaan_linear,2026-03-05
5386,8.0,persamaan_linear,2026-03-07
5387,8.0,persamaan_linear,2026-03-10
5388,8.0,persamaan_linear,2026-03-11
5389,8.0,persamaan_linear,2026-03-13
5390,8.0,persamaan_linear,2026-03-14
5391,8.0,fungsi,2026-03-16
5392,8.0,fungsi,2026-03-19
5393,8.0,fungsi,2026-03-20
5394,8.0,fungsi,2026-03-23
5395,8.0,fungsi,2026-03-24
5396,8.0,fungsi,2026-03-26
5397,8.0,fungsi,2026-03-28
5398,8.0,limit,2026-03-29
5399,8.0,limit,2026-04-01
5400,8.0,limit,2026-04-04
5401,8.0,limit,2026-04-05
5402,8.0,limit,2026-04-07
5403,8.0,limit,2026-04-09
5404,8.0,turunan,2026-04-11
5405,8.0,turunan,2026-04-13
5406,8.0,turunan,2026-04-16
5407,8.0,turunan,2026-04-18
5408,8.0,turunan,2026-04-19
5409,8.0,turunan,2026-04-22
5410,8.0,turunan,2026-04-24
5411,8.0,turunan,2026-04-25
5412,8.0,integral,2026-04-28
5413,8.0,integral,2026-05-01
5414,8.0,integral,2026-05-02
5415,8.0,integral,2026-05-05
5416,8.0,integral,2026-05-06
5417,8.0,integral,2026-05-09
5418,8.0,integral,2026-05-11
5419,11.0,penjumlahan,2026-01-01
5420,11.0,penjumlahan,2026-01-02
5421,11.0,penjumlahan,2026-01-04
5422,11.0,penjumlahan,2026-01-06
5423,11.0,penjumlahan,2026-01-08
5424,11.0,penjumlahan,2026-01-10
5425,11.0,penjumlahan,2026-01-11
5426,11.0,penjumlahan,2026-01-13
5427,11.0,pengurangan,2026-01-15
5428,11.0,pengurangan,2026-01-16
5429,11.0,pengurangan,2026-01-19
5430,11.0,pengurangan,2026-01-21
5431,11.0,pengurangan,2026-01-23
5432,11.0,perkalian,2026-01-26
5433,11.0,perkalian,2026-01-29
5434,11.0,perkalian,2026-01-30
5435,11.0,perkalian,2026-01-31
5436,11.0,perkalian,2026-02-03
5437,11.0,perkalian,2026-02-04
5438,11.0,perkalian,2026-02-07
5439,11.0,perkalian,2026-02-10
5440,11.0,pecahan,2026-02-12
5441,11.0,pecahan,2026-02-14
5442,11.0,pecahan,2026-02-16
5443,11.0,pecahan,2026-02-18
5444,11.0,pecahan,2026-02-21
5445,11.0,pecahan,2026-02-22
5446,11.0,pecahan,2026-02-24
5447,11.0,desimal,2026-02-25
5448,11.0,desimal,2026-02-28
5449,11.0,desimal,2026-03-01
5450,11.0,desimal,2026-03-03
5451,11.0,desimal,2026-03-06
5452,11.0,desimal,2026-03-09
5453,11.0,desimal,2026-03-12
5454,11.0,desimal,2026-03-13
5455,11.0,fungsi,2026-03-14
5456,11.0,fungsi,2026-03-15
5457,11.0,fungsi,2026-03-18
5458,11.0,fungsi,2026-03-21
5459,11.0,fungsi,2026-03-23
5460,11.0,fungsi,2026-03-24
5461,11.0,limit,2026-03-27
5462,11.0,limit,2026-03-30
5463,11.0,limit,2026-04-01
5464,11.0,limit,2026-04-02
5465,11.0,limit,2026-04-04
5466,11.0,turunan,2026-04-07
5467,11.0,turunan,2026-04-08
5468,11.0,turunan,2026-04-09
5469,11.0,turunan,2026-04-10
5470,11.0,turunan,2026-04-12
5471,11.0,turunan,2026-04-14
5472,11.0,turunan,2026-04-15
5473,19.0,penjumlahan,2026-01-01
5474,19.0,penjumlahan,2026-01-04
5475,19.0,penjumlahan,2026-01-05
5476,19.0,penjumlahan,2026-01-06
5477,19.0,penjumlahan,2026-01-07
5478,19.0,penjumlahan,2026-01-09
5479,19.0,pengurangan,2026-01-12
5480,19.0,pengurangan,2026-01-13
5481,19.0,pengurangan,2026-01-16
5482,19.0,pengurangan,2026-01-17
5483,19.0,pengurangan,2026-01-20
5484,19.0,pengurangan,2026-01-23
5485,19.0,pengurangan,2026-01-25
5486,19.0,pengurangan,2026-01-27
5487,19.0,perkalian,2026-01-29
5488,19.0,perkalian,2026-01-31
5489,19.0,perkalian,2026-02-03
5490,19.0,perkalian,2026-02-05
5491,19.0,perkalian,2026-02-07
5492,19.0,perkalian,2026-02-08
5493,19.0,pembagian,2026-02-09
5494,19.0,pembagian,2026-02-12
5495,19.0,pembagian,2026-02-13
5496,19.0,pembagian,2026-02-15
5497,19.0,pembagian,2026-02-18
5498,19.0,pembagian,2026-02-20
5499,19.0,pecahan,2026-02-21
5500,19.0,pecahan,2026-02-23
5501,19.0,pecahan,2026-02-24
5502,19.0,pecahan,2026-02-25
5503,19.0,pecahan,2026-02-28
5504,19.0,pecahan,2026-03-02
5505,19.0,pecahan,2026-03-04
5506,19.0,pecahan,2026-03-05
5507,19.0,desimal,2026-03-07
5508,19.0,desimal,2026-03-08
5509,19.0,desimal,2026-03-11
5510,19.0,desimal,2026-03-13
5511,19.0,desimal,2026-03-16
5512,19.0,desimal,2026-03-19
5513,19.0,desimal,2026-03-20
5514,19.0,desimal,2026-03-23
5515,19.0,desimal,2026-03-25
5516,19.0,persamaan_linear,2026-03-28
5517,19.0,persamaan_linear,2026-03-31
5518,19.0,persamaan_linear,2026-04-03
5519,19.0,persamaan_linear,2026-04-06
5520,19.0,persamaan_linear,2026-04-07
5521,19.0,persamaan_linear,2026-04-10
5522,19.0,persamaan_linear,2026-04-12
5523,19.0,persamaan_linear,2026-04-14
5524,19.0,limit,2026-04-15
5525,19.0,limit,2026-04-16
5526,19.0,limit,2026-04-17
5527,19.0,limit,2026-04-18
5528,19.0,limit,2026-04-21
5529,19.0,limit,2026-04-24
5530,19.0,limit,2026-04-25
5531,19.0,limit,2026-04-27
5532,19.0,integral,2026-04-30
5533,19.0,integral,2026-05-03
5534,19.0,integral,2026-05-06
5535,19.0,integral,2026-05-08
5536,19.0,integral,2026-05-10
5537,19.0,integral,2026-05-13
5538,19.0,integral,2026-05-15
5539,19.0,integral,2026-05-16
5540,19.0,integral,2026-05-18
5541,19.0,penjumlahan,2026-01-01
5542,19.0,penjumlahan,2026-01-02
5543,19.0,penjumlahan,2026-01-03
5544,19.0,penjumlahan,2026-01-05
5545,19.0,penjumlahan,2026-01-07
5546,19.0,penjumlahan,2026-01-10
5547,19.0,pengurangan,2026-01-11
5548,19.0,pengurangan,2026-01-13
5549,19.0,pengurangan,2026-01-16
5550,19.0,pengurangan,2026-01-18
5551,19.0,pengurangan,2026-01-20
5552,19.0,perkalian,2026-01-21
5553,19.0,perkalian,2026-01-24
5554,19.0,perkalian,2026-01-25
5555,19.0,perkalian,2026-01-27
5556,19.0,perkalian,2026-01-29
5557,19.0,perkalian,2026-01-30
5558,19.0,pembagian,2026-01-31
5559,19.0,pembagian,2026-02-01
5560,19.0,pembagian,2026-02-02
5561,19.0,pembagian,2026-02-04
5562,19.0,pembagian,2026-02-06
5563,19.0,pecahan,2026-02-09
5564,19.0,pecahan,2026-02-12
5565,19.0,pecahan,2026-02-15
5566,19.0,pecahan,2026-02-16
5567,19.0,pecahan,2026-02-18
5568,19.0,pecahan,2026-02-21
5569,19.0,pecahan,2026-02-22
5570,19.0,pecahan,2026-02-25
5571,19.0,desimal,2026-02-27
5572,19.0,desimal,2026-03-02
5573,19.0,desimal,2026-03-03
5574,19.0,desimal,2026-03-04
5575,19.0,desimal,2026-03-07
5576,19.0,desimal,2026-03-09
5577,19.0,aljabar,2026-03-12
5578,19.0,aljabar,2026-03-15
5579,19.0,aljabar,2026-03-18
5580,19.0,aljabar,2026-03-20
5581,19.0,aljabar,2026-03-23
5582,19.0,aljabar,2026-03-26
5583,19.0,aljabar,2026-03-29
5584,19.0,aljabar,2026-03-31
5585,19.0,persamaan_linear,2026-04-02
5586,19.0,persamaan_linear,2026-04-03
5587,19.0,persamaan_linear,2026-04-04
5588,19.0,persamaan_linear,2026-04-07
5589,19.0,persamaan_linear,2026-04-08
5590,19.0,persamaan_linear,2026-04-09
5591,19.0,persamaan_linear,2026-04-11
5592,19.0,persamaan_linear,2026-04-12
5593,19.0,fungsi,2026-04-15
5594,19.0,fungsi,2026-04-16
5595,19.0,fungsi,2026-04-18
5596,19.0,fungsi,2026-04-21
5597,19.0,fungsi,2026-04-23
5598,19.0,fungsi,2026-04-26
5599,19.0,fungsi,2026-04-27
5600,19.0,fungsi,2026-04-28
5601,19.0,fungsi,2026-04-29
5602,19.0,limit,2026-05-02
5603,19.0,limit,2026-05-03
5604,19.0,limit,2026-05-04
5605,19.0,limit,2026-05-06
5606,19.0,limit,2026-05-09
5607,19.0,limit,2026-05-10
5608,1.0,penjumlahan,2026-01-01
5609,1.0,penjumlahan,2026-01-03
5610,1.0,penjumlahan,2026-01-04
5611,1.0,penjumlahan,2026-01-05
5612,1.0,penjumlahan,2026-01-08
5613,1.0,penjumlahan,2026-01-11
5614,1.0,penjumlahan,2026-01-12
5615,1.0,penjumlahan,2026-01-15
5616,1.0,penjumlahan,2026-01-16
5617,1.0,pengurangan,2026-01-18
5618,1.0,pengurangan,2026-01-20
5619,1.0,pengurangan,2026-01-21
5620,1.0,pengurangan,2026-01-22
5621,1.0,pengurangan,2026-01-25
5622,1.0,pengurangan,2026-01-28
5623,1.0,pengurangan,2026-01-29
5624,1.0,pengurangan,2026-01-30
5625,1.0,pembagian,2026-02-02
5626,1.0,pembagian,2026-02-03
5627,1.0,pembagian,2026-02-05
5628,1.0,pembagian,2026-02-08
5629,1.0,pembagian,2026-02-09
5630,1.0,pembagian,2026-02-10
5631,1.0,pembagian,2026-02-12
5632,1.0,pembagian,2026-02-13
5633,1.0,pecahan,2026-02-14
5634,1.0,pecahan,2026-02-17
5635,1.0,pecahan,2026-02-19
5636,1.0,pecahan,2026-02-22
5637,1.0,pecahan,2026-02-24
5638,1.0,pecahan,2026-02-26
5639,1.0,pecahan,2026-03-01
5640,1.0,pecahan,2026-03-02
5641,1.0,pecahan,2026-03-04
5642,1.0,desimal,2026-03-05
5643,1.0,desimal,2026-03-06
5644,1.0,desimal,2026-03-07
5645,1.0,desimal,2026-03-09
5646,1.0,desimal,2026-03-12
5647,1.0,desimal,2026-03-14
5648,1.0,desimal,2026-03-17
5649,1.0,aljabar,2026-03-18
5650,1.0,aljabar,2026-03-21
5651,1.0,aljabar,2026-03-24
5652,1.0,aljabar,2026-03-27
5653,1.0,aljabar,2026-03-30
5654,1.0,aljabar,2026-04-01
5655,1.0,aljabar,2026-04-04
5656,1.0,fungsi,2026-04-06
5657,1.0,fungsi,2026-04-07
5658,1.0,fungsi,2026-04-10
5659,1.0,fungsi,2026-04-12
5660,1.0,fungsi,2026-04-13
5661,1.0,fungsi,2026-04-14
5662,1.0,fungsi,2026-04-16
5663,1.0,fungsi,2026-04-17
5664,1.0,limit,2026-04-19
5665,1.0,limit,2026-04-22
5666,1.0,limit,2026-04-23
5667,1.0,limit,2026-04-25
5668,1.0,limit,2026-04-28
5669,1.0,limit,2026-05-01
5670,1.0,limit,2026-05-04
5671,1.0,limit,2026-05-06
5672,1.0,limit,2026-05-07
5673,1.0,integral,2026-05-09
5674,1.0,integral,2026-05-11
5675,1.0,integral,2026-05-14
5676,1.0,integral,2026-05-16
5677,1.0,integral,2026-05-18
5678,1.0,integral,2026-05-20
5679,1.0,integral,2026-05-22
5680,2.0,penjumlahan,2026-01-01
5681,2.0,penjumlahan,2026-01-02
5682,2.0,penjumlahan,2026-01-03
5683,2.0,penjumlahan,2026-01-05
5684,2.0,penjumlahan,2026-01-06
5685,2.0,pengurangan,2026-01-08
5686,2.0,pengurangan,2026-01-10
5687,2.0,pengurangan,2026-01-13
5688,2.0,pengurangan,2026-01-15
5689,2.0,pengurangan,2026-01-17
5690,2.0,pengurangan,2026-01-18
5691,2.0,pengurangan,2026-01-21
5692,2.0,pengurangan,2026-01-23
5693,2.0,pengurangan,2026-01-24
5694,2.0,perkalian,2026-01-27
5695,2.0,perkalian,2026-01-29
5696,2.0,perkalian,2026-01-31
5697,2.0,perkalian,2026-02-02
5698,2.0,perkalian,2026-02-04
5699,2.0,perkalian,2026-02-05
5700,2.0,perkalian,2026-02-07
5701,2.0,pembagian,2026-02-09
5702,2.0,pembagian,2026-02-12
5703,2.0,pembagian,2026-02-14
5704,2.0,pembagian,2026-02-15
5705,2.0,pembagian,2026-02-18
5706,2.0,pecahan,2026-02-21
5707,2.0,pecahan,2026-02-24
5708,2.0,pecahan,2026-02-27
5709,2.0,pecahan,2026-03-02
5710,2.0,pecahan,2026-03-03
5711,2.0,pecahan,2026-03-06
5712,2.0,pecahan,2026-03-08
5713,2.0,pecahan,2026-03-10
5714,2.0,desimal,2026-03-11
5715,2.0,desimal,2026-03-13
5716,2.0,desimal,2026-03-15
5717,2.0,desimal,2026-03-17
5718,2.0,desimal,2026-03-18
5719,2.0,desimal,2026-03-21
5720,2.0,desimal,2026-03-22
5721,2.0,desimal,2026-03-23
5722,2.0,desimal,2026-03-26
5723,2.0,aljabar,2026-03-29
5724,2.0,aljabar,2026-03-30
5725,2.0,aljabar,2026-03-31
5726,2.0,aljabar,2026-04-01
5727,2.0,aljabar,2026-04-04
5728,2.0,aljabar,2026-04-05
5729,2.0,aljabar,2026-04-06
5730,2.0,aljabar,2026-04-08
5731,2.0,persamaan_linear,2026-04-10
5732,2.0,persamaan_linear,2026-04-11
5733,2.0,persamaan_linear,2026-04-14
5734,2.0,persamaan_linear,2026-04-17
5735,2.0,persamaan_linear,2026-04-18
5736,2.0,persamaan_linear,2026-04-21
5737,2.0,persamaan_linear,2026-04-23
5738,2.0,persamaan_linear,2026-04-25
5739,2.0,persamaan_linear,2026-04-26
5740,2.0,limit,2026-04-28
5741,2.0,limit,2026-04-30
5742,2.0,limit,2026-05-02
5743,2.0,limit,2026-05-04
5744,2.0,limit,2026-05-05
5745,2.0,turunan,2026-05-06
5746,2.0,turunan,2026-05-07
5747,2.0,turunan,2026-05-08
5748,2.0,turunan,2026-05-10
5749,2.0,turunan,2026-05-13
5750,2.0,turunan,2026-05-15
5751,2.0,turunan,2026-05-17
5752,2.0,turunan,2026-05-20
5753,2.0,turunan,2026-05-23
5754,2.0,integral,2026-05-25
5755,2.0,integral,2026-05-27
5756,2.0,integral,2026-05-30
5757,2.0,integral,2026-05-31
5758,2.0,integral,2026-06-01
5759,2.0,integral,2026-06-04
5760,2.0,integral,2026-06-07
5761,3.0,penjumlahan,2026-01-01
5762,3.0,penjumlahan,2026-01-03
5763,3.0,penjumlahan,2026-01-05
5764,3.0,penjumlahan,2026-01-07
5765,3.0,penjumlahan,2026-01-09
5766,3.0,penjumlahan,2026-01-11
5767,3.0,pengurangan,2026-01-13
5768,3.0,pengurangan,2026-01-16
5769,3.0,pengurangan,2026-01-18
5770,3.0,pengurangan,2026-01-19
5771,3.0,pengurangan,2026-01-21
5772,3.0,perkalian,2026-01-23
5773,3.0,perkalian,2026-01-26
5774,3.0,perkalian,2026-01-27
5775,3.0,perkalian,2026-01-29
5776,3.0,perkalian,2026-01-31
5777,3.0,pecahan,2026-02-01
5778,3.0,pecahan,2026-02-02
5779,3.0,pecahan,2026-02-05
5780,3.0,pecahan,2026-02-06
5781,3.0,pecahan,2026-02-09
5782,3.0,pecahan,2026-02-12
5783,3.0,pecahan,2026-02-15
5784,3.0,desimal,2026-02-17
5785,3.0,desimal,2026-02-19
5786,3.0,desimal,2026-02-22
5787,3.0,desimal,2026-02-23
5788,3.0,desimal,2026-02-24
5789,3.0,desimal,2026-02-25
5790,3.0,desimal,2026-02-26
5791,3.0,persamaan_linear,2026-03-01
5792,3.0,persamaan_linear,2026-03-02
5793,3.0,persamaan_linear,2026-03-05
5794,3.0,persamaan_linear,2026-03-07
5795,3.0,persamaan_linear,2026-03-10
5796,3.0,persamaan_linear,2026-03-12
5797,3.0,persamaan_linear,2026-03-14
5798,3.0,persamaan_linear,2026-03-17
5799,3.0,fungsi,2026-03-19
5800,3.0,fungsi,2026-03-20
5801,3.0,fungsi,2026-03-22
5802,3.0,fungsi,2026-03-25
5803,3.0,fungsi,2026-03-26
5804,3.0,fungsi,2026-03-27
5805,3.0,turunan,2026-03-29
5806,3.0,turunan,2026-04-01
5807,3.0,turunan,2026-04-03
5808,3.0,turunan,2026-04-05
5809,3.0,turunan,2026-04-08
5810,3.0,turunan,2026-04-10
5811,3.0,turunan,2026-04-13
5812,3.0,integral,2026-04-15
5813,3.0,integral,2026-04-18
5814,3.0,integral,2026-04-20
5815,3.0,integral,2026-04-21
5816,3.0,integral,2026-04-22
5817,3.0,integral,2026-04-23
5818,3.0,integral,2026-04-25
5819,11.0,penjumlahan,2026-01-01
5820,11.0,penjumlahan,2026-01-04
5821,11.0,penjumlahan,2026-01-06
5822,11.0,penjumlahan,2026-01-09
5823,11.0,penjumlahan,2026-01-12
5824,11.0,penjumlahan,2026-01-13
5825,11.0,penjumlahan,2026-01-15
5826,11.0,pengurangan,2026-01-17
5827,11.0,pengurangan,2026-01-19
5828,11.0,pengurangan,2026-01-20
5829,11.0,pengurangan,2026-01-22
5830,11.0,pengurangan,2026-01-24
5831,11.0,pengurangan,2026-01-25
5832,11.0,pengurangan,2026-01-27
5833,11.0,perkalian,2026-01-28
5834,11.0,perkalian,2026-01-29
5835,11.0,perkalian,2026-01-31
5836,11.0,perkalian,2026-02-03
5837,11.0,perkalian,2026-02-05
5838,11.0,perkalian,2026-02-06
5839,11.0,perkalian,2026-02-09
5840,11.0,perkalian,2026-02-11
5841,11.0,perkalian,2026-02-13
5842,11.0,pembagian,2026-02-14
5843,11.0,pembagian,2026-02-15
5844,11.0,pembagian,2026-02-16
5845,11.0,pembagian,2026-02-19
5846,11.0,pembagian,2026-02-20
5847,11.0,pembagian,2026-02-21
5848,11.0,desimal,2026-02-24
5849,11.0,desimal,2026-02-25
5850,11.0,desimal,2026-02-26
5851,11.0,desimal,2026-02-28
5852,11.0,desimal,2026-03-02
5853,11.0,desimal,2026-03-05
5854,11.0,limit,2026-03-06
5855,11.0,limit,2026-03-08
5856,11.0,limit,2026-03-09
5857,11.0,limit,2026-03-12
5858,11.0,limit,2026-03-13
5859,11.0,limit,2026-03-14
5860,11.0,turunan,2026-03-15
5861,11.0,turunan,2026-03-18
5862,11.0,turunan,2026-03-19
5863,11.0,turunan,2026-03-21
5864,11.0,turunan,2026-03-23
5865,11.0,turunan,2026-03-25
5866,11.0,turunan,2026-03-28
5867,11.0,turunan,2026-03-30
5868,11.0,integral,2026-03-31
5869,11.0,integral,2026-04-02
5870,11.0,integral,2026-04-03
5871,11.0,integral,2026-04-05
5872,11.0,integral,2026-04-06
5873,11.0,integral,2026-04-07
5874,11.0,integral,2026-04-08
5875,11.0,integral,2026-04-09
5876,11.0,integral,2026-04-11
5877,17.0,penjumlahan,2026-01-01
5878,17.0,penjumlahan,2026-01-02
5879,17.0,penjumlahan,2026-01-03
5880,17.0,penjumlahan,2026-01-05
5881,17.0,penjumlahan,2026-01-06
5882,17.0,pengurangan,2026-01-08
5883,17.0,pengurangan,2026-01-11
5884,17.0,pengurangan,2026-01-12
5885,17.0,pengurangan,2026-01-13
5886,17.0,pengurangan,2026-01-16
5887,17.0,pengurangan,2026-01-18
5888,17.0,pembagian,2026-01-20
5889,17.0,pembagian,2026-01-22
5890,17.0,pembagian,2026-01-24
5891,17.0,pembagian,2026-01-27
5892,17.0,pembagian,2026-01-28
5893,17.0,pembagian,2026-01-30
5894,17.0,pecahan,2026-02-01
5895,17.0,pecahan,2026-02-02
5896,17.0,pecahan,2026-02-05
5897,17.0,pecahan,2026-02-07
5898,17.0,pecahan,2026-02-10
5899,17.0,pecahan,2026-02-13
5900,17.0,pecahan,2026-02-16
5901,17.0,pecahan,2026-02-19
5902,17.0,desimal,2026-02-21
5903,17.0,desimal,2026-02-23
5904,17.0,desimal,2026-02-24
5905,17.0,desimal,2026-02-25
5906,17.0,desimal,2026-02-26
5907,17.0,aljabar,2026-03-01
5908,17.0,aljabar,2026-03-04
5909,17.0,aljabar,2026-03-05
5910,17.0,aljabar,2026-03-08
5911,17.0,aljabar,2026-03-10
5912,17.0,persamaan_linear,2026-03-12
5913,17.0,persamaan_linear,2026-03-15
5914,17.0,persamaan_linear,2026-03-17
5915,17.0,persamaan_linear,2026-03-18
5916,17.0,persamaan_linear,2026-03-19
5917,17.0,fungsi,2026-03-22
5918,17.0,fungsi,2026-03-23
5919,17.0,fungsi,2026-03-25
5920,17.0,fungsi,2026-03-28
5921,17.0,fungsi,2026-03-31
5922,17.0,fungsi,2026-04-03
5923,17.0,fungsi,2026-04-06
5924,17.0,limit,2026-04-07
5925,17.0,limit,2026-04-09
5926,17.0,limit,2026-04-10
5927,17.0,limit,2026-04-12
5928,17.0,limit,2026-04-15
5929,17.0,limit,2026-04-18
5930,17.0,limit,2026-04-21
5931,17.0,limit,2026-04-24
5932,17.0,limit,2026-04-25
5933,17.0,turunan,2026-04-28
5934,17.0,turunan,2026-05-01
5935,17.0,turunan,2026-05-04
5936,17.0,turunan,2026-05-06
5937,17.0,turunan,2026-05-07
5938,17.0,turunan,2026-05-08
5939,17.0,turunan,2026-05-09
5940,17.0,turunan,2026-05-11
5941,9.0,penjumlahan,2026-01-01
5942,9.0,penjumlahan,2026-01-04
5943,9.0,penjumlahan,2026-01-05
5944,9.0,penjumlahan,2026-01-06
5945,9.0,penjumlahan,2026-01-08
5946,9.0,penjumlahan,2026-01-11
5947,9.0,penjumlahan,2026-01-14
5948,9.0,pengurangan,2026-01-16
5949,9.0,pengurangan,2026-01-18
5950,9.0,pengurangan,2026-01-19
5951,9.0,pengurangan,2026-01-20
5952,9.0,pengurangan,2026-01-21
5953,9.0,pembagian,2026-01-24
5954,9.0,pembagian,2026-01-27
5955,9.0,pembagian,2026-01-30
5956,9.0,pembagian,2026-01-31
5957,9.0,pembagian,2026-02-01
5958,9.0,pembagian,2026-02-02
5959,9.0,pembagian,2026-02-03
5960,9.0,pembagian,2026-02-04
5961,9.0,pecahan,2026-02-05
5962,9.0,pecahan,2026-02-06
5963,9.0,pecahan,2026-02-08
5964,9.0,pecahan,2026-02-11
5965,9.0,pecahan,2026-02-12
5966,9.0,pecahan,2026-02-13
5967,9.0,pecahan,2026-02-14
5968,9.0,pecahan,2026-02-15
5969,9.0,pecahan,2026-02-16
5970,9.0,desimal,2026-02-17
5971,9.0,desimal,2026-02-19
5972,9.0,desimal,2026-02-20
5973,9.0,desimal,2026-02-23
5974,9.0,desimal,2026-02-26
5975,9.0,desimal,2026-02-27
5976,9.0,desimal,2026-03-02
5977,9.0,desimal,2026-03-04
5978,9.0,desimal,2026-03-06
5979,9.0,aljabar,2026-03-08
5980,9.0,aljabar,2026-03-09
5981,9.0,aljabar,2026-03-10
5982,9.0,aljabar,2026-03-13
5983,9.0,aljabar,2026-03-15
5984,9.0,aljabar,2026-03-16
5985,9.0,aljabar,2026-03-17
5986,9.0,persamaan_linear,2026-03-18
5987,9.0,persamaan_linear,2026-03-20
5988,9.0,persamaan_linear,2026-03-22
5989,9.0,persamaan_linear,2026-03-24
5990,9.0,persamaan_linear,2026-03-26
5991,9.0,limit,2026-03-27
5992,9.0,limit,2026-03-29
5993,9.0,limit,2026-03-31
5994,9.0,limit,2026-04-02
5995,9.0,limit,2026-04-05
5996,9.0,limit,2026-04-06
5997,9.0,limit,2026-04-09
5998,9.0,limit,2026-04-11
5999,9.0,limit,2026-04-13
6000,9.0,turunan,2026-04-15
6001,9.0,turunan,2026-04-16
6002,9.0,turunan,2026-04-18
6003,9.0,turunan,2026-04-20
6004,9.0,turunan,2026-04-21
6005,9.0,turunan,2026-04-23
6006,9.0,turunan,2026-04-24
6007,9.0,turunan,2026-04-26
6008,9.0,integral,2026-04-27
6009,9.0,integral,2026-04-29
6010,9.0,integral,2026-05-01
6011,9.0,integral,2026-05-02
6012,9.0,integral,2026-05-04
6013,7.0,penjumlahan,2026-01-01
6014,7.0,penjumlahan,2026-01-03
6015,7.0,penjumlahan,2026-01-04
6016,7.0,penjumlahan,2026-01-06
6017,7.0,penjumlahan,2026-01-08
6018,7.0,penjumlahan,2026-01-09
6019,7.0,penjumlahan,2026-01-11
6020,7.0,penjumlahan,2026-01-13
6021,7.0,pengurangan,2026-01-15
6022,7.0,pengurangan,2026-01-16
6023,7.0,pengurangan,2026-01-17
6024,7.0,pengurangan,2026-01-20
6025,7.0,pengurangan,2026-01-21
6026,7.0,pengurangan,2026-01-22
6027,7.0,pengurangan,2026-01-24
6028,7.0,pengurangan,2026-01-27
6029,7.0,pengurangan,2026-01-29
6030,7.0,pembagian,2026-01-30
6031,7.0,pembagian,2026-02-01
6032,7.0,pembagian,2026-02-02
6033,7.0,pembagian,2026-02-05
6034,7.0,pembagian,2026-02-08
6035,7.0,pembagian,2026-02-10
6036,7.0,pembagian,2026-02-11
6037,7.0,pembagian,2026-02-12
6038,7.0,pecahan,2026-02-13
6039,7.0,pecahan,2026-02-15
6040,7.0,pecahan,2026-02-16
6041,7.0,pecahan,2026-02-17
6042,7.0,pecahan,2026-02-19
6043,7.0,pecahan,2026-02-22
6044,7.0,pecahan,2026-02-24
6045,7.0,pecahan,2026-02-25
6046,7.0,pecahan,2026-02-28
6047,7.0,desimal,2026-03-02
6048,7.0,desimal,2026-03-03
6049,7.0,desimal,2026-03-04
6050,7.0,desimal,2026-03-06
6051,7.0,desimal,2026-03-09
6052,7.0,desimal,2026-03-11
6053,7.0,aljabar,2026-03-12
6054,7.0,aljabar,2026-03-13
6055,7.0,aljabar,2026-03-14
6056,7.0,aljabar,2026-03-17
6057,7.0,aljabar,2026-03-19
6058,7.0,aljabar,2026-03-21
6059,7.0,aljabar,2026-03-23
6060,7.0,persamaan_linear,2026-03-25
6061,7.0,persamaan_linear,2026-03-27
6062,7.0,persamaan_linear,2026-03-28
6063,7.0,persamaan_linear,2026-03-29
6064,7.0,persamaan_linear,2026-03-30
6065,7.0,fungsi,2026-03-31
6066,7.0,fungsi,2026-04-01
6067,7.0,fungsi,2026-04-04
6068,7.0,fungsi,2026-04-05
6069,7.0,fungsi,2026-04-07
6070,7.0,fungsi,2026-04-08
6071,7.0,fungsi,2026-04-10
6072,7.0,fungsi,2026-04-11
6073,7.0,fungsi,2026-04-12
6074,7.0,limit,2026-04-14
6075,7.0,limit,2026-04-16
6076,7.0,limit,2026-04-19
6077,7.0,limit,2026-04-21
6078,7.0,limit,2026-04-22
6079,7.0,limit,2026-04-24
6080,7.0,limit,2026-04-25
6081,7.0,limit,2026-04-28
6082,7.0,limit,2026-04-29
6083,7.0,turunan,2026-05-01
6084,7.0,turunan,2026-05-03
6085,7.0,turunan,2026-05-04
6086,7.0,turunan,2026-05-07
6087,7.0,turunan,2026-05-09
6088,7.0,integral,2026-05-12
6089,7.0,integral,2026-05-14
6090,7.0,integral,2026-05-17
6091,7.0,integral,2026-05-19
6092,7.0,integral,2026-05-20
6093,7.0,integral,2026-05-21
6094,7.0,integral,2026-05-23
6095,7.0,integral,2026-05-25
6096,7.0,integral,2026-05-28
6097,19.0,penjumlahan,2026-01-01
6098,19.0,penjumlahan,2026-01-02
6099,19.0,penjumlahan,2026-01-04
6100,19.0,penjumlahan,2026-01-06
6101,19.0,penjumlahan,2026-01-08
6102,19.0,pengurangan,2026-01-09
6103,19.0,pengurangan,2026-01-12
6104,19.0,pengurangan,2026-01-14
6105,19.0,pengurangan,2026-01-16
6106,19.0,pengurangan,2026-01-18
6107,19.0,pengurangan,2026-01-21
6108,19.0,pengurangan,2026-01-22
6109,19.0,perkalian,2026-01-25
6110,19.0,perkalian,2026-01-27
6111,19.0,perkalian,2026-01-28
6112,19.0,perkalian,2026-01-31
6113,19.0,perkalian,2026-02-01
6114,19.0,perkalian,2026-02-02
6115,19.0,perkalian,2026-02-05
6116,19.0,perkalian,2026-02-06
6117,19.0,perkalian,2026-02-08
6118,19.0,pecahan,2026-02-10
6119,19.0,pecahan,2026-02-13
6120,19.0,pecahan,2026-02-15
6121,19.0,pecahan,2026-02-17
6122,19.0,pecahan,2026-02-20
6123,19.0,pecahan,2026-02-22
6124,19.0,pecahan,2026-02-25
6125,19.0,pecahan,2026-02-27
6126,19.0,pecahan,2026-02-28
6127,19.0,aljabar,2026-03-01
6128,19.0,aljabar,2026-03-04
6129,19.0,aljabar,2026-03-05
6130,19.0,aljabar,2026-03-06
6131,19.0,aljabar,2026-03-07
6132,19.0,aljabar,2026-03-09
6133,19.0,persamaan_linear,2026-03-11
6134,19.0,persamaan_linear,2026-03-13
6135,19.0,persamaan_linear,2026-03-15
6136,19.0,persamaan_linear,2026-03-18
6137,19.0,persamaan_linear,2026-03-19
6138,19.0,persamaan_linear,2026-03-21
6139,19.0,persamaan_linear,2026-03-24
6140,19.0,persamaan_linear,2026-03-25
6141,19.0,limit,2026-03-28
6142,19.0,limit,2026-03-30
6143,19.0,limit,2026-04-02
6144,19.0,limit,2026-04-03
6145,19.0,limit,2026-04-04
6146,19.0,limit,2026-04-05
6147,19.0,limit,2026-04-06
6148,19.0,turunan,2026-04-07
6149,19.0,turunan,2026-04-08
6150,19.0,turunan,2026-04-10
6151,19.0,turunan,2026-04-12
6152,19.0,turunan,2026-04-15
6153,19.0,turunan,2026-04-18
6154,19.0,turunan,2026-04-20
6155,8.0,penjumlahan,2026-01-01
6156,8.0,penjumlahan,2026-01-02
6157,8.0,penjumlahan,2026-01-04
6158,8.0,penjumlahan,2026-01-06
6159,8.0,penjumlahan,2026-01-07
6160,8.0,penjumlahan,2026-01-09
6161,8.0,penjumlahan,2026-01-11
6162,8.0,penjumlahan,2026-01-13
6163,8.0,penjumlahan,2026-01-16
6164,8.0,pengurangan,2026-01-18
6165,8.0,pengurangan,2026-01-20
6166,8.0,pengurangan,2026-01-22
6167,8.0,pengurangan,2026-01-25
6168,8.0,pengurangan,2026-01-26
6169,8.0,pengurangan,2026-01-28
6170,8.0,pengurangan,2026-01-30
6171,8.0,pengurangan,2026-01-31
6172,8.0,pembagian,2026-02-03
6173,8.0,pembagian,2026-02-04
6174,8.0,pembagian,2026-02-06
6175,8.0,pembagian,2026-02-07
6176,8.0,pembagian,2026-02-08
6177,8.0,pembagian,2026-02-09
6178,8.0,pecahan,2026-02-10
6179,8.0,pecahan,2026-02-12
6180,8.0,pecahan,2026-02-14
6181,8.0,pecahan,2026-02-17
6182,8.0,pecahan,2026-02-19
6183,8.0,pecahan,2026-02-22
6184,8.0,desimal,2026-02-24
6185,8.0,desimal,2026-02-27
6186,8.0,desimal,2026-02-28
6187,8.0,desimal,2026-03-01
6188,8.0,desimal,2026-03-03
6189,8.0,desimal,2026-03-04
6190,8.0,desimal,2026-03-07
6191,8.0,desimal,2026-03-08
6192,8.0,desimal,2026-03-10
6193,8.0,aljabar,2026-03-11
6194,8.0,aljabar,2026-03-14
6195,8.0,aljabar,2026-03-15
6196,8.0,aljabar,2026-03-17
6197,8.0,aljabar,2026-03-19
6198,8.0,aljabar,2026-03-20
6199,8.0,aljabar,2026-03-21
6200,8.0,aljabar,2026-03-24
6201,8.0,aljabar,2026-03-26
6202,8.0,persamaan_linear,2026-03-27
6203,8.0,persamaan_linear,2026-03-28
6204,8.0,persamaan_linear,2026-03-30
6205,8.0,persamaan_linear,2026-04-01
6206,8.0,persamaan_linear,2026-04-04
6207,8.0,persamaan_linear,2026-04-05
6208,8.0,persamaan_linear,2026-04-06
6209,8.0,persamaan_linear,2026-04-08
6210,8.0,fungsi,2026-04-09
6211,8.0,fungsi,2026-04-10
6212,8.0,fungsi,2026-04-13
6213,8.0,fungsi,2026-04-14
6214,8.0,fungsi,2026-04-16
6215,8.0,fungsi,2026-04-17
6216,8.0,fungsi,2026-04-19
6217,8.0,fungsi,2026-04-22
6218,8.0,fungsi,2026-04-25
6219,8.0,limit,2026-04-27
6220,8.0,limit,2026-04-28
6221,8.0,limit,2026-04-30
6222,8.0,limit,2026-05-03
6223,8.0,limit,2026-05-06
6224,8.0,limit,2026-05-07
6225,8.0,limit,2026-05-09
6226,8.0,turunan,2026-05-12
6227,8.0,turunan,2026-05-15
6228,8.0,turunan,2026-05-18
6229,8.0,turunan,2026-05-20
6230,8.0,turunan,2026-05-22
6231,8.0,turunan,2026-05-24
6232,14.0,penjumlahan,2026-01-01
6233,14.0,penjumlahan,2026-01-04
6234,14.0,penjumlahan,2026-01-05
6235,14.0,penjumlahan,2026-01-08
6236,14.0,penjumlahan,2026-01-09
6237,14.0,penjumlahan,2026-01-11
6238,14.0,penjumlahan,2026-01-14
6239,14.0,penjumlahan,2026-01-15
6240,14.0,penjumlahan,2026-01-18
6241,14.0,pengurangan,2026-01-20
6242,14.0,pengurangan,2026-01-23
6243,14.0,pengurangan,2026-01-25
6244,14.0,pengurangan,2026-01-26
6245,14.0,pengurangan,2026-01-27
6246,14.0,pembagian,2026-01-28
6247,14.0,pembagian,2026-01-29
6248,14.0,pembagian,2026-02-01
6249,14.0,pembagian,2026-02-04
6250,14.0,pembagian,2026-02-06
6251,14.0,pembagian,2026-02-07
6252,14.0,pembagian,2026-02-08
6253,14.0,pecahan,2026-02-10
6254,14.0,pecahan,2026-02-11
6255,14.0,pecahan,2026-02-12
6256,14.0,pecahan,2026-02-13
6257,14.0,pecahan,2026-02-14
6258,14.0,pecahan,2026-02-15
6259,14.0,aljabar,2026-02-16
6260,14.0,aljabar,2026-02-17
6261,14.0,aljabar,2026-02-18
6262,14.0,aljabar,2026-02-19
6263,14.0,aljabar,2026-02-22
6264,14.0,persamaan_linear,2026-02-23
6265,14.0,persamaan_linear,2026-02-25
6266,14.0,persamaan_linear,2026-02-26
6267,14.0,persamaan_linear,2026-02-27
6268,14.0,persamaan_linear,2026-03-02
6269,14.0,persamaan_linear,2026-03-04
6270,14.0,fungsi,2026-03-06
6271,14.0,fungsi,2026-03-08
6272,14.0,fungsi,2026-03-10
6273,14.0,fungsi,2026-03-12
6274,14.0,fungsi,2026-03-14
6275,14.0,turunan,2026-03-16
6276,14.0,turunan,2026-03-18
6277,14.0,turunan,2026-03-20
6278,14.0,turunan,2026-03-23
6279,14.0,turunan,2026-03-24
6280,14.0,turunan,2026-03-27
6281,14.0,turunan,2026-03-30
6282,14.0,integral,2026-04-01
6283,14.0,integral,2026-04-03
6284,14.0,integral,2026-04-05
6285,14.0,integral,2026-04-08
6286,14.0,integral,2026-04-10
6287,14.0,integral,2026-04-11
6288,14.0,integral,2026-04-14
6289,4.0,penjumlahan,2026-01-01
6290,4.0,penjumlahan,2026-01-02
6291,4.0,penjumlahan,2026-01-05
6292,4.0,penjumlahan,2026-01-06
6293,4.0,penjumlahan,2026-01-08
6294,4.0,penjumlahan,2026-01-11
6295,4.0,penjumlahan,2026-01-13
6296,4.0,penjumlahan,2026-01-16
6297,4.0,penjumlahan,2026-01-17
6298,4.0,pengurangan,2026-01-20
6299,4.0,pengurangan,2026-01-23
6300,4.0,pengurangan,2026-01-25
6301,4.0,pengurangan,2026-01-28
6302,4.0,pengurangan,2026-01-29
6303,4.0,pengurangan,2026-02-01
6304,4.0,pengurangan,2026-02-03
6305,4.0,pengurangan,2026-02-05
6306,4.0,pembagian,2026-02-07
6307,4.0,pembagian,2026-02-10
6308,4.0,pembagian,2026-02-13
6309,4.0,pembagian,2026-02-14
6310,4.0,pembagian,2026-02-17
6311,4.0,desimal,2026-02-18
6312,4.0,desimal,2026-02-20
6313,4.0,desimal,2026-02-22
6314,4.0,desimal,2026-02-23
6315,4.0,desimal,2026-02-26
6316,4.0,desimal,2026-02-28
6317,4.0,desimal,2026-03-01
6318,4.0,desimal,2026-03-04
6319,4.0,fungsi,2026-03-06
6320,4.0,fungsi,2026-03-08
6321,4.0,fungsi,2026-03-09
6322,4.0,fungsi,2026-03-11
6323,4.0,fungsi,2026-03-13
6324,4.0,fungsi,2026-03-16
6325,4.0,limit,2026-03-18
6326,4.0,limit,2026-03-19
6327,4.0,limit,2026-03-22
6328,4.0,limit,2026-03-23
6329,4.0,limit,2026-03-26
6330,4.0,limit,2026-03-29
6331,4.0,limit,2026-03-30
6332,4.0,limit,2026-03-31
6333,14.0,penjumlahan,2026-01-01
6334,14.0,penjumlahan,2026-01-03
6335,14.0,penjumlahan,2026-01-04
6336,14.0,penjumlahan,2026-01-05
6337,14.0,penjumlahan,2026-01-06
6338,14.0,penjumlahan,2026-01-09
6339,14.0,penjumlahan,2026-01-12
6340,14.0,penjumlahan,2026-01-15
6341,14.0,pengurangan,2026-01-17
6342,14.0,pengurangan,2026-01-18
6343,14.0,pengurangan,2026-01-19
6344,14.0,pengurangan,2026-01-20
6345,14.0,pengurangan,2026-01-22
6346,14.0,pengurangan,2026-01-25
6347,14.0,perkalian,2026-01-28
6348,14.0,perkalian,2026-01-29
6349,14.0,perkalian,2026-02-01
6350,14.0,perkalian,2026-02-03
6351,14.0,perkalian,2026-02-05
6352,14.0,perkalian,2026-02-08
6353,14.0,pembagian,2026-02-11
6354,14.0,pembagian,2026-02-13
6355,14.0,pembagian,2026-02-16
6356,14.0,pembagian,2026-02-17
6357,14.0,pembagian,2026-02-20
6358,14.0,pembagian,2026-02-22
6359,14.0,pembagian,2026-02-24
6360,14.0,pecahan,2026-02-26
6361,14.0,pecahan,2026-02-28
6362,14.0,pecahan,2026-03-01
6363,14.0,pecahan,2026-03-04
6364,14.0,pecahan,2026-03-07
6365,14.0,pecahan,2026-03-08
6366,14.0,pecahan,2026-03-09
6367,14.0,desimal,2026-03-10
6368,14.0,desimal,2026-03-13
6369,14.0,desimal,2026-03-16
6370,14.0,desimal,2026-03-17
6371,14.0,desimal,2026-03-20
6372,14.0,desimal,2026-03-23
6373,14.0,desimal,2026-03-25
6374,14.0,desimal,2026-03-27
6375,14.0,aljabar,2026-03-28
6376,14.0,aljabar,2026-03-29
6377,14.0,aljabar,2026-03-31
6378,14.0,aljabar,2026-04-01
6379,14.0,aljabar,2026-04-02
6380,14.0,aljabar,2026-04-04
6381,14.0,aljabar,2026-04-06
6382,14.0,aljabar,2026-04-09
6383,14.0,aljabar,2026-04-12
6384,14.0,fungsi,2026-04-13
6385,14.0,fungsi,2026-04-16
6386,14.0,fungsi,2026-04-19
6387,14.0,fungsi,2026-04-22
6388,14.0,fungsi,2026-04-23
6389,14.0,fungsi,2026-04-26
6390,14.0,fungsi,2026-04-27
6391,14.0,limit,2026-04-29
6392,14.0,limit,2026-04-30
6393,14.0,limit,2026-05-02
6394,14.0,limit,2026-05-05
6395,14.0,limit,2026-05-08
6396,14.0,limit,2026-05-10
6397,14.0,turunan,2026-05-13
6398,14.0,turunan,2026-05-16
6399,14.0,turunan,2026-05-18
6400,14.0,turunan,2026-05-20
6401,14.0,turunan,2026-05-22
6402,14.0,turunan,2026-05-25
6403,14.0,integral,2026-05-28
6404,14.0,integral,2026-05-31
6405,14.0,integral,2026-06-01
6406,14.0,integral,2026-06-02
6407,14.0,integral,2026-06-05
6408,14.0,integral,2026-06-07
6409,14.0,penjumlahan,2026-01-01
6410,14.0,penjumlahan,2026-01-04
6411,14.0,penjumlahan,2026-01-05
6412,14.0,penjumlahan,2026-01-08
6413,14.0,penjumlahan,2026-01-10
6414,14.0,penjumlahan,2026-01-12
6415,14.0,penjumlahan,2026-01-14
6416,14.0,penjumlahan,2026-01-16
6417,14.0,penjumlahan,2026-01-18
6418,14.0,pengurangan,2026-01-21
6419,14.0,pengurangan,2026-01-24
6420,14.0,pengurangan,2026-01-27
6421,14.0,pengurangan,2026-01-29
6422,14.0,pengurangan,2026-01-31
6423,14.0,pengurangan,2026-02-02
6424,14.0,perkalian,2026-02-03
6425,14.0,perkalian,2026-02-04
6426,14.0,perkalian,2026-02-07
6427,14.0,perkalian,2026-02-08
6428,14.0,perkalian,2026-02-09
6429,14.0,perkalian,2026-02-10
6430,14.0,perkalian,2026-02-12
6431,14.0,aljabar,2026-02-15
6432,14.0,aljabar,2026-02-18
6433,14.0,aljabar,2026-02-20
6434,14.0,aljabar,2026-02-23
6435,14.0,aljabar,2026-02-26
6436,14.0,aljabar,2026-02-27
6437,14.0,persamaan_linear,2026-03-02
6438,14.0,persamaan_linear,2026-03-05
6439,14.0,persamaan_linear,2026-03-07
6440,14.0,persamaan_linear,2026-03-08
6441,14.0,persamaan_linear,2026-03-09
6442,14.0,persamaan_linear,2026-03-11
6443,14.0,persamaan_linear,2026-03-12
6444,14.0,fungsi,2026-03-15
6445,14.0,fungsi,2026-03-18
6446,14.0,fungsi,2026-03-19
6447,14.0,fungsi,2026-03-21
6448,14.0,fungsi,2026-03-22
6449,14.0,fungsi,2026-03-25
6450,14.0,fungsi,2026-03-27
6451,14.0,fungsi,2026-03-29
6452,14.0,fungsi,2026-03-30
6453,14.0,limit,2026-04-02
6454,14.0,limit,2026-04-04
6455,14.0,limit,2026-04-05
6456,14.0,limit,2026-04-08
6457,14.0,limit,2026-04-10
6458,14.0,turunan,2026-04-11
6459,14.0,turunan,2026-04-13
6460,14.0,turunan,2026-04-16
6461,14.0,turunan,2026-04-17
6462,14.0,turunan,2026-04-20
6463,14.0,turunan,2026-04-23
6464,14.0,integral,2026-04-24
6465,14.0,integral,2026-04-26
6466,14.0,integral,2026-04-29
6467,14.0,integral,2026-05-01
6468,14.0,integral,2026-05-04
6469,14.0,integral,2026-05-05
6470,15.0,penjumlahan,2026-01-01
6471,15.0,penjumlahan,2026-01-04
6472,15.0,penjumlahan,2026-01-07
6473,15.0,penjumlahan,2026-01-09
6474,15.0,penjumlahan,2026-01-12
6475,15.0,penjumlahan,2026-01-14
6476,15.0,penjumlahan,2026-01-15
6477,15.0,penjumlahan,2026-01-16
6478,15.0,pengurangan,2026-01-17
6479,15.0,pengurangan,2026-01-18
6480,15.0,pengurangan,2026-01-20
6481,15.0,pengurangan,2026-01-22
6482,15.0,pengurangan,2026-01-25
6483,15.0,pengurangan,2026-01-28
6484,15.0,pengurangan,2026-01-29
6485,15.0,pengurangan,2026-01-30
6486,15.0,pengurangan,2026-02-01
6487,15.0,pembagian,2026-02-02
6488,15.0,pembagian,2026-02-05
6489,15.0,pembagian,2026-02-06
6490,15.0,pembagian,2026-02-07
6491,15.0,pembagian,2026-02-10
6492,15.0,pembagian,2026-02-12
6493,15.0,pembagian,2026-02-13
6494,15.0,pembagian,2026-02-14
6495,15.0,pembagian,2026-02-17
6496,15.0,pecahan,2026-02-19
6497,15.0,pecahan,2026-02-20
6498,15.0,pecahan,2026-02-21
6499,15.0,pecahan,2026-02-23
6500,15.0,pecahan,2026-02-26
6501,15.0,pecahan,2026-02-28
6502,15.0,pecahan,2026-03-03
6503,15.0,pecahan,2026-03-04
6504,15.0,pecahan,2026-03-07
6505,15.0,desimal,2026-03-10
6506,15.0,desimal,2026-03-11
6507,15.0,desimal,2026-03-13
6508,15.0,desimal,2026-03-16
6509,15.0,desimal,2026-03-17
6510,15.0,desimal,2026-03-18
6511,15.0,desimal,2026-03-21
6512,15.0,persamaan_linear,2026-03-23
6513,15.0,persamaan_linear,2026-03-25
6514,15.0,persamaan_linear,2026-03-27
6515,15.0,persamaan_linear,2026-03-29
6516,15.0,persamaan_linear,2026-03-30
6517,15.0,integral,2026-04-02
6518,15.0,integral,2026-04-05
6519,15.0,integral,2026-04-08
6520,15.0,integral,2026-04-10
6521,15.0,integral,2026-04-11
6522,15.0,integral,2026-04-13
6523,15.0,integral,2026-04-14
6524,4.0,penjumlahan,2026-01-01
6525,4.0,penjumlahan,2026-01-02
6526,4.0,penjumlahan,2026-01-04
6527,4.0,penjumlahan,2026-01-05
6528,4.0,penjumlahan,2026-01-07
6529,4.0,pengurangan,2026-01-08
6530,4.0,pengurangan,2026-01-11
6531,4.0,pengurangan,2026-01-14
6532,4.0,pengurangan,2026-01-17
6533,4.0,pengurangan,2026-01-18
6534,4.0,perkalian,2026-01-19
6535,4.0,perkalian,2026-01-22
6536,4.0,perkalian,2026-01-23
6537,4.0,perkalian,2026-01-25
6538,4.0,perkalian,2026-01-27
6539,4.0,desimal,2026-01-30
6540,4.0,desimal,2026-02-01
6541,4.0,desimal,2026-02-03
6542,4.0,desimal,2026-02-05
6543,4.0,desimal,2026-02-08
6544,4.0,desimal,2026-02-10
6545,4.0,desimal,2026-02-12
6546,4.0,desimal,2026-02-13
6547,4.0,desimal,2026-02-14
6548,4.0,aljabar,2026-02-17
6549,4.0,aljabar,2026-02-19
6550,4.0,aljabar,2026-02-21
6551,4.0,aljabar,2026-02-24
6552,4.0,aljabar,2026-02-27
6553,4.0,aljabar,2026-03-01
6554,4.0,aljabar,2026-03-03
6555,4.0,persamaan_linear,2026-03-06
6556,4.0,persamaan_linear,2026-03-08
6557,4.0,persamaan_linear,2026-03-09
6558,4.0,persamaan_linear,2026-03-10
6559,4.0,persamaan_linear,2026-03-11
6560,4.0,persamaan_linear,2026-03-12
6561,4.0,persamaan_linear,2026-03-15
6562,4.0,limit,2026-03-17
6563,4.0,limit,2026-03-18
6564,4.0,limit,2026-03-19
6565,4.0,limit,2026-03-21
6566,4.0,limit,2026-03-23
6567,4.0,limit,2026-03-25
6568,4.0,limit,2026-03-27
6569,4.0,limit,2026-03-29
6570,4.0,limit,2026-03-31
6571,4.0,integral,2026-04-03
6572,4.0,integral,2026-04-06
6573,4.0,integral,2026-04-08
6574,4.0,integral,2026-04-09
6575,4.0,integral,2026-04-12
6576,4.0,integral,2026-04-15
6577,4.0,integral,2026-04-16
6578,4.0,integral,2026-04-17
6579,13.0,penjumlahan,2026-01-01
6580,13.0,penjumlahan,2026-01-03
6581,13.0,penjumlahan,2026-01-06
6582,13.0,penjumlahan,2026-01-07
6583,13.0,penjumlahan,2026-01-08
6584,13.0,penjumlahan,2026-01-09
6585,13.0,penjumlahan,2026-01-11
6586,13.0,penjumlahan,2026-01-12
6587,13.0,pengurangan,2026-01-14
6588,13.0,pengurangan,2026-01-16
6589,13.0,pengurangan,2026-01-18
6590,13.0,pengurangan,2026-01-20
6591,13.0,pengurangan,2026-01-23
6592,13.0,pengurangan,2026-01-25
6593,13.0,perkalian,2026-01-28
6594,13.0,perkalian,2026-01-29
6595,13.0,perkalian,2026-01-30
6596,13.0,perkalian,2026-01-31
6597,13.0,perkalian,2026-02-01
6598,13.0,perkalian,2026-02-02
6599,13.0,perkalian,2026-02-03
6600,13.0,pembagian,2026-02-06
6601,13.0,pembagian,2026-02-08
6602,13.0,pembagian,2026-02-09
6603,13.0,pembagian,2026-02-11
6604,13.0,pembagian,2026-02-14
6605,13.0,pembagian,2026-02-15
6606,13.0,pembagian,2026-02-17
6607,13.0,pecahan,2026-02-18
6608,13.0,pecahan,2026-02-19
6609,13.0,pecahan,2026-02-21
6610,13.0,pecahan,2026-02-22
6611,13.0,pecahan,2026-02-25
6612,13.0,pecahan,2026-02-27
6613,13.0,pecahan,2026-02-28
6614,13.0,pecahan,2026-03-01
6615,13.0,aljabar,2026-03-03
6616,13.0,aljabar,2026-03-06
6617,13.0,aljabar,2026-03-07
6618,13.0,aljabar,2026-03-09
6619,13.0,aljabar,2026-03-11
6620,13.0,aljabar,2026-03-13
6621,13.0,aljabar,2026-03-16
6622,13.0,aljabar,2026-03-17
6623,13.0,aljabar,2026-03-19
6624,13.0,persamaan_linear,2026-03-20
6625,13.0,persamaan_linear,2026-03-22
6626,13.0,persamaan_linear,2026-03-24
6627,13.0,persamaan_linear,2026-03-26
6628,13.0,persamaan_linear,2026-03-29
6629,13.0,persamaan_linear,2026-03-30
6630,13.0,persamaan_linear,2026-04-02
6631,13.0,persamaan_linear,2026-04-05
6632,13.0,persamaan_linear,2026-04-08
6633,13.0,fungsi,2026-04-11
6634,13.0,fungsi,2026-04-12
6635,13.0,fungsi,2026-04-15
6636,13.0,fungsi,2026-04-17
6637,13.0,fungsi,2026-04-20
6638,13.0,fungsi,2026-04-22
6639,13.0,fungsi,2026-04-25
6640,13.0,fungsi,2026-04-28
6641,13.0,fungsi,2026-04-29
6642,13.0,limit,2026-05-01
6643,13.0,limit,2026-05-04
6644,13.0,limit,2026-05-05
6645,13.0,limit,2026-05-08
6646,13.0,limit,2026-05-10
6647,13.0,turunan,2026-05-13
6648,13.0,turunan,2026-05-14
6649,13.0,turunan,2026-05-17
6650,13.0,turunan,2026-05-18
6651,13.0,turunan,2026-05-21
6652,13.0,turunan,2026-05-24
6653,13.0,turunan,2026-05-26
6654,13.0,turunan,2026-05-27
6655,13.0,integral,2026-05-30
6656,13.0,integral,2026-06-02
6657,13.0,integral,2026-06-04
6658,13.0,integral,2026-06-06
6659,13.0,integral,2026-06-09
6660,13.0,integral,2026-06-11
6661,13.0,integral,2026-06-12
6662,13.0,integral,2026-06-14
6663,4.0,penjumlahan,2026-01-01
6664,4.0,penjumlahan,2026-01-03
6665,4.0,penjumlahan,2026-01-04
6666,4.0,penjumlahan,2026-01-06
6667,4.0,penjumlahan,2026-01-08
6668,4.0,penjumlahan,2026-01-11
6669,4.0,penjumlahan,2026-01-13
6670,4.0,penjumlahan,2026-01-15
6671,4.0,penjumlahan,2026-01-16
6672,4.0,pengurangan,2026-01-17
6673,4.0,pengurangan,2026-01-19
6674,4.0,pengurangan,2026-01-21
6675,4.0,pengurangan,2026-01-23
6676,4.0,pengurangan,2026-01-24
6677,4.0,pengurangan,2026-01-26
6678,4.0,pengurangan,2026-01-29
6679,4.0,pengurangan,2026-01-30
6680,4.0,perkalian,2026-01-31
6681,4.0,perkalian,2026-02-01
6682,4.0,perkalian,2026-02-02
6683,4.0,perkalian,2026-02-03
6684,4.0,perkalian,2026-02-06
6685,4.0,perkalian,2026-02-07
6686,4.0,perkalian,2026-02-09
6687,4.0,perkalian,2026-02-12
6688,4.0,perkalian,2026-02-15
6689,4.0,pecahan,2026-02-18
6690,4.0,pecahan,2026-02-20
6691,4.0,pecahan,2026-02-22
6692,4.0,pecahan,2026-02-25
6693,4.0,pecahan,2026-02-27
6694,4.0,pecahan,2026-03-01
6695,4.0,pecahan,2026-03-04
6696,4.0,aljabar,2026-03-06
6697,4.0,aljabar,2026-03-09
6698,4.0,aljabar,2026-03-11
6699,4.0,aljabar,2026-03-12
6700,4.0,aljabar,2026-03-14
6701,4.0,aljabar,2026-03-17
6702,4.0,aljabar,2026-03-18
6703,4.0,aljabar,2026-03-19
6704,4.0,limit,2026-03-20
6705,4.0,limit,2026-03-21
6706,4.0,limit,2026-03-22
6707,4.0,limit,2026-03-25
6708,4.0,limit,2026-03-27
6709,4.0,limit,2026-03-28
6710,7.0,penjumlahan,2026-01-01
6711,7.0,penjumlahan,2026-01-04
6712,7.0,penjumlahan,2026-01-07
6713,7.0,penjumlahan,2026-01-10
6714,7.0,penjumlahan,2026-01-13
6715,7.0,penjumlahan,2026-01-14
6716,7.0,pengurangan,2026-01-15
6717,7.0,pengurangan,2026-01-18
6718,7.0,pengurangan,2026-01-20
6719,7.0,pengurangan,2026-01-23
6720,7.0,pengurangan,2026-01-25
6721,7.0,pengurangan,2026-01-27
6722,7.0,pengurangan,2026-01-30
6723,7.0,perkalian,2026-01-31
6724,7.0,perkalian,2026-02-01
6725,7.0,perkalian,2026-02-03
6726,7.0,perkalian,2026-02-05
6727,7.0,perkalian,2026-02-07
6728,7.0,perkalian,2026-02-08
6729,7.0,perkalian,2026-02-09
6730,7.0,perkalian,2026-02-10
6731,7.0,perkalian,2026-02-13
6732,7.0,pecahan,2026-02-14
6733,7.0,pecahan,2026-02-16
6734,7.0,pecahan,2026-02-19
6735,7.0,pecahan,2026-02-20
6736,7.0,pecahan,2026-02-22
6737,7.0,pecahan,2026-02-25
6738,7.0,pecahan,2026-02-27
6739,7.0,pecahan,2026-02-28
6740,7.0,pecahan,2026-03-03
6741,7.0,aljabar,2026-03-05
6742,7.0,aljabar,2026-03-06
6743,7.0,aljabar,2026-03-09
6744,7.0,aljabar,2026-03-12
6745,7.0,aljabar,2026-03-15
6746,7.0,aljabar,2026-03-18
6747,7.0,aljabar,2026-03-19
6748,7.0,aljabar,2026-03-22
6749,7.0,aljabar,2026-03-23
6750,7.0,persamaan_linear,2026-03-24
6751,7.0,persamaan_linear,2026-03-27
6752,7.0,persamaan_linear,2026-03-28
6753,7.0,persamaan_linear,2026-03-31
6754,7.0,persamaan_linear,2026-04-03
6755,7.0,persamaan_linear,2026-04-04
6756,7.0,persamaan_linear,2026-04-06
6757,7.0,persamaan_linear,2026-04-09
6758,7.0,persamaan_linear,2026-04-10
6759,7.0,fungsi,2026-04-13
6760,7.0,fungsi,2026-04-16
6761,7.0,fungsi,2026-04-18
6762,7.0,fungsi,2026-04-20
6763,7.0,fungsi,2026-04-22
6764,7.0,fungsi,2026-04-24
6765,7.0,limit,2026-04-26
6766,7.0,limit,2026-04-27
6767,7.0,limit,2026-04-28
6768,7.0,limit,2026-05-01
6769,7.0,limit,2026-05-04
6770,7.0,limit,2026-05-06
6771,7.0,limit,2026-05-09
6772,7.0,limit,2026-05-12
6773,7.0,limit,2026-05-15
6774,7.0,turunan,2026-05-18
6775,7.0,turunan,2026-05-20
6776,7.0,turunan,2026-05-23
6777,7.0,turunan,2026-05-24
6778,7.0,turunan,2026-05-26
6779,7.0,turunan,2026-05-29
6780,7.0,turunan,2026-05-30
6781,7.0,turunan,2026-05-31
6782,7.0,turunan,2026-06-02
6783,18.0,penjumlahan,2026-01-01
6784,18.0,penjumlahan,2026-01-04
6785,18.0,penjumlahan,2026-01-07
6786,18.0,penjumlahan,2026-01-08
6787,18.0,penjumlahan,2026-01-11
6788,18.0,penjumlahan,2026-01-13
6789,18.0,penjumlahan,2026-01-16
6790,18.0,penjumlahan,2026-01-17
6791,18.0,penjumlahan,2026-01-19
6792,18.0,pengurangan,2026-01-20
6793,18.0,pengurangan,2026-01-22
6794,18.0,pengurangan,2026-01-23
6795,18.0,pengurangan,2026-01-25
6796,18.0,pengurangan,2026-01-28
6797,18.0,pengurangan,2026-01-31
6798,18.0,pecahan,2026-02-02
6799,18.0,pecahan,2026-02-04
6800,18.0,pecahan,2026-02-07
6801,18.0,pecahan,2026-02-08
6802,18.0,pecahan,2026-02-11
6803,18.0,pecahan,2026-02-14
6804,18.0,pecahan,2026-02-17
6805,18.0,pecahan,2026-02-19
6806,18.0,pecahan,2026-02-21
6807,18.0,desimal,2026-02-23
6808,18.0,desimal,2026-02-24
6809,18.0,desimal,2026-02-27
6810,18.0,desimal,2026-02-28
6811,18.0,desimal,2026-03-02
6812,18.0,desimal,2026-03-03
6813,18.0,desimal,2026-03-05
6814,18.0,desimal,2026-03-07
6815,18.0,desimal,2026-03-09
6816,18.0,aljabar,2026-03-11
6817,18.0,aljabar,2026-03-14
6818,18.0,aljabar,2026-03-15
6819,18.0,aljabar,2026-03-18
6820,18.0,aljabar,2026-03-20
6821,18.0,aljabar,2026-03-21
6822,18.0,aljabar,2026-03-22
6823,18.0,aljabar,2026-03-24
6824,18.0,aljabar,2026-03-27
6825,18.0,fungsi,2026-03-30
6826,18.0,fungsi,2026-04-02
6827,18.0,fungsi,2026-04-04
6828,18.0,fungsi,2026-04-05
6829,18.0,fungsi,2026-04-06
6830,18.0,fungsi,2026-04-07
6831,18.0,fungsi,2026-04-08
6832,18.0,fungsi,2026-04-09
6833,18.0,limit,2026-04-10
6834,18.0,limit,2026-04-12
6835,18.0,limit,2026-04-13
6836,18.0,limit,2026-04-16
6837,18.0,limit,2026-04-18
6838,18.0,limit,2026-04-20
6839,18.0,limit,2026-04-21
6840,18.0,limit,2026-04-22
6841,18.0,turunan,2026-04-24
6842,18.0,turunan,2026-04-26
6843,18.0,turunan,2026-04-28
6844,18.0,turunan,2026-04-30
6845,18.0,turunan,2026-05-03
6846,18.0,turunan,2026-05-04
6847,18.0,turunan,2026-05-06
6848,18.0,turunan,2026-05-07
6849,5.0,penjumlahan,2026-01-01
6850,5.0,penjumlahan,2026-01-04
6851,5.0,penjumlahan,2026-01-07
6852,5.0,penjumlahan,2026-01-09
6853,5.0,penjumlahan,2026-01-11
6854,5.0,penjumlahan,2026-01-12
6855,5.0,penjumlahan,2026-01-13
6856,5.0,penjumlahan,2026-01-14
6857,5.0,penjumlahan,2026-01-16
6858,5.0,pengurangan,2026-01-19
6859,5.0,pengurangan,2026-01-20
6860,5.0,pengurangan,2026-01-23
6861,5.0,pengurangan,2026-01-26
6862,5.0,pengurangan,2026-01-27
6863,5.0,pengurangan,2026-01-28
6864,5.0,pengurangan,2026-01-30
6865,5.0,pengurangan,2026-02-01
6866,5.0,perkalian,2026-02-02
6867,5.0,perkalian,2026-02-04
6868,5.0,perkalian,2026-02-05
6869,5.0,perkalian,2026-02-06
6870,5.0,perkalian,2026-02-09
6871,5.0,perkalian,2026-02-10
6872,5.0,perkalian,2026-02-13
6873,5.0,perkalian,2026-02-16
6874,5.0,perkalian,2026-02-18
6875,5.0,pecahan,2026-02-20
6876,5.0,pecahan,2026-02-23
6877,5.0,pecahan,2026-02-26
6878,5.0,pecahan,2026-02-27
6879,5.0,pecahan,2026-03-01
6880,5.0,desimal,2026-03-04
6881,5.0,desimal,2026-03-06
6882,5.0,desimal,2026-03-08
6883,5.0,desimal,2026-03-09
6884,5.0,desimal,2026-03-11
6885,5.0,desimal,2026-03-14
6886,5.0,desimal,2026-03-16
6887,5.0,aljabar,2026-03-19
6888,5.0,aljabar,2026-03-21
6889,5.0,aljabar,2026-03-22
6890,5.0,aljabar,2026-03-24
6891,5.0,aljabar,2026-03-25
6892,5.0,aljabar,2026-03-26
6893,5.0,persamaan_linear,2026-03-27
6894,5.0,persamaan_linear,2026-03-30
6895,5.0,persamaan_linear,2026-04-01
6896,5.0,persamaan_linear,2026-04-02
6897,5.0,persamaan_linear,2026-04-04
6898,5.0,persamaan_linear,2026-04-07
6899,5.0,fungsi,2026-04-09
6900,5.0,fungsi,2026-04-10
6901,5.0,fungsi,2026-04-12
6902,5.0,fungsi,2026-04-15
6903,5.0,fungsi,2026-04-16
6904,5.0,fungsi,2026-04-19
6905,5.0,fungsi,2026-04-20
6906,5.0,limit,2026-04-23
6907,5.0,limit,2026-04-24
6908,5.0,limit,2026-04-26
6909,5.0,limit,2026-04-28
6910,5.0,limit,2026-04-30
6911,5.0,limit,2026-05-01
6912,5.0,limit,2026-05-04
6913,5.0,limit,2026-05-06
6914,5.0,integral,2026-05-08
6915,5.0,integral,2026-05-10
6916,5.0,integral,2026-05-12
6917,5.0,integral,2026-05-13
6918,5.0,integral,2026-05-16
6919,5.0,integral,2026-05-17
6920,5.0,integral,2026-05-20
6921,5.0,integral,2026-05-21
6922,5.0,integral,2026-05-24
6923,6.0,penjumlahan,2026-01-01
6924,6.0,penjumlahan,2026-01-04
6925,6.0,penjumlahan,2026-01-06
6926,6.0,penjumlahan,2026-01-09
6927,6.0,penjumlahan,2026-01-10
6928,6.0,pengurangan,2026-01-13
6929,6.0,pengurangan,2026-01-15
6930,6.0,pengurangan,2026-01-18
6931,6.0,pengurangan,2026-01-21
6932,6.0,pengurangan,2026-01-24
6933,6.0,pengurangan,2026-01-25
6934,6.0,pengurangan,2026-01-28
6935,6.0,pengurangan,2026-01-31
6936,6.0,perkalian,2026-02-01
6937,6.0,perkalian,2026-02-03
6938,6.0,perkalian,2026-02-04
6939,6.0,perkalian,2026-02-07
6940,6.0,perkalian,2026-02-10
6941,6.0,perkalian,2026-02-11
6942,6.0,pembagian,2026-02-12
6943,6.0,pembagian,2026-02-14
6944,6.0,pembagian,2026-02-15
6945,6.0,pembagian,2026-02-16
6946,6.0,pembagian,2026-02-19
6947,6.0,pembagian,2026-02-21
6948,6.0,pembagian,2026-02-22
6949,6.0,aljabar,2026-02-25
6950,6.0,aljabar,2026-02-27
6951,6.0,aljabar,2026-03-02
6952,6.0,aljabar,2026-03-05
6953,6.0,aljabar,2026-03-08
6954,6.0,fungsi,2026-03-10
6955,6.0,fungsi,2026-03-13
6956,6.0,fungsi,2026-03-15
6957,6.0,fungsi,2026-03-18
6958,6.0,fungsi,2026-03-21
6959,6.0,fungsi,2026-03-22
6960,6.0,fungsi,2026-03-23
6961,6.0,fungsi,2026-03-24
6962,6.0,fungsi,2026-03-26
6963,6.0,limit,2026-03-29
6964,6.0,limit,2026-03-31
6965,6.0,limit,2026-04-01
6966,6.0,limit,2026-04-02
6967,6.0,limit,2026-04-05
6968,6.0,limit,2026-04-07
6969,6.0,limit,2026-04-10
6970,6.0,integral,2026-04-11
6971,6.0,integral,2026-04-13
6972,6.0,integral,2026-04-15
6973,6.0,integral,2026-04-18
6974,6.0,integral,2026-04-21
6975,15.0,penjumlahan,2026-01-01
6976,15.0,penjumlahan,2026-01-02
6977,15.0,penjumlahan,2026-01-03
6978,15.0,penjumlahan,2026-01-05
6979,15.0,penjumlahan,2026-01-07
6980,15.0,penjumlahan,2026-01-08
6981,15.0,penjumlahan,2026-01-09
6982,15.0,pengurangan,2026-01-10
6983,15.0,pengurangan,2026-01-11
6984,15.0,pengurangan,2026-01-14
6985,15.0,pengurangan,2026-01-15
6986,15.0,pengurangan,2026-01-17
6987,15.0,perkalian,2026-01-20
6988,15.0,perkalian,2026-01-23
6989,15.0,perkalian,2026-01-25
6990,15.0,perkalian,2026-01-28
6991,15.0,perkalian,2026-01-29
6992,15.0,perkalian,2026-02-01
6993,15.0,perkalian,2026-02-03
6994,15.0,pecahan,2026-02-06
6995,15.0,pecahan,2026-02-09
6996,15.0,pecahan,2026-02-12
6997,15.0,pecahan,2026-02-15
6998,15.0,pecahan,2026-02-16
6999,15.0,pecahan,2026-02-17
7000,15.0,pecahan,2026-02-20
7001,15.0,pecahan,2026-02-22
7002,15.0,desimal,2026-02-24
7003,15.0,desimal,2026-02-26
7004,15.0,desimal,2026-03-01
7005,15.0,desimal,2026-03-02
7006,15.0,desimal,2026-03-05
7007,15.0,desimal,2026-03-08
7008,15.0,aljabar,2026-03-10
7009,15.0,aljabar,2026-03-11
7010,15.0,aljabar,2026-03-14
7011,15.0,aljabar,2026-03-16
7012,15.0,aljabar,2026-03-17
7013,15.0,aljabar,2026-03-19
7014,15.0,aljabar,2026-03-20
7015,15.0,aljabar,2026-03-22
7016,15.0,aljabar,2026-03-25
7017,15.0,persamaan_linear,2026-03-27
7018,15.0,persamaan_linear,2026-03-30
7019,15.0,persamaan_linear,2026-03-31
7020,15.0,persamaan_linear,2026-04-03
7021,15.0,persamaan_linear,2026-04-04
7022,15.0,fungsi,2026-04-07
7023,15.0,fungsi,2026-04-09
7024,15.0,fungsi,2026-04-11
7025,15.0,fungsi,2026-04-12
7026,15.0,fungsi,2026-04-13
7027,15.0,turunan,2026-04-16
7028,15.0,turunan,2026-04-17
7029,15.0,turunan,2026-04-19
7030,15.0,turunan,2026-04-20
7031,15.0,turunan,2026-04-23
7032,15.0,turunan,2026-04-24
7033,15.0,integral,2026-04-27
7034,15.0,integral,2026-04-28
7035,15.0,integral,2026-04-30
7036,15.0,integral,2026-05-02
7037,15.0,integral,2026-05-04
7038,3.0,penjumlahan,2026-01-01
7039,3.0,penjumlahan,2026-01-03
7040,3.0,penjumlahan,2026-01-06
7041,3.0,penjumlahan,2026-01-07
7042,3.0,penjumlahan,2026-01-08
7043,3.0,penjumlahan,2026-01-09
7044,3.0,pengurangan,2026-01-11
7045,3.0,pengurangan,2026-01-13
7046,3.0,pengurangan,2026-01-15
7047,3.0,pengurangan,2026-01-18
7048,3.0,pengurangan,2026-01-21
7049,3.0,pengurangan,2026-01-23
7050,3.0,pengurangan,2026-01-26
7051,3.0,perkalian,2026-01-27
7052,3.0,perkalian,2026-01-29
7053,3.0,perkalian,2026-02-01
7054,3.0,perkalian,2026-02-02
7055,3.0,perkalian,2026-02-03
7056,3.0,perkalian,2026-02-06
7057,3.0,perkalian,2026-02-08
7058,3.0,perkalian,2026-02-09
7059,3.0,perkalian,2026-02-12
7060,3.0,pembagian,2026-02-15
7061,3.0,pembagian,2026-02-17
7062,3.0,pembagian,2026-02-19
7063,3.0,pembagian,2026-02-20
7064,3.0,pembagian,2026-02-22
7065,3.0,pembagian,2026-02-24
7066,3.0,pembagian,2026-02-27
7067,3.0,pembagian,2026-03-01
7068,3.0,pecahan,2026-03-03
7069,3.0,pecahan,2026-03-04
7070,3.0,pecahan,2026-03-06
7071,3.0,pecahan,2026-03-08
7072,3.0,pecahan,2026-03-11
7073,3.0,pecahan,2026-03-13
7074,3.0,pecahan,2026-03-15
7075,3.0,pecahan,2026-03-18
7076,3.0,desimal,2026-03-20
7077,3.0,desimal,2026-03-21
7078,3.0,desimal,2026-03-22
7079,3.0,desimal,2026-03-23
7080,3.0,desimal,2026-03-24
7081,3.0,desimal,2026-03-25
7082,3.0,desimal,2026-03-27
7083,3.0,desimal,2026-03-30
7084,3.0,aljabar,2026-04-01
7085,3.0,aljabar,2026-04-03
7086,3.0,aljabar,2026-04-04
7087,3.0,aljabar,2026-04-05
7088,3.0,aljabar,2026-04-06
7089,3.0,aljabar,2026-04-08
7090,3.0,aljabar,2026-04-09
7091,3.0,aljabar,2026-04-11
7092,3.0,aljabar,2026-04-12
7093,3.0,persamaan_linear,2026-04-14
7094,3.0,persamaan_linear,2026-04-17
7095,3.0,persamaan_linear,2026-04-18
7096,3.0,persamaan_linear,2026-04-19
7097,3.0,persamaan_linear,2026-04-20
7098,3.0,persamaan_linear,2026-04-23
7099,3.0,persamaan_linear,2026-04-24
7100,3.0,persamaan_linear,2026-04-25
7101,3.0,persamaan_linear,2026-04-26
7102,3.0,fungsi,2026-04-27
7103,3.0,fungsi,2026-04-28
7104,3.0,fungsi,2026-05-01
7105,3.0,fungsi,2026-05-03
7106,3.0,fungsi,2026-05-06
7107,3.0,fungsi,2026-05-07
7108,3.0,fungsi,2026-05-10
7109,3.0,limit,2026-05-11
7110,3.0,limit,2026-05-13
7111,3.0,limit,2026-05-14
7112,3.0,limit,2026-05-17
7113,3.0,limit,2026-05-18
7114,3.0,turunan,2026-05-21
7115,3.0,turunan,2026-05-22
7116,3.0,turunan,2026-05-24
7117,3.0,turunan,2026-05-25
7118,3.0,turunan,2026-05-27
7119,3.0,turunan,2026-05-30
7120,3.0,turunan,2026-06-01
7121,3.0,turunan,2026-06-02
7122,3.0,turunan,2026-06-03
7123,3.0,integral,2026-06-05
7124,3.0,integral,2026-06-07
7125,3.0,integral,2026-06-09
7126,3.0,integral,2026-06-12
7127,3.0,integral,2026-06-14
7128,18.0,penjumlahan,2026-01-01
7129,18.0,penjumlahan,2026-01-03
7130,18.0,penjumlahan,2026-01-04
7131,18.0,penjumlahan,2026-01-05
7132,18.0,penjumlahan,2026-01-06
7133,18.0,pengurangan,2026-01-09
7134,18.0,pengurangan,2026-01-12
7135,18.0,pengurangan,2026-01-13
7136,18.0,pengurangan,2026-01-14
7137,18.0,pengurangan,2026-01-15
7138,18.0,perkalian,2026-01-18
7139,18.0,perkalian,2026-01-20
7140,18.0,perkalian,2026-01-21
7141,18.0,perkalian,2026-01-22
7142,18.0,perkalian,2026-01-24
7143,18.0,perkalian,2026-01-25
7144,18.0,perkalian,2026-01-28
7145,18.0,perkalian,2026-01-31
7146,18.0,perkalian,2026-02-02
7147,18.0,pecahan,2026-02-05
7148,18.0,pecahan,2026-02-07
7149,18.0,pecahan,2026-02-08
7150,18.0,pecahan,2026-02-10
7151,18.0,pecahan,2026-02-12
7152,18.0,pecahan,2026-02-13
7153,18.0,pecahan,2026-02-15
7154,18.0,pecahan,2026-02-17
7155,18.0,desimal,2026-02-19
7156,18.0,desimal,2026-02-21
7157,18.0,desimal,2026-02-22
7158,18.0,desimal,2026-02-24
7159,18.0,desimal,2026-02-25
7160,18.0,desimal,2026-02-28
7161,18.0,desimal,2026-03-02
7162,18.0,desimal,2026-03-04
7163,18.0,aljabar,2026-03-07
7164,18.0,aljabar,2026-03-08
7165,18.0,aljabar,2026-03-09
7166,18.0,aljabar,2026-03-12
7167,18.0,aljabar,2026-03-14
7168,18.0,aljabar,2026-03-17
7169,18.0,aljabar,2026-03-18
7170,18.0,aljabar,2026-03-21
7171,18.0,aljabar,2026-03-22
7172,18.0,persamaan_linear,2026-03-25
7173,18.0,persamaan_linear,2026-03-26
7174,18.0,persamaan_linear,2026-03-28
7175,18.0,persamaan_linear,2026-03-30
7176,18.0,persamaan_linear,2026-03-31
7177,18.0,persamaan_linear,2026-04-03
7178,18.0,persamaan_linear,2026-04-06
7179,18.0,integral,2026-04-08
7180,18.0,integral,2026-04-11
7181,18.0,integral,2026-04-12
7182,18.0,integral,2026-04-13
7183,18.0,integral,2026-04-16
7184,18.0,integral,2026-04-17
7185,18.0,integral,2026-04-20
7186,2.0,penjumlahan,2026-01-01
7187,2.0,penjumlahan,2026-01-03
7188,2.0,penjumlahan,2026-01-05
7189,2.0,penjumlahan,2026-01-08
7190,2.0,penjumlahan,2026-01-11
7191,2.0,penjumlahan,2026-01-12
7192,2.0,penjumlahan,2026-01-13
7193,2.0,pengurangan,2026-01-14
7194,2.0,pengurangan,2026-01-15
7195,2.0,pengurangan,2026-01-18
7196,2.0,pengurangan,2026-01-19
7197,2.0,pengurangan,2026-01-22
7198,2.0,pengurangan,2026-01-25
7199,2.0,pengurangan,2026-01-28
7200,2.0,pengurangan,2026-01-31
7201,2.0,pengurangan,2026-02-02
7202,2.0,desimal,2026-02-05
7203,2.0,desimal,2026-02-08
7204,2.0,desimal,2026-02-09
7205,2.0,desimal,2026-02-10
7206,2.0,desimal,2026-02-12
7207,2.0,desimal,2026-02-13
7208,2.0,desimal,2026-02-14
7209,2.0,fungsi,2026-02-17
7210,2.0,fungsi,2026-02-20
7211,2.0,fungsi,2026-02-23
7212,2.0,fungsi,2026-02-25
7213,2.0,fungsi,2026-02-27
7214,2.0,limit,2026-03-01
7215,2.0,limit,2026-03-02
7216,2.0,limit,2026-03-04
7217,2.0,limit,2026-03-07
7218,2.0,limit,2026-03-08
7219,2.0,limit,2026-03-10
7220,2.0,limit,2026-03-12
7221,2.0,turunan,2026-03-14
7222,2.0,turunan,2026-03-17
7223,2.0,turunan,2026-03-20
7224,2.0,turunan,2026-03-21
7225,2.0,turunan,2026-03-22
7226,2.0,turunan,2026-03-24
7227,2.0,turunan,2026-03-26
7228,2.0,turunan,2026-03-28
7229,2.0,turunan,2026-03-30
7230,2.0,integral,2026-03-31
7231,2.0,integral,2026-04-02
7232,2.0,integral,2026-04-05
7233,2.0,integral,2026-04-07
7234,2.0,integral,2026-04-09
7235,3.0,penjumlahan,2026-01-01
7236,3.0,penjumlahan,2026-01-02
7237,3.0,penjumlahan,2026-01-05
7238,3.0,penjumlahan,2026-01-07
7239,3.0,penjumlahan,2026-01-10
7240,3.0,penjumlahan,2026-01-11
7241,3.0,pengurangan,2026-01-13
7242,3.0,pengurangan,2026-01-14
7243,3.0,pengurangan,2026-01-15
7244,3.0,pengurangan,2026-01-16
7245,3.0,pengurangan,2026-01-18
7246,3.0,pengurangan,2026-01-21
7247,3.0,pengurangan,2026-01-23
7248,3.0,pengurangan,2026-01-26
7249,3.0,pembagian,2026-01-27
7250,3.0,pembagian,2026-01-30
7251,3.0,pembagian,2026-01-31
7252,3.0,pembagian,2026-02-02
7253,3.0,pembagian,2026-02-03
7254,3.0,pecahan,2026-02-04
7255,3.0,pecahan,2026-02-06
7256,3.0,pecahan,2026-02-07
7257,3.0,pecahan,2026-02-09
7258,3.0,pecahan,2026-02-12
7259,3.0,pecahan,2026-02-14
7260,3.0,desimal,2026-02-15
7261,3.0,desimal,2026-02-17
7262,3.0,desimal,2026-02-19
7263,3.0,desimal,2026-02-20
7264,3.0,desimal,2026-02-23
7265,3.0,desimal,2026-02-24
7266,3.0,fungsi,2026-02-27
7267,3.0,fungsi,2026-03-02
7268,3.0,fungsi,2026-03-04
7269,3.0,fungsi,2026-03-05
7270,3.0,fungsi,2026-03-07
7271,3.0,fungsi,2026-03-09
7272,3.0,fungsi,2026-03-12
7273,3.0,fungsi,2026-03-14
7274,3.0,limit,2026-03-16
7275,3.0,limit,2026-03-17
7276,3.0,limit,2026-03-19
7277,3.0,limit,2026-03-20
7278,3.0,limit,2026-03-22
7279,3.0,limit,2026-03-23
7280,3.0,limit,2026-03-26
7281,3.0,limit,2026-03-28
7282,3.0,turunan,2026-03-29
7283,3.0,turunan,2026-03-30
7284,3.0,turunan,2026-04-02
7285,3.0,turunan,2026-04-04
7286,3.0,turunan,2026-04-07
7287,3.0,turunan,2026-04-09
7288,3.0,integral,2026-04-10
7289,3.0,integral,2026-04-12
7290,3.0,integral,2026-04-14
7291,3.0,integral,2026-04-17
7292,3.0,integral,2026-04-20
7293,3.0,integral,2026-04-21
7294,3.0,integral,2026-04-22
7295,3.0,integral,2026-04-24
7296,3.0,integral,2026-04-26
7297,6.0,penjumlahan,2026-01-01
7298,6.0,penjumlahan,2026-01-04
7299,6.0,penjumlahan,2026-01-06
7300,6.0,penjumlahan,2026-01-07
7301,6.0,penjumlahan,2026-01-10
7302,6.0,penjumlahan,2026-01-13
7303,6.0,penjumlahan,2026-01-15
7304,6.0,penjumlahan,2026-01-16
7305,6.0,pengurangan,2026-01-19
7306,6.0,pengurangan,2026-01-20
7307,6.0,pengurangan,2026-01-23
7308,6.0,pengurangan,2026-01-26
7309,6.0,pengurangan,2026-01-28
7310,6.0,pengurangan,2026-01-30
7311,6.0,pengurangan,2026-01-31
7312,6.0,perkalian,2026-02-01
7313,6.0,perkalian,2026-02-02
7314,6.0,perkalian,2026-02-03
7315,6.0,perkalian,2026-02-05
7316,6.0,perkalian,2026-02-06
7317,6.0,pembagian,2026-02-07
7318,6.0,pembagian,2026-02-10
7319,6.0,pembagian,2026-02-11
7320,6.0,pembagian,2026-02-13
7321,6.0,pembagian,2026-02-15
7322,6.0,pecahan,2026-02-17
7323,6.0,pecahan,2026-02-18
7324,6.0,pecahan,2026-02-20
7325,6.0,pecahan,2026-02-23
7326,6.0,pecahan,2026-02-26
7327,6.0,persamaan_linear,2026-02-27
7328,6.0,persamaan_linear,2026-03-02
7329,6.0,persamaan_linear,2026-03-05
7330,6.0,persamaan_linear,2026-03-07
7331,6.0,persamaan_linear,2026-03-09
7332,6.0,fungsi,2026-03-10
7333,6.0,fungsi,2026-03-12
7334,6.0,fungsi,2026-03-14
7335,6.0,fungsi,2026-03-15
7336,6.0,fungsi,2026-03-17
7337,6.0,limit,2026-03-18
7338,6.0,limit,2026-03-19
7339,6.0,limit,2026-03-22
7340,6.0,limit,2026-03-24
7341,6.0,limit,2026-03-27
7342,6.0,limit,2026-03-28
7343,6.0,turunan,2026-03-30
7344,6.0,turunan,2026-04-02
7345,6.0,turunan,2026-04-04
7346,6.0,turunan,2026-04-07
7347,6.0,turunan,2026-04-10
7348,6.0,turunan,2026-04-12
7349,6.0,turunan,2026-04-14
7350,6.0,turunan,2026-04-16
7351,6.0,turunan,2026-04-18
7352,16.0,penjumlahan,2026-01-01
7353,16.0,penjumlahan,2026-01-04
7354,16.0,penjumlahan,2026-01-05
7355,16.0,penjumlahan,2026-01-08
7356,16.0,penjumlahan,2026-01-10
7357,16.0,pengurangan,2026-01-12
7358,16.0,pengurangan,2026-01-13
7359,16.0,pengurangan,2026-01-15
7360,16.0,pengurangan,2026-01-16
7361,16.0,pengurangan,2026-01-19
7362,16.0,pengurangan,2026-01-22
7363,16.0,pengurangan,2026-01-25
7364,16.0,pengurangan,2026-01-28
7365,16.0,pengurangan,2026-01-31
7366,16.0,perkalian,2026-02-02
7367,16.0,perkalian,2026-02-05
7368,16.0,perkalian,2026-02-06
7369,16.0,perkalian,2026-02-07
7370,16.0,perkalian,2026-02-10
7371,16.0,perkalian,2026-02-13
7372,16.0,perkalian,2026-02-16
7373,16.0,pembagian,2026-02-19
7374,16.0,pembagian,2026-02-21
7375,16.0,pembagian,2026-02-24
7376,16.0,pembagian,2026-02-25
7377,16.0,pembagian,2026-02-28
7378,16.0,pembagian,2026-03-02
7379,16.0,desimal,2026-03-05
7380,16.0,desimal,2026-03-08
7381,16.0,desimal,2026-03-11
7382,16.0,desimal,2026-03-14
7383,16.0,desimal,2026-03-16
7384,16.0,desimal,2026-03-19
7385,16.0,desimal,2026-03-21
7386,16.0,desimal,2026-03-24
7387,16.0,desimal,2026-03-26
7388,16.0,aljabar,2026-03-28
7389,16.0,aljabar,2026-03-31
7390,16.0,aljabar,2026-04-02
7391,16.0,aljabar,2026-04-03
7392,16.0,aljabar,2026-04-06
7393,16.0,fungsi,2026-04-09
7394,16.0,fungsi,2026-04-11
7395,16.0,fungsi,2026-04-13
7396,16.0,fungsi,2026-04-14
7397,16.0,fungsi,2026-04-16
7398,16.0,fungsi,2026-04-17
7399,16.0,fungsi,2026-04-19
7400,16.0,fungsi,2026-04-22
7401,16.0,fungsi,2026-04-25
7402,16.0,limit,2026-04-27
7403,16.0,limit,2026-04-30
7404,16.0,limit,2026-05-02
7405,16.0,limit,2026-05-05
7406,16.0,limit,2026-05-07
7407,16.0,limit,2026-05-08
7408,16.0,limit,2026-05-11
7409,16.0,limit,2026-05-14
7410,16.0,turunan,2026-05-17
7411,16.0,turunan,2026-05-19
7412,16.0,turunan,2026-05-20
7413,16.0,turunan,2026-05-21
7414,16.0,turunan,2026-05-23
7415,16.0,turunan,2026-05-24
7416,16.0,turunan,2026-05-26
7417,16.0,turunan,2026-05-27
7418,16.0,turunan,2026-05-28
7419,7.0,penjumlahan,2026-01-01
7420,7.0,penjumlahan,2026-01-04
7421,7.0,penjumlahan,2026-01-05
7422,7.0,penjumlahan,2026-01-06
7423,7.0,penjumlahan,2026-01-08
7424,7.0,penjumlahan,2026-01-09
7425,7.0,pengurangan,2026-01-11
7426,7.0,pengurangan,2026-01-13
7427,7.0,pengurangan,2026-01-15
7428,7.0,pengurangan,2026-01-17
7429,7.0,pengurangan,2026-01-20
7430,7.0,pengurangan,2026-01-22
7431,7.0,aljabar,2026-01-25
7432,7.0,aljabar,2026-01-27
7433,7.0,aljabar,2026-01-30
7434,7.0,aljabar,2026-01-31
7435,7.0,aljabar,2026-02-02
7436,7.0,aljabar,2026-02-04
7437,7.0,aljabar,2026-02-06
7438,7.0,fungsi,2026-02-07
7439,7.0,fungsi,2026-02-10
7440,7.0,fungsi,2026-02-11
7441,7.0,fungsi,2026-02-14
7442,7.0,fungsi,2026-02-17
7443,7.0,fungsi,2026-02-20
7444,7.0,fungsi,2026-02-23
7445,7.0,limit,2026-02-25
7446,7.0,limit,2026-02-26
7447,7.0,limit,2026-02-27
7448,7.0,limit,2026-03-01
7449,7.0,limit,2026-03-04
7450,7.0,limit,2026-03-07
7451,7.0,turunan,2026-03-08
7452,7.0,turunan,2026-03-09
7453,7.0,turunan,2026-03-12
7454,7.0,turunan,2026-03-15
7455,7.0,turunan,2026-03-18
7456,7.0,turunan,2026-03-19
7457,7.0,integral,2026-03-21
7458,7.0,integral,2026-03-22
7459,7.0,integral,2026-03-24
7460,7.0,integral,2026-03-26
7461,7.0,integral,2026-03-27
7462,7.0,integral,2026-03-30
7463,2.0,penjumlahan,2026-01-01
7464,2.0,penjumlahan,2026-01-04
7465,2.0,penjumlahan,2026-01-07
7466,2.0,penjumlahan,2026-01-08
7467,2.0,penjumlahan,2026-01-09
7468,2.0,pengurangan,2026-01-11
7469,2.0,pengurangan,2026-01-14
7470,2.0,pengurangan,2026-01-16
7471,2.0,pengurangan,2026-01-18
7472,2.0,pengurangan,2026-01-19
7473,2.0,perkalian,2026-01-21
7474,2.0,perkalian,2026-01-24
7475,2.0,perkalian,2026-01-27
7476,2.0,perkalian,2026-01-28
7477,2.0,perkalian,2026-01-31
7478,2.0,pecahan,2026-02-01
7479,2.0,pecahan,2026-02-03
7480,2.0,pecahan,2026-02-06
7481,2.0,pecahan,2026-02-07
7482,2.0,pecahan,2026-02-08
7483,2.0,pecahan,2026-02-11
7484,2.0,pecahan,2026-02-12
7485,2.0,pecahan,2026-02-13
7486,2.0,desimal,2026-02-15
7487,2.0,desimal,2026-02-17
7488,2.0,desimal,2026-02-20
7489,2.0,desimal,2026-02-23
7490,2.0,desimal,2026-02-25
7491,2.0,desimal,2026-02-28
7492,2.0,persamaan_linear,2026-03-03
7493,2.0,persamaan_linear,2026-03-04
7494,2.0,persamaan_linear,2026-03-06
7495,2.0,persamaan_linear,2026-03-08
7496,2.0,persamaan_linear,2026-03-10
7497,2.0,persamaan_linear,2026-03-11
7498,2.0,persamaan_linear,2026-03-14
7499,2.0,persamaan_linear,2026-03-15
7500,2.0,persamaan_linear,2026-03-18
7501,2.0,fungsi,2026-03-21
7502,2.0,fungsi,2026-03-22
7503,2.0,fungsi,2026-03-25
7504,2.0,fungsi,2026-03-27
7505,2.0,fungsi,2026-03-30
7506,2.0,fungsi,2026-04-01
7507,2.0,fungsi,2026-04-02
7508,2.0,fungsi,2026-04-03
7509,13.0,penjumlahan,2026-01-01
7510,13.0,penjumlahan,2026-01-02
7511,13.0,penjumlahan,2026-01-05
7512,13.0,penjumlahan,2026-01-07
7513,13.0,penjumlahan,2026-01-10
7514,13.0,penjumlahan,2026-01-13
7515,13.0,penjumlahan,2026-01-15
7516,13.0,penjumlahan,2026-01-18
7517,13.0,pengurangan,2026-01-19
7518,13.0,pengurangan,2026-01-21
7519,13.0,pengurangan,2026-01-22
7520,13.0,pengurangan,2026-01-25
7521,13.0,pengurangan,2026-01-27
7522,13.0,pengurangan,2026-01-28
7523,13.0,pengurangan,2026-01-30
7524,13.0,pengurangan,2026-01-31
7525,13.0,perkalian,2026-02-02
7526,13.0,perkalian,2026-02-05
7527,13.0,perkalian,2026-02-06
7528,13.0,perkalian,2026-02-09
7529,13.0,perkalian,2026-02-11
7530,13.0,perkalian,2026-02-13
7531,13.0,perkalian,2026-02-15
7532,13.0,perkalian,2026-02-18
7533,13.0,perkalian,2026-02-21
7534,13.0,pecahan,2026-02-23
7535,13.0,pecahan,2026-02-24
7536,13.0,pecahan,2026-02-27
7537,13.0,pecahan,2026-03-01
7538,13.0,pecahan,2026-03-03
7539,13.0,desimal,2026-03-06
7540,13.0,desimal,2026-03-09
7541,13.0,desimal,2026-03-10
7542,13.0,desimal,2026-03-13
7543,13.0,desimal,2026-03-16
7544,13.0,desimal,2026-03-18
7545,13.0,desimal,2026-03-19
7546,13.0,desimal,2026-03-22
7547,13.0,persamaan_linear,2026-03-24
7548,13.0,persamaan_linear,2026-03-25
7549,13.0,persamaan_linear,2026-03-26
7550,13.0,persamaan_linear,2026-03-28
7551,13.0,persamaan_linear,2026-03-30
7552,13.0,persamaan_linear,2026-03-31
7553,13.0,persamaan_linear,2026-04-03
7554,13.0,fungsi,2026-04-05
7555,13.0,fungsi,2026-04-08
7556,13.0,fungsi,2026-04-11
7557,13.0,fungsi,2026-04-13
7558,13.0,fungsi,2026-04-15
7559,13.0,fungsi,2026-04-16
7560,13.0,fungsi,2026-04-18
7561,13.0,fungsi,2026-04-20
7562,13.0,limit,2026-04-22
7563,13.0,limit,2026-04-23
7564,13.0,limit,2026-04-26
7565,13.0,limit,2026-04-29
7566,13.0,limit,2026-04-30
7567,13.0,limit,2026-05-01
7568,13.0,limit,2026-05-03
7569,13.0,limit,2026-05-04
7570,13.0,limit,2026-05-05
7571,13.0,turunan,2026-05-07
7572,13.0,turunan,2026-05-08
7573,13.0,turunan,2026-05-11
7574,13.0,turunan,2026-05-12
7575,13.0,turunan,2026-05-13
7576,13.0,turunan,2026-05-14
7577,13.0,turunan,2026-05-15
7578,13.0,turunan,2026-05-16
7579,13.0,turunan,2026-05-17
7580,13.0,integral,2026-05-20
7581,13.0,integral,2026-05-23
7582,13.0,integral,2026-05-24
7583,13.0,integral,2026-05-25
7584,13.0,integral,2026-05-28
7585,13.0,integral,2026-05-31
7586,13.0,penjumlahan,2026-01-01
7587,13.0,penjumlahan,2026-01-04
7588,13.0,penjumlahan,2026-01-06
7589,13.0,penjumlahan,2026-01-07
7590,13.0,penjumlahan,2026-01-09
7591,13.0,penjumlahan,2026-01-10
7592,13.0,pengurangan,2026-01-13
7593,13.0,pengurangan,2026-01-14
7594,13.0,pengurangan,2026-01-16
7595,13.0,pengurangan,2026-01-17
7596,13.0,pengurangan,2026-01-20
7597,13.0,pengurangan,2026-01-22
7598,13.0,perkalian,2026-01-25
7599,13.0,perkalian,2026-01-26
7600,13.0,perkalian,2026-01-28
7601,13.0,perkalian,2026-01-29
7602,13.0,perkalian,2026-01-30
7603,13.0,perkalian,2026-02-02
7604,13.0,perkalian,2026-02-04
7605,13.0,pembagian,2026-02-07
7606,13.0,pembagian,2026-02-10
7607,13.0,pembagian,2026-02-13
7608,13.0,pembagian,2026-02-14
7609,13.0,pembagian,2026-02-17
7610,13.0,pembagian,2026-02-20
7611,13.0,pembagian,2026-02-22
7612,13.0,pecahan,2026-02-23
7613,13.0,pecahan,2026-02-25
7614,13.0,pecahan,2026-02-28
7615,13.0,pecahan,2026-03-01
7616,13.0,pecahan,2026-03-02
7617,13.0,pecahan,2026-03-05
7618,13.0,desimal,2026-03-08
7619,13.0,desimal,2026-03-11
7620,13.0,desimal,2026-03-12
7621,13.0,desimal,2026-03-13
7622,13.0,desimal,2026-03-16
7623,13.0,desimal,2026-03-17
7624,13.0,aljabar,2026-03-19
7625,13.0,aljabar,2026-03-21
7626,13.0,aljabar,2026-03-23
7627,13.0,aljabar,2026-03-24
7628,13.0,aljabar,2026-03-27
7629,13.0,persamaan_linear,2026-03-29
7630,13.0,persamaan_linear,2026-03-30
7631,13.0,persamaan_linear,2026-03-31
7632,13.0,persamaan_linear,2026-04-02
7633,13.0,persamaan_linear,2026-04-04
7634,13.0,persamaan_linear,2026-04-07
7635,13.0,persamaan_linear,2026-04-08
7636,13.0,fungsi,2026-04-09
7637,13.0,fungsi,2026-04-12
7638,13.0,fungsi,2026-04-13
7639,13.0,fungsi,2026-04-15
7640,13.0,fungsi,2026-04-18
7641,13.0,fungsi,2026-04-21
7642,13.0,fungsi,2026-04-23
7643,13.0,fungsi,2026-04-24
7644,13.0,limit,2026-04-25
7645,13.0,limit,2026-04-28
7646,13.0,limit,2026-04-30
7647,13.0,limit,2026-05-02
7648,13.0,limit,2026-05-03
7649,13.0,limit,2026-05-05
7650,13.0,turunan,2026-05-08
7651,13.0,turunan,2026-05-09
7652,13.0,turunan,2026-05-11
7653,13.0,turunan,2026-05-14
7654,13.0,turunan,2026-05-16
7655,13.0,turunan,2026-05-19
7656,13.0,integral,2026-05-20
7657,13.0,integral,2026-05-21
7658,13.0,integral,2026-05-24
7659,13.0,integral,2026-05-27
7660,13.0,integral,2026-05-29
7661,13.0,integral,2026-05-30
7662,13.0,integral,2026-06-02
7663,13.0,integral,2026-06-04
7664,15.0,penjumlahan,2026-01-01
7665,15.0,penjumlahan,2026-01-04
7666,15.0,penjumlahan,2026-01-07
7667,15.0,penjumlahan,2026-01-08
7668,15.0,penjumlahan,2026-01-09
7669,15.0,pengurangan,2026-01-12
7670,15.0,pengurangan,2026-01-14
7671,15.0,pengurangan,2026-01-17
7672,15.0,pengurangan,2026-01-19
7673,15.0,pengurangan,2026-01-22
7674,15.0,pengurangan,2026-01-25
7675,15.0,pengurangan,2026-01-28
7676,15.0,pengurangan,2026-01-29
7677,15.0,perkalian,2026-02-01
7678,15.0,perkalian,2026-02-03
7679,15.0,perkalian,2026-02-04
7680,15.0,perkalian,2026-02-07
7681,15.0,perkalian,2026-02-10
7682,15.0,perkalian,2026-02-13
7683,15.0,perkalian,2026-02-14
7684,15.0,perkalian,2026-02-16
7685,15.0,pembagian,2026-02-18
7686,15.0,pembagian,2026-02-21
7687,15.0,pembagian,2026-02-24
7688,15.0,pembagian,2026-02-26
7689,15.0,pembagian,2026-03-01
7690,15.0,pembagian,2026-03-02
7691,15.0,pembagian,2026-03-04
7692,15.0,aljabar,2026-03-05
7693,15.0,aljabar,2026-03-08
7694,15.0,aljabar,2026-03-11
7695,15.0,aljabar,2026-03-12
7696,15.0,aljabar,2026-03-14
7697,15.0,aljabar,2026-03-17
7698,15.0,persamaan_linear,2026-03-20
7699,15.0,persamaan_linear,2026-03-23
7700,15.0,persamaan_linear,2026-03-25
7701,15.0,persamaan_linear,2026-03-26
7702,15.0,persamaan_linear,2026-03-28
7703,15.0,persamaan_linear,2026-03-30
7704,15.0,persamaan_linear,2026-04-02
7705,15.0,persamaan_linear,2026-04-05
7706,15.0,turunan,2026-04-06
7707,15.0,turunan,2026-04-07
7708,15.0,turunan,2026-04-08
7709,15.0,turunan,2026-04-09
7710,15.0,turunan,2026-04-10
7711,15.0,turunan,2026-04-13
7712,15.0,turunan,2026-04-16
7713,15.0,turunan,2026-04-19
7714,15.0,integral,2026-04-21
7715,15.0,integral,2026-04-22
7716,15.0,integral,2026-04-23
7717,15.0,integral,2026-04-25
7718,15.0,integral,2026-04-26
7719,15.0,integral,2026-04-28
7720,15.0,integral,2026-05-01
7721,15.0,integral,2026-05-04
7722,14.0,penjumlahan,2026-01-01
7723,14.0,penjumlahan,2026-01-03
7724,14.0,penjumlahan,2026-01-06
7725,14.0,penjumlahan,2026-01-09
7726,14.0,penjumlahan,2026-01-11
7727,14.0,penjumlahan,2026-01-13
7728,14.0,penjumlahan,2026-01-14
7729,14.0,penjumlahan,2026-01-16
7730,14.0,pengurangan,2026-01-18
7731,14.0,pengurangan,2026-01-20
7732,14.0,pengurangan,2026-01-22
7733,14.0,pengurangan,2026-01-24
7734,14.0,pengurangan,2026-01-26
7735,14.0,pengurangan,2026-01-27
7736,14.0,pengurangan,2026-01-28
7737,14.0,pecahan,2026-01-30
7738,14.0,pecahan,2026-02-02
7739,14.0,pecahan,2026-02-04
7740,14.0,pecahan,2026-02-05
7741,14.0,pecahan,2026-02-06
7742,14.0,pecahan,2026-02-08
7743,14.0,pecahan,2026-02-11
7744,14.0,pecahan,2026-02-12
7745,14.0,pecahan,2026-02-14
7746,14.0,desimal,2026-02-17
7747,14.0,desimal,2026-02-20
7748,14.0,desimal,2026-02-21
7749,14.0,desimal,2026-02-24
7750,14.0,desimal,2026-02-26
7751,14.0,desimal,2026-02-27
7752,14.0,persamaan_linear,2026-02-28
7753,14.0,persamaan_linear,2026-03-02
7754,14.0,persamaan_linear,2026-03-03
7755,14.0,persamaan_linear,2026-03-05
7756,14.0,persamaan_linear,2026-03-07
7757,14.0,persamaan_linear,2026-03-09
7758,14.0,persamaan_linear,2026-03-11
7759,14.0,persamaan_linear,2026-03-14
7760,14.0,fungsi,2026-03-16
7761,14.0,fungsi,2026-03-19
7762,14.0,fungsi,2026-03-20
7763,14.0,fungsi,2026-03-23
7764,14.0,fungsi,2026-03-25
7765,14.0,fungsi,2026-03-27
7766,14.0,fungsi,2026-03-29
7767,14.0,limit,2026-03-31
7768,14.0,limit,2026-04-02
7769,14.0,limit,2026-04-03
7770,14.0,limit,2026-04-04
7771,14.0,limit,2026-04-07
7772,5.0,penjumlahan,2026-01-01
7773,5.0,penjumlahan,2026-01-02
7774,5.0,penjumlahan,2026-01-05
7775,5.0,penjumlahan,2026-01-08
7776,5.0,penjumlahan,2026-01-10
7777,5.0,penjumlahan,2026-01-13
7778,5.0,penjumlahan,2026-01-15
7779,5.0,pengurangan,2026-01-17
7780,5.0,pengurangan,2026-01-19
7781,5.0,pengurangan,2026-01-20
7782,5.0,pengurangan,2026-01-21
7783,5.0,pengurangan,2026-01-23
7784,5.0,perkalian,2026-01-24
7785,5.0,perkalian,2026-01-25
7786,5.0,perkalian,2026-01-28
7787,5.0,perkalian,2026-01-31
7788,5.0,perkalian,2026-02-02
7789,5.0,perkalian,2026-02-03
7790,5.0,perkalian,2026-02-06
7791,5.0,perkalian,2026-02-09
7792,5.0,perkalian,2026-02-10
7793,5.0,pembagian,2026-02-13
7794,5.0,pembagian,2026-02-16
7795,5.0,pembagian,2026-02-17
7796,5.0,pembagian,2026-02-20
7797,5.0,pembagian,2026-02-22
7798,5.0,desimal,2026-02-25
7799,5.0,desimal,2026-02-28
7800,5.0,desimal,2026-03-01
7801,5.0,desimal,2026-03-02
7802,5.0,desimal,2026-03-03
7803,5.0,persamaan_linear,2026-03-04
7804,5.0,persamaan_linear,2026-03-07
7805,5.0,persamaan_linear,2026-03-08
7806,5.0,persamaan_linear,2026-03-09
7807,5.0,persamaan_linear,2026-03-11
7808,5.0,persamaan_linear,2026-03-14
7809,5.0,fungsi,2026-03-17
7810,5.0,fungsi,2026-03-19
7811,5.0,fungsi,2026-03-21
7812,5.0,fungsi,2026-03-23
7813,5.0,fungsi,2026-03-26
7814,5.0,fungsi,2026-03-29
7815,5.0,fungsi,2026-04-01
7816,5.0,limit,2026-04-03
7817,5.0,limit,2026-04-04
7818,5.0,limit,2026-04-07
7819,5.0,limit,2026-04-10
7820,5.0,limit,2026-04-13
7821,5.0,turunan,2026-04-14
7822,5.0,turunan,2026-04-17
7823,5.0,turunan,2026-04-18
7824,5.0,turunan,2026-04-21
7825,5.0,turunan,2026-04-23
7826,10.0,penjumlahan,2026-01-01
7827,10.0,penjumlahan,2026-01-04
7828,10.0,penjumlahan,2026-01-06
7829,10.0,penjumlahan,2026-01-09
7830,10.0,penjumlahan,2026-01-12
7831,10.0,penjumlahan,2026-01-13
7832,10.0,pengurangan,2026-01-16
7833,10.0,pengurangan,2026-01-19
7834,10.0,pengurangan,2026-01-22
7835,10.0,pengurangan,2026-01-23
7836,10.0,pengurangan,2026-01-25
7837,10.0,pengurangan,2026-01-27
7838,10.0,pembagian,2026-01-30
7839,10.0,pembagian,2026-02-02
7840,10.0,pembagian,2026-02-04
7841,10.0,pembagian,2026-02-05
7842,10.0,pembagian,2026-02-07
7843,10.0,pecahan,2026-02-09
7844,10.0,pecahan,2026-02-11
7845,10.0,pecahan,2026-02-13
7846,10.0,pecahan,2026-02-16
7847,10.0,pecahan,2026-02-18
7848,10.0,pecahan,2026-02-19
7849,10.0,pecahan,2026-02-22
7850,10.0,pecahan,2026-02-23
7851,10.0,desimal,2026-02-26
7852,10.0,desimal,2026-03-01
7853,10.0,desimal,2026-03-02
7854,10.0,desimal,2026-03-04
7855,10.0,desimal,2026-03-05
7856,10.0,desimal,2026-03-06
7857,10.0,desimal,2026-03-07
7858,10.0,desimal,2026-03-09
7859,10.0,fungsi,2026-03-12
7860,10.0,fungsi,2026-03-14
7861,10.0,fungsi,2026-03-16
7862,10.0,fungsi,2026-03-18
7863,10.0,fungsi,2026-03-21
7864,10.0,turunan,2026-03-24
7865,10.0,turunan,2026-03-25
7866,10.0,turunan,2026-03-26
7867,10.0,turunan,2026-03-29
7868,10.0,turunan,2026-03-30
7869,10.0,turunan,2026-03-31
7870,10.0,turunan,2026-04-02
7871,10.0,turunan,2026-04-05
7872,10.0,turunan,2026-04-08
7873,10.0,integral,2026-04-10
7874,10.0,integral,2026-04-13
7875,10.0,integral,2026-04-14
7876,10.0,integral,2026-04-15
7877,10.0,integral,2026-04-16
7878,10.0,integral,2026-04-18
7879,10.0,integral,2026-04-21
7880,10.0,integral,2026-04-24
7881,10.0,integral,2026-04-26
7882,2.0,penjumlahan,2026-01-01
7883,2.0,penjumlahan,2026-01-04
7884,2.0,penjumlahan,2026-01-07
7885,2.0,penjumlahan,2026-01-10
7886,2.0,penjumlahan,2026-01-11
7887,2.0,penjumlahan,2026-01-13
7888,2.0,penjumlahan,2026-01-16
7889,2.0,penjumlahan,2026-01-19
7890,2.0,penjumlahan,2026-01-22
7891,2.0,pengurangan,2026-01-23
7892,2.0,pengurangan,2026-01-26
7893,2.0,pengurangan,2026-01-27
7894,2.0,pengurangan,2026-01-28
7895,2.0,pengurangan,2026-01-31
7896,2.0,perkalian,2026-02-02
7897,2.0,perkalian,2026-02-04
7898,2.0,perkalian,2026-02-05
7899,2.0,perkalian,2026-02-08
7900,2.0,perkalian,2026-02-09
7901,2.0,perkalian,2026-02-10
7902,2.0,perkalian,2026-02-11
7903,2.0,pecahan,2026-02-12
7904,2.0,pecahan,2026-02-13
7905,2.0,pecahan,2026-02-16
7906,2.0,pecahan,2026-02-19
7907,2.0,pecahan,2026-02-22
7908,2.0,pecahan,2026-02-25
7909,2.0,pecahan,2026-02-27
7910,2.0,pecahan,2026-02-28
7911,2.0,pecahan,2026-03-01
7912,2.0,aljabar,2026-03-02
7913,2.0,aljabar,2026-03-03
7914,2.0,aljabar,2026-03-05
7915,2.0,aljabar,2026-03-06
7916,2.0,aljabar,2026-03-08
7917,2.0,aljabar,2026-03-09
7918,2.0,aljabar,2026-03-10
7919,2.0,limit,2026-03-12
7920,2.0,limit,2026-03-15
7921,2.0,limit,2026-03-17
7922,2.0,limit,2026-03-20
7923,2.0,limit,2026-03-22
7924,2.0,limit,2026-03-25
7925,2.0,limit,2026-03-28
7926,2.0,limit,2026-03-30
7927,2.0,integral,2026-04-02
7928,2.0,integral,2026-04-04
7929,2.0,integral,2026-04-05
7930,2.0,integral,2026-04-06
7931,2.0,integral,2026-04-08
7932,11.0,penjumlahan,2026-01-01
7933,11.0,penjumlahan,2026-01-02
7934,11.0,penjumlahan,2026-01-03
7935,11.0,penjumlahan,2026-01-06
7936,11.0,penjumlahan,2026-01-09
7937,11.0,penjumlahan,2026-01-11
7938,11.0,penjumlahan,2026-01-14
7939,11.0,penjumlahan,2026-01-16
7940,11.0,pengurangan,2026-01-17
7941,11.0,pengurangan,2026-01-18
7942,11.0,pengurangan,2026-01-19
7943,11.0,pengurangan,2026-01-22
7944,11.0,pengurangan,2026-01-24
7945,11.0,pengurangan,2026-01-26
7946,11.0,pengurangan,2026-01-27
7947,11.0,pengurangan,2026-01-30
7948,11.0,perkalian,2026-01-31
7949,11.0,perkalian,2026-02-01
7950,11.0,perkalian,2026-02-04
7951,11.0,perkalian,2026-02-05
7952,11.0,perkalian,2026-02-08
7953,11.0,perkalian,2026-02-10
7954,11.0,perkalian,2026-02-12
7955,11.0,perkalian,2026-02-14
7956,11.0,pembagian,2026-02-15
7957,11.0,pembagian,2026-02-16
7958,11.0,pembagian,2026-02-18
7959,11.0,pembagian,2026-02-21
7960,11.0,pembagian,2026-02-22
7961,11.0,pembagian,2026-02-24
7962,11.0,pembagian,2026-02-26
7963,11.0,desimal,2026-03-01
7964,11.0,desimal,2026-03-03
7965,11.0,desimal,2026-03-05
7966,11.0,desimal,2026-03-08
7967,11.0,desimal,2026-03-11
7968,11.0,desimal,2026-03-13
7969,11.0,desimal,2026-03-15
7970,11.0,desimal,2026-03-18
7971,11.0,persamaan_linear,2026-03-21
7972,11.0,persamaan_linear,2026-03-24
7973,11.0,persamaan_linear,2026-03-27
7974,11.0,persamaan_linear,2026-03-28
7975,11.0,persamaan_linear,2026-03-31
7976,11.0,persamaan_linear,2026-04-03
7977,11.0,fungsi,2026-04-06
7978,11.0,fungsi,2026-04-08
7979,11.0,fungsi,2026-04-09
7980,11.0,fungsi,2026-04-11
7981,11.0,fungsi,2026-04-12
7982,11.0,fungsi,2026-04-15
7983,11.0,limit,2026-04-16
7984,11.0,limit,2026-04-17
7985,11.0,limit,2026-04-19
7986,11.0,limit,2026-04-21
7987,11.0,limit,2026-04-23
7988,11.0,turunan,2026-04-26
7989,11.0,turunan,2026-04-29
7990,11.0,turunan,2026-04-30
7991,11.0,turunan,2026-05-03
7992,11.0,turunan,2026-05-04
7993,11.0,turunan,2026-05-06
7994,11.0,turunan,2026-05-09
7995,11.0,turunan,2026-05-12
7996,11.0,integral,2026-05-14
7997,11.0,integral,2026-05-15
7998,11.0,integral,2026-05-16
7999,11.0,integral,2026-05-17
8000,11.0,integral,2026-05-19
8001,11.0,integral,2026-05-21
8002,2.0,penjumlahan,2026-01-01
8003,2.0,penjumlahan,2026-01-04
8004,2.0,penjumlahan,2026-01-05
8005,2.0,penjumlahan,2026-01-06
8006,2.0,penjumlahan,2026-01-09
8007,2.0,penjumlahan,2026-01-11
8008,2.0,pengurangan,2026-01-13
8009,2.0,pengurangan,2026-01-14
8010,2.0,pengurangan,2026-01-15
8011,2.0,pengurangan,2026-01-18
8012,2.0,pengurangan,2026-01-20
8013,2.0,pengurangan,2026-01-23
8014,2.0,pengurangan,2026-01-26
8015,2.0,pengurangan,2026-01-28
8016,2.0,perkalian,2026-01-29
8017,2.0,perkalian,2026-01-30
8018,2.0,perkalian,2026-01-31
8019,2.0,perkalian,2026-02-03
8020,2.0,perkalian,2026-02-05
8021,2.0,perkalian,2026-02-07
8022,2.0,pecahan,2026-02-09
8023,2.0,pecahan,2026-02-12
8024,2.0,pecahan,2026-02-13
8025,2.0,pecahan,2026-02-16
8026,2.0,pecahan,2026-02-19
8027,2.0,pecahan,2026-02-21
8028,2.0,pecahan,2026-02-24
8029,2.0,aljabar,2026-02-27
8030,2.0,aljabar,2026-03-02
8031,2.0,aljabar,2026-03-03
8032,2.0,aljabar,2026-03-05
8033,2.0,aljabar,2026-03-08
8034,2.0,aljabar,2026-03-09
8035,2.0,aljabar,2026-03-10
8036,2.0,aljabar,2026-03-11
8037,2.0,aljabar,2026-03-13
8038,2.0,persamaan_linear,2026-03-15
8039,2.0,persamaan_linear,2026-03-17
8040,2.0,persamaan_linear,2026-03-20
8041,2.0,persamaan_linear,2026-03-23
8042,2.0,persamaan_linear,2026-03-26
8043,2.0,persamaan_linear,2026-03-27
8044,2.0,persamaan_linear,2026-03-29
8045,2.0,persamaan_linear,2026-03-30
8046,2.0,fungsi,2026-03-31
8047,2.0,fungsi,2026-04-03
8048,2.0,fungsi,2026-04-06
8049,2.0,fungsi,2026-04-07
8050,2.0,fungsi,2026-04-08
8051,2.0,fungsi,2026-04-10
8052,2.0,fungsi,2026-04-12
8053,2.0,fungsi,2026-04-15
8054,2.0,fungsi,2026-04-18
8055,2.0,limit,2026-04-19
8056,2.0,limit,2026-04-21
8057,2.0,limit,2026-04-22
8058,2.0,limit,2026-04-23
8059,2.0,limit,2026-04-26
8060,2.0,limit,2026-04-29
8061,2.0,limit,2026-04-30
8062,2.0,limit,2026-05-01
8063,2.0,limit,2026-05-02
8064,2.0,integral,2026-05-04
8065,2.0,integral,2026-05-06
8066,2.0,integral,2026-05-07
8067,2.0,integral,2026-05-10
8068,2.0,integral,2026-05-13
8069,2.0,integral,2026-05-15
8070,2.0,integral,2026-05-18
8071,2.0,integral,2026-05-20
8072,17.0,penjumlahan,2026-01-01
8073,17.0,penjumlahan,2026-01-03
8074,17.0,penjumlahan,2026-01-05
8075,17.0,penjumlahan,2026-01-07
8076,17.0,penjumlahan,2026-01-08
8077,17.0,penjumlahan,2026-01-09
8078,17.0,penjumlahan,2026-01-10
8079,17.0,penjumlahan,2026-01-11
8080,17.0,penjumlahan,2026-01-12
8081,17.0,pengurangan,2026-01-15
8082,17.0,pengurangan,2026-01-16
8083,17.0,pengurangan,2026-01-19
8084,17.0,pengurangan,2026-01-21
8085,17.0,pengurangan,2026-01-22
8086,17.0,pengurangan,2026-01-25
8087,17.0,pengurangan,2026-01-28
8088,17.0,pengurangan,2026-01-31
8089,17.0,pengurangan,2026-02-02
8090,17.0,perkalian,2026-02-05
8091,17.0,perkalian,2026-02-07
8092,17.0,perkalian,2026-02-09
8093,17.0,perkalian,2026-02-11
8094,17.0,perkalian,2026-02-13
8095,17.0,perkalian,2026-02-16
8096,17.0,pembagian,2026-02-19
8097,17.0,pembagian,2026-02-21
8098,17.0,pembagian,2026-02-22
8099,17.0,pembagian,2026-02-24
8100,17.0,pembagian,2026-02-26
8101,17.0,pembagian,2026-02-28
8102,17.0,pecahan,2026-03-02
8103,17.0,pecahan,2026-03-03
8104,17.0,pecahan,2026-03-05
8105,17.0,pecahan,2026-03-06
8106,17.0,pecahan,2026-03-08
8107,17.0,pecahan,2026-03-10
8108,17.0,pecahan,2026-03-13
8109,17.0,pecahan,2026-03-15
8110,17.0,pecahan,2026-03-17
8111,17.0,desimal,2026-03-18
8112,17.0,desimal,2026-03-20
8113,17.0,desimal,2026-03-22
8114,17.0,desimal,2026-03-25
8115,17.0,desimal,2026-03-26
8116,17.0,desimal,2026-03-28
8117,17.0,desimal,2026-03-31
8118,17.0,desimal,2026-04-03
8119,17.0,desimal,2026-04-06
8120,17.0,persamaan_linear,2026-04-07
8121,17.0,persamaan_linear,2026-04-10
8122,17.0,persamaan_linear,2026-04-11
8123,17.0,persamaan_linear,2026-04-14
8124,17.0,persamaan_linear,2026-04-16
8125,17.0,persamaan_linear,2026-04-18
8126,17.0,persamaan_linear,2026-04-21
8127,17.0,persamaan_linear,2026-04-23
8128,17.0,persamaan_linear,2026-04-25
8129,17.0,fungsi,2026-04-27
8130,17.0,fungsi,2026-04-29
8131,17.0,fungsi,2026-05-01
8132,17.0,fungsi,2026-05-02
8133,17.0,fungsi,2026-05-05
8134,17.0,limit,2026-05-06
8135,17.0,limit,2026-05-09
8136,17.0,limit,2026-05-11
8137,17.0,limit,2026-05-14
8138,17.0,limit,2026-05-16
8139,17.0,limit,2026-05-19
8140,17.0,turunan,2026-05-21
8141,17.0,turunan,2026-05-23
8142,17.0,turunan,2026-05-25
8143,17.0,turunan,2026-05-26
8144,17.0,turunan,2026-05-27
8145,17.0,turunan,2026-05-29
8146,17.0,integral,2026-06-01
8147,17.0,integral,2026-06-04
8148,17.0,integral,2026-06-07
8149,17.0,integral,2026-06-09
8150,17.0,integral,2026-06-10
8151,17.0,integral,2026-06-11
8152,17.0,integral,2026-06-13
8153,2.0,penjumlahan,2026-01-01
8154,2.0,penjumlahan,2026-01-03
8155,2.0,penjumlahan,2026-01-04
8156,2.0,penjumlahan,2026-01-05
8157,2.0,penjumlahan,2026-01-06
8158,2.0,penjumlahan,2026-01-07
8159,2.0,penjumlahan,2026-01-09
8160,2.0,penjumlahan,2026-01-10
8161,2.0,pengurangan,2026-01-13
8162,2.0,pengurangan,2026-01-14
8163,2.0,pengurangan,2026-01-15
8164,2.0,pengurangan,2026-01-17
8165,2.0,pengurangan,2026-01-20
8166,2.0,pengurangan,2026-01-23
8167,2.0,pengurangan,2026-01-26
8168,2.0,pengurangan,2026-01-27
8169,2.0,perkalian,2026-01-28
8170,2.0,perkalian,2026-01-29
8171,2.0,perkalian,2026-02-01
8172,2.0,perkalian,2026-02-02
8173,2.0,perkalian,2026-02-05
8174,2.0,perkalian,2026-02-07
8175,2.0,perkalian,2026-02-09
8176,2.0,perkalian,2026-02-11
8177,2.0,pembagian,2026-02-14
8178,2.0,pembagian,2026-02-16
8179,2.0,pembagian,2026-02-17
8180,2.0,pembagian,2026-02-20
8181,2.0,pembagian,2026-02-21
8182,2.0,pembagian,2026-02-24
8183,2.0,pembagian,2026-02-26
8184,2.0,pecahan,2026-02-27
8185,2.0,pecahan,2026-02-28
8186,2.0,pecahan,2026-03-03
8187,2.0,pecahan,2026-03-04
8188,2.0,pecahan,2026-03-06
8189,2.0,pecahan,2026-03-07
8190,2.0,pecahan,2026-03-09
8191,2.0,aljabar,2026-03-12
8192,2.0,aljabar,2026-03-15
8193,2.0,aljabar,2026-03-17
8194,2.0,aljabar,2026-03-18
8195,2.0,aljabar,2026-03-19
8196,2.0,fungsi,2026-03-22
8197,2.0,fungsi,2026-03-23
8198,2.0,fungsi,2026-03-24
8199,2.0,fungsi,2026-03-27
8200,2.0,fungsi,2026-03-29
8201,2.0,fungsi,2026-03-31
8202,2.0,limit,2026-04-01
8203,2.0,limit,2026-04-04
8204,2.0,limit,2026-04-06
8205,2.0,limit,2026-04-08
8206,2.0,limit,2026-04-10
8207,2.0,limit,2026-04-12
8208,2.0,limit,2026-04-13
8209,2.0,limit,2026-04-14
8210,2.0,limit,2026-04-17
8211,6.0,penjumlahan,2026-01-01
8212,6.0,penjumlahan,2026-01-03
8213,6.0,penjumlahan,2026-01-04
8214,6.0,penjumlahan,2026-01-05
8215,6.0,penjumlahan,2026-01-07
8216,6.0,penjumlahan,2026-01-09
8217,6.0,penjumlahan,2026-01-11
8218,6.0,penjumlahan,2026-01-13
8219,6.0,pengurangan,2026-01-14
8220,6.0,pengurangan,2026-01-17
8221,6.0,pengurangan,2026-01-20
8222,6.0,pengurangan,2026-01-21
8223,6.0,pengurangan,2026-01-23
8224,6.0,perkalian,2026-01-26
8225,6.0,perkalian,2026-01-28
8226,6.0,perkalian,2026-01-29
8227,6.0,perkalian,2026-02-01
8228,6.0,perkalian,2026-02-03
8229,6.0,perkalian,2026-02-04
8230,6.0,perkalian,2026-02-05
8231,6.0,perkalian,2026-02-07
8232,6.0,perkalian,2026-02-08
8233,6.0,pembagian,2026-02-09
8234,6.0,pembagian,2026-02-10
8235,6.0,pembagian,2026-02-12
8236,6.0,pembagian,2026-02-14
8237,6.0,pembagian,2026-02-15
8238,6.0,aljabar,2026-02-16
8239,6.0,aljabar,2026-02-18
8240,6.0,aljabar,2026-02-21
8241,6.0,aljabar,2026-02-24
8242,6.0,aljabar,2026-02-27
8243,6.0,aljabar,2026-03-01
8244,6.0,aljabar,2026-03-03
8245,6.0,aljabar,2026-03-04
8246,6.0,aljabar,2026-03-05
8247,6.0,persamaan_linear,2026-03-06
8248,6.0,persamaan_linear,2026-03-09
8249,6.0,persamaan_linear,2026-03-10
8250,6.0,persamaan_linear,2026-03-12
8251,6.0,persamaan_linear,2026-03-13
8252,6.0,persamaan_linear,2026-03-16
8253,6.0,turunan,2026-03-19
8254,6.0,turunan,2026-03-20
8255,6.0,turunan,2026-03-23
8256,6.0,turunan,2026-03-25
8257,6.0,turunan,2026-03-26
8258,6.0,integral,2026-03-29
8259,6.0,integral,2026-04-01
8260,6.0,integral,2026-04-04
8261,6.0,integral,2026-04-07
8262,6.0,integral,2026-04-08
8263,6.0,integral,2026-04-11
8264,6.0,integral,2026-04-12
8265,20.0,penjumlahan,2026-01-01
8266,20.0,penjumlahan,2026-01-03
8267,20.0,penjumlahan,2026-01-04
8268,20.0,penjumlahan,2026-01-06
8269,20.0,penjumlahan,2026-01-08
8270,20.0,penjumlahan,2026-01-09
8271,20.0,pengurangan,2026-01-10
8272,20.0,pengurangan,2026-01-11
8273,20.0,pengurangan,2026-01-12
8274,20.0,pengurangan,2026-01-15
8275,20.0,pengurangan,2026-01-18
8276,20.0,pengurangan,2026-01-21
8277,20.0,pembagian,2026-01-24
8278,20.0,pembagian,2026-01-27
8279,20.0,pembagian,2026-01-28
8280,20.0,pembagian,2026-01-29
8281,20.0,pembagian,2026-01-30
8282,20.0,pembagian,2026-02-02
8283,20.0,pembagian,2026-02-03
8284,20.0,pembagian,2026-02-06
8285,20.0,aljabar,2026-02-08
8286,20.0,aljabar,2026-02-10
8287,20.0,aljabar,2026-02-12
8288,20.0,aljabar,2026-02-15
8289,20.0,aljabar,2026-02-17
8290,20.0,persamaan_linear,2026-02-19
8291,20.0,persamaan_linear,2026-02-22
8292,20.0,persamaan_linear,2026-02-24
8293,20.0,persamaan_linear,2026-02-25
8294,20.0,persamaan_linear,2026-02-27
8295,20.0,fungsi,2026-03-02
8296,20.0,fungsi,2026-03-04
8297,20.0,fungsi,2026-03-05
8298,20.0,fungsi,2026-03-07
8299,20.0,fungsi,2026-03-10
8300,20.0,fungsi,2026-03-12
8301,20.0,fungsi,2026-03-13
8302,20.0,limit,2026-03-16
8303,20.0,limit,2026-03-19
8304,20.0,limit,2026-03-21
8305,20.0,limit,2026-03-22
8306,20.0,limit,2026-03-25
8307,20.0,limit,2026-03-27
8308,20.0,limit,2026-03-29
8309,20.0,limit,2026-03-31
8310,20.0,limit,2026-04-02
8311,20.0,turunan,2026-04-05
8312,20.0,turunan,2026-04-07
8313,20.0,turunan,2026-04-08
8314,20.0,turunan,2026-04-11
8315,20.0,turunan,2026-04-13
8316,20.0,turunan,2026-04-14
8317,20.0,turunan,2026-04-16
8318,20.0,turunan,2026-04-19
8319,20.0,integral,2026-04-20
8320,20.0,integral,2026-04-23
8321,20.0,integral,2026-04-25
8322,20.0,integral,2026-04-28
8323,20.0,integral,2026-04-29
8324,20.0,integral,2026-05-02
8325,20.0,integral,2026-05-05
8326,20.0,integral,2026-05-07
8327,8.0,penjumlahan,2026-01-01
8328,8.0,penjumlahan,2026-01-04
8329,8.0,penjumlahan,2026-01-06
8330,8.0,penjumlahan,2026-01-07
8331,8.0,penjumlahan,2026-01-10
8332,8.0,penjumlahan,2026-01-11
8333,8.0,penjumlahan,2026-01-13
8334,8.0,pengurangan,2026-01-15
8335,8.0,pengurangan,2026-01-17
8336,8.0,pengurangan,2026-01-20
8337,8.0,pengurangan,2026-01-23
8338,8.0,pengurangan,2026-01-24
8339,8.0,pengurangan,2026-01-26
8340,8.0,pembagian,2026-01-27
8341,8.0,pembagian,2026-01-29
8342,8.0,pembagian,2026-01-30
8343,8.0,pembagian,2026-01-31
8344,8.0,pembagian,2026-02-01
8345,8.0,pembagian,2026-02-04
8346,8.0,pecahan,2026-02-06
8347,8.0,pecahan,2026-02-08
8348,8.0,pecahan,2026-02-10
8349,8.0,pecahan,2026-02-13
8350,8.0,pecahan,2026-02-14
8351,8.0,pecahan,2026-02-17
8352,8.0,pecahan,2026-02-18
8353,8.0,pecahan,2026-02-20
8354,8.0,pecahan,2026-02-23
8355,8.0,desimal,2026-02-25
8356,8.0,desimal,2026-02-27
8357,8.0,desimal,2026-03-01
8358,8.0,desimal,2026-03-03
8359,8.0,desimal,2026-03-04
8360,8.0,desimal,2026-03-05
8361,8.0,desimal,2026-03-07
8362,8.0,desimal,2026-03-08
8363,8.0,desimal,2026-03-10
8364,8.0,aljabar,2026-03-12
8365,8.0,aljabar,2026-03-13
8366,8.0,aljabar,2026-03-15
8367,8.0,aljabar,2026-03-16
8368,8.0,aljabar,2026-03-19
8369,8.0,aljabar,2026-03-21
8370,8.0,persamaan_linear,2026-03-24
8371,8.0,persamaan_linear,2026-03-27
8372,8.0,persamaan_linear,2026-03-29
8373,8.0,persamaan_linear,2026-03-30
8374,8.0,persamaan_linear,2026-04-02
8375,8.0,limit,2026-04-05
8376,8.0,limit,2026-04-07
8377,8.0,limit,2026-04-08
8378,8.0,limit,2026-04-09
8379,8.0,limit,2026-04-12
8380,8.0,limit,2026-04-13
8381,8.0,limit,2026-04-16
8382,8.0,limit,2026-04-17
8383,8.0,integral,2026-04-18
8384,8.0,integral,2026-04-21
8385,8.0,integral,2026-04-24
8386,8.0,integral,2026-04-26
8387,8.0,integral,2026-04-29
8388,4.0,penjumlahan,2026-01-01
8389,4.0,penjumlahan,2026-01-02
8390,4.0,penjumlahan,2026-01-03
8391,4.0,penjumlahan,2026-01-06
8392,4.0,penjumlahan,2026-01-08
8393,4.0,penjumlahan,2026-01-09
8394,4.0,pengurangan,2026-01-11
8395,4.0,pengurangan,2026-01-14
8396,4.0,pengurangan,2026-01-17
8397,4.0,pengurangan,2026-01-19
8398,4.0,pengurangan,2026-01-22
8399,4.0,perkalian,2026-01-23
8400,4.0,perkalian,2026-01-25
8401,4.0,perkalian,2026-01-26
8402,4.0,perkalian,2026-01-28
8403,4.0,perkalian,2026-01-30
8404,4.0,perkalian,2026-01-31
8405,4.0,perkalian,2026-02-02
8406,4.0,pecahan,2026-02-05
8407,4.0,pecahan,2026-02-06
8408,4.0,pecahan,2026-02-09
8409,4.0,pecahan,2026-02-12
8410,4.0,pecahan,2026-02-13
8411,4.0,pecahan,2026-02-14
8412,4.0,desimal,2026-02-16
8413,4.0,desimal,2026-02-18
8414,4.0,desimal,2026-02-19
8415,4.0,desimal,2026-02-22
8416,4.0,desimal,2026-02-24
8417,4.0,desimal,2026-02-25
8418,4.0,desimal,2026-02-27
8419,4.0,desimal,2026-03-02
8420,4.0,desimal,2026-03-05
8421,4.0,persamaan_linear,2026-03-08
8422,4.0,persamaan_linear,2026-03-11
8423,4.0,persamaan_linear,2026-03-12
8424,4.0,persamaan_linear,2026-03-14
8425,4.0,persamaan_linear,2026-03-15
8426,4.0,persamaan_linear,2026-03-16
8427,4.0,persamaan_linear,2026-03-18
8428,4.0,persamaan_linear,2026-03-19
8429,4.0,persamaan_linear,2026-03-20
8430,4.0,turunan,2026-03-22
8431,4.0,turunan,2026-03-24
8432,4.0,turunan,2026-03-26
8433,4.0,turunan,2026-03-29
8434,4.0,turunan,2026-04-01
8435,4.0,integral,2026-04-03
8436,4.0,integral,2026-04-06
8437,4.0,integral,2026-04-07
8438,4.0,integral,2026-04-08
8439,4.0,integral,2026-04-11
8440,4.0,integral,2026-04-13
8441,4.0,integral,2026-04-15
8442,4.0,integral,2026-04-18
8443,4.0,integral,2026-04-19
8444,19.0,penjumlahan,2026-01-01
8445,19.0,penjumlahan,2026-01-04
8446,19.0,penjumlahan,2026-01-05
8447,19.0,penjumlahan,2026-01-07
8448,19.0,penjumlahan,2026-01-09
8449,19.0,penjumlahan,2026-01-12
8450,19.0,penjumlahan,2026-01-14
8451,19.0,penjumlahan,2026-01-16
8452,19.0,pengurangan,2026-01-17
8453,19.0,pengurangan,2026-01-19
8454,19.0,pengurangan,2026-01-20
8455,19.0,pengurangan,2026-01-23
8456,19.0,pengurangan,2026-01-24
8457,19.0,pengurangan,2026-01-25
8458,19.0,perkalian,2026-01-27
8459,19.0,perkalian,2026-01-29
8460,19.0,perkalian,2026-01-31
8461,19.0,perkalian,2026-02-03
8462,19.0,perkalian,2026-02-05
8463,19.0,perkalian,2026-02-07
8464,19.0,perkalian,2026-02-08
8465,19.0,perkalian,2026-02-11
8466,19.0,perkalian,2026-02-12
8467,19.0,pecahan,2026-02-14
8468,19.0,pecahan,2026-02-17
8469,19.0,pecahan,2026-02-18
8470,19.0,pecahan,2026-02-19
8471,19.0,pecahan,2026-02-20
8472,19.0,pecahan,2026-02-21
8473,19.0,pecahan,2026-02-23
8474,19.0,desimal,2026-02-24
8475,19.0,desimal,2026-02-25
8476,19.0,desimal,2026-02-28
8477,19.0,desimal,2026-03-03
8478,19.0,desimal,2026-03-05
8479,19.0,desimal,2026-03-08
8480,19.0,desimal,2026-03-11
8481,19.0,desimal,2026-03-14
8482,19.0,desimal,2026-03-15
8483,19.0,aljabar,2026-03-16
8484,19.0,aljabar,2026-03-18
8485,19.0,aljabar,2026-03-20
8486,19.0,aljabar,2026-03-22
8487,19.0,aljabar,2026-03-23
8488,19.0,persamaan_linear,2026-03-26
8489,19.0,persamaan_linear,2026-03-29
8490,19.0,persamaan_linear,2026-03-31
8491,19.0,persamaan_linear,2026-04-03
8492,19.0,persamaan_linear,2026-04-04
8493,19.0,fungsi,2026-04-06
8494,19.0,fungsi,2026-04-07
8495,19.0,fungsi,2026-04-10
8496,19.0,fungsi,2026-04-12
8497,19.0,fungsi,2026-04-13
8498,19.0,fungsi,2026-04-14
8499,19.0,fungsi,2026-04-17
8500,19.0,fungsi,2026-04-20
8501,19.0,integral,2026-04-22
8502,19.0,integral,2026-04-25
8503,19.0,integral,2026-04-26
8504,19.0,integral,2026-04-29
8505,19.0,integral,2026-05-01
8506,19.0,integral,2026-05-02
8507,20.0,penjumlahan,2026-01-01
8508,20.0,penjumlahan,2026-01-02
8509,20.0,penjumlahan,2026-01-03
8510,20.0,penjumlahan,2026-01-04
8511,20.0,penjumlahan,2026-01-06
8512,20.0,penjumlahan,2026-01-08
8513,20.0,penjumlahan,2026-01-11
8514,20.0,penjumlahan,2026-01-14
8515,20.0,penjumlahan,2026-01-15
8516,20.0,pengurangan,2026-01-18
8517,20.0,pengurangan,2026-01-19
8518,20.0,pengurangan,2026-01-21
8519,20.0,pengurangan,2026-01-22
8520,20.0,pengurangan,2026-01-24
8521,20.0,pengurangan,2026-01-25
8522,20.0,pengurangan,2026-01-26
8523,20.0,perkalian,2026-01-29
8524,20.0,perkalian,2026-01-30
8525,20.0,perkalian,2026-02-02
8526,20.0,perkalian,2026-02-04
8527,20.0,perkalian,2026-02-06
8528,20.0,perkalian,2026-02-08
8529,20.0,perkalian,2026-02-09
8530,20.0,perkalian,2026-02-10
8531,20.0,perkalian,2026-02-12
8532,20.0,pembagian,2026-02-14
8533,20.0,pembagian,2026-02-15
8534,20.0,pembagian,2026-02-18
8535,20.0,pembagian,2026-02-19
8536,20.0,pembagian,2026-02-21
8537,20.0,pembagian,2026-02-24
8538,20.0,pembagian,2026-02-27
8539,20.0,pembagian,2026-03-02
8540,20.0,aljabar,2026-03-03
8541,20.0,aljabar,2026-03-04
8542,20.0,aljabar,2026-03-06
8543,20.0,aljabar,2026-03-08
8544,20.0,aljabar,2026-03-09
8545,20.0,aljabar,2026-03-12
8546,20.0,aljabar,2026-03-14
8547,20.0,aljabar,2026-03-17
8548,20.0,persamaan_linear,2026-03-18
8549,20.0,persamaan_linear,2026-03-19
8550,20.0,persamaan_linear,2026-03-21
8551,20.0,persamaan_linear,2026-03-22
8552,20.0,persamaan_linear,2026-03-25
8553,20.0,persamaan_linear,2026-03-28
8554,20.0,fungsi,2026-03-29
8555,20.0,fungsi,2026-03-30
8556,20.0,fungsi,2026-03-31
8557,20.0,fungsi,2026-04-01
8558,20.0,fungsi,2026-04-03
8559,20.0,limit,2026-04-06
8560,20.0,limit,2026-04-08
8561,20.0,limit,2026-04-11
8562,20.0,limit,2026-04-14
8563,20.0,limit,2026-04-16
8564,20.0,limit,2026-04-18
8565,20.0,limit,2026-04-19
8566,20.0,turunan,2026-04-21
8567,20.0,turunan,2026-04-23
8568,20.0,turunan,2026-04-26
8569,20.0,turunan,2026-04-29
8570,20.0,turunan,2026-05-01
8571,20.0,integral,2026-05-03
8572,20.0,integral,2026-05-04
8573,20.0,integral,2026-05-05
8574,20.0,integral,2026-05-06
8575,20.0,integral,2026-05-08
8576,20.0,integral,2026-05-10
8577,20.0,integral,2026-05-11
8578,20.0,integral,2026-05-13
8579,14.0,penjumlahan,2026-01-01
8580,14.0,penjumlahan,2026-01-04
8581,14.0,penjumlahan,2026-01-06
8582,14.0,penjumlahan,2026-01-08
8583,14.0,penjumlahan,2026-01-11
8584,14.0,penjumlahan,2026-01-12
8585,14.0,penjumlahan,2026-01-15
8586,14.0,penjumlahan,2026-01-16
8587,14.0,penjumlahan,2026-01-17
8588,14.0,pengurangan,2026-01-20
8589,14.0,pengurangan,2026-01-23
8590,14.0,pengurangan,2026-01-24
8591,14.0,pengurangan,2026-01-27
8592,14.0,pengurangan,2026-01-28
8593,14.0,pengurangan,2026-01-31
8594,14.0,pembagian,2026-02-03
8595,14.0,pembagian,2026-02-04
8596,14.0,pembagian,2026-02-05
8597,14.0,pembagian,2026-02-08
8598,14.0,pembagian,2026-02-10
8599,14.0,pembagian,2026-02-12
8600,14.0,pembagian,2026-02-14
8601,14.0,pembagian,2026-02-17
8602,14.0,pecahan,2026-02-18
8603,14.0,pecahan,2026-02-21
8604,14.0,pecahan,2026-02-23
8605,14.0,pecahan,2026-02-25
8606,14.0,pecahan,2026-02-26
8607,14.0,pecahan,2026-02-28
8608,14.0,pecahan,2026-03-01
8609,14.0,pecahan,2026-03-03
8610,14.0,pecahan,2026-03-04
8611,14.0,aljabar,2026-03-06
8612,14.0,aljabar,2026-03-08
8613,14.0,aljabar,2026-03-09
8614,14.0,aljabar,2026-03-12
8615,14.0,aljabar,2026-03-13
8616,14.0,persamaan_linear,2026-03-15
8617,14.0,persamaan_linear,2026-03-18
8618,14.0,persamaan_linear,2026-03-21
8619,14.0,persamaan_linear,2026-03-22
8620,14.0,persamaan_linear,2026-03-24
8621,14.0,fungsi,2026-03-25
8622,14.0,fungsi,2026-03-26
8623,14.0,fungsi,2026-03-29
8624,14.0,fungsi,2026-04-01
8625,14.0,fungsi,2026-04-03
8626,14.0,fungsi,2026-04-05
8627,14.0,fungsi,2026-04-08
8628,14.0,fungsi,2026-04-11
8629,14.0,fungsi,2026-04-14
8630,14.0,limit,2026-04-17
8631,14.0,limit,2026-04-20
8632,14.0,limit,2026-04-22
8633,14.0,limit,2026-04-23
8634,14.0,limit,2026-04-24
8635,14.0,limit,2026-04-27
8636,14.0,limit,2026-04-30
8637,14.0,integral,2026-05-02
8638,14.0,integral,2026-05-05
8639,14.0,integral,2026-05-07
8640,14.0,integral,2026-05-10
8641,14.0,integral,2026-05-13
8642,14.0,integral,2026-05-15
8643,14.0,integral,2026-05-17
8644,9.0,penjumlahan,2026-01-01
8645,9.0,penjumlahan,2026-01-02
8646,9.0,penjumlahan,2026-01-03
8647,9.0,penjumlahan,2026-01-05
8648,9.0,penjumlahan,2026-01-06
8649,9.0,penjumlahan,2026-01-07
8650,9.0,penjumlahan,2026-01-09
8651,9.0,penjumlahan,2026-01-12
8652,9.0,pengurangan,2026-01-15
8653,9.0,pengurangan,2026-01-17
8654,9.0,pengurangan,2026-01-18
8655,9.0,pengurangan,2026-01-20
8656,9.0,pengurangan,2026-01-22
8657,9.0,pembagian,2026-01-23
8658,9.0,pembagian,2026-01-24
8659,9.0,pembagian,2026-01-26
8660,9.0,pembagian,2026-01-27
8661,9.0,pembagian,2026-01-29
8662,9.0,pembagian,2026-01-31
8663,9.0,pecahan,2026-02-01
8664,9.0,pecahan,2026-02-03
8665,9.0,pecahan,2026-02-04
8666,9.0,pecahan,2026-02-06
8667,9.0,pecahan,2026-02-07
8668,9.0,pecahan,2026-02-08
8669,9.0,desimal,2026-02-09
8670,9.0,desimal,2026-02-12
8671,9.0,desimal,2026-02-14
8672,9.0,desimal,2026-02-17
8673,9.0,desimal,2026-02-20
8674,9.0,desimal,2026-02-22
8675,9.0,desimal,2026-02-23
8676,9.0,persamaan_linear,2026-02-25
8677,9.0,persamaan_linear,2026-02-26
8678,9.0,persamaan_linear,2026-02-28
8679,9.0,persamaan_linear,2026-03-03
8680,9.0,persamaan_linear,2026-03-04
8681,9.0,persamaan_linear,2026-03-06
8682,9.0,fungsi,2026-03-08
8683,9.0,fungsi,2026-03-10
8684,9.0,fungsi,2026-03-13
8685,9.0,fungsi,2026-03-14
8686,9.0,fungsi,2026-03-16
8687,9.0,fungsi,2026-03-19
8688,9.0,limit,2026-03-21
8689,9.0,limit,2026-03-24
8690,9.0,limit,2026-03-26
8691,9.0,limit,2026-03-27
8692,9.0,limit,2026-03-28
8693,9.0,limit,2026-03-30
8694,9.0,integral,2026-04-01
8695,9.0,integral,2026-04-04
8696,9.0,integral,2026-04-05
8697,9.0,integral,2026-04-07
8698,9.0,integral,2026-04-10
8699,9.0,integral,2026-04-11
8700,9.0,integral,2026-04-14
8701,9.0,integral,2026-04-17
8702,11.0,penjumlahan,2026-01-01
8703,11.0,penjumlahan,2026-01-03
8704,11.0,penjumlahan,2026-01-04
8705,11.0,penjumlahan,2026-01-05
8706,11.0,penjumlahan,2026-01-06
8707,11.0,pengurangan,2026-01-07
8708,11.0,pengurangan,2026-01-10
8709,11.0,pengurangan,2026-01-11
8710,11.0,pengurangan,2026-01-13
8711,11.0,pengurangan,2026-01-15
8712,11.0,pengurangan,2026-01-16
8713,11.0,pengurangan,2026-01-17
8714,11.0,pengurangan,2026-01-20
8715,11.0,pengurangan,2026-01-21
8716,11.0,perkalian,2026-01-24
8717,11.0,perkalian,2026-01-27
8718,11.0,perkalian,2026-01-29
8719,11.0,perkalian,2026-02-01
8720,11.0,perkalian,2026-02-02
8721,11.0,perkalian,2026-02-04
8722,11.0,perkalian,2026-02-06
8723,11.0,pembagian,2026-02-07
8724,11.0,pembagian,2026-02-09
8725,11.0,pembagian,2026-02-10
8726,11.0,pembagian,2026-02-13
8727,11.0,pembagian,2026-02-15
8728,11.0,pembagian,2026-02-16
8729,11.0,pembagian,2026-02-19
8730,11.0,pembagian,2026-02-20
8731,11.0,pembagian,2026-02-23
8732,11.0,desimal,2026-02-26
8733,11.0,desimal,2026-02-28
8734,11.0,desimal,2026-03-02
8735,11.0,desimal,2026-03-05
8736,11.0,desimal,2026-03-07
8737,11.0,aljabar,2026-03-10
8738,11.0,aljabar,2026-03-12
8739,11.0,aljabar,2026-03-15
8740,11.0,aljabar,2026-03-16
8741,11.0,aljabar,2026-03-17
8742,11.0,persamaan_linear,2026-03-19
8743,11.0,persamaan_linear,2026-03-21
8744,11.0,persamaan_linear,2026-03-22
8745,11.0,persamaan_linear,2026-03-25
8746,11.0,persamaan_linear,2026-03-26
8747,11.0,persamaan_linear,2026-03-29
8748,11.0,limit,2026-04-01
8749,11.0,limit,2026-04-03
8750,11.0,limit,2026-04-04
8751,11.0,limit,2026-04-06
8752,11.0,limit,2026-04-09
8753,11.0,turunan,2026-04-12
8754,11.0,turunan,2026-04-14
8755,11.0,turunan,2026-04-17
8756,11.0,turunan,2026-04-19
8757,11.0,turunan,2026-04-22
8758,11.0,turunan,2026-04-23
8759,11.0,turunan,2026-04-25
8760,11.0,integral,2026-04-28
8761,11.0,integral,2026-05-01
8762,11.0,integral,2026-05-04
8763,11.0,integral,2026-05-07
8764,11.0,integral,2026-05-10
8765,11.0,integral,2026-05-11
8766,9.0,penjumlahan,2026-01-01
8767,9.0,penjumlahan,2026-01-02
8768,9.0,penjumlahan,2026-01-05
8769,9.0,penjumlahan,2026-01-07
8770,9.0,penjumlahan,2026-01-09
8771,9.0,penjumlahan,2026-01-11
8772,9.0,penjumlahan,2026-01-13
8773,9.0,penjumlahan,2026-01-16
8774,9.0,pengurangan,2026-01-17
8775,9.0,pengurangan,2026-01-19
8776,9.0,pengurangan,2026-01-22
8777,9.0,pengurangan,2026-01-24
8778,9.0,pengurangan,2026-01-27
8779,9.0,pengurangan,2026-01-28
8780,9.0,pengurangan,2026-01-30
8781,9.0,pengurangan,2026-02-01
8782,9.0,pengurangan,2026-02-03
8783,9.0,perkalian,2026-02-05
8784,9.0,perkalian,2026-02-06
8785,9.0,perkalian,2026-02-08
8786,9.0,perkalian,2026-02-11
8787,9.0,perkalian,2026-02-13
8788,9.0,perkalian,2026-02-16
8789,9.0,perkalian,2026-02-17
8790,9.0,pembagian,2026-02-19
8791,9.0,pembagian,2026-02-20
8792,9.0,pembagian,2026-02-23
8793,9.0,pembagian,2026-02-24
8794,9.0,pembagian,2026-02-27
8795,9.0,pembagian,2026-03-02
8796,9.0,pembagian,2026-03-05
8797,9.0,pembagian,2026-03-06
8798,9.0,pembagian,2026-03-07
8799,9.0,pecahan,2026-03-10
8800,9.0,pecahan,2026-03-11
8801,9.0,pecahan,2026-03-12
8802,9.0,pecahan,2026-03-14
8803,9.0,pecahan,2026-03-16
8804,9.0,pecahan,2026-03-18
8805,9.0,pecahan,2026-03-19
8806,9.0,aljabar,2026-03-21
8807,9.0,aljabar,2026-03-23
8808,9.0,aljabar,2026-03-26
8809,9.0,aljabar,2026-03-28
8810,9.0,aljabar,2026-03-31
8811,9.0,aljabar,2026-04-01
8812,9.0,aljabar,2026-04-03
8813,9.0,aljabar,2026-04-04
8814,9.0,aljabar,2026-04-06
8815,9.0,fungsi,2026-04-07
8816,9.0,fungsi,2026-04-09
8817,9.0,fungsi,2026-04-12
8818,9.0,fungsi,2026-04-15
8819,9.0,fungsi,2026-04-17
8820,9.0,fungsi,2026-04-19
8821,9.0,limit,2026-04-20
8822,9.0,limit,2026-04-23
8823,9.0,limit,2026-04-25
8824,9.0,limit,2026-04-28
8825,9.0,limit,2026-04-29
8826,9.0,limit,2026-04-30
8827,9.0,limit,2026-05-02
8828,9.0,limit,2026-05-05
8829,9.0,limit,2026-05-07
8830,9.0,turunan,2026-05-09
8831,9.0,turunan,2026-05-10
8832,9.0,turunan,2026-05-12
8833,9.0,turunan,2026-05-13
8834,9.0,turunan,2026-05-15
8835,9.0,turunan,2026-05-18
8836,9.0,turunan,2026-05-19
8837,9.0,integral,2026-05-22
8838,9.0,integral,2026-05-24
8839,9.0,integral,2026-05-27
8840,9.0,integral,2026-05-28
8841,9.0,integral,2026-05-29
8842,9.0,integral,2026-05-31
8843,9.0,integral,2026-06-01
8844,5.0,penjumlahan,2026-01-01
8845,5.0,penjumlahan,2026-01-03
8846,5.0,penjumlahan,2026-01-05
8847,5.0,penjumlahan,2026-01-07
8848,5.0,penjumlahan,2026-01-09
8849,5.0,penjumlahan,2026-01-11
8850,5.0,penjumlahan,2026-01-13
8851,5.0,penjumlahan,2026-01-14
8852,5.0,pengurangan,2026-01-17
8853,5.0,pengurangan,2026-01-20
8854,5.0,pengurangan,2026-01-22
8855,5.0,pengurangan,2026-01-24
8856,5.0,pengurangan,2026-01-26
8857,5.0,pengurangan,2026-01-29
8858,5.0,aljabar,2026-02-01
8859,5.0,aljabar,2026-02-02
8860,5.0,aljabar,2026-02-05
8861,5.0,aljabar,2026-02-07
8862,5.0,aljabar,2026-02-08
8863,5.0,aljabar,2026-02-09
8864,5.0,persamaan_linear,2026-02-11
8865,5.0,persamaan_linear,2026-02-14
8866,5.0,persamaan_linear,2026-02-16
8867,5.0,persamaan_linear,2026-02-18
8868,5.0,persamaan_linear,2026-02-20
8869,5.0,persamaan_linear,2026-02-23
8870,5.0,fungsi,2026-02-25
8871,5.0,fungsi,2026-02-28
8872,5.0,fungsi,2026-03-01
8873,5.0,fungsi,2026-03-04
8874,5.0,fungsi,2026-03-06
8875,5.0,fungsi,2026-03-09
8876,5.0,fungsi,2026-03-11
8877,5.0,limit,2026-03-12
8878,5.0,limit,2026-03-14
8879,5.0,limit,2026-03-16
8880,5.0,limit,2026-03-17
8881,5.0,limit,2026-03-19
8882,5.0,limit,2026-03-22
8883,5.0,limit,2026-03-25
8884,5.0,turunan,2026-03-27
8885,5.0,turunan,2026-03-28
8886,5.0,turunan,2026-03-30
8887,5.0,turunan,2026-03-31
8888,5.0,turunan,2026-04-03
8889,5.0,turunan,2026-04-06
8890,5.0,turunan,2026-04-08
8891,5.0,turunan,2026-04-09
8892,5.0,turunan,2026-04-11
8893,5.0,integral,2026-04-13
8894,5.0,integral,2026-04-16
8895,5.0,integral,2026-04-17
8896,5.0,integral,2026-04-20
8897,5.0,integral,2026-04-22
8898,5.0,integral,2026-04-25
8899,5.0,integral,2026-04-27
8900,15.0,penjumlahan,2026-01-01
8901,15.0,penjumlahan,2026-01-03
8902,15.0,penjumlahan,2026-01-04
8903,15.0,penjumlahan,2026-01-07
8904,15.0,penjumlahan,2026-01-08
8905,15.0,penjumlahan,2026-01-09
8906,15.0,penjumlahan,2026-01-12
8907,15.0,pengurangan,2026-01-15
8908,15.0,pengurangan,2026-01-16
8909,15.0,pengurangan,2026-01-19
8910,15.0,pengurangan,2026-01-22
8911,15.0,pengurangan,2026-01-25
8912,15.0,pengurangan,2026-01-27
8913,15.0,pengurangan,2026-01-29
8914,15.0,pengurangan,2026-01-31
8915,15.0,perkalian,2026-02-03
8916,15.0,perkalian,2026-02-05
8917,15.0,perkalian,2026-02-08
8918,15.0,perkalian,2026-02-11
8919,15.0,perkalian,2026-02-13
8920,15.0,perkalian,2026-02-16
8921,15.0,perkalian,2026-02-18
8922,15.0,perkalian,2026-02-21
8923,15.0,pembagian,2026-02-24
8924,15.0,pembagian,2026-02-26
8925,15.0,pembagian,2026-03-01
8926,15.0,pembagian,2026-03-03
8927,15.0,pembagian,2026-03-05
8928,15.0,pembagian,2026-03-07
8929,15.0,pembagian,2026-03-10
8930,15.0,pecahan,2026-03-11
8931,15.0,pecahan,2026-03-12
8932,15.0,pecahan,2026-03-14
8933,15.0,pecahan,2026-03-15
8934,15.0,pecahan,2026-03-18
8935,15.0,aljabar,2026-03-21
8936,15.0,aljabar,2026-03-22
8937,15.0,aljabar,2026-03-23
8938,15.0,aljabar,2026-03-24
8939,15.0,aljabar,2026-03-26
8940,15.0,aljabar,2026-03-29
8941,15.0,aljabar,2026-03-30
8942,15.0,aljabar,2026-03-31
8943,15.0,aljabar,2026-04-03
8944,15.0,persamaan_linear,2026-04-04
8945,15.0,persamaan_linear,2026-04-07
8946,15.0,persamaan_linear,2026-04-09
8947,15.0,persamaan_linear,2026-04-11
8948,15.0,persamaan_linear,2026-04-14
8949,15.0,persamaan_linear,2026-04-16
8950,15.0,fungsi,2026-04-19
8951,15.0,fungsi,2026-04-22
8952,15.0,fungsi,2026-04-25
8953,15.0,fungsi,2026-04-26
8954,15.0,fungsi,2026-04-29
8955,15.0,limit,2026-05-01
8956,15.0,limit,2026-05-02
8957,15.0,limit,2026-05-03
8958,15.0,limit,2026-05-06
8959,15.0,limit,2026-05-07
8960,15.0,limit,2026-05-10
8961,15.0,turunan,2026-05-13
8962,15.0,turunan,2026-05-16
8963,15.0,turunan,2026-05-17
8964,15.0,turunan,2026-05-18
8965,15.0,turunan,2026-05-19
8966,15.0,turunan,2026-05-20
8967,15.0,turunan,2026-05-23
8968,15.0,turunan,2026-05-24
8969,15.0,turunan,2026-05-26
8970,15.0,integral,2026-05-28
8971,15.0,integral,2026-05-31
8972,15.0,integral,2026-06-03
8973,15.0,integral,2026-06-06
8974,15.0,integral,2026-06-07
8975,3.0,penjumlahan,2026-01-01
8976,3.0,penjumlahan,2026-01-02
8977,3.0,penjumlahan,2026-01-05
8978,3.0,penjumlahan,2026-01-07
8979,3.0,penjumlahan,2026-01-09
8980,3.0,penjumlahan,2026-01-12
8981,3.0,pengurangan,2026-01-15
8982,3.0,pengurangan,2026-01-17
8983,3.0,pengurangan,2026-01-19
8984,3.0,pengurangan,2026-01-21
8985,3.0,pengurangan,2026-01-22
8986,3.0,pengurangan,2026-01-25
8987,3.0,pengurangan,2026-01-27
8988,3.0,pengurangan,2026-01-29
8989,3.0,pembagian,2026-01-30
8990,3.0,pembagian,2026-02-01
8991,3.0,pembagian,2026-02-04
8992,3.0,pembagian,2026-02-06
8993,3.0,pembagian,2026-02-09
8994,3.0,pembagian,2026-02-10
8995,3.0,pecahan,2026-02-12
8996,3.0,pecahan,2026-02-15
8997,3.0,pecahan,2026-02-17
8998,3.0,pecahan,2026-02-18
8999,3.0,pecahan,2026-02-19
9000,3.0,pecahan,2026-02-21
9001,3.0,pecahan,2026-02-23
9002,3.0,pecahan,2026-02-26
9003,3.0,pecahan,2026-03-01
9004,3.0,desimal,2026-03-03
9005,3.0,desimal,2026-03-05
9006,3.0,desimal,2026-03-06
9007,3.0,desimal,2026-03-08
9008,3.0,desimal,2026-03-09
9009,3.0,desimal,2026-03-12
9010,3.0,desimal,2026-03-13
9011,3.0,desimal,2026-03-14
9012,3.0,desimal,2026-03-16
9013,3.0,persamaan_linear,2026-03-19
9014,3.0,persamaan_linear,2026-03-20
9015,3.0,persamaan_linear,2026-03-22
9016,3.0,persamaan_linear,2026-03-24
9017,3.0,persamaan_linear,2026-03-26
9018,3.0,persamaan_linear,2026-03-28
9019,3.0,fungsi,2026-03-29
9020,3.0,fungsi,2026-03-30
9021,3.0,fungsi,2026-03-31
9022,3.0,fungsi,2026-04-02
9023,3.0,fungsi,2026-04-04
9024,3.0,limit,2026-04-06
9025,3.0,limit,2026-04-07
9026,3.0,limit,2026-04-08
9027,3.0,limit,2026-04-09
9028,3.0,limit,2026-04-10
9029,3.0,limit,2026-04-13
9030,3.0,limit,2026-04-15
9031,3.0,integral,2026-04-17
9032,3.0,integral,2026-04-18
9033,3.0,integral,2026-04-20
9034,3.0,integral,2026-04-23
9035,3.0,integral,2026-04-25
9036,3.0,integral,2026-04-27
9037,15.0,penjumlahan,2026-01-01
9038,15.0,penjumlahan,2026-01-03
9039,15.0,penjumlahan,2026-01-05
9040,15.0,penjumlahan,2026-01-08
9041,15.0,penjumlahan,2026-01-10
9042,15.0,pengurangan,2026-01-13
9043,15.0,pengurangan,2026-01-15
9044,15.0,pengurangan,2026-01-17
9045,15.0,pengurangan,2026-01-20
9046,15.0,pengurangan,2026-01-22
9047,15.0,pengurangan,2026-01-23
9048,15.0,pengurangan,2026-01-24
9049,15.0,pengurangan,2026-01-26
9050,15.0,perkalian,2026-01-27
9051,15.0,perkalian,2026-01-28
9052,15.0,perkalian,2026-01-31
9053,15.0,perkalian,2026-02-03
9054,15.0,perkalian,2026-02-04
9055,15.0,perkalian,2026-02-07
9056,15.0,perkalian,2026-02-09
9057,15.0,pembagian,2026-02-10
9058,15.0,pembagian,2026-02-13
9059,15.0,pembagian,2026-02-14
9060,15.0,pembagian,2026-02-16
9061,15.0,pembagian,2026-02-18
9062,15.0,pembagian,2026-02-20
9063,15.0,pembagian,2026-02-21
9064,15.0,persamaan_linear,2026-02-24
9065,15.0,persamaan_linear,2026-02-27
9066,15.0,persamaan_linear,2026-03-01
9067,15.0,persamaan_linear,2026-03-04
9068,15.0,persamaan_linear,2026-03-05
9069,15.0,persamaan_linear,2026-03-07
9070,15.0,fungsi,2026-03-10
9071,15.0,fungsi,2026-03-11
9072,15.0,fungsi,2026-03-13
9073,15.0,fungsi,2026-03-15
9074,15.0,fungsi,2026-03-16
9075,15.0,limit,2026-03-19
9076,15.0,limit,2026-03-22
9077,15.0,limit,2026-03-24
9078,15.0,limit,2026-03-27
9079,15.0,limit,2026-03-28
9080,15.0,limit,2026-03-31
9081,15.0,limit,2026-04-02
9082,15.0,turunan,2026-04-05
9083,15.0,turunan,2026-04-08
9084,15.0,turunan,2026-04-09
9085,15.0,turunan,2026-04-12
9086,15.0,turunan,2026-04-15
9087,15.0,turunan,2026-04-16
9088,15.0,turunan,2026-04-19
9089,15.0,turunan,2026-04-20
9090,3.0,penjumlahan,2026-01-01
9091,3.0,penjumlahan,2026-01-03
9092,3.0,penjumlahan,2026-01-04
9093,3.0,penjumlahan,2026-01-05
9094,3.0,penjumlahan,2026-01-07
9095,3.0,penjumlahan,2026-01-09
9096,3.0,penjumlahan,2026-01-12
9097,3.0,pengurangan,2026-01-15
9098,3.0,pengurangan,2026-01-17
9099,3.0,pengurangan,2026-01-19
9100,3.0,pengurangan,2026-01-22
9101,3.0,pengurangan,2026-01-24
9102,3.0,pengurangan,2026-01-27
9103,3.0,pengurangan,2026-01-29
9104,3.0,pembagian,2026-02-01
9105,3.0,pembagian,2026-02-04
9106,3.0,pembagian,2026-02-06
9107,3.0,pembagian,2026-02-07
9108,3.0,pembagian,2026-02-10
9109,3.0,pembagian,2026-02-11
9110,3.0,pecahan,2026-02-13
9111,3.0,pecahan,2026-02-14
9112,3.0,pecahan,2026-02-15
9113,3.0,pecahan,2026-02-18
9114,3.0,pecahan,2026-02-21
9115,3.0,pecahan,2026-02-23
9116,3.0,pecahan,2026-02-24
9117,3.0,pecahan,2026-02-27
9118,3.0,persamaan_linear,2026-03-01
9119,3.0,persamaan_linear,2026-03-04
9120,3.0,persamaan_linear,2026-03-07
9121,3.0,persamaan_linear,2026-03-09
9122,3.0,persamaan_linear,2026-03-11
9123,3.0,fungsi,2026-03-12
9124,3.0,fungsi,2026-03-14
9125,3.0,fungsi,2026-03-16
9126,3.0,fungsi,2026-03-18
9127,3.0,fungsi,2026-03-21
9128,3.0,fungsi,2026-03-23
9129,3.0,fungsi,2026-03-25
9130,3.0,fungsi,2026-03-26
9131,3.0,turunan,2026-03-27
9132,3.0,turunan,2026-03-28
9133,3.0,turunan,2026-03-31
9134,3.0,turunan,2026-04-01
9135,3.0,turunan,2026-04-03
9136,3.0,turunan,2026-04-06
9137,17.0,penjumlahan,2026-01-01
9138,17.0,penjumlahan,2026-01-02
9139,17.0,penjumlahan,2026-01-05
9140,17.0,penjumlahan,2026-01-08
9141,17.0,penjumlahan,2026-01-10
9142,17.0,pengurangan,2026-01-13
9143,17.0,pengurangan,2026-01-14
9144,17.0,pengurangan,2026-01-16
9145,17.0,pengurangan,2026-01-17
9146,17.0,pengurangan,2026-01-19
9147,17.0,perkalian,2026-01-21
9148,17.0,perkalian,2026-01-22
9149,17.0,perkalian,2026-01-24
9150,17.0,perkalian,2026-01-25
9151,17.0,perkalian,2026-01-27
9152,17.0,perkalian,2026-01-30
9153,17.0,perkalian,2026-02-02
9154,17.0,perkalian,2026-02-03
9155,17.0,perkalian,2026-02-04
9156,17.0,pembagian,2026-02-05
9157,17.0,pembagian,2026-02-08
9158,17.0,pembagian,2026-02-11
9159,17.0,pembagian,2026-02-12
9160,17.0,pembagian,2026-02-15
9161,17.0,pembagian,2026-02-17
9162,17.0,desimal,2026-02-20
9163,17.0,desimal,2026-02-23
9164,17.0,desimal,2026-02-26
9165,17.0,desimal,2026-03-01
9166,17.0,desimal,2026-03-04
9167,17.0,aljabar,2026-03-07
9168,17.0,aljabar,2026-03-09
9169,17.0,aljabar,2026-03-11
9170,17.0,aljabar,2026-03-14
9171,17.0,aljabar,2026-03-17
9172,17.0,aljabar,2026-03-18
9173,17.0,aljabar,2026-03-21
9174,17.0,aljabar,2026-03-24
9175,17.0,fungsi,2026-03-26
9176,17.0,fungsi,2026-03-28
9177,17.0,fungsi,2026-03-30
9178,17.0,fungsi,2026-04-01
9179,17.0,fungsi,2026-04-02
9180,17.0,fungsi,2026-04-03
9181,17.0,integral,2026-04-05
9182,17.0,integral,2026-04-07
9183,17.0,integral,2026-04-09
9184,17.0,integral,2026-04-12
9185,17.0,integral,2026-04-15
9186,5.0,penjumlahan,2026-01-01
9187,5.0,penjumlahan,2026-01-03
9188,5.0,penjumlahan,2026-01-05
9189,5.0,penjumlahan,2026-01-06
9190,5.0,penjumlahan,2026-01-07
9191,5.0,penjumlahan,2026-01-08
9192,5.0,penjumlahan,2026-01-10
9193,5.0,penjumlahan,2026-01-11
9194,5.0,penjumlahan,2026-01-14
9195,5.0,pengurangan,2026-01-17
9196,5.0,pengurangan,2026-01-19
9197,5.0,pengurangan,2026-01-22
9198,5.0,pengurangan,2026-01-23
9199,5.0,pengurangan,2026-01-24
9200,5.0,pengurangan,2026-01-27
9201,5.0,perkalian,2026-01-30
9202,5.0,perkalian,2026-01-31
9203,5.0,perkalian,2026-02-03
9204,5.0,perkalian,2026-02-06
9205,5.0,perkalian,2026-02-08
9206,5.0,perkalian,2026-02-11
9207,5.0,pembagian,2026-02-13
9208,5.0,pembagian,2026-02-16
9209,5.0,pembagian,2026-02-18
9210,5.0,pembagian,2026-02-21
9211,5.0,pembagian,2026-02-23
9212,5.0,desimal,2026-02-26
9213,5.0,desimal,2026-02-27
9214,5.0,desimal,2026-03-01
9215,5.0,desimal,2026-03-04
9216,5.0,desimal,2026-03-07
9217,5.0,fungsi,2026-03-09
9218,5.0,fungsi,2026-03-10
9219,5.0,fungsi,2026-03-13
9220,5.0,fungsi,2026-03-14
9221,5.0,fungsi,2026-03-17
9222,5.0,fungsi,2026-03-20
9223,5.0,fungsi,2026-03-21
9224,5.0,turunan,2026-03-23
9225,5.0,turunan,2026-03-25
9226,5.0,turunan,2026-03-26
9227,5.0,turunan,2026-03-28
9228,5.0,turunan,2026-03-30
9229,5.0,turunan,2026-03-31
9230,5.0,turunan,2026-04-03
9231,5.0,turunan,2026-04-05
9232,5.0,turunan,2026-04-08
9233,3.0,penjumlahan,2026-01-01
9234,3.0,penjumlahan,2026-01-02
9235,3.0,penjumlahan,2026-01-03
9236,3.0,penjumlahan,2026-01-04
9237,3.0,penjumlahan,2026-01-07
9238,3.0,penjumlahan,2026-01-09
9239,3.0,penjumlahan,2026-01-11
9240,3.0,pengurangan,2026-01-12
9241,3.0,pengurangan,2026-01-14
9242,3.0,pengurangan,2026-01-17
9243,3.0,pengurangan,2026-01-18
9244,3.0,pengurangan,2026-01-20
9245,3.0,pengurangan,2026-01-23
9246,3.0,pengurangan,2026-01-26
9247,3.0,pengurangan,2026-01-28
9248,3.0,perkalian,2026-01-31
9249,3.0,perkalian,2026-02-03
9250,3.0,perkalian,2026-02-05
9251,3.0,perkalian,2026-02-08
9252,3.0,perkalian,2026-02-09
9253,3.0,desimal,2026-02-11
9254,3.0,desimal,2026-02-12
9255,3.0,desimal,2026-02-13
9256,3.0,desimal,2026-02-15
9257,3.0,desimal,2026-02-18
9258,3.0,desimal,2026-02-19
9259,3.0,desimal,2026-02-20
9260,3.0,desimal,2026-02-23
9261,3.0,persamaan_linear,2026-02-26
9262,3.0,persamaan_linear,2026-03-01
9263,3.0,persamaan_linear,2026-03-04
9264,3.0,persamaan_linear,2026-03-07
9265,3.0,persamaan_linear,2026-03-08
9266,3.0,persamaan_linear,2026-03-11
9267,3.0,persamaan_linear,2026-03-14
9268,12.0,penjumlahan,2026-01-01
9269,12.0,penjumlahan,2026-01-04
9270,12.0,penjumlahan,2026-01-05
9271,12.0,penjumlahan,2026-01-07
9272,12.0,penjumlahan,2026-01-10
9273,12.0,pengurangan,2026-01-12
9274,12.0,pengurangan,2026-01-14
9275,12.0,pengurangan,2026-01-16
9276,12.0,pengurangan,2026-01-18
9277,12.0,pengurangan,2026-01-20
9278,12.0,perkalian,2026-01-21
9279,12.0,perkalian,2026-01-24
9280,12.0,perkalian,2026-01-25
9281,12.0,perkalian,2026-01-28
9282,12.0,perkalian,2026-01-29
9283,12.0,perkalian,2026-01-30
9284,12.0,pembagian,2026-02-01
9285,12.0,pembagian,2026-02-04
9286,12.0,pembagian,2026-02-07
9287,12.0,pembagian,2026-02-10
9288,12.0,pembagian,2026-02-11
9289,12.0,pembagian,2026-02-14
9290,12.0,pembagian,2026-02-16
9291,12.0,pembagian,2026-02-17
9292,12.0,pembagian,2026-02-18
9293,12.0,pecahan,2026-02-20
9294,12.0,pecahan,2026-02-21
9295,12.0,pecahan,2026-02-24
9296,12.0,pecahan,2026-02-26
9297,12.0,pecahan,2026-02-28
9298,12.0,pecahan,2026-03-01
9299,12.0,pecahan,2026-03-02
9300,12.0,pecahan,2026-03-03
9301,12.0,pecahan,2026-03-04
9302,12.0,desimal,2026-03-05
9303,12.0,desimal,2026-03-08
9304,12.0,desimal,2026-03-09
9305,12.0,desimal,2026-03-12
9306,12.0,desimal,2026-03-15
9307,12.0,desimal,2026-03-17
9308,12.0,desimal,2026-03-20
9309,12.0,desimal,2026-03-23
9310,12.0,persamaan_linear,2026-03-26
9311,12.0,persamaan_linear,2026-03-29
9312,12.0,persamaan_linear,2026-04-01
9313,12.0,persamaan_linear,2026-04-02
9314,12.0,persamaan_linear,2026-04-04
9315,12.0,persamaan_linear,2026-04-05
9316,12.0,persamaan_linear,2026-04-08
9317,12.0,persamaan_linear,2026-04-10
9318,12.0,persamaan_linear,2026-04-13
9319,12.0,fungsi,2026-04-15
9320,12.0,fungsi,2026-04-17
9321,12.0,fungsi,2026-04-20
9322,12.0,fungsi,2026-04-22
9323,12.0,fungsi,2026-04-25
9324,12.0,fungsi,2026-04-26
9325,12.0,fungsi,2026-04-28
9326,12.0,limit,2026-04-30
9327,12.0,limit,2026-05-02
9328,12.0,limit,2026-05-04
9329,12.0,limit,2026-05-06
9330,12.0,limit,2026-05-09
9331,12.0,limit,2026-05-11
9332,12.0,limit,2026-05-13
9333,12.0,limit,2026-05-16
9334,12.0,turunan,2026-05-17
9335,12.0,turunan,2026-05-20
9336,12.0,turunan,2026-05-22
9337,12.0,turunan,2026-05-23
9338,12.0,turunan,2026-05-24
9339,12.0,turunan,2026-05-27
9340,12.0,turunan,2026-05-28
9341,12.0,turunan,2026-05-29
9342,12.0,integral,2026-06-01
9343,12.0,integral,2026-06-02
9344,12.0,integral,2026-06-04
9345,12.0,integral,2026-06-07
9346,12.0,integral,2026-06-09
9347,12.0,integral,2026-06-10
9348,6.0,penjumlahan,2026-01-01
9349,6.0,penjumlahan,2026-01-03
9350,6.0,penjumlahan,2026-01-04
9351,6.0,penjumlahan,2026-01-07
9352,6.0,penjumlahan,2026-01-08
9353,6.0,penjumlahan,2026-01-10
9354,6.0,pengurangan,2026-01-11
9355,6.0,pengurangan,2026-01-14
9356,6.0,pengurangan,2026-01-15
9357,6.0,pengurangan,2026-01-16
9358,6.0,pengurangan,2026-01-17
9359,6.0,pengurangan,2026-01-20
9360,6.0,pengurangan,2026-01-23
9361,6.0,pengurangan,2026-01-24
9362,6.0,pembagian,2026-01-25
9363,6.0,pembagian,2026-01-27
9364,6.0,pembagian,2026-01-29
9365,6.0,pembagian,2026-01-31
9366,6.0,pembagian,2026-02-01
9367,6.0,pembagian,2026-02-03
9368,6.0,pembagian,2026-02-04
9369,6.0,pembagian,2026-02-06
9370,6.0,pecahan,2026-02-08
9371,6.0,pecahan,2026-02-10
9372,6.0,pecahan,2026-02-11
9373,6.0,pecahan,2026-02-12
9374,6.0,pecahan,2026-02-15
9375,6.0,pecahan,2026-02-17
9376,6.0,pecahan,2026-02-19
9377,6.0,aljabar,2026-02-21
9378,6.0,aljabar,2026-02-24
9379,6.0,aljabar,2026-02-25
9380,6.0,aljabar,2026-02-28
9381,6.0,aljabar,2026-03-02
9382,6.0,aljabar,2026-03-03
9383,6.0,aljabar,2026-03-04
9384,6.0,aljabar,2026-03-07
9385,6.0,fungsi,2026-03-10
9386,6.0,fungsi,2026-03-11
9387,6.0,fungsi,2026-03-13
9388,6.0,fungsi,2026-03-16
9389,6.0,fungsi,2026-03-19
9390,6.0,fungsi,2026-03-20
9391,6.0,fungsi,2026-03-23
9392,6.0,limit,2026-03-24
9393,6.0,limit,2026-03-27
9394,6.0,limit,2026-03-29
9395,6.0,limit,2026-03-30
9396,6.0,limit,2026-04-02
9397,6.0,limit,2026-04-05
9398,6.0,turunan,2026-04-08
9399,6.0,turunan,2026-04-11
9400,6.0,turunan,2026-04-13
9401,6.0,turunan,2026-04-16
9402,6.0,turunan,2026-04-17
9403,6.0,turunan,2026-04-18
9404,6.0,turunan,2026-04-20
9405,6.0,turunan,2026-04-23
9406,6.0,turunan,2026-04-26
9407,6.0,integral,2026-04-27
9408,6.0,integral,2026-04-29
9409,6.0,integral,2026-05-01
9410,6.0,integral,2026-05-03
9411,6.0,integral,2026-05-06
9412,6.0,integral,2026-05-08
9413,18.0,penjumlahan,2026-01-01
9414,18.0,penjumlahan,2026-01-03
9415,18.0,penjumlahan,2026-01-05
9416,18.0,penjumlahan,2026-01-07
9417,18.0,penjumlahan,2026-01-08
9418,18.0,penjumlahan,2026-01-09
9419,18.0,penjumlahan,2026-01-12
9420,18.0,penjumlahan,2026-01-15
9421,18.0,pengurangan,2026-01-18
9422,18.0,pengurangan,2026-01-20
9423,18.0,pengurangan,2026-01-22
9424,18.0,pengurangan,2026-01-23
9425,18.0,pengurangan,2026-01-25
9426,18.0,pengurangan,2026-01-28
9427,18.0,pengurangan,2026-01-29
9428,18.0,pengurangan,2026-01-31
9429,18.0,pengurangan,2026-02-01
9430,18.0,perkalian,2026-02-02
9431,18.0,perkalian,2026-02-05
9432,18.0,perkalian,2026-02-08
9433,18.0,perkalian,2026-02-11
9434,18.0,perkalian,2026-02-13
9435,18.0,perkalian,2026-02-15
9436,18.0,perkalian,2026-02-17
9437,18.0,pembagian,2026-02-20
9438,18.0,pembagian,2026-02-21
9439,18.0,pembagian,2026-02-24
9440,18.0,pembagian,2026-02-27
9441,18.0,pembagian,2026-03-01
9442,18.0,desimal,2026-03-04
9443,18.0,desimal,2026-03-05
9444,18.0,desimal,2026-03-07
9445,18.0,desimal,2026-03-09
9446,18.0,desimal,2026-03-11
9447,18.0,aljabar,2026-03-13
9448,18.0,aljabar,2026-03-14
9449,18.0,aljabar,2026-03-16
9450,18.0,aljabar,2026-03-19
9451,18.0,aljabar,2026-03-22
9452,18.0,aljabar,2026-03-24
9453,18.0,aljabar,2026-03-25
9454,18.0,persamaan_linear,2026-03-26
9455,18.0,persamaan_linear,2026-03-27
9456,18.0,persamaan_linear,2026-03-30
9457,18.0,persamaan_linear,2026-03-31
9458,18.0,persamaan_linear,2026-04-01
9459,18.0,persamaan_linear,2026-04-04
9460,18.0,persamaan_linear,2026-04-07
9461,18.0,persamaan_linear,2026-04-10
9462,18.0,turunan,2026-04-12
9463,18.0,turunan,2026-04-15
9464,18.0,turunan,2026-04-17
9465,18.0,turunan,2026-04-20
9466,18.0,turunan,2026-04-22
9467,18.0,turunan,2026-04-24
9468,18.0,turunan,2026-04-25
9469,18.0,turunan,2026-04-27
9470,18.0,turunan,2026-04-28
9471,18.0,integral,2026-04-29
9472,18.0,integral,2026-05-01
9473,18.0,integral,2026-05-03
9474,18.0,integral,2026-05-06
9475,18.0,integral,2026-05-08
9476,18.0,integral,2026-05-09
9477,18.0,integral,2026-05-11
9478,18.0,integral,2026-05-14
9479,18.0,integral,2026-05-16
9480,20.0,penjumlahan,2026-01-01
9481,20.0,penjumlahan,2026-01-03
9482,20.0,penjumlahan,2026-01-06
9483,20.0,penjumlahan,2026-01-08
9484,20.0,penjumlahan,2026-01-11
9485,20.0,penjumlahan,2026-01-12
9486,20.0,penjumlahan,2026-01-14
9487,20.0,penjumlahan,2026-01-17
9488,20.0,pengurangan,2026-01-20
9489,20.0,pengurangan,2026-01-21
9490,20.0,pengurangan,2026-01-23
9491,20.0,pengurangan,2026-01-25
9492,20.0,pengurangan,2026-01-27
9493,20.0,pengurangan,2026-01-29
9494,20.0,pengurangan,2026-02-01
9495,20.0,pengurangan,2026-02-03
9496,20.0,pembagian,2026-02-05
9497,20.0,pembagian,2026-02-07
9498,20.0,pembagian,2026-02-10
9499,20.0,pembagian,2026-02-12
9500,20.0,pembagian,2026-02-15
9501,20.0,pembagian,2026-02-17
9502,20.0,pecahan,2026-02-20
9503,20.0,pecahan,2026-02-21
9504,20.0,pecahan,2026-02-23
9505,20.0,pecahan,2026-02-25
9506,20.0,pecahan,2026-02-28
9507,20.0,pecahan,2026-03-02
9508,20.0,pecahan,2026-03-03
9509,20.0,pecahan,2026-03-05
9510,20.0,pecahan,2026-03-08
9511,20.0,aljabar,2026-03-10
9512,20.0,aljabar,2026-03-12
9513,20.0,aljabar,2026-03-13
9514,20.0,aljabar,2026-03-15
9515,20.0,aljabar,2026-03-16
9516,20.0,aljabar,2026-03-18
9517,20.0,persamaan_linear,2026-03-21
9518,20.0,persamaan_linear,2026-03-23
9519,20.0,persamaan_linear,2026-03-25
9520,20.0,persamaan_linear,2026-03-27
9521,20.0,persamaan_linear,2026-03-28
9522,20.0,persamaan_linear,2026-03-29
9523,20.0,fungsi,2026-04-01
9524,20.0,fungsi,2026-04-04
9525,20.0,fungsi,2026-04-05
9526,20.0,fungsi,2026-04-06
9527,20.0,fungsi,2026-04-08
9528,20.0,fungsi,2026-04-11
9529,20.0,fungsi,2026-04-14
9530,20.0,limit,2026-04-16
9531,20.0,limit,2026-04-17
9532,20.0,limit,2026-04-18
9533,20.0,limit,2026-04-21
9534,20.0,limit,2026-04-23
9535,20.0,limit,2026-04-25
9536,20.0,limit,2026-04-28
9537,20.0,limit,2026-04-29
9538,20.0,limit,2026-05-01
9539,20.0,integral,2026-05-03
9540,20.0,integral,2026-05-04
9541,20.0,integral,2026-05-07
9542,20.0,integral,2026-05-08
9543,20.0,integral,2026-05-10
9544,20.0,integral,2026-05-13
9545,20.0,integral,2026-05-16
9546,20.0,integral,2026-05-17
9547,20.0,integral,2026-05-19
9548,18.0,penjumlahan,2026-01-01
9549,18.0,penjumlahan,2026-01-04
9550,18.0,penjumlahan,2026-01-06
9551,18.0,penjumlahan,2026-01-07
9552,18.0,penjumlahan,2026-01-09
9553,18.0,penjumlahan,2026-01-12
9554,18.0,penjumlahan,2026-01-15
9555,18.0,penjumlahan,2026-01-16
9556,18.0,penjumlahan,2026-01-19
9557,18.0,pengurangan,2026-01-20
9558,18.0,pengurangan,2026-01-21
9559,18.0,pengurangan,2026-01-24
9560,18.0,pengurangan,2026-01-25
9561,18.0,pengurangan,2026-01-27
9562,18.0,pengurangan,2026-01-28
9563,18.0,pengurangan,2026-01-30
9564,18.0,perkalian,2026-02-01
9565,18.0,perkalian,2026-02-03
9566,18.0,perkalian,2026-02-06
9567,18.0,perkalian,2026-02-08
9568,18.0,perkalian,2026-02-09
9569,18.0,perkalian,2026-02-12
9570,18.0,perkalian,2026-02-13
9571,18.0,perkalian,2026-02-14
9572,18.0,perkalian,2026-02-15
9573,18.0,pecahan,2026-02-16
9574,18.0,pecahan,2026-02-18
9575,18.0,pecahan,2026-02-21
9576,18.0,pecahan,2026-02-22
9577,18.0,pecahan,2026-02-24
9578,18.0,pecahan,2026-02-25
9579,18.0,pecahan,2026-02-27
9580,18.0,pecahan,2026-02-28
9581,18.0,pecahan,2026-03-01
9582,18.0,aljabar,2026-03-02
9583,18.0,aljabar,2026-03-03
9584,18.0,aljabar,2026-03-06
9585,18.0,aljabar,2026-03-09
9586,18.0,aljabar,2026-03-10
9587,18.0,limit,2026-03-13
9588,18.0,limit,2026-03-16
9589,18.0,limit,2026-03-19
9590,18.0,limit,2026-03-21
9591,18.0,limit,2026-03-24
9592,18.0,turunan,2026-03-25
9593,18.0,turunan,2026-03-27
9594,18.0,turunan,2026-03-29
9595,18.0,turunan,2026-04-01
9596,18.0,turunan,2026-04-03
9597,18.0,turunan,2026-04-04
9598,18.0,turunan,2026-04-06
9599,4.0,penjumlahan,2026-01-01
9600,4.0,penjumlahan,2026-01-02
9601,4.0,penjumlahan,2026-01-03
9602,4.0,penjumlahan,2026-01-06
9603,4.0,penjumlahan,2026-01-09
9604,4.0,pengurangan,2026-01-12
9605,4.0,pengurangan,2026-01-15
9606,4.0,pengurangan,2026-01-16
9607,4.0,pengurangan,2026-01-19
9608,4.0,pengurangan,2026-01-21
9609,4.0,pembagian,2026-01-22
9610,4.0,pembagian,2026-01-24
9611,4.0,pembagian,2026-01-25
9612,4.0,pembagian,2026-01-28
9613,4.0,pembagian,2026-01-31
9614,4.0,pembagian,2026-02-02
9615,4.0,pembagian,2026-02-04
9616,4.0,pembagian,2026-02-06
9617,4.0,pecahan,2026-02-08
9618,4.0,pecahan,2026-02-10
9619,4.0,pecahan,2026-02-11
9620,4.0,pecahan,2026-02-12
9621,4.0,pecahan,2026-02-14
9622,4.0,pecahan,2026-02-16
9623,4.0,aljabar,2026-02-19
9624,4.0,aljabar,2026-02-22
9625,4.0,aljabar,2026-02-25
9626,4.0,aljabar,2026-02-27
9627,4.0,aljabar,2026-02-28
9628,4.0,persamaan_linear,2026-03-02
9629,4.0,persamaan_linear,2026-03-03
9630,4.0,persamaan_linear,2026-03-05
9631,4.0,persamaan_linear,2026-03-07
9632,4.0,persamaan_linear,2026-03-09
9633,4.0,fungsi,2026-03-12
9634,4.0,fungsi,2026-03-13
9635,4.0,fungsi,2026-03-16
9636,4.0,fungsi,2026-03-18
9637,4.0,fungsi,2026-03-20
9638,4.0,fungsi,2026-03-21
9639,4.0,fungsi,2026-03-24
9640,4.0,fungsi,2026-03-27
9641,4.0,limit,2026-03-29
9642,4.0,limit,2026-04-01
9643,4.0,limit,2026-04-03
9644,4.0,limit,2026-04-04
9645,4.0,limit,2026-04-07
9646,4.0,limit,2026-04-08
9647,4.0,limit,2026-04-10
9648,4.0,limit,2026-04-13
9649,4.0,limit,2026-04-16
9650,4.0,turunan,2026-04-17
9651,4.0,turunan,2026-04-20
9652,4.0,turunan,2026-04-23
9653,4.0,turunan,2026-04-24
9654,4.0,turunan,2026-04-27
9655,4.0,turunan,2026-04-28
9656,4.0,turunan,2026-04-29
9657,4.0,turunan,2026-04-30
9658,4.0,turunan,2026-05-03
9659,4.0,integral,2026-05-06
9660,4.0,integral,2026-05-09
9661,4.0,integral,2026-05-12
9662,4.0,integral,2026-05-15
9663,4.0,integral,2026-05-18
9664,9.0,penjumlahan,2026-01-01
9665,9.0,penjumlahan,2026-01-03
9666,9.0,penjumlahan,2026-01-04
9667,9.0,penjumlahan,2026-01-05
9668,9.0,penjumlahan,2026-01-07
9669,9.0,penjumlahan,2026-01-09
9670,9.0,penjumlahan,2026-01-11
9671,9.0,penjumlahan,2026-01-14
9672,9.0,pengurangan,2026-01-15
9673,9.0,pengurangan,2026-01-16
9674,9.0,pengurangan,2026-01-18
9675,9.0,pengurangan,2026-01-21
9676,9.0,pengurangan,2026-01-24
9677,9.0,pengurangan,2026-01-26
9678,9.0,pengurangan,2026-01-28
9679,9.0,pengurangan,2026-01-29
9680,9.0,pengurangan,2026-01-31
9681,9.0,perkalian,2026-02-03
9682,9.0,perkalian,2026-02-05
9683,9.0,perkalian,2026-02-06
9684,9.0,perkalian,2026-02-07
9685,9.0,perkalian,2026-02-10
9686,9.0,pecahan,2026-02-13
9687,9.0,pecahan,2026-02-16
9688,9.0,pecahan,2026-02-19
9689,9.0,pecahan,2026-02-20
9690,9.0,pecahan,2026-02-21
9691,9.0,pecahan,2026-02-24
9692,9.0,pecahan,2026-02-26
9693,9.0,pecahan,2026-02-27
9694,9.0,desimal,2026-03-02
9695,9.0,desimal,2026-03-05
9696,9.0,desimal,2026-03-08
9697,9.0,desimal,2026-03-10
9698,9.0,desimal,2026-03-12
9699,9.0,desimal,2026-03-14
9700,9.0,desimal,2026-03-16
9701,9.0,desimal,2026-03-18
9702,9.0,persamaan_linear,2026-03-20
9703,9.0,persamaan_linear,2026-03-21
9704,9.0,persamaan_linear,2026-03-23
9705,9.0,persamaan_linear,2026-03-25
9706,9.0,persamaan_linear,2026-03-28
9707,9.0,fungsi,2026-03-29
9708,9.0,fungsi,2026-03-31
9709,9.0,fungsi,2026-04-02
9710,9.0,fungsi,2026-04-03
9711,9.0,fungsi,2026-04-05
9712,9.0,fungsi,2026-04-06
9713,9.0,fungsi,2026-04-07
9714,9.0,fungsi,2026-04-08
9715,9.0,turunan,2026-04-11
9716,9.0,turunan,2026-04-13
9717,9.0,turunan,2026-04-14
9718,9.0,turunan,2026-04-15
9719,9.0,turunan,2026-04-18
9720,9.0,turunan,2026-04-20
9721,9.0,turunan,2026-04-21
9722,9.0,integral,2026-04-24
9723,9.0,integral,2026-04-25
9724,9.0,integral,2026-04-28
9725,9.0,integral,2026-04-29
9726,9.0,integral,2026-04-30
9727,9.0,integral,2026-05-01
9728,9.0,integral,2026-05-04
9729,4.0,penjumlahan,2026-01-01
9730,4.0,penjumlahan,2026-01-03
9731,4.0,penjumlahan,2026-01-06
9732,4.0,penjumlahan,2026-01-08
9733,4.0,penjumlahan,2026-01-10
9734,4.0,penjumlahan,2026-01-13
9735,4.0,penjumlahan,2026-01-14
9736,4.0,penjumlahan,2026-01-17
9737,4.0,pengurangan,2026-01-18
9738,4.0,pengurangan,2026-01-19
9739,4.0,pengurangan,2026-01-21
9740,4.0,pengurangan,2026-01-22
9741,4.0,pengurangan,2026-01-24
9742,4.0,perkalian,2026-01-25
9743,4.0,perkalian,2026-01-26
9744,4.0,perkalian,2026-01-28
9745,4.0,perkalian,2026-01-29
9746,4.0,perkalian,2026-01-31
9747,4.0,perkalian,2026-02-01
9748,4.0,pembagian,2026-02-03
9749,4.0,pembagian,2026-02-04
9750,4.0,pembagian,2026-02-06
9751,4.0,pembagian,2026-02-09
9752,4.0,pembagian,2026-02-11
9753,4.0,pembagian,2026-02-14
9754,4.0,pembagian,2026-02-15
9755,4.0,pembagian,2026-02-17
9756,4.0,pecahan,2026-02-18
9757,4.0,pecahan,2026-02-19
9758,4.0,pecahan,2026-02-21
9759,4.0,pecahan,2026-02-22
9760,4.0,pecahan,2026-02-23
9761,4.0,pecahan,2026-02-26
9762,4.0,pecahan,2026-02-28
9763,4.0,pecahan,2026-03-02
9764,4.0,desimal,2026-03-04
9765,4.0,desimal,2026-03-05
9766,4.0,desimal,2026-03-07
9767,4.0,desimal,2026-03-09
9768,4.0,desimal,2026-03-12
9769,4.0,aljabar,2026-03-15
9770,4.0,aljabar,2026-03-18
9771,4.0,aljabar,2026-03-19
9772,4.0,aljabar,2026-03-21
9773,4.0,aljabar,2026-03-22
9774,4.0,persamaan_linear,2026-03-23
9775,4.0,persamaan_linear,2026-03-26
9776,4.0,persamaan_linear,2026-03-29
9777,4.0,persamaan_linear,2026-03-31
9778,4.0,persamaan_linear,2026-04-01
9779,4.0,persamaan_linear,2026-04-03
9780,4.0,persamaan_linear,2026-04-04
9781,4.0,limit,2026-04-07
9782,4.0,limit,2026-04-10
9783,4.0,limit,2026-04-11
9784,4.0,limit,2026-04-14
9785,4.0,limit,2026-04-16
9786,4.0,limit,2026-04-17
9787,4.0,turunan,2026-04-20
9788,4.0,turunan,2026-04-21
9789,4.0,turunan,2026-04-24
9790,4.0,turunan,2026-04-25
9791,4.0,turunan,2026-04-28
9792,4.0,turunan,2026-04-29
9793,4.0,turunan,2026-05-01
9794,4.0,turunan,2026-05-04
9795,4.0,turunan,2026-05-07
9796,9.0,penjumlahan,2026-01-01
9797,9.0,penjumlahan,2026-01-03
9798,9.0,penjumlahan,2026-01-05
9799,9.0,penjumlahan,2026-01-07
9800,9.0,penjumlahan,2026-01-09
9801,9.0,penjumlahan,2026-01-11
9802,9.0,penjumlahan,2026-01-13
9803,9.0,pengurangan,2026-01-14
9804,9.0,pengurangan,2026-01-15
9805,9.0,pengurangan,2026-01-18
9806,9.0,pengurangan,2026-01-19
9807,9.0,pengurangan,2026-01-20
9808,9.0,pengurangan,2026-01-23
9809,9.0,pengurangan,2026-01-25
9810,9.0,pengurangan,2026-01-26
9811,9.0,pengurangan,2026-01-27
9812,9.0,perkalian,2026-01-29
9813,9.0,perkalian,2026-01-30
9814,9.0,perkalian,2026-02-02
9815,9.0,perkalian,2026-02-04
9816,9.0,perkalian,2026-02-05
9817,9.0,perkalian,2026-02-07
9818,9.0,pecahan,2026-02-08
9819,9.0,pecahan,2026-02-11
9820,9.0,pecahan,2026-02-12
9821,9.0,pecahan,2026-02-15
9822,9.0,pecahan,2026-02-17
9823,9.0,pecahan,2026-02-18
9824,9.0,pecahan,2026-02-19
9825,9.0,pecahan,2026-02-20
9826,9.0,persamaan_linear,2026-02-21
9827,9.0,persamaan_linear,2026-02-24
9828,9.0,persamaan_linear,2026-02-25
9829,9.0,persamaan_linear,2026-02-27
9830,9.0,persamaan_linear,2026-03-02
9831,9.0,persamaan_linear,2026-03-03
9832,9.0,persamaan_linear,2026-03-04
9833,9.0,persamaan_linear,2026-03-06
9834,9.0,fungsi,2026-03-08
9835,9.0,fungsi,2026-03-11
9836,9.0,fungsi,2026-03-14
9837,9.0,fungsi,2026-03-15
9838,9.0,fungsi,2026-03-18
9839,9.0,fungsi,2026-03-20
9840,9.0,fungsi,2026-03-21
9841,9.0,turunan,2026-03-23
9842,9.0,turunan,2026-03-26
9843,9.0,turunan,2026-03-29
9844,9.0,turunan,2026-03-30
9845,9.0,turunan,2026-03-31
9846,9.0,turunan,2026-04-03
9847,9.0,integral,2026-04-05
9848,9.0,integral,2026-04-07
9849,9.0,integral,2026-04-08
9850,9.0,integral,2026-04-11
9851,9.0,integral,2026-04-14
9852,9.0,integral,2026-04-15
9853,9.0,integral,2026-04-18
9854,9.0,integral,2026-04-19
9855,20.0,penjumlahan,2026-01-01
9856,20.0,penjumlahan,2026-01-04
9857,20.0,penjumlahan,2026-01-05
9858,20.0,penjumlahan,2026-01-07
9859,20.0,penjumlahan,2026-01-09
9860,20.0,penjumlahan,2026-01-12
9861,20.0,pengurangan,2026-01-15
9862,20.0,pengurangan,2026-01-17
9863,20.0,pengurangan,2026-01-18
9864,20.0,pengurangan,2026-01-21
9865,20.0,pengurangan,2026-01-24
9866,20.0,pengurangan,2026-01-27
9867,20.0,pengurangan,2026-01-30
9868,20.0,pengurangan,2026-01-31
9869,20.0,pembagian,2026-02-01
9870,20.0,pembagian,2026-02-03
9871,20.0,pembagian,2026-02-04
9872,20.0,pembagian,2026-02-07
9873,20.0,pembagian,2026-02-09
9874,20.0,pembagian,2026-02-12
9875,20.0,pembagian,2026-02-15
9876,20.0,pecahan,2026-02-18
9877,20.0,pecahan,2026-02-19
9878,20.0,pecahan,2026-02-22
9879,20.0,pecahan,2026-02-23
9880,20.0,pecahan,2026-02-24
9881,20.0,persamaan_linear,2026-02-25
9882,20.0,persamaan_linear,2026-02-28
9883,20.0,persamaan_linear,2026-03-01
9884,20.0,persamaan_linear,2026-03-04
9885,20.0,persamaan_linear,2026-03-06
9886,20.0,persamaan_linear,2026-03-09
9887,20.0,persamaan_linear,2026-03-10
9888,20.0,persamaan_linear,2026-03-11
9889,20.0,persamaan_linear,2026-03-12
9890,20.0,fungsi,2026-03-14
9891,20.0,fungsi,2026-03-16
9892,20.0,fungsi,2026-03-17
9893,20.0,fungsi,2026-03-18
9894,20.0,fungsi,2026-03-20
9895,20.0,fungsi,2026-03-21
9896,20.0,limit,2026-03-22
9897,20.0,limit,2026-03-24
9898,20.0,limit,2026-03-27
9899,20.0,limit,2026-03-29
9900,20.0,limit,2026-04-01
9901,20.0,limit,2026-04-04
9902,20.0,limit,2026-04-05
9903,20.0,limit,2026-04-07
9904,20.0,turunan,2026-04-08
9905,20.0,turunan,2026-04-09
9906,20.0,turunan,2026-04-11
9907,20.0,turunan,2026-04-14
9908,20.0,turunan,2026-04-17
9909,20.0,integral,2026-04-19
9910,20.0,integral,2026-04-20
9911,20.0,integral,2026-04-23
9912,20.0,integral,2026-04-25
9913,20.0,integral,2026-04-28
9914,20.0,integral,2026-04-29
9915,11.0,penjumlahan,2026-01-01
9916,11.0,penjumlahan,2026-01-03
9917,11.0,penjumlahan,2026-01-06
9918,11.0,penjumlahan,2026-01-07
9919,11.0,penjumlahan,2026-01-10
9920,11.0,pengurangan,2026-01-11
9921,11.0,pengurangan,2026-01-14
9922,11.0,pengurangan,2026-01-16
9923,11.0,pengurangan,2026-01-19
9924,11.0,pengurangan,2026-01-21
9925,11.0,pengurangan,2026-01-22
9926,11.0,pengurangan,2026-01-23
9927,11.0,perkalian,2026-01-24
9928,11.0,perkalian,2026-01-26
9929,11.0,perkalian,2026-01-29
9930,11.0,perkalian,2026-01-31
9931,11.0,perkalian,2026-02-01
9932,11.0,perkalian,2026-02-04
9933,11.0,perkalian,2026-02-06
9934,11.0,perkalian,2026-02-09
9935,11.0,perkalian,2026-02-11
9936,11.0,pembagian,2026-02-14
9937,11.0,pembagian,2026-02-15
9938,11.0,pembagian,2026-02-16
9939,11.0,pembagian,2026-02-18
9940,11.0,pembagian,2026-02-20
9941,11.0,pembagian,2026-02-21
9942,11.0,pembagian,2026-02-22
9943,11.0,desimal,2026-02-23
9944,11.0,desimal,2026-02-25
9945,11.0,desimal,2026-02-26
9946,11.0,desimal,2026-02-28
9947,11.0,desimal,2026-03-02
9948,11.0,desimal,2026-03-04
9949,11.0,desimal,2026-03-05
9950,11.0,fungsi,2026-03-08
9951,11.0,fungsi,2026-03-10
9952,11.0,fungsi,2026-03-12
9953,11.0,fungsi,2026-03-14
9954,11.0,fungsi,2026-03-15
9955,11.0,fungsi,2026-03-17
9956,11.0,fungsi,2026-03-18
9957,11.0,fungsi,2026-03-20
9958,9.0,penjumlahan,2026-01-01
9959,9.0,penjumlahan,2026-01-02
9960,9.0,penjumlahan,2026-01-04
9961,9.0,penjumlahan,2026-01-07
9962,9.0,penjumlahan,2026-01-10
9963,9.0,penjumlahan,2026-01-12
9964,9.0,pengurangan,2026-01-15
9965,9.0,pengurangan,2026-01-16
9966,9.0,pengurangan,2026-01-19
9967,9.0,pengurangan,2026-01-22
9968,9.0,pengurangan,2026-01-23
9969,9.0,pengurangan,2026-01-25
9970,9.0,perkalian,2026-01-26
9971,9.0,perkalian,2026-01-27
9972,9.0,perkalian,2026-01-30
9973,9.0,perkalian,2026-02-02
9974,9.0,perkalian,2026-02-03
9975,9.0,pembagian,2026-02-06
9976,9.0,pembagian,2026-02-08
9977,9.0,pembagian,2026-02-10
9978,9.0,pembagian,2026-02-11
9979,9.0,pembagian,2026-02-14
9980,9.0,pembagian,2026-02-16
9981,9.0,pecahan,2026-02-19
9982,9.0,pecahan,2026-02-22
9983,9.0,pecahan,2026-02-23
9984,9.0,pecahan,2026-02-24
9985,9.0,pecahan,2026-02-26
9986,9.0,pecahan,2026-02-28
9987,9.0,aljabar,2026-03-02
9988,9.0,aljabar,2026-03-03
9989,9.0,aljabar,2026-03-06
9990,9.0,aljabar,2026-03-09
9991,9.0,aljabar,2026-03-11
9992,9.0,aljabar,2026-03-12
9993,9.0,aljabar,2026-03-13
9994,9.0,persamaan_linear,2026-03-15
9995,9.0,persamaan_linear,2026-03-17
9996,9.0,persamaan_linear,2026-03-18
9997,9.0,persamaan_linear,2026-03-20
9998,9.0,persamaan_linear,2026-03-23
9999,9.0,persamaan_linear,2026-03-24
10000,9.0,persamaan_linear,2026-03-27
10001,9.0,persamaan_linear,2026-03-30
10002,9.0,persamaan_linear,2026-04-01
10003,9.0,limit,2026-04-04
10004,9.0,limit,2026-04-07
10005,9.0,limit,2026-04-10
10006,9.0,limit,2026-04-11
10007,9.0,limit,2026-04-14
10008,9.0,limit,2026-04-15
10009,9.0,turunan,2026-04-16
10010,9.0,turunan,2026-04-17
10011,9.0,turunan,2026-04-18
10012,9.0,turunan,2026-04-20
10013,9.0,turunan,2026-04-23
10014,9.0,turunan,2026-04-24
10015,9.0,penjumlahan,2026-01-01
10016,9.0,penjumlahan,2026-01-04
10017,9.0,penjumlahan,2026-01-05
10018,9.0,penjumlahan,2026-01-07
10019,9.0,penjumlahan,2026-01-10
10020,9.0,penjumlahan,2026-01-13
10021,9.0,penjumlahan,2026-01-15
10022,9.0,penjumlahan,2026-01-17
10023,9.0,pengurangan,2026-01-18
10024,9.0,pengurangan,2026-01-19
10025,9.0,pengurangan,2026-01-20
10026,9.0,pengurangan,2026-01-23
10027,9.0,pengurangan,2026-01-24
10028,9.0,pengurangan,2026-01-25
10029,9.0,pengurangan,2026-01-26
10030,9.0,perkalian,2026-01-28
10031,9.0,perkalian,2026-01-30
10032,9.0,perkalian,2026-02-01
10033,9.0,perkalian,2026-02-04
10034,9.0,perkalian,2026-02-05
10035,9.0,perkalian,2026-02-06
10036,9.0,perkalian,2026-02-09
10037,9.0,pembagian,2026-02-11
10038,9.0,pembagian,2026-02-14
10039,9.0,pembagian,2026-02-17
10040,9.0,pembagian,2026-02-19
10041,9.0,pembagian,2026-02-21
10042,9.0,pembagian,2026-02-22
10043,9.0,pembagian,2026-02-23
10044,9.0,pembagian,2026-02-26
10045,9.0,pembagian,2026-02-27
10046,9.0,pecahan,2026-02-28
10047,9.0,pecahan,2026-03-03
10048,9.0,pecahan,2026-03-06
10049,9.0,pecahan,2026-03-07
10050,9.0,pecahan,2026-03-10
10051,9.0,pecahan,2026-03-13
10052,9.0,desimal,2026-03-16
10053,9.0,desimal,2026-03-17
10054,9.0,desimal,2026-03-19
10055,9.0,desimal,2026-03-22
10056,9.0,desimal,2026-03-25
10057,9.0,aljabar,2026-03-28
10058,9.0,aljabar,2026-03-29
10059,9.0,aljabar,2026-04-01
10060,9.0,aljabar,2026-04-03
10061,9.0,aljabar,2026-04-05
10062,9.0,aljabar,2026-04-06
10063,9.0,aljabar,2026-04-07
10064,9.0,persamaan_linear,2026-04-10
10065,9.0,persamaan_linear,2026-04-13
10066,9.0,persamaan_linear,2026-04-15
10067,9.0,persamaan_linear,2026-04-16
10068,9.0,persamaan_linear,2026-04-19
10069,9.0,persamaan_linear,2026-04-21
10070,9.0,persamaan_linear,2026-04-24
10071,9.0,fungsi,2026-04-25
10072,9.0,fungsi,2026-04-26
10073,9.0,fungsi,2026-04-27
10074,9.0,fungsi,2026-04-29
10075,9.0,fungsi,2026-04-30
10076,9.0,fungsi,2026-05-02
10077,9.0,limit,2026-05-04
10078,9.0,limit,2026-05-05
10079,9.0,limit,2026-05-08
10080,9.0,limit,2026-05-11
10081,9.0,limit,2026-05-12
10082,9.0,turunan,2026-05-14
10083,9.0,turunan,2026-05-16
10084,9.0,turunan,2026-05-17
10085,9.0,turunan,2026-05-18
10086,9.0,turunan,2026-05-20
10087,9.0,turunan,2026-05-23
10088,9.0,turunan,2026-05-24
10089,9.0,turunan,2026-05-26
10090,3.0,penjumlahan,2026-01-01
10091,3.0,penjumlahan,2026-01-02
10092,3.0,penjumlahan,2026-01-03
10093,3.0,penjumlahan,2026-01-06
10094,3.0,penjumlahan,2026-01-08
10095,3.0,penjumlahan,2026-01-11
10096,3.0,penjumlahan,2026-01-13
10097,3.0,pengurangan,2026-01-15
10098,3.0,pengurangan,2026-01-18
10099,3.0,pengurangan,2026-01-20
10100,3.0,pengurangan,2026-01-21
10101,3.0,pengurangan,2026-01-23
10102,3.0,pengurangan,2026-01-24
10103,3.0,pengurangan,2026-01-26
10104,3.0,perkalian,2026-01-28
10105,3.0,perkalian,2026-01-29
10106,3.0,perkalian,2026-01-31
10107,3.0,perkalian,2026-02-01
10108,3.0,perkalian,2026-02-04
10109,3.0,perkalian,2026-02-06
10110,3.0,pembagian,2026-02-07
10111,3.0,pembagian,2026-02-08
10112,3.0,pembagian,2026-02-09
10113,3.0,pembagian,2026-02-10
10114,3.0,pembagian,2026-02-12
10115,3.0,pembagian,2026-02-13
10116,3.0,pembagian,2026-02-14
10117,3.0,pecahan,2026-02-15
10118,3.0,pecahan,2026-02-18
10119,3.0,pecahan,2026-02-21
10120,3.0,pecahan,2026-02-23
10121,3.0,pecahan,2026-02-24
10122,3.0,pecahan,2026-02-27
10123,3.0,pecahan,2026-03-01
10124,3.0,pecahan,2026-03-04
10125,3.0,desimal,2026-03-06
10126,3.0,desimal,2026-03-09
10127,3.0,desimal,2026-03-12
10128,3.0,desimal,2026-03-15
10129,3.0,desimal,2026-03-16
10130,3.0,desimal,2026-03-17
10131,3.0,desimal,2026-03-18
10132,3.0,aljabar,2026-03-21
10133,3.0,aljabar,2026-03-24
10134,3.0,aljabar,2026-03-26
10135,3.0,aljabar,2026-03-27
10136,3.0,aljabar,2026-03-30
10137,3.0,aljabar,2026-04-01
10138,3.0,aljabar,2026-04-03
10139,3.0,fungsi,2026-04-05
10140,3.0,fungsi,2026-04-08
10141,3.0,fungsi,2026-04-09
10142,3.0,fungsi,2026-04-10
10143,3.0,fungsi,2026-04-13
10144,3.0,fungsi,2026-04-15
10145,3.0,fungsi,2026-04-18
10146,3.0,turunan,2026-04-20
10147,3.0,turunan,2026-04-22
10148,3.0,turunan,2026-04-25
10149,3.0,turunan,2026-04-27
10150,3.0,turunan,2026-04-29
10151,3.0,turunan,2026-05-02
10152,3.0,turunan,2026-05-03
10153,3.0,turunan,2026-05-06
10154,3.0,turunan,2026-05-07
10155,3.0,integral,2026-05-09
10156,3.0,integral,2026-05-10
10157,3.0,integral,2026-05-11
10158,3.0,integral,2026-05-12
10159,3.0,integral,2026-05-15
10160,3.0,integral,2026-05-18
10161,3.0,integral,2026-05-21
10162,3.0,integral,2026-05-23
10163,9.0,penjumlahan,2026-01-01
10164,9.0,penjumlahan,2026-01-03
10165,9.0,penjumlahan,2026-01-05
10166,9.0,penjumlahan,2026-01-07
10167,9.0,penjumlahan,2026-01-09
10168,9.0,penjumlahan,2026-01-11
10169,9.0,pengurangan,2026-01-12
10170,9.0,pengurangan,2026-01-14
10171,9.0,pengurangan,2026-01-15
10172,9.0,pengurangan,2026-01-16
10173,9.0,pengurangan,2026-01-19
10174,9.0,pengurangan,2026-01-20
10175,9.0,pembagian,2026-01-23
10176,9.0,pembagian,2026-01-24
10177,9.0,pembagian,2026-01-25
10178,9.0,pembagian,2026-01-27
10179,9.0,pembagian,2026-01-28
10180,9.0,pembagian,2026-01-29
10181,9.0,pembagian,2026-01-31
10182,9.0,pembagian,2026-02-01
10183,9.0,pecahan,2026-02-02
10184,9.0,pecahan,2026-02-05
10185,9.0,pecahan,2026-02-07
10186,9.0,pecahan,2026-02-09
10187,9.0,pecahan,2026-02-10
10188,9.0,pecahan,2026-02-12
10189,9.0,pecahan,2026-02-15
10190,9.0,persamaan_linear,2026-02-18
10191,9.0,persamaan_linear,2026-02-19
10192,9.0,persamaan_linear,2026-02-20
10193,9.0,persamaan_linear,2026-02-21
10194,9.0,persamaan_linear,2026-02-24
10195,9.0,persamaan_linear,2026-02-27
10196,9.0,persamaan_linear,2026-03-02
10197,9.0,persamaan_linear,2026-03-04
10198,9.0,limit,2026-03-06
10199,9.0,limit,2026-03-09
10200,9.0,limit,2026-03-11
10201,9.0,limit,2026-03-14
10202,9.0,limit,2026-03-17
10203,1.0,penjumlahan,2026-01-01
10204,1.0,penjumlahan,2026-01-03
10205,1.0,penjumlahan,2026-01-06
10206,1.0,penjumlahan,2026-01-07
10207,1.0,penjumlahan,2026-01-09
10208,1.0,penjumlahan,2026-01-12
10209,1.0,pengurangan,2026-01-15
10210,1.0,pengurangan,2026-01-16
10211,1.0,pengurangan,2026-01-17
10212,1.0,pengurangan,2026-01-20
10213,1.0,pengurangan,2026-01-22
10214,1.0,perkalian,2026-01-25
10215,1.0,perkalian,2026-01-27
10216,1.0,perkalian,2026-01-30
10217,1.0,perkalian,2026-02-01
10218,1.0,perkalian,2026-02-04
10219,1.0,pembagian,2026-02-07
10220,1.0,pembagian,2026-02-09
10221,1.0,pembagian,2026-02-10
10222,1.0,pembagian,2026-02-12
10223,1.0,pembagian,2026-02-13
10224,1.0,pembagian,2026-02-16
10225,1.0,pembagian,2026-02-19
10226,1.0,pembagian,2026-02-21
10227,1.0,pecahan,2026-02-22
10228,1.0,pecahan,2026-02-25
10229,1.0,pecahan,2026-02-26
10230,1.0,pecahan,2026-03-01
10231,1.0,pecahan,2026-03-04
10232,1.0,aljabar,2026-03-07
10233,1.0,aljabar,2026-03-08
10234,1.0,aljabar,2026-03-11
10235,1.0,aljabar,2026-03-14
10236,1.0,aljabar,2026-03-15
10237,1.0,persamaan_linear,2026-03-18
10238,1.0,persamaan_linear,2026-03-19
10239,1.0,persamaan_linear,2026-03-22
10240,1.0,persamaan_linear,2026-03-24
10241,1.0,persamaan_linear,2026-03-27
10242,1.0,persamaan_linear,2026-03-29
10243,1.0,turunan,2026-04-01
10244,1.0,turunan,2026-04-04
10245,1.0,turunan,2026-04-07
10246,1.0,turunan,2026-04-08
10247,1.0,turunan,2026-04-11
10248,1.0,turunan,2026-04-13
10249,1.0,turunan,2026-04-14
10250,1.0,turunan,2026-04-15
10251,1.0,turunan,2026-04-18
10252,1.0,integral,2026-04-21
10253,1.0,integral,2026-04-23
10254,1.0,integral,2026-04-24
10255,1.0,integral,2026-04-27
10256,1.0,integral,2026-04-30
10257,1.0,integral,2026-05-03
10258,1.0,integral,2026-05-06
10259,5.0,penjumlahan,2026-01-01
10260,5.0,penjumlahan,2026-01-02
10261,5.0,penjumlahan,2026-01-04
10262,5.0,penjumlahan,2026-01-06
10263,5.0,penjumlahan,2026-01-07
10264,5.0,penjumlahan,2026-01-08
10265,5.0,pengurangan,2026-01-11
10266,5.0,pengurangan,2026-01-13
10267,5.0,pengurangan,2026-01-14
10268,5.0,pengurangan,2026-01-15
10269,5.0,pengurangan,2026-01-18
10270,5.0,pengurangan,2026-01-20
10271,5.0,pengurangan,2026-01-21
10272,5.0,pengurangan,2026-01-24
10273,5.0,pengurangan,2026-01-26
10274,5.0,pembagian,2026-01-27
10275,5.0,pembagian,2026-01-30
10276,5.0,pembagian,2026-02-02
10277,5.0,pembagian,2026-02-05
10278,5.0,pembagian,2026-02-06
10279,5.0,pembagian,2026-02-08
10280,5.0,aljabar,2026-02-09
10281,5.0,aljabar,2026-02-10
10282,5.0,aljabar,2026-02-12
10283,5.0,aljabar,2026-02-14
10284,5.0,aljabar,2026-02-17
10285,5.0,persamaan_linear,2026-02-19
10286,5.0,persamaan_linear,2026-02-21
10287,5.0,persamaan_linear,2026-02-23
10288,5.0,persamaan_linear,2026-02-25
10289,5.0,persamaan_linear,2026-02-27
10290,5.0,persamaan_linear,2026-03-01
10291,5.0,persamaan_linear,2026-03-03
10292,5.0,persamaan_linear,2026-03-04
10293,5.0,limit,2026-03-07
10294,5.0,limit,2026-03-10
10295,5.0,limit,2026-03-11
10296,5.0,limit,2026-03-14
10297,5.0,limit,2026-03-15
10298,5.0,limit,2026-03-16
10299,5.0,limit,2026-03-17
10300,5.0,limit,2026-03-20
10301,5.0,turunan,2026-03-22
10302,5.0,turunan,2026-03-25
10303,5.0,turunan,2026-03-27
10304,5.0,turunan,2026-03-28
10305,5.0,turunan,2026-03-31
10306,5.0,turunan,2026-04-01
10307,5.0,turunan,2026-04-03
10308,5.0,turunan,2026-04-05
10309,6.0,penjumlahan,2026-01-01
10310,6.0,penjumlahan,2026-01-03
10311,6.0,penjumlahan,2026-01-05
10312,6.0,penjumlahan,2026-01-06
10313,6.0,penjumlahan,2026-01-08
10314,6.0,penjumlahan,2026-01-10
10315,6.0,penjumlahan,2026-01-11
10316,6.0,pengurangan,2026-01-13
10317,6.0,pengurangan,2026-01-16
10318,6.0,pengurangan,2026-01-17
10319,6.0,pengurangan,2026-01-19
10320,6.0,pengurangan,2026-01-20
10321,6.0,pengurangan,2026-01-23
10322,6.0,pengurangan,2026-01-24
10323,6.0,pengurangan,2026-01-27
10324,6.0,pengurangan,2026-01-30
10325,6.0,perkalian,2026-02-01
10326,6.0,perkalian,2026-02-02
10327,6.0,perkalian,2026-02-03
10328,6.0,perkalian,2026-02-06
10329,6.0,perkalian,2026-02-07
10330,6.0,perkalian,2026-02-08
10331,6.0,perkalian,2026-02-11
10332,6.0,perkalian,2026-02-13
10333,6.0,pembagian,2026-02-15
10334,6.0,pembagian,2026-02-18
10335,6.0,pembagian,2026-02-20
10336,6.0,pembagian,2026-02-22
10337,6.0,pembagian,2026-02-25
10338,6.0,pembagian,2026-02-27
10339,6.0,pecahan,2026-02-28
10340,6.0,pecahan,2026-03-02
10341,6.0,pecahan,2026-03-04
10342,6.0,pecahan,2026-03-05
10343,6.0,pecahan,2026-03-08
10344,6.0,desimal,2026-03-11
10345,6.0,desimal,2026-03-13
10346,6.0,desimal,2026-03-14
10347,6.0,desimal,2026-03-17
10348,6.0,desimal,2026-03-20
10349,6.0,desimal,2026-03-22
10350,6.0,desimal,2026-03-24
10351,6.0,desimal,2026-03-27
10352,6.0,persamaan_linear,2026-03-30
10353,6.0,persamaan_linear,2026-04-02
10354,6.0,persamaan_linear,2026-04-05
10355,6.0,persamaan_linear,2026-04-06
10356,6.0,persamaan_linear,2026-04-07
10357,6.0,persamaan_linear,2026-04-09
10358,6.0,persamaan_linear,2026-04-10
10359,18.0,penjumlahan,2026-01-01
10360,18.0,penjumlahan,2026-01-02
10361,18.0,penjumlahan,2026-01-05
10362,18.0,penjumlahan,2026-01-07
10363,18.0,penjumlahan,2026-01-09
10364,18.0,penjumlahan,2026-01-12
10365,18.0,penjumlahan,2026-01-13
10366,18.0,penjumlahan,2026-01-15
10367,18.0,pengurangan,2026-01-16
10368,18.0,pengurangan,2026-01-17
10369,18.0,pengurangan,2026-01-20
10370,18.0,pengurangan,2026-01-21
10371,18.0,pengurangan,2026-01-23
10372,18.0,pengurangan,2026-01-26
10373,18.0,pengurangan,2026-01-28
10374,18.0,perkalian,2026-01-30
10375,18.0,perkalian,2026-01-31
10376,18.0,perkalian,2026-02-01
10377,18.0,perkalian,2026-02-02
10378,18.0,perkalian,2026-02-05
10379,18.0,perkalian,2026-02-07
10380,18.0,perkalian,2026-02-08
10381,18.0,pembagian,2026-02-09
10382,18.0,pembagian,2026-02-12
10383,18.0,pembagian,2026-02-13
10384,18.0,pembagian,2026-02-16
10385,18.0,pembagian,2026-02-18
10386,18.0,pembagian,2026-02-19
10387,18.0,pembagian,2026-02-21
10388,18.0,pembagian,2026-02-23
10389,18.0,pembagian,2026-02-25
10390,18.0,pecahan,2026-02-27
10391,18.0,pecahan,2026-03-02
10392,18.0,pecahan,2026-03-04
10393,18.0,pecahan,2026-03-05
10394,18.0,pecahan,2026-03-08
10395,18.0,pecahan,2026-03-09
10396,18.0,desimal,2026-03-11
10397,18.0,desimal,2026-03-13
10398,18.0,desimal,2026-03-15
10399,18.0,desimal,2026-03-18
10400,18.0,desimal,2026-03-21
10401,18.0,desimal,2026-03-22
10402,18.0,desimal,2026-03-24
10403,18.0,desimal,2026-03-27
10404,18.0,desimal,2026-03-30
10405,18.0,aljabar,2026-03-31
10406,18.0,aljabar,2026-04-01
10407,18.0,aljabar,2026-04-03
10408,18.0,aljabar,2026-04-05
10409,18.0,aljabar,2026-04-08
10410,18.0,aljabar,2026-04-10
10411,18.0,aljabar,2026-04-12
10412,18.0,aljabar,2026-04-13
10413,18.0,persamaan_linear,2026-04-15
10414,18.0,persamaan_linear,2026-04-18
10415,18.0,persamaan_linear,2026-04-19
10416,18.0,persamaan_linear,2026-04-21
10417,18.0,persamaan_linear,2026-04-22
10418,18.0,persamaan_linear,2026-04-25
10419,18.0,limit,2026-04-27
10420,18.0,limit,2026-04-30
10421,18.0,limit,2026-05-01
10422,18.0,limit,2026-05-03
10423,18.0,limit,2026-05-05
10424,18.0,penjumlahan,2026-01-01
10425,18.0,penjumlahan,2026-01-02
10426,18.0,penjumlahan,2026-01-04
10427,18.0,penjumlahan,2026-01-05
10428,18.0,penjumlahan,2026-01-08
10429,18.0,penjumlahan,2026-01-10
10430,18.0,penjumlahan,2026-01-13
10431,18.0,pengurangan,2026-01-15
10432,18.0,pengurangan,2026-01-18
10433,18.0,pengurangan,2026-01-20
10434,18.0,pengurangan,2026-01-21
10435,18.0,pengurangan,2026-01-22
10436,18.0,perkalian,2026-01-24
10437,18.0,perkalian,2026-01-27
10438,18.0,perkalian,2026-01-28
10439,18.0,perkalian,2026-01-29
10440,18.0,perkalian,2026-01-31
10441,18.0,perkalian,2026-02-02
10442,18.0,perkalian,2026-02-05
10443,18.0,pembagian,2026-02-06
10444,18.0,pembagian,2026-02-08
10445,18.0,pembagian,2026-02-10
10446,18.0,pembagian,2026-02-13
10447,18.0,pembagian,2026-02-15
10448,18.0,pembagian,2026-02-16
10449,18.0,pembagian,2026-02-17
10450,18.0,pecahan,2026-02-18
10451,18.0,pecahan,2026-02-19
10452,18.0,pecahan,2026-02-20
10453,18.0,pecahan,2026-02-22
10454,18.0,pecahan,2026-02-25
10455,18.0,pecahan,2026-02-27
10456,18.0,pecahan,2026-03-01
10457,18.0,pecahan,2026-03-04
10458,18.0,desimal,2026-03-06
10459,18.0,desimal,2026-03-09
10460,18.0,desimal,2026-03-12
10461,18.0,desimal,2026-03-14
10462,18.0,desimal,2026-03-15
10463,18.0,desimal,2026-03-17
10464,18.0,desimal,2026-03-19
10465,18.0,aljabar,2026-03-22
10466,18.0,aljabar,2026-03-24
10467,18.0,aljabar,2026-03-25
10468,18.0,aljabar,2026-03-28
10469,18.0,aljabar,2026-03-30
10470,18.0,persamaan_linear,2026-04-02
10471,18.0,persamaan_linear,2026-04-03
10472,18.0,persamaan_linear,2026-04-05
10473,18.0,persamaan_linear,2026-04-07
10474,18.0,persamaan_linear,2026-04-10
10475,18.0,persamaan_linear,2026-04-13
10476,18.0,persamaan_linear,2026-04-14
10477,18.0,persamaan_linear,2026-04-17
10478,18.0,fungsi,2026-04-20
10479,18.0,fungsi,2026-04-22
10480,18.0,fungsi,2026-04-23
10481,18.0,fungsi,2026-04-26
10482,18.0,fungsi,2026-04-27
10483,18.0,fungsi,2026-04-29
10484,18.0,fungsi,2026-05-01
10485,18.0,limit,2026-05-04
10486,18.0,limit,2026-05-06
10487,18.0,limit,2026-05-07
10488,18.0,limit,2026-05-10
10489,18.0,limit,2026-05-11
10490,18.0,limit,2026-05-14
10491,18.0,limit,2026-05-15
10492,18.0,limit,2026-05-18
10493,18.0,limit,2026-05-21
10494,18.0,turunan,2026-05-22
10495,18.0,turunan,2026-05-24
10496,18.0,turunan,2026-05-27
10497,18.0,turunan,2026-05-29
10498,18.0,turunan,2026-05-30
10499,18.0,turunan,2026-05-31
10500,18.0,turunan,2026-06-01
10501,18.0,turunan,2026-06-02
10502,18.0,turunan,2026-06-04
10503,18.0,integral,2026-06-05
10504,18.0,integral,2026-06-06
10505,18.0,integral,2026-06-09
10506,18.0,integral,2026-06-10
10507,18.0,integral,2026-06-11
10508,18.0,integral,2026-06-12
10509,4.0,penjumlahan,2026-01-01
10510,4.0,penjumlahan,2026-01-02
10511,4.0,penjumlahan,2026-01-03
10512,4.0,penjumlahan,2026-01-06
10513,4.0,penjumlahan,2026-01-09
10514,4.0,pengurangan,2026-01-10
10515,4.0,pengurangan,2026-01-11
10516,4.0,pengurangan,2026-01-13
10517,4.0,pengurangan,2026-01-14
10518,4.0,pengurangan,2026-01-17
10519,4.0,pengurangan,2026-01-20
10520,4.0,pengurangan,2026-01-22
10521,4.0,pengurangan,2026-01-25
10522,4.0,pengurangan,2026-01-26
10523,4.0,pembagian,2026-01-27
10524,4.0,pembagian,2026-01-28
10525,4.0,pembagian,2026-01-29
10526,4.0,pembagian,2026-02-01
10527,4.0,pembagian,2026-02-04
10528,4.0,pembagian,2026-02-07
10529,4.0,desimal,2026-02-08
10530,4.0,desimal,2026-02-09
10531,4.0,desimal,2026-02-12
10532,4.0,desimal,2026-02-14
10533,4.0,desimal,2026-02-15
10534,4.0,persamaan_linear,2026-02-16
10535,4.0,persamaan_linear,2026-02-18
10536,4.0,persamaan_linear,2026-02-21
10537,4.0,persamaan_linear,2026-02-23
10538,4.0,persamaan_linear,2026-02-24
10539,4.0,persamaan_linear,2026-02-25
10540,4.0,persamaan_linear,2026-02-27
10541,4.0,persamaan_linear,2026-03-01
10542,4.0,fungsi,2026-03-02
10543,4.0,fungsi,2026-03-03
10544,4.0,fungsi,2026-03-04
10545,4.0,fungsi,2026-03-07
10546,4.0,fungsi,2026-03-09
10547,4.0,fungsi,2026-03-11
10548,4.0,limit,2026-03-12
10549,4.0,limit,2026-03-14
10550,4.0,limit,2026-03-16
10551,4.0,limit,2026-03-18
10552,4.0,limit,2026-03-20
10553,4.0,turunan,2026-03-23
10554,4.0,turunan,2026-03-24
10555,4.0,turunan,2026-03-27
10556,4.0,turunan,2026-03-30
10557,4.0,turunan,2026-03-31
10558,4.0,turunan,2026-04-02
10559,4.0,turunan,2026-04-03
10560,4.0,turunan,2026-04-04
10561,4.0,turunan,2026-04-07
10562,4.0,integral,2026-04-08
10563,4.0,integral,2026-04-09
10564,4.0,integral,2026-04-10
10565,4.0,integral,2026-04-12
10566,4.0,integral,2026-04-14
10567,4.0,integral,2026-04-16
10568,5.0,penjumlahan,2026-01-01
10569,5.0,penjumlahan,2026-01-03
10570,5.0,penjumlahan,2026-01-05
10571,5.0,penjumlahan,2026-01-08
10572,5.0,penjumlahan,2026-01-11
10573,5.0,pengurangan,2026-01-13
10574,5.0,pengurangan,2026-01-15
10575,5.0,pengurangan,2026-01-16
10576,5.0,pengurangan,2026-01-19
10577,5.0,pengurangan,2026-01-20
10578,5.0,pengurangan,2026-01-22
10579,5.0,pengurangan,2026-01-25
10580,5.0,pengurangan,2026-01-26
10581,5.0,perkalian,2026-01-28
10582,5.0,perkalian,2026-01-29
10583,5.0,perkalian,2026-01-30
10584,5.0,perkalian,2026-02-01
10585,5.0,perkalian,2026-02-02
10586,5.0,pecahan,2026-02-04
10587,5.0,pecahan,2026-02-06
10588,5.0,pecahan,2026-02-07
10589,5.0,pecahan,2026-02-09
10590,5.0,pecahan,2026-02-10
10591,5.0,pecahan,2026-02-13
10592,5.0,pecahan,2026-02-16
10593,5.0,pecahan,2026-02-18
10594,5.0,desimal,2026-02-19
10595,5.0,desimal,2026-02-20
10596,5.0,desimal,2026-02-23
10597,5.0,desimal,2026-02-26
10598,5.0,desimal,2026-03-01
10599,5.0,desimal,2026-03-04
10600,5.0,desimal,2026-03-06
10601,5.0,desimal,2026-03-08
10602,5.0,aljabar,2026-03-11
10603,5.0,aljabar,2026-03-13
10604,5.0,aljabar,2026-03-14
10605,5.0,aljabar,2026-03-15
10606,5.0,aljabar,2026-03-16
10607,5.0,aljabar,2026-03-17
10608,5.0,aljabar,2026-03-18
10609,5.0,aljabar,2026-03-19
10610,5.0,aljabar,2026-03-20
10611,5.0,limit,2026-03-22
10612,5.0,limit,2026-03-25
10613,5.0,limit,2026-03-26
10614,5.0,limit,2026-03-28
10615,5.0,limit,2026-03-31
10616,5.0,limit,2026-04-02
10617,5.0,turunan,2026-04-03
10618,5.0,turunan,2026-04-05
10619,5.0,turunan,2026-04-08
10620,5.0,turunan,2026-04-09
10621,5.0,turunan,2026-04-11
10622,5.0,turunan,2026-04-13
10623,5.0,turunan,2026-04-15
10624,5.0,integral,2026-04-17
10625,5.0,integral,2026-04-19
10626,5.0,integral,2026-04-22
10627,5.0,integral,2026-04-24
10628,5.0,integral,2026-04-27
10629,5.0,integral,2026-04-29
10630,5.0,integral,2026-04-30
10631,5.0,integral,2026-05-01
10632,5.0,integral,2026-05-03
10633,12.0,penjumlahan,2026-01-01
10634,12.0,penjumlahan,2026-01-04
10635,12.0,penjumlahan,2026-01-05
10636,12.0,penjumlahan,2026-01-08
10637,12.0,penjumlahan,2026-01-09
10638,12.0,penjumlahan,2026-01-12
10639,12.0,pengurangan,2026-01-14
10640,12.0,pengurangan,2026-01-17
10641,12.0,pengurangan,2026-01-18
10642,12.0,pengurangan,2026-01-21
10643,12.0,pengurangan,2026-01-23
10644,12.0,pengurangan,2026-01-25
10645,12.0,perkalian,2026-01-28
10646,12.0,perkalian,2026-01-29
10647,12.0,perkalian,2026-02-01
10648,12.0,perkalian,2026-02-04
10649,12.0,perkalian,2026-02-05
10650,12.0,perkalian,2026-02-07
10651,12.0,perkalian,2026-02-08
10652,12.0,perkalian,2026-02-10
10653,12.0,pembagian,2026-02-11
10654,12.0,pembagian,2026-02-13
10655,12.0,pembagian,2026-02-16
10656,12.0,pembagian,2026-02-19
10657,12.0,pembagian,2026-02-20
10658,12.0,pembagian,2026-02-22
10659,12.0,pembagian,2026-02-25
10660,12.0,pecahan,2026-02-27
10661,12.0,pecahan,2026-03-02
10662,12.0,pecahan,2026-03-04
10663,12.0,pecahan,2026-03-07
10664,12.0,pecahan,2026-03-08
10665,12.0,pecahan,2026-03-10
10666,12.0,pecahan,2026-03-11
10667,12.0,pecahan,2026-03-13
10668,12.0,desimal,2026-03-16
10669,12.0,desimal,2026-03-19
10670,12.0,desimal,2026-03-22
10671,12.0,desimal,2026-03-24
10672,12.0,desimal,2026-03-25
10673,12.0,desimal,2026-03-27
10674,12.0,desimal,2026-03-30
10675,12.0,aljabar,2026-03-31
10676,12.0,aljabar,2026-04-01
10677,12.0,aljabar,2026-04-03
10678,12.0,aljabar,2026-04-05
10679,12.0,aljabar,2026-04-08
10680,12.0,aljabar,2026-04-10
10681,12.0,aljabar,2026-04-13
10682,12.0,aljabar,2026-04-15
10683,12.0,limit,2026-04-17
10684,12.0,limit,2026-04-19
10685,12.0,limit,2026-04-20
10686,12.0,limit,2026-04-22
10687,12.0,limit,2026-04-23
10688,12.0,limit,2026-04-25
10689,12.0,limit,2026-04-26
10690,12.0,limit,2026-04-28
10691,12.0,turunan,2026-05-01
10692,12.0,turunan,2026-05-04
10693,12.0,turunan,2026-05-07
10694,12.0,turunan,2026-05-09
10695,12.0,turunan,2026-05-12
10696,12.0,turunan,2026-05-14
10697,12.0,integral,2026-05-16
10698,12.0,integral,2026-05-18
10699,12.0,integral,2026-05-20
10700,12.0,integral,2026-05-22
10701,12.0,integral,2026-05-25
10702,12.0,integral,2026-05-26
10703,12.0,integral,2026-05-29
10704,14.0,penjumlahan,2026-01-01
10705,14.0,penjumlahan,2026-01-04
10706,14.0,penjumlahan,2026-01-07
10707,14.0,penjumlahan,2026-01-08
10708,14.0,penjumlahan,2026-01-11
10709,14.0,penjumlahan,2026-01-13
10710,14.0,penjumlahan,2026-01-14
10711,14.0,penjumlahan,2026-01-15
10712,14.0,pengurangan,2026-01-18
10713,14.0,pengurangan,2026-01-20
10714,14.0,pengurangan,2026-01-23
10715,14.0,pengurangan,2026-01-25
10716,14.0,pengurangan,2026-01-28
10717,14.0,pengurangan,2026-01-29
10718,14.0,pengurangan,2026-01-30
10719,14.0,perkalian,2026-01-31
10720,14.0,perkalian,2026-02-01
10721,14.0,perkalian,2026-02-03
10722,14.0,perkalian,2026-02-04
10723,14.0,perkalian,2026-02-07
10724,14.0,perkalian,2026-02-08
10725,14.0,pecahan,2026-02-09
10726,14.0,pecahan,2026-02-12
10727,14.0,pecahan,2026-02-15
10728,14.0,pecahan,2026-02-16
10729,14.0,pecahan,2026-02-18
10730,14.0,pecahan,2026-02-19
10731,14.0,pecahan,2026-02-22
10732,14.0,pecahan,2026-02-23
10733,14.0,aljabar,2026-02-24
10734,14.0,aljabar,2026-02-27
10735,14.0,aljabar,2026-03-01
10736,14.0,aljabar,2026-03-03
10737,14.0,aljabar,2026-03-05
10738,14.0,aljabar,2026-03-07
10739,14.0,aljabar,2026-03-08
10740,14.0,aljabar,2026-03-09
10741,14.0,aljabar,2026-03-12
10742,14.0,fungsi,2026-03-15
10743,14.0,fungsi,2026-03-17
10744,14.0,fungsi,2026-03-20
10745,14.0,fungsi,2026-03-21
10746,14.0,fungsi,2026-03-22
10747,14.0,fungsi,2026-03-23
10748,14.0,fungsi,2026-03-25
10749,14.0,fungsi,2026-03-27
10750,14.0,limit,2026-03-28
10751,14.0,limit,2026-03-30
10752,14.0,limit,2026-04-01
10753,14.0,limit,2026-04-03
10754,14.0,limit,2026-04-05
10755,14.0,limit,2026-04-06
10756,14.0,limit,2026-04-07
10757,14.0,limit,2026-04-10
10758,14.0,turunan,2026-04-13
10759,14.0,turunan,2026-04-15
10760,14.0,turunan,2026-04-16
10761,14.0,turunan,2026-04-18
10762,14.0,turunan,2026-04-20
10763,14.0,turunan,2026-04-23
10764,14.0,turunan,2026-04-26
10765,2.0,penjumlahan,2026-01-01
10766,2.0,penjumlahan,2026-01-02
10767,2.0,penjumlahan,2026-01-05
10768,2.0,penjumlahan,2026-01-08
10769,2.0,penjumlahan,2026-01-10
10770,2.0,penjumlahan,2026-01-12
10771,2.0,penjumlahan,2026-01-13
10772,2.0,pengurangan,2026-01-14
10773,2.0,pengurangan,2026-01-17
10774,2.0,pengurangan,2026-01-19
10775,2.0,pengurangan,2026-01-20
10776,2.0,pengurangan,2026-01-22
10777,2.0,pengurangan,2026-01-24
10778,2.0,pengurangan,2026-01-27
10779,2.0,pembagian,2026-01-28
10780,2.0,pembagian,2026-01-30
10781,2.0,pembagian,2026-02-02
10782,2.0,pembagian,2026-02-05
10783,2.0,pembagian,2026-02-07
10784,2.0,pembagian,2026-02-10
10785,2.0,pembagian,2026-02-12
10786,2.0,pembagian,2026-02-14
10787,2.0,desimal,2026-02-15
10788,2.0,desimal,2026-02-17
10789,2.0,desimal,2026-02-19
10790,2.0,desimal,2026-02-22
10791,2.0,desimal,2026-02-23
10792,2.0,aljabar,2026-02-25
10793,2.0,aljabar,2026-02-28
10794,2.0,aljabar,2026-03-02
10795,2.0,aljabar,2026-03-04
10796,2.0,aljabar,2026-03-07
10797,2.0,aljabar,2026-03-10
10798,2.0,aljabar,2026-03-12
10799,2.0,fungsi,2026-03-14
10800,2.0,fungsi,2026-03-15
10801,2.0,fungsi,2026-03-17
10802,2.0,fungsi,2026-03-18
10803,2.0,fungsi,2026-03-20
10804,2.0,fungsi,2026-03-22
10805,2.0,limit,2026-03-25
10806,2.0,limit,2026-03-26
10807,2.0,limit,2026-03-29
10808,2.0,limit,2026-03-31
10809,2.0,limit,2026-04-02
10810,2.0,limit,2026-04-05
10811,2.0,limit,2026-04-08
10812,2.0,limit,2026-04-11
10813,2.0,turunan,2026-04-12
10814,2.0,turunan,2026-04-15
10815,2.0,turunan,2026-04-16
10816,2.0,turunan,2026-04-19
10817,2.0,turunan,2026-04-20
10818,2.0,integral,2026-04-22
10819,2.0,integral,2026-04-23
10820,2.0,integral,2026-04-26
10821,2.0,integral,2026-04-29
10822,2.0,integral,2026-05-01
10823,12.0,penjumlahan,2026-01-01
10824,12.0,penjumlahan,2026-01-02
10825,12.0,penjumlahan,2026-01-05
10826,12.0,penjumlahan,2026-01-07
10827,12.0,penjumlahan,2026-01-08
10828,12.0,penjumlahan,2026-01-09
10829,12.0,pengurangan,2026-01-10
10830,12.0,pengurangan,2026-01-12
10831,12.0,pengurangan,2026-01-13
10832,12.0,pengurangan,2026-01-16
10833,12.0,pengurangan,2026-01-18
10834,12.0,perkalian,2026-01-19
10835,12.0,perkalian,2026-01-22
10836,12.0,perkalian,2026-01-23
10837,12.0,perkalian,2026-01-26
10838,12.0,perkalian,2026-01-29
10839,12.0,perkalian,2026-02-01
10840,12.0,perkalian,2026-02-02
10841,12.0,persamaan_linear,2026-02-03
10842,12.0,persamaan_linear,2026-02-06
10843,12.0,persamaan_linear,2026-02-08
10844,12.0,persamaan_linear,2026-02-11
10845,12.0,persamaan_linear,2026-02-13
10846,12.0,persamaan_linear,2026-02-14
10847,12.0,persamaan_linear,2026-02-16
10848,12.0,persamaan_linear,2026-02-17
10849,12.0,persamaan_linear,2026-02-19
10850,12.0,fungsi,2026-02-22
10851,12.0,fungsi,2026-02-23
10852,12.0,fungsi,2026-02-26
10853,12.0,fungsi,2026-02-27
10854,12.0,fungsi,2026-02-28
10855,12.0,limit,2026-03-03
10856,12.0,limit,2026-03-06
10857,12.0,limit,2026-03-09
10858,12.0,limit,2026-03-10
10859,12.0,limit,2026-03-12
10860,12.0,turunan,2026-03-15
10861,12.0,turunan,2026-03-18
10862,12.0,turunan,2026-03-21
10863,12.0,turunan,2026-03-22
10864,12.0,turunan,2026-03-23
10865,12.0,integral,2026-03-25
10866,12.0,integral,2026-03-27
10867,12.0,integral,2026-03-28
10868,12.0,integral,2026-03-29
10869,12.0,integral,2026-03-31
10870,12.0,integral,2026-04-02
10871,12.0,penjumlahan,2026-01-01
10872,12.0,penjumlahan,2026-01-04
10873,12.0,penjumlahan,2026-01-07
10874,12.0,penjumlahan,2026-01-10
10875,12.0,penjumlahan,2026-01-12
10876,12.0,pengurangan,2026-01-14
10877,12.0,pengurangan,2026-01-17
10878,12.0,pengurangan,2026-01-20
10879,12.0,pengurangan,2026-01-21
10880,12.0,pengurangan,2026-01-22
10881,12.0,perkalian,2026-01-25
10882,12.0,perkalian,2026-01-28
10883,12.0,perkalian,2026-01-30
10884,12.0,perkalian,2026-01-31
10885,12.0,perkalian,2026-02-01
10886,12.0,perkalian,2026-02-02
10887,12.0,pembagian,2026-02-04
10888,12.0,pembagian,2026-02-06
10889,12.0,pembagian,2026-02-08
10890,12.0,pembagian,2026-02-09
10891,12.0,pembagian,2026-02-12
10892,12.0,pembagian,2026-02-15
10893,12.0,desimal,2026-02-16
10894,12.0,desimal,2026-02-17
10895,12.0,desimal,2026-02-19
10896,12.0,desimal,2026-02-22
10897,12.0,desimal,2026-02-24
10898,12.0,desimal,2026-02-27
10899,12.0,desimal,2026-03-01
10900,12.0,desimal,2026-03-03
10901,12.0,aljabar,2026-03-06
10902,12.0,aljabar,2026-03-07
10903,12.0,aljabar,2026-03-09
10904,12.0,aljabar,2026-03-12
10905,12.0,aljabar,2026-03-14
10906,12.0,aljabar,2026-03-16
10907,12.0,aljabar,2026-03-19
10908,12.0,persamaan_linear,2026-03-21
10909,12.0,persamaan_linear,2026-03-22
10910,12.0,persamaan_linear,2026-03-24
10911,12.0,persamaan_linear,2026-03-26
10912,12.0,persamaan_linear,2026-03-29
10913,12.0,persamaan_linear,2026-04-01
10914,12.0,turunan,2026-04-02
10915,12.0,turunan,2026-04-03
10916,12.0,turunan,2026-04-04
10917,12.0,turunan,2026-04-06
10918,12.0,turunan,2026-04-08
10919,12.0,turunan,2026-04-11
10920,12.0,turunan,2026-04-13
10921,12.0,turunan,2026-04-16
10922,12.0,turunan,2026-04-17
10923,12.0,integral,2026-04-18
10924,12.0,integral,2026-04-19
10925,12.0,integral,2026-04-20
10926,12.0,integral,2026-04-23
10927,12.0,integral,2026-04-26
10928,12.0,integral,2026-04-27
10929,12.0,integral,2026-04-30
10930,12.0,integral,2026-05-03
10931,12.0,integral,2026-05-06
10932,8.0,penjumlahan,2026-01-01
10933,8.0,penjumlahan,2026-01-04
10934,8.0,penjumlahan,2026-01-05
10935,8.0,penjumlahan,2026-01-07
10936,8.0,penjumlahan,2026-01-09
10937,8.0,penjumlahan,2026-01-12
10938,8.0,penjumlahan,2026-01-15
10939,8.0,penjumlahan,2026-01-16
10940,8.0,pengurangan,2026-01-18
10941,8.0,pengurangan,2026-01-20
10942,8.0,pengurangan,2026-01-22
10943,8.0,pengurangan,2026-01-23
10944,8.0,pengurangan,2026-01-24
10945,8.0,pengurangan,2026-01-27
10946,8.0,pecahan,2026-01-30
10947,8.0,pecahan,2026-02-01
10948,8.0,pecahan,2026-02-04
10949,8.0,pecahan,2026-02-05
10950,8.0,pecahan,2026-02-06
10951,8.0,pecahan,2026-02-07
10952,8.0,aljabar,2026-02-09
10953,8.0,aljabar,2026-02-10
10954,8.0,aljabar,2026-02-11
10955,8.0,aljabar,2026-02-13
10956,8.0,aljabar,2026-02-14
10957,8.0,aljabar,2026-02-15
10958,8.0,aljabar,2026-02-16
10959,8.0,aljabar,2026-02-18
10960,8.0,aljabar,2026-02-21
10961,8.0,persamaan_linear,2026-02-23
10962,8.0,persamaan_linear,2026-02-24
10963,8.0,persamaan_linear,2026-02-27
10964,8.0,persamaan_linear,2026-03-01
10965,8.0,persamaan_linear,2026-03-04
10966,8.0,persamaan_linear,2026-03-06
10967,8.0,persamaan_linear,2026-03-09
10968,8.0,turunan,2026-03-12
10969,8.0,turunan,2026-03-15
10970,8.0,turunan,2026-03-16
10971,8.0,turunan,2026-03-17
10972,8.0,turunan,2026-03-18
10973,8.0,turunan,2026-03-19
10974,8.0,turunan,2026-03-21
10975,12.0,penjumlahan,2026-01-01
10976,12.0,penjumlahan,2026-01-03
10977,12.0,penjumlahan,2026-01-06
10978,12.0,penjumlahan,2026-01-07
10979,12.0,penjumlahan,2026-01-08
10980,12.0,pengurangan,2026-01-10
10981,12.0,pengurangan,2026-01-13
10982,12.0,pengurangan,2026-01-16
10983,12.0,pengurangan,2026-01-18
10984,12.0,pengurangan,2026-01-19
10985,12.0,perkalian,2026-01-20
10986,12.0,perkalian,2026-01-22
10987,12.0,perkalian,2026-01-24
10988,12.0,perkalian,2026-01-27
10989,12.0,perkalian,2026-01-30
10990,12.0,perkalian,2026-02-01
10991,12.0,perkalian,2026-02-02
10992,12.0,pembagian,2026-02-05
10993,12.0,pembagian,2026-02-08
10994,12.0,pembagian,2026-02-11
10995,12.0,pembagian,2026-02-12
10996,12.0,pembagian,2026-02-15
10997,12.0,pembagian,2026-02-18
10998,12.0,pecahan,2026-02-20
10999,12.0,pecahan,2026-02-21
11000,12.0,pecahan,2026-02-22
11001,12.0,pecahan,2026-02-24
11002,12.0,pecahan,2026-02-27
11003,12.0,pecahan,2026-03-02
11004,12.0,desimal,2026-03-04
11005,12.0,desimal,2026-03-07
11006,12.0,desimal,2026-03-09
11007,12.0,desimal,2026-03-12
11008,12.0,desimal,2026-03-13
11009,12.0,desimal,2026-03-14
11010,12.0,desimal,2026-03-15
11011,12.0,desimal,2026-03-16
11012,12.0,desimal,2026-03-17
11013,12.0,aljabar,2026-03-20
11014,12.0,aljabar,2026-03-22
11015,12.0,aljabar,2026-03-25
11016,12.0,aljabar,2026-03-26
11017,12.0,aljabar,2026-03-29
11018,12.0,aljabar,2026-03-31
11019,12.0,aljabar,2026-04-03
11020,12.0,aljabar,2026-04-06
11021,12.0,aljabar,2026-04-07
11022,12.0,persamaan_linear,2026-04-10
11023,12.0,persamaan_linear,2026-04-11
11024,12.0,persamaan_linear,2026-04-14
11025,12.0,persamaan_linear,2026-04-17
11026,12.0,persamaan_linear,2026-04-19
11027,12.0,persamaan_linear,2026-04-22
11028,12.0,fungsi,2026-04-24
11029,12.0,fungsi,2026-04-25
11030,12.0,fungsi,2026-04-28
11031,12.0,fungsi,2026-05-01
11032,12.0,fungsi,2026-05-04
11033,12.0,fungsi,2026-05-05
11034,12.0,turunan,2026-05-06
11035,12.0,turunan,2026-05-07
11036,12.0,turunan,2026-05-09
11037,12.0,turunan,2026-05-10
11038,12.0,turunan,2026-05-12
11039,12.0,integral,2026-05-13
11040,12.0,integral,2026-05-15
11041,12.0,integral,2026-05-17
11042,12.0,integral,2026-05-20
11043,12.0,integral,2026-05-21
11044,12.0,integral,2026-05-23
11045,12.0,integral,2026-05-24
11046,12.0,integral,2026-05-25
11047,12.0,integral,2026-05-28
11048,20.0,penjumlahan,2026-01-01
11049,20.0,penjumlahan,2026-01-04
11050,20.0,penjumlahan,2026-01-06
11051,20.0,penjumlahan,2026-01-08
11052,20.0,penjumlahan,2026-01-11
11053,20.0,penjumlahan,2026-01-12
11054,20.0,penjumlahan,2026-01-13
11055,20.0,penjumlahan,2026-01-14
11056,20.0,penjumlahan,2026-01-15
11057,20.0,pengurangan,2026-01-17
11058,20.0,pengurangan,2026-01-18
11059,20.0,pengurangan,2026-01-19
11060,20.0,pengurangan,2026-01-22
11061,20.0,pengurangan,2026-01-23
11062,20.0,pengurangan,2026-01-25
11063,20.0,pengurangan,2026-01-27
11064,20.0,perkalian,2026-01-30
11065,20.0,perkalian,2026-01-31
11066,20.0,perkalian,2026-02-02
11067,20.0,perkalian,2026-02-03
11068,20.0,perkalian,2026-02-06
11069,20.0,perkalian,2026-02-09
11070,20.0,pembagian,2026-02-10
11071,20.0,pembagian,2026-02-11
11072,20.0,pembagian,2026-02-14
11073,20.0,pembagian,2026-02-16
11074,20.0,pembagian,2026-02-17
11075,20.0,pembagian,2026-02-20
11076,20.0,pembagian,2026-02-21
11077,20.0,pembagian,2026-02-23
11078,20.0,pembagian,2026-02-24
11079,20.0,pecahan,2026-02-25
11080,20.0,pecahan,2026-02-28
11081,20.0,pecahan,2026-03-03
11082,20.0,pecahan,2026-03-06
11083,20.0,pecahan,2026-03-07
11084,20.0,pecahan,2026-03-09
11085,20.0,aljabar,2026-03-12
11086,20.0,aljabar,2026-03-14
11087,20.0,aljabar,2026-03-16
11088,20.0,aljabar,2026-03-17
11089,20.0,aljabar,2026-03-20
11090,20.0,aljabar,2026-03-23
11091,20.0,aljabar,2026-03-24
11092,20.0,fungsi,2026-03-26
11093,20.0,fungsi,2026-03-28
11094,20.0,fungsi,2026-03-29
11095,20.0,fungsi,2026-03-30
11096,20.0,fungsi,2026-03-31
11097,20.0,fungsi,2026-04-02
11098,20.0,fungsi,2026-04-05
11099,20.0,limit,2026-04-08
11100,20.0,limit,2026-04-09
11101,20.0,limit,2026-04-12
11102,20.0,limit,2026-04-14
11103,20.0,limit,2026-04-16
11104,20.0,limit,2026-04-17
11105,20.0,limit,2026-04-20
11106,20.0,turunan,2026-04-21
11107,20.0,turunan,2026-04-23
11108,20.0,turunan,2026-04-26
11109,20.0,turunan,2026-04-28
11110,20.0,turunan,2026-05-01
11111,20.0,turunan,2026-05-02
11112,20.0,turunan,2026-05-05
11113,20.0,turunan,2026-05-06
11114,20.0,integral,2026-05-07
11115,20.0,integral,2026-05-09
11116,20.0,integral,2026-05-11
11117,20.0,integral,2026-05-14
11118,20.0,integral,2026-05-17
11119,20.0,integral,2026-05-19
11120,20.0,integral,2026-05-20
11121,20.0,integral,2026-05-21
11122,20.0,integral,2026-05-23
11123,8.0,penjumlahan,2026-01-01
11124,8.0,penjumlahan,2026-01-04
11125,8.0,penjumlahan,2026-01-07
11126,8.0,penjumlahan,2026-01-09
11127,8.0,penjumlahan,2026-01-11
11128,8.0,penjumlahan,2026-01-14
11129,8.0,penjumlahan,2026-01-16
11130,8.0,penjumlahan,2026-01-17
11131,8.0,penjumlahan,2026-01-19
11132,8.0,pengurangan,2026-01-21
11133,8.0,pengurangan,2026-01-23
11134,8.0,pengurangan,2026-01-26
11135,8.0,pengurangan,2026-01-28
11136,8.0,pengurangan,2026-01-30
11137,8.0,pengurangan,2026-02-01
11138,8.0,pengurangan,2026-02-02
11139,8.0,pengurangan,2026-02-03
11140,8.0,perkalian,2026-02-05
11141,8.0,perkalian,2026-02-08
11142,8.0,perkalian,2026-02-11
11143,8.0,perkalian,2026-02-14
11144,8.0,perkalian,2026-02-16
11145,8.0,perkalian,2026-02-17
11146,8.0,perkalian,2026-02-18
11147,8.0,perkalian,2026-02-21
11148,8.0,pembagian,2026-02-22
11149,8.0,pembagian,2026-02-25
11150,8.0,pembagian,2026-02-26
11151,8.0,pembagian,2026-02-27
11152,8.0,pembagian,2026-03-01
11153,8.0,pembagian,2026-03-03
11154,8.0,pembagian,2026-03-04
11155,8.0,pembagian,2026-03-07
11156,8.0,pembagian,2026-03-10
11157,8.0,desimal,2026-03-13
11158,8.0,desimal,2026-03-16
11159,8.0,desimal,2026-03-18
11160,8.0,desimal,2026-03-19
11161,8.0,desimal,2026-03-22
11162,8.0,desimal,2026-03-25
11163,8.0,desimal,2026-03-27
11164,8.0,desimal,2026-03-30
11165,8.0,desimal,2026-04-01
11166,8.0,aljabar,2026-04-02
11167,8.0,aljabar,2026-04-04
11168,8.0,aljabar,2026-04-07
11169,8.0,aljabar,2026-04-10
11170,8.0,aljabar,2026-04-13
11171,8.0,aljabar,2026-04-16
11172,8.0,aljabar,2026-04-18
11173,8.0,aljabar,2026-04-19
11174,8.0,aljabar,2026-04-20
11175,8.0,persamaan_linear,2026-04-21
11176,8.0,persamaan_linear,2026-04-24
11177,8.0,persamaan_linear,2026-04-27
11178,8.0,persamaan_linear,2026-04-29
11179,8.0,persamaan_linear,2026-05-02
11180,8.0,persamaan_linear,2026-05-05
11181,8.0,persamaan_linear,2026-05-08
11182,8.0,persamaan_linear,2026-05-09
11183,8.0,fungsi,2026-05-12
11184,8.0,fungsi,2026-05-14
11185,8.0,fungsi,2026-05-16
11186,8.0,fungsi,2026-05-19
11187,8.0,fungsi,2026-05-22
11188,8.0,fungsi,2026-05-23
11189,8.0,fungsi,2026-05-25
11190,8.0,fungsi,2026-05-28
11191,8.0,limit,2026-05-31
11192,8.0,limit,2026-06-01
11193,8.0,limit,2026-06-04
11194,8.0,limit,2026-06-05
11195,8.0,limit,2026-06-06
11196,8.0,limit,2026-06-07
11197,8.0,limit,2026-06-08
11198,8.0,limit,2026-06-10
11199,8.0,turunan,2026-06-11
11200,8.0,turunan,2026-06-14
11201,8.0,turunan,2026-06-15
11202,8.0,turunan,2026-06-17
11203,8.0,turunan,2026-06-18
11204,8.0,turunan,2026-06-21
11205,8.0,turunan,2026-06-24
11206,8.0,turunan,2026-06-27
11207,8.0,integral,2026-06-29
11208,8.0,integral,2026-06-30
11209,8.0,integral,2026-07-01
11210,8.0,integral,2026-07-02
11211,8.0,integral,2026-07-04
11212,8.0,integral,2026-07-06
11213,6.0,penjumlahan,2026-01-01
11214,6.0,penjumlahan,2026-01-04
11215,6.0,penjumlahan,2026-01-07
11216,6.0,penjumlahan,2026-01-10
11217,6.0,penjumlahan,2026-01-13
11218,6.0,penjumlahan,2026-01-14
11219,6.0,penjumlahan,2026-01-17
11220,6.0,penjumlahan,2026-01-18
11221,6.0,pengurangan,2026-01-21
11222,6.0,pengurangan,2026-01-23
11223,6.0,pengurangan,2026-01-24
11224,6.0,pengurangan,2026-01-25
11225,6.0,pengurangan,2026-01-28
11226,6.0,pengurangan,2026-01-30
11227,6.0,pengurangan,2026-01-31
11228,6.0,pengurangan,2026-02-02
11229,6.0,perkalian,2026-02-05
11230,6.0,perkalian,2026-02-06
11231,6.0,perkalian,2026-02-07
11232,6.0,perkalian,2026-02-09
11233,6.0,perkalian,2026-02-12
11234,6.0,pecahan,2026-02-14
11235,6.0,pecahan,2026-02-17
11236,6.0,pecahan,2026-02-19
11237,6.0,pecahan,2026-02-21
11238,6.0,pecahan,2026-02-23
11239,6.0,desimal,2026-02-24
11240,6.0,desimal,2026-02-27
11241,6.0,desimal,2026-02-28
11242,6.0,desimal,2026-03-02
11243,6.0,desimal,2026-03-03
11244,6.0,desimal,2026-03-05
11245,6.0,desimal,2026-03-07
11246,6.0,desimal,2026-03-10
11247,6.0,desimal,2026-03-12
11248,6.0,persamaan_linear,2026-03-14
11249,6.0,persamaan_linear,2026-03-15
11250,6.0,persamaan_linear,2026-03-17
11251,6.0,persamaan_linear,2026-03-18
11252,6.0,persamaan_linear,2026-03-21
11253,6.0,fungsi,2026-03-23
11254,6.0,fungsi,2026-03-24
11255,6.0,fungsi,2026-03-26
11256,6.0,fungsi,2026-03-27
11257,6.0,fungsi,2026-03-29
11258,6.0,fungsi,2026-03-30
11259,6.0,fungsi,2026-03-31
11260,6.0,limit,2026-04-01
11261,6.0,limit,2026-04-02
11262,6.0,limit,2026-04-05
11263,6.0,limit,2026-04-07
11264,6.0,limit,2026-04-10
11265,1.0,penjumlahan,2026-01-01
11266,1.0,penjumlahan,2026-01-02
11267,1.0,penjumlahan,2026-01-03
11268,1.0,penjumlahan,2026-01-06
11269,1.0,penjumlahan,2026-01-09
11270,1.0,penjumlahan,2026-01-12
11271,1.0,penjumlahan,2026-01-13
11272,1.0,penjumlahan,2026-01-15
11273,1.0,pengurangan,2026-01-18
11274,1.0,pengurangan,2026-01-21
11275,1.0,pengurangan,2026-01-24
11276,1.0,pengurangan,2026-01-27
11277,1.0,pengurangan,2026-01-28
11278,1.0,perkalian,2026-01-29
11279,1.0,perkalian,2026-02-01
11280,1.0,perkalian,2026-02-03
11281,1.0,perkalian,2026-02-05
11282,1.0,perkalian,2026-02-06
11283,1.0,perkalian,2026-02-09
11284,1.0,perkalian,2026-02-10
11285,1.0,pecahan,2026-02-12
11286,1.0,pecahan,2026-02-15
11287,1.0,pecahan,2026-02-16
11288,1.0,pecahan,2026-02-17
11289,1.0,pecahan,2026-02-19
11290,1.0,pecahan,2026-02-22
11291,1.0,pecahan,2026-02-23
11292,1.0,pecahan,2026-02-25
11293,1.0,pecahan,2026-02-28
11294,1.0,desimal,2026-03-03
11295,1.0,desimal,2026-03-06
11296,1.0,desimal,2026-03-07
11297,1.0,desimal,2026-03-10
11298,1.0,desimal,2026-03-13
11299,1.0,desimal,2026-03-14
11300,1.0,desimal,2026-03-15
11301,1.0,limit,2026-03-16
11302,1.0,limit,2026-03-17
11303,1.0,limit,2026-03-20
11304,1.0,limit,2026-03-22
11305,1.0,limit,2026-03-24
11306,1.0,limit,2026-03-27
11307,1.0,limit,2026-03-30
11308,1.0,turunan,2026-03-31
11309,1.0,turunan,2026-04-02
11310,1.0,turunan,2026-04-05
11311,1.0,turunan,2026-04-06
11312,1.0,turunan,2026-04-09
11313,1.0,turunan,2026-04-12
11314,1.0,turunan,2026-04-14
11315,1.0,integral,2026-04-15
11316,1.0,integral,2026-04-17
11317,1.0,integral,2026-04-20
11318,1.0,integral,2026-04-22
11319,1.0,integral,2026-04-24
11320,1.0,integral,2026-04-25
11321,11.0,penjumlahan,2026-01-01
11322,11.0,penjumlahan,2026-01-02
11323,11.0,penjumlahan,2026-01-03
11324,11.0,penjumlahan,2026-01-04
11325,11.0,penjumlahan,2026-01-07
11326,11.0,pengurangan,2026-01-09
11327,11.0,pengurangan,2026-01-12
11328,11.0,pengurangan,2026-01-13
11329,11.0,pengurangan,2026-01-14
11330,11.0,pengurangan,2026-01-17
11331,11.0,pengurangan,2026-01-19
11332,11.0,pengurangan,2026-01-22
11333,11.0,perkalian,2026-01-25
11334,11.0,perkalian,2026-01-26
11335,11.0,perkalian,2026-01-28
11336,11.0,perkalian,2026-01-30
11337,11.0,perkalian,2026-02-02
11338,11.0,perkalian,2026-02-03
11339,11.0,pembagian,2026-02-06
11340,11.0,pembagian,2026-02-09
11341,11.0,pembagian,2026-02-11
11342,11.0,pembagian,2026-02-14
11343,11.0,pembagian,2026-02-16
11344,11.0,pembagian,2026-02-18
11345,11.0,pembagian,2026-02-20
11346,11.0,pecahan,2026-02-21
11347,11.0,pecahan,2026-02-22
11348,11.0,pecahan,2026-02-25
11349,11.0,pecahan,2026-02-26
11350,11.0,pecahan,2026-02-27
11351,11.0,pecahan,2026-03-02
11352,11.0,pecahan,2026-03-04
11353,11.0,pecahan,2026-03-07
11354,11.0,pecahan,2026-03-09
11355,11.0,aljabar,2026-03-12
11356,11.0,aljabar,2026-03-13
11357,11.0,aljabar,2026-03-16
11358,11.0,aljabar,2026-03-17
11359,11.0,aljabar,2026-03-20
11360,11.0,aljabar,2026-03-22
11361,11.0,aljabar,2026-03-24
11362,11.0,aljabar,2026-03-26
11363,11.0,aljabar,2026-03-29
11364,11.0,persamaan_linear,2026-04-01
11365,11.0,persamaan_linear,2026-04-04
11366,11.0,persamaan_linear,2026-04-05
11367,11.0,persamaan_linear,2026-04-08
11368,11.0,persamaan_linear,2026-04-11
11369,11.0,persamaan_linear,2026-04-12
11370,11.0,persamaan_linear,2026-04-14
11371,11.0,persamaan_linear,2026-04-16
11372,11.0,persamaan_linear,2026-04-19
11373,11.0,fungsi,2026-04-21
11374,11.0,fungsi,2026-04-23
11375,11.0,fungsi,2026-04-26
11376,11.0,fungsi,2026-04-29
11377,11.0,fungsi,2026-05-01
11378,11.0,fungsi,2026-05-02
11379,11.0,turunan,2026-05-03
11380,11.0,turunan,2026-05-06
11381,11.0,turunan,2026-05-07
11382,11.0,turunan,2026-05-09
11383,11.0,turunan,2026-05-10
11384,11.0,turunan,2026-05-11
11385,11.0,turunan,2026-05-12
11386,11.0,turunan,2026-05-15
11387,11.0,turunan,2026-05-18
11388,11.0,integral,2026-05-20
11389,11.0,integral,2026-05-23
11390,11.0,integral,2026-05-26
11391,11.0,integral,2026-05-29
11392,11.0,integral,2026-05-31
11393,11.0,integral,2026-06-02
11394,11.0,integral,2026-06-03
11395,8.0,penjumlahan,2026-01-01
11396,8.0,penjumlahan,2026-01-03
11397,8.0,penjumlahan,2026-01-05
11398,8.0,penjumlahan,2026-01-08
11399,8.0,penjumlahan,2026-01-10
11400,8.0,penjumlahan,2026-01-11
11401,8.0,pengurangan,2026-01-13
11402,8.0,pengurangan,2026-01-14
11403,8.0,pengurangan,2026-01-17
11404,8.0,pengurangan,2026-01-20
11405,8.0,pengurangan,2026-01-23
11406,8.0,pengurangan,2026-01-25
11407,8.0,pengurangan,2026-01-27
11408,8.0,pengurangan,2026-01-30
11409,8.0,pengurangan,2026-02-01
11410,8.0,perkalian,2026-02-04
11411,8.0,perkalian,2026-02-06
11412,8.0,perkalian,2026-02-07
11413,8.0,perkalian,2026-02-08
11414,8.0,perkalian,2026-02-10
11415,8.0,perkalian,2026-02-13
11416,8.0,pembagian,2026-02-15
11417,8.0,pembagian,2026-02-16
11418,8.0,pembagian,2026-02-17
11419,8.0,pembagian,2026-02-18
11420,8.0,pembagian,2026-02-21
11421,8.0,pembagian,2026-02-23
11422,8.0,pembagian,2026-02-26
11423,8.0,pembagian,2026-02-27
11424,8.0,pecahan,2026-03-02
11425,8.0,pecahan,2026-03-03
11426,8.0,pecahan,2026-03-04
11427,8.0,pecahan,2026-03-06
11428,8.0,pecahan,2026-03-07
11429,8.0,pecahan,2026-03-10
11430,8.0,desimal,2026-03-12
11431,8.0,desimal,2026-03-14
11432,8.0,desimal,2026-03-15
11433,8.0,desimal,2026-03-18
11434,8.0,desimal,2026-03-20
11435,8.0,desimal,2026-03-23
11436,8.0,persamaan_linear,2026-03-25
11437,8.0,persamaan_linear,2026-03-26
11438,8.0,persamaan_linear,2026-03-28
11439,8.0,persamaan_linear,2026-03-31
11440,8.0,persamaan_linear,2026-04-01
11441,8.0,persamaan_linear,2026-04-02
11442,8.0,persamaan_linear,2026-04-05
11443,8.0,fungsi,2026-04-07
11444,8.0,fungsi,2026-04-10
11445,8.0,fungsi,2026-04-11
11446,8.0,fungsi,2026-04-13
11447,8.0,fungsi,2026-04-14
11448,8.0,fungsi,2026-04-15
11449,8.0,fungsi,2026-04-16
11450,8.0,turunan,2026-04-19
11451,8.0,turunan,2026-04-21
11452,8.0,turunan,2026-04-22
11453,8.0,turunan,2026-04-25
11454,8.0,turunan,2026-04-27
11455,8.0,turunan,2026-04-30
11456,8.0,turunan,2026-05-01
11457,8.0,turunan,2026-05-02
11458,8.0,turunan,2026-05-04
11459,6.0,penjumlahan,2026-01-01
11460,6.0,penjumlahan,2026-01-04
11461,6.0,penjumlahan,2026-01-07
11462,6.0,penjumlahan,2026-01-10
11463,6.0,penjumlahan,2026-01-12
11464,6.0,penjumlahan,2026-01-13
11465,6.0,penjumlahan,2026-01-16
11466,6.0,penjumlahan,2026-01-17
11467,6.0,penjumlahan,2026-01-19
11468,6.0,pengurangan,2026-01-21
11469,6.0,pengurangan,2026-01-24
11470,6.0,pengurangan,2026-01-25
11471,6.0,pengurangan,2026-01-28
11472,6.0,pengurangan,2026-01-31
11473,6.0,pengurangan,2026-02-03
11474,6.0,pecahan,2026-02-04
11475,6.0,pecahan,2026-02-07
11476,6.0,pecahan,2026-02-10
11477,6.0,pecahan,2026-02-12
11478,6.0,pecahan,2026-02-14
11479,6.0,pecahan,2026-02-16
11480,6.0,pecahan,2026-02-19
11481,6.0,aljabar,2026-02-22
11482,6.0,aljabar,2026-02-25
11483,6.0,aljabar,2026-02-28
11484,6.0,aljabar,2026-03-01
11485,6.0,aljabar,2026-03-03
11486,6.0,aljabar,2026-03-04
11487,6.0,aljabar,2026-03-06
11488,6.0,persamaan_linear,2026-03-07
11489,6.0,persamaan_linear,2026-03-10
11490,6.0,persamaan_linear,2026-03-13
11491,6.0,persamaan_linear,2026-03-15
11492,6.0,persamaan_linear,2026-03-18
11493,6.0,persamaan_linear,2026-03-20
11494,6.0,fungsi,2026-03-21
11495,6.0,fungsi,2026-03-23
11496,6.0,fungsi,2026-03-26
11497,6.0,fungsi,2026-03-29
11498,6.0,fungsi,2026-03-31
11499,6.0,fungsi,2026-04-02
11500,6.0,fungsi,2026-04-04
11501,6.0,limit,2026-04-06
11502,6.0,limit,2026-04-09
11503,6.0,limit,2026-04-10
11504,6.0,limit,2026-04-13
11505,6.0,limit,2026-04-15
11506,6.0,turunan,2026-04-18
11507,6.0,turunan,2026-04-21
11508,6.0,turunan,2026-04-23
11509,6.0,turunan,2026-04-26
11510,6.0,turunan,2026-04-28
11511,6.0,turunan,2026-04-29
11512,6.0,turunan,2026-05-01
11513,6.0,integral,2026-05-04
11514,6.0,integral,2026-05-06
11515,6.0,integral,2026-05-09
11516,6.0,integral,2026-05-12
11517,6.0,integral,2026-05-14
11518,6.0,integral,2026-05-17
11519,6.0,integral,2026-05-20
11520,6.0,integral,2026-05-23
11521,6.0,integral,2026-05-25
11522,13.0,penjumlahan,2026-01-01
11523,13.0,penjumlahan,2026-01-03
11524,13.0,penjumlahan,2026-01-06
11525,13.0,penjumlahan,2026-01-07
11526,13.0,penjumlahan,2026-01-10
11527,13.0,penjumlahan,2026-01-11
11528,13.0,penjumlahan,2026-01-12
11529,13.0,penjumlahan,2026-01-14
11530,13.0,pengurangan,2026-01-15
11531,13.0,pengurangan,2026-01-18
11532,13.0,pengurangan,2026-01-20
11533,13.0,pengurangan,2026-01-21
11534,13.0,pengurangan,2026-01-23
11535,13.0,pengurangan,2026-01-26
11536,13.0,pengurangan,2026-01-29
11537,13.0,perkalian,2026-02-01
11538,13.0,perkalian,2026-02-03
11539,13.0,perkalian,2026-02-05
11540,13.0,perkalian,2026-02-08
11541,13.0,perkalian,2026-02-10
11542,13.0,perkalian,2026-02-13
11543,13.0,perkalian,2026-02-15
11544,13.0,perkalian,2026-02-16
11545,13.0,pembagian,2026-02-18
11546,13.0,pembagian,2026-02-21
11547,13.0,pembagian,2026-02-24
11548,13.0,pembagian,2026-02-26
11549,13.0,pembagian,2026-03-01
11550,13.0,pembagian,2026-03-02
11551,13.0,pecahan,2026-03-04
11552,13.0,pecahan,2026-03-06
11553,13.0,pecahan,2026-03-08
11554,13.0,pecahan,2026-03-11
11555,13.0,pecahan,2026-03-13
11556,13.0,pecahan,2026-03-15
11557,13.0,pecahan,2026-03-18
11558,13.0,pecahan,2026-03-20
11559,13.0,pecahan,2026-03-23
11560,13.0,persamaan_linear,2026-03-25
11561,13.0,persamaan_linear,2026-03-28
11562,13.0,persamaan_linear,2026-03-31
11563,13.0,persamaan_linear,2026-04-02
11564,13.0,persamaan_linear,2026-04-03
11565,13.0,persamaan_linear,2026-04-04
11566,13.0,persamaan_linear,2026-04-05
11567,13.0,fungsi,2026-04-06
11568,13.0,fungsi,2026-04-07
11569,13.0,fungsi,2026-04-09
11570,13.0,fungsi,2026-04-12
11571,13.0,fungsi,2026-04-15
11572,13.0,fungsi,2026-04-16
11573,13.0,fungsi,2026-04-17
11574,13.0,fungsi,2026-04-18
11575,13.0,fungsi,2026-04-21
11576,13.0,limit,2026-04-23
11577,13.0,limit,2026-04-26
11578,13.0,limit,2026-04-27
11579,13.0,limit,2026-04-29
11580,13.0,limit,2026-05-01
11581,13.0,limit,2026-05-03
11582,13.0,limit,2026-05-04
11583,13.0,limit,2026-05-06
11584,13.0,limit,2026-05-08
11585,13.0,integral,2026-05-11
11586,13.0,integral,2026-05-12
11587,13.0,integral,2026-05-15
11588,13.0,integral,2026-05-18
11589,13.0,integral,2026-05-21
11590,13.0,integral,2026-05-24
11591,13.0,integral,2026-05-26
11592,16.0,penjumlahan,2026-01-01
11593,16.0,penjumlahan,2026-01-02
11594,16.0,penjumlahan,2026-01-04
11595,16.0,penjumlahan,2026-01-06
11596,16.0,penjumlahan,2026-01-08
11597,16.0,pengurangan,2026-01-10
11598,16.0,pengurangan,2026-01-12
11599,16.0,pengurangan,2026-01-13
11600,16.0,pengurangan,2026-01-16
11601,16.0,pengurangan,2026-01-18
11602,16.0,perkalian,2026-01-21
11603,16.0,perkalian,2026-01-24
11604,16.0,perkalian,2026-01-27
11605,16.0,perkalian,2026-01-29
11606,16.0,perkalian,2026-02-01
11607,16.0,perkalian,2026-02-04
11608,16.0,perkalian,2026-02-07
11609,16.0,perkalian,2026-02-08
11610,16.0,pembagian,2026-02-10
11611,16.0,pembagian,2026-02-13
11612,16.0,pembagian,2026-02-16
11613,16.0,pembagian,2026-02-18
11614,16.0,pembagian,2026-02-20
11615,16.0,pembagian,2026-02-23
11616,16.0,pembagian,2026-02-25
11617,16.0,aljabar,2026-02-26
11618,16.0,aljabar,2026-03-01
11619,16.0,aljabar,2026-03-04
11620,16.0,aljabar,2026-03-06
11621,16.0,aljabar,2026-03-09
11622,16.0,aljabar,2026-03-10
11623,16.0,aljabar,2026-03-12
11624,16.0,aljabar,2026-03-13
11625,16.0,aljabar,2026-03-14
11626,16.0,fungsi,2026-03-17
11627,16.0,fungsi,2026-03-19
11628,16.0,fungsi,2026-03-22
11629,16.0,fungsi,2026-03-24
11630,16.0,fungsi,2026-03-26
11631,16.0,fungsi,2026-03-28
11632,16.0,limit,2026-03-30
11633,16.0,limit,2026-04-01
11634,16.0,limit,2026-04-04
11635,16.0,limit,2026-04-07
11636,16.0,limit,2026-04-09
11637,16.0,limit,2026-04-10
11638,16.0,limit,2026-04-13
11639,16.0,limit,2026-04-14
11640,16.0,integral,2026-04-16
11641,16.0,integral,2026-04-17
11642,16.0,integral,2026-04-19
11643,16.0,integral,2026-04-21
11644,16.0,integral,2026-04-23
11645,16.0,integral,2026-04-25
11646,16.0,integral,2026-04-28
11647,7.0,penjumlahan,2026-01-01
11648,7.0,penjumlahan,2026-01-02
11649,7.0,penjumlahan,2026-01-03
11650,7.0,penjumlahan,2026-01-05
11651,7.0,penjumlahan,2026-01-08
11652,7.0,penjumlahan,2026-01-09
11653,7.0,penjumlahan,2026-01-10
11654,7.0,pengurangan,2026-01-12
11655,7.0,pengurangan,2026-01-15
11656,7.0,pengurangan,2026-01-17
11657,7.0,pengurangan,2026-01-19
11658,7.0,pengurangan,2026-01-21
11659,7.0,pengurangan,2026-01-22
11660,7.0,pengurangan,2026-01-24
11661,7.0,perkalian,2026-01-27
11662,7.0,perkalian,2026-01-28
11663,7.0,perkalian,2026-01-31
11664,7.0,perkalian,2026-02-01
11665,7.0,perkalian,2026-02-02
11666,7.0,perkalian,2026-02-03
11667,7.0,perkalian,2026-02-05
11668,7.0,perkalian,2026-02-08
11669,7.0,desimal,2026-02-11
11670,7.0,desimal,2026-02-12
11671,7.0,desimal,2026-02-13
11672,7.0,desimal,2026-02-16
11673,7.0,desimal,2026-02-17
11674,7.0,desimal,2026-02-19
11675,7.0,desimal,2026-02-21
11676,7.0,desimal,2026-02-24
11677,7.0,aljabar,2026-02-27
11678,7.0,aljabar,2026-03-01
11679,7.0,aljabar,2026-03-03
11680,7.0,aljabar,2026-03-05
11681,7.0,aljabar,2026-03-08
11682,7.0,aljabar,2026-03-09
11683,7.0,aljabar,2026-03-11
11684,7.0,aljabar,2026-03-12
11685,7.0,aljabar,2026-03-14
11686,7.0,fungsi,2026-03-17
11687,7.0,fungsi,2026-03-19
11688,7.0,fungsi,2026-03-20
11689,7.0,fungsi,2026-03-21
11690,7.0,fungsi,2026-03-22
11691,7.0,fungsi,2026-03-25
11692,7.0,limit,2026-03-26
11693,7.0,limit,2026-03-29
11694,7.0,limit,2026-04-01
11695,7.0,limit,2026-04-02
11696,7.0,limit,2026-04-05
11697,7.0,limit,2026-04-08
11698,7.0,integral,2026-04-11
11699,7.0,integral,2026-04-14
11700,7.0,integral,2026-04-17
11701,7.0,integral,2026-04-18
11702,7.0,integral,2026-04-20
11703,7.0,integral,2026-04-23
11704,12.0,penjumlahan,2026-01-01
11705,12.0,penjumlahan,2026-01-02
11706,12.0,penjumlahan,2026-01-03
11707,12.0,penjumlahan,2026-01-04
11708,12.0,penjumlahan,2026-01-06
11709,12.0,penjumlahan,2026-01-07
11710,12.0,pengurangan,2026-01-08
11711,12.0,pengurangan,2026-01-10
11712,12.0,pengurangan,2026-01-11
11713,12.0,pengurangan,2026-01-12
11714,12.0,pengurangan,2026-01-13
11715,12.0,pengurangan,2026-01-16
11716,12.0,pengurangan,2026-01-19
11717,12.0,pengurangan,2026-01-22
11718,12.0,pengurangan,2026-01-25
11719,12.0,perkalian,2026-01-27
11720,12.0,perkalian,2026-01-29
11721,12.0,perkalian,2026-02-01
11722,12.0,perkalian,2026-02-02
11723,12.0,perkalian,2026-02-03
11724,12.0,perkalian,2026-02-06
11725,12.0,perkalian,2026-02-08
11726,12.0,pembagian,2026-02-09
11727,12.0,pembagian,2026-02-12
11728,12.0,pembagian,2026-02-13
11729,12.0,pembagian,2026-02-16
11730,12.0,pembagian,2026-02-19
11731,12.0,pembagian,2026-02-21
11732,12.0,pecahan,2026-02-24
11733,12.0,pecahan,2026-02-26
11734,12.0,pecahan,2026-02-27
11735,12.0,pecahan,2026-03-02
11736,12.0,pecahan,2026-03-04
11737,12.0,pecahan,2026-03-07
11738,12.0,desimal,2026-03-10
11739,12.0,desimal,2026-03-12
11740,12.0,desimal,2026-03-15
11741,12.0,desimal,2026-03-18
11742,12.0,desimal,2026-03-19
11743,12.0,desimal,2026-03-22
11744,12.0,desimal,2026-03-24
11745,12.0,persamaan_linear,2026-03-27
11746,12.0,persamaan_linear,2026-03-30
11747,12.0,persamaan_linear,2026-03-31
11748,12.0,persamaan_linear,2026-04-01
11749,12.0,persamaan_linear,2026-04-03
11750,12.0,persamaan_linear,2026-04-04
11751,12.0,persamaan_linear,2026-04-05
11752,12.0,integral,2026-04-06
11753,12.0,integral,2026-04-09
11754,12.0,integral,2026-04-10
11755,12.0,integral,2026-04-12
11756,12.0,integral,2026-04-13
11757,12.0,integral,2026-04-15
11758,8.0,penjumlahan,2026-01-01
11759,8.0,penjumlahan,2026-01-04
11760,8.0,penjumlahan,2026-01-06
11761,8.0,penjumlahan,2026-01-07
11762,8.0,penjumlahan,2026-01-10
11763,8.0,penjumlahan,2026-01-11
11764,8.0,penjumlahan,2026-01-13
11765,8.0,penjumlahan,2026-01-15
11766,8.0,penjumlahan,2026-01-17
11767,8.0,pengurangan,2026-01-20
11768,8.0,pengurangan,2026-01-23
11769,8.0,pengurangan,2026-01-25
11770,8.0,pengurangan,2026-01-26
11771,8.0,pengurangan,2026-01-28
11772,8.0,pengurangan,2026-01-30
11773,8.0,pengurangan,2026-01-31
11774,8.0,pengurangan,2026-02-01
11775,8.0,pengurangan,2026-02-04
11776,8.0,pembagian,2026-02-07
11777,8.0,pembagian,2026-02-09
11778,8.0,pembagian,2026-02-10
11779,8.0,pembagian,2026-02-12
11780,8.0,pembagian,2026-02-15
11781,8.0,pecahan,2026-02-17
11782,8.0,pecahan,2026-02-20
11783,8.0,pecahan,2026-02-23
11784,8.0,pecahan,2026-02-24
11785,8.0,pecahan,2026-02-27
11786,8.0,pecahan,2026-03-02
11787,8.0,pecahan,2026-03-04
11788,8.0,pecahan,2026-03-05
11789,8.0,aljabar,2026-03-07
11790,8.0,aljabar,2026-03-09
11791,8.0,aljabar,2026-03-11
11792,8.0,aljabar,2026-03-13
11793,8.0,aljabar,2026-03-14
11794,8.0,aljabar,2026-03-16
11795,8.0,persamaan_linear,2026-03-18
11796,8.0,persamaan_linear,2026-03-20
11797,8.0,persamaan_linear,2026-03-23
11798,8.0,persamaan_linear,2026-03-26
11799,8.0,persamaan_linear,2026-03-27
11800,8.0,limit,2026-03-28
11801,8.0,limit,2026-03-29
11802,8.0,limit,2026-03-31
11803,8.0,limit,2026-04-01
11804,8.0,limit,2026-04-04
11805,8.0,limit,2026-04-05
11806,8.0,limit,2026-04-07
11807,8.0,limit,2026-04-09
11808,8.0,turunan,2026-04-10
11809,8.0,turunan,2026-04-12
11810,8.0,turunan,2026-04-14
11811,8.0,turunan,2026-04-16
11812,8.0,turunan,2026-04-18
11813,8.0,turunan,2026-04-19
11814,8.0,turunan,2026-04-20
11815,8.0,integral,2026-04-22
11816,8.0,integral,2026-04-25
11817,8.0,integral,2026-04-26
11818,8.0,integral,2026-04-28
11819,8.0,integral,2026-04-29
11820,8.0,integral,2026-05-01
11821,8.0,integral,2026-05-04
11822,8.0,integral,2026-05-07
11823,1.0,penjumlahan,2026-01-01
11824,1.0,penjumlahan,2026-01-03
11825,1.0,penjumlahan,2026-01-04
11826,1.0,penjumlahan,2026-01-06
11827,1.0,penjumlahan,2026-01-08
11828,1.0,penjumlahan,2026-01-10
11829,1.0,penjumlahan,2026-01-11
11830,1.0,penjumlahan,2026-01-14
11831,1.0,pengurangan,2026-01-17
11832,1.0,pengurangan,2026-01-20
11833,1.0,pengurangan,2026-01-22
11834,1.0,pengurangan,2026-01-23
11835,1.0,pengurangan,2026-01-26
11836,1.0,pengurangan,2026-01-28
11837,1.0,pengurangan,2026-01-31
11838,1.0,pengurangan,2026-02-01
11839,1.0,perkalian,2026-02-03
11840,1.0,perkalian,2026-02-04
11841,1.0,perkalian,2026-02-06
11842,1.0,perkalian,2026-02-09
11843,1.0,perkalian,2026-02-12
11844,1.0,perkalian,2026-02-14
11845,1.0,perkalian,2026-02-16
11846,1.0,pembagian,2026-02-19
11847,1.0,pembagian,2026-02-22
11848,1.0,pembagian,2026-02-25
11849,1.0,pembagian,2026-02-27
11850,1.0,pembagian,2026-03-01
11851,1.0,pecahan,2026-03-03
11852,1.0,pecahan,2026-03-06
11853,1.0,pecahan,2026-03-08
11854,1.0,pecahan,2026-03-10
11855,1.0,pecahan,2026-03-11
11856,1.0,pecahan,2026-03-14
11857,1.0,pecahan,2026-03-16
11858,1.0,desimal,2026-03-19
11859,1.0,desimal,2026-03-22
11860,1.0,desimal,2026-03-25
11861,1.0,desimal,2026-03-28
11862,1.0,desimal,2026-03-29
11863,1.0,desimal,2026-04-01
11864,1.0,desimal,2026-04-04
11865,1.0,desimal,2026-04-07
11866,1.0,aljabar,2026-04-08
11867,1.0,aljabar,2026-04-09
11868,1.0,aljabar,2026-04-12
11869,1.0,aljabar,2026-04-14
11870,1.0,aljabar,2026-04-15
11871,1.0,aljabar,2026-04-18
11872,1.0,persamaan_linear,2026-04-19
11873,1.0,persamaan_linear,2026-04-20
11874,1.0,persamaan_linear,2026-04-21
11875,1.0,persamaan_linear,2026-04-22
11876,1.0,persamaan_linear,2026-04-24
11877,1.0,persamaan_linear,2026-04-26
11878,1.0,persamaan_linear,2026-04-27
11879,1.0,persamaan_linear,2026-04-29
11880,1.0,limit,2026-05-02
11881,1.0,limit,2026-05-04
11882,1.0,limit,2026-05-07
11883,1.0,limit,2026-05-10
11884,1.0,limit,2026-05-13
11885,1.0,limit,2026-05-16
11886,1.0,limit,2026-05-17
11887,1.0,turunan,2026-05-18
11888,1.0,turunan,2026-05-21
11889,1.0,turunan,2026-05-24
11890,1.0,turunan,2026-05-27
11891,1.0,turunan,2026-05-28
11892,1.0,turunan,2026-05-29
11893,1.0,turunan,2026-05-30
11894,13.0,penjumlahan,2026-01-01
11895,13.0,penjumlahan,2026-01-04
11896,13.0,penjumlahan,2026-01-06
11897,13.0,penjumlahan,2026-01-07
11898,13.0,penjumlahan,2026-01-08
11899,13.0,penjumlahan,2026-01-09
11900,13.0,pengurangan,2026-01-12
11901,13.0,pengurangan,2026-01-15
11902,13.0,pengurangan,2026-01-16
11903,13.0,pengurangan,2026-01-19
11904,13.0,pengurangan,2026-01-21
11905,13.0,pengurangan,2026-01-24
11906,13.0,pengurangan,2026-01-25
11907,13.0,pengurangan,2026-01-28
11908,13.0,perkalian,2026-01-29
11909,13.0,perkalian,2026-01-30
11910,13.0,perkalian,2026-02-01
11911,13.0,perkalian,2026-02-04
11912,13.0,perkalian,2026-02-05
11913,13.0,perkalian,2026-02-08
11914,13.0,perkalian,2026-02-11
11915,13.0,perkalian,2026-02-12
11916,13.0,perkalian,2026-02-13
11917,13.0,pembagian,2026-02-15
11918,13.0,pembagian,2026-02-17
11919,13.0,pembagian,2026-02-19
11920,13.0,pembagian,2026-02-21
11921,13.0,pembagian,2026-02-22
11922,13.0,pembagian,2026-02-25
11923,13.0,pembagian,2026-02-28
11924,13.0,desimal,2026-03-03
11925,13.0,desimal,2026-03-05
11926,13.0,desimal,2026-03-06
11927,13.0,desimal,2026-03-09
11928,13.0,desimal,2026-03-11
11929,13.0,desimal,2026-03-13
11930,13.0,aljabar,2026-03-14
11931,13.0,aljabar,2026-03-16
11932,13.0,aljabar,2026-03-19
11933,13.0,aljabar,2026-03-20
11934,13.0,aljabar,2026-03-21
11935,13.0,fungsi,2026-03-22
11936,13.0,fungsi,2026-03-23
11937,13.0,fungsi,2026-03-25
11938,13.0,fungsi,2026-03-27
11939,13.0,fungsi,2026-03-28
11940,13.0,fungsi,2026-03-31
11941,13.0,limit,2026-04-02
11942,13.0,limit,2026-04-04
11943,13.0,limit,2026-04-05
11944,13.0,limit,2026-04-06
11945,13.0,limit,2026-04-08
11946,13.0,limit,2026-04-10
11947,13.0,turunan,2026-04-12
11948,13.0,turunan,2026-04-14
11949,13.0,turunan,2026-04-17
11950,13.0,turunan,2026-04-19
11951,13.0,turunan,2026-04-20
11952,13.0,turunan,2026-04-23
11953,13.0,turunan,2026-04-25
11954,13.0,integral,2026-04-28
11955,13.0,integral,2026-05-01
11956,13.0,integral,2026-05-03
11957,13.0,integral,2026-05-06
11958,13.0,integral,2026-05-08
11959,13.0,integral,2026-05-11
11960,13.0,integral,2026-05-12
11961,9.0,penjumlahan,2026-01-01
11962,9.0,penjumlahan,2026-01-04
11963,9.0,penjumlahan,2026-01-06
11964,9.0,penjumlahan,2026-01-08
11965,9.0,penjumlahan,2026-01-09
11966,9.0,pengurangan,2026-01-10
11967,9.0,pengurangan,2026-01-13
11968,9.0,pengurangan,2026-01-14
11969,9.0,pengurangan,2026-01-15
11970,9.0,pengurangan,2026-01-18
11971,9.0,pengurangan,2026-01-21
11972,9.0,pengurangan,2026-01-23
11973,9.0,pengurangan,2026-01-25
11974,9.0,pembagian,2026-01-26
11975,9.0,pembagian,2026-01-28
11976,9.0,pembagian,2026-01-31
11977,9.0,pembagian,2026-02-03
11978,9.0,pembagian,2026-02-05
11979,9.0,pecahan,2026-02-08
11980,9.0,pecahan,2026-02-10
11981,9.0,pecahan,2026-02-11
11982,9.0,pecahan,2026-02-14
11983,9.0,pecahan,2026-02-17
11984,9.0,pecahan,2026-02-18
11985,9.0,pecahan,2026-02-19
11986,9.0,desimal,2026-02-22
11987,9.0,desimal,2026-02-23
11988,9.0,desimal,2026-02-24
11989,9.0,desimal,2026-02-27
11990,9.0,desimal,2026-03-01
11991,9.0,desimal,2026-03-04
11992,9.0,desimal,2026-03-05
11993,9.0,persamaan_linear,2026-03-06
11994,9.0,persamaan_linear,2026-03-07
11995,9.0,persamaan_linear,2026-03-08
11996,9.0,persamaan_linear,2026-03-10
11997,9.0,persamaan_linear,2026-03-12
11998,9.0,persamaan_linear,2026-03-15
11999,9.0,persamaan_linear,2026-03-17
12000,9.0,persamaan_linear,2026-03-20
12001,9.0,persamaan_linear,2026-03-21
12002,9.0,limit,2026-03-22
12003,9.0,limit,2026-03-25
12004,9.0,limit,2026-03-28
12005,9.0,limit,2026-03-31
12006,9.0,limit,2026-04-02
12007,9.0,limit,2026-04-05
12008,9.0,limit,2026-04-06
12009,9.0,penjumlahan,2026-01-01
12010,9.0,penjumlahan,2026-01-04
12011,9.0,penjumlahan,2026-01-07
12012,9.0,penjumlahan,2026-01-09
12013,9.0,penjumlahan,2026-01-11
12014,9.0,penjumlahan,2026-01-14
12015,9.0,penjumlahan,2026-01-16
12016,9.0,penjumlahan,2026-01-18
12017,9.0,pengurangan,2026-01-19
12018,9.0,pengurangan,2026-01-22
12019,9.0,pengurangan,2026-01-23
12020,9.0,pengurangan,2026-01-26
12021,9.0,pengurangan,2026-01-28
12022,9.0,pengurangan,2026-01-30
12023,9.0,pengurangan,2026-01-31
12024,9.0,perkalian,2026-02-02
12025,9.0,perkalian,2026-02-05
12026,9.0,perkalian,2026-02-08
12027,9.0,perkalian,2026-02-09
12028,9.0,perkalian,2026-02-11
12029,9.0,perkalian,2026-02-14
12030,9.0,aljabar,2026-02-17
12031,9.0,aljabar,2026-02-19
12032,9.0,aljabar,2026-02-21
12033,9.0,aljabar,2026-02-23
12034,9.0,aljabar,2026-02-25
12035,9.0,aljabar,2026-02-27
12036,9.0,aljabar,2026-03-02
12037,9.0,aljabar,2026-03-04
12038,9.0,fungsi,2026-03-07
12039,9.0,fungsi,2026-03-08
12040,9.0,fungsi,2026-03-09
12041,9.0,fungsi,2026-03-11
12042,9.0,fungsi,2026-03-13
12043,9.0,fungsi,2026-03-16
12044,9.0,fungsi,2026-03-19
12045,9.0,fungsi,2026-03-21
12046,9.0,fungsi,2026-03-22
12047,17.0,penjumlahan,2026-01-01
12048,17.0,penjumlahan,2026-01-03
12049,17.0,penjumlahan,2026-01-06
12050,17.0,penjumlahan,2026-01-09
12051,17.0,penjumlahan,2026-01-12
12052,17.0,penjumlahan,2026-01-15
12053,17.0,penjumlahan,2026-01-16
12054,17.0,penjumlahan,2026-01-18
12055,17.0,pengurangan,2026-01-20
12056,17.0,pengurangan,2026-01-21
12057,17.0,pengurangan,2026-01-23
12058,17.0,pengurangan,2026-01-26
12059,17.0,pengurangan,2026-01-28
12060,17.0,pengurangan,2026-01-29
12061,17.0,pengurangan,2026-01-31
12062,17.0,pengurangan,2026-02-01
12063,17.0,pengurangan,2026-02-03
12064,17.0,perkalian,2026-02-05
12065,17.0,perkalian,2026-02-06
12066,17.0,perkalian,2026-02-08
12067,17.0,perkalian,2026-02-11
12068,17.0,perkalian,2026-02-14
12069,17.0,perkalian,2026-02-16
12070,17.0,perkalian,2026-02-19
12071,17.0,pembagian,2026-02-22
12072,17.0,pembagian,2026-02-23
12073,17.0,pembagian,2026-02-26
12074,17.0,pembagian,2026-02-27
12075,17.0,pembagian,2026-03-01
12076,17.0,pembagian,2026-03-03
12077,17.0,pembagian,2026-03-05
12078,17.0,pembagian,2026-03-06
12079,17.0,pecahan,2026-03-09
12080,17.0,pecahan,2026-03-10
12081,17.0,pecahan,2026-03-12
12082,17.0,pecahan,2026-03-13
12083,17.0,pecahan,2026-03-14
12084,17.0,pecahan,2026-03-17
12085,17.0,pecahan,2026-03-20
12086,17.0,pecahan,2026-03-21
12087,17.0,pecahan,2026-03-22
12088,17.0,aljabar,2026-03-24
12089,17.0,aljabar,2026-03-26
12090,17.0,aljabar,2026-03-27
12091,17.0,aljabar,2026-03-30
12092,17.0,aljabar,2026-03-31
12093,17.0,aljabar,2026-04-01
12094,17.0,aljabar,2026-04-03
12095,17.0,persamaan_linear,2026-04-05
12096,17.0,persamaan_linear,2026-04-06
12097,17.0,persamaan_linear,2026-04-08
12098,17.0,persamaan_linear,2026-04-10
12099,17.0,persamaan_linear,2026-04-12
12100,17.0,persamaan_linear,2026-04-14
12101,17.0,fungsi,2026-04-17
12102,17.0,fungsi,2026-04-19
12103,17.0,fungsi,2026-04-22
12104,17.0,fungsi,2026-04-25
12105,17.0,fungsi,2026-04-28
12106,17.0,fungsi,2026-04-29
12107,17.0,fungsi,2026-05-01
12108,17.0,fungsi,2026-05-03
12109,17.0,fungsi,2026-05-05
12110,17.0,limit,2026-05-07
12111,17.0,limit,2026-05-09
12112,17.0,limit,2026-05-11
12113,17.0,limit,2026-05-12
12114,17.0,limit,2026-05-13
12115,17.0,limit,2026-05-14
12116,17.0,turunan,2026-05-15
12117,17.0,turunan,2026-05-17
12118,17.0,turunan,2026-05-19
12119,17.0,turunan,2026-05-20
12120,17.0,turunan,2026-05-22
12121,17.0,turunan,2026-05-23
12122,17.0,turunan,2026-05-26
12123,17.0,integral,2026-05-29
12124,17.0,integral,2026-05-30
12125,17.0,integral,2026-06-02
12126,17.0,integral,2026-06-05
12127,17.0,integral,2026-06-06
12128,17.0,integral,2026-06-08
12129,17.0,integral,2026-06-10
12130,17.0,integral,2026-06-11
12131,18.0,penjumlahan,2026-01-01
12132,18.0,penjumlahan,2026-01-04
12133,18.0,penjumlahan,2026-01-05
12134,18.0,penjumlahan,2026-01-07
12135,18.0,penjumlahan,2026-01-08
12136,18.0,penjumlahan,2026-01-11
12137,18.0,pengurangan,2026-01-12
12138,18.0,pengurangan,2026-01-15
12139,18.0,pengurangan,2026-01-18
12140,18.0,pengurangan,2026-01-19
12141,18.0,pengurangan,2026-01-20
12142,18.0,pengurangan,2026-01-22
12143,18.0,pengurangan,2026-01-24
12144,18.0,pembagian,2026-01-27
12145,18.0,pembagian,2026-01-29
12146,18.0,pembagian,2026-02-01
12147,18.0,pembagian,2026-02-04
12148,18.0,pembagian,2026-02-07
12149,18.0,pembagian,2026-02-08
12150,18.0,pembagian,2026-02-09
12151,18.0,aljabar,2026-02-11
12152,18.0,aljabar,2026-02-13
12153,18.0,aljabar,2026-02-15
12154,18.0,aljabar,2026-02-17
12155,18.0,aljabar,2026-02-19
12156,18.0,aljabar,2026-02-21
12157,18.0,aljabar,2026-02-24
12158,18.0,aljabar,2026-02-25
12159,18.0,turunan,2026-02-27
12160,18.0,turunan,2026-03-02
12161,18.0,turunan,2026-03-03
12162,18.0,turunan,2026-03-04
12163,18.0,turunan,2026-03-06
12164,18.0,integral,2026-03-09
12165,18.0,integral,2026-03-10
12166,18.0,integral,2026-03-11
12167,18.0,integral,2026-03-13
12168,18.0,integral,2026-03-15
12169,18.0,integral,2026-03-17
12170,18.0,integral,2026-03-20
12171,18.0,integral,2026-03-21
12172,18.0,integral,2026-03-22
12173,1.0,penjumlahan,2026-01-01
12174,1.0,penjumlahan,2026-01-04
12175,1.0,penjumlahan,2026-01-06
12176,1.0,penjumlahan,2026-01-09
12177,1.0,penjumlahan,2026-01-11
12178,1.0,penjumlahan,2026-01-12
12179,1.0,pengurangan,2026-01-15
12180,1.0,pengurangan,2026-01-17
12181,1.0,pengurangan,2026-01-19
12182,1.0,pengurangan,2026-01-22
12183,1.0,pengurangan,2026-01-24
12184,1.0,perkalian,2026-01-25
12185,1.0,perkalian,2026-01-26
12186,1.0,perkalian,2026-01-27
12187,1.0,perkalian,2026-01-29
12188,1.0,perkalian,2026-02-01
12189,1.0,perkalian,2026-02-03
12190,1.0,perkalian,2026-02-04
12191,1.0,perkalian,2026-02-06
12192,1.0,pembagian,2026-02-09
12193,1.0,pembagian,2026-02-12
12194,1.0,pembagian,2026-02-13
12195,1.0,pembagian,2026-02-16
12196,1.0,pembagian,2026-02-17
12197,1.0,pecahan,2026-02-18
12198,1.0,pecahan,2026-02-21
12199,1.0,pecahan,2026-02-23
12200,1.0,pecahan,2026-02-26
12201,1.0,pecahan,2026-03-01
12202,1.0,pecahan,2026-03-02
12203,1.0,aljabar,2026-03-04
12204,1.0,aljabar,2026-03-07
12205,1.0,aljabar,2026-03-09
12206,1.0,aljabar,2026-03-10
12207,1.0,aljabar,2026-03-13
12208,1.0,aljabar,2026-03-14
12209,1.0,aljabar,2026-03-17
12210,1.0,aljabar,2026-03-20
12211,1.0,persamaan_linear,2026-03-23
12212,1.0,persamaan_linear,2026-03-25
12213,1.0,persamaan_linear,2026-03-28
12214,1.0,persamaan_linear,2026-03-30
12215,1.0,persamaan_linear,2026-04-01
12216,1.0,fungsi,2026-04-04
12217,1.0,fungsi,2026-04-07
12218,1.0,fungsi,2026-04-08
12219,1.0,fungsi,2026-04-10
12220,1.0,fungsi,2026-04-11
12221,1.0,fungsi,2026-04-12
12222,1.0,fungsi,2026-04-13
12223,1.0,limit,2026-04-14
12224,1.0,limit,2026-04-16
12225,1.0,limit,2026-04-19
12226,1.0,limit,2026-04-20
12227,1.0,limit,2026-04-21
12228,1.0,limit,2026-04-22
12229,1.0,limit,2026-04-25
12230,1.0,limit,2026-04-28
12231,1.0,limit,2026-04-29
12232,1.0,turunan,2026-05-02
12233,1.0,turunan,2026-05-05
12234,1.0,turunan,2026-05-08
12235,1.0,turunan,2026-05-11
12236,1.0,turunan,2026-05-13
12237,9.0,penjumlahan,2026-01-01
12238,9.0,penjumlahan,2026-01-03
12239,9.0,penjumlahan,2026-01-04
12240,9.0,penjumlahan,2026-01-07
12241,9.0,penjumlahan,2026-01-09
12242,9.0,penjumlahan,2026-01-12
12243,9.0,penjumlahan,2026-01-14
12244,9.0,penjumlahan,2026-01-15
12245,9.0,pengurangan,2026-01-18
12246,9.0,pengurangan,2026-01-20
12247,9.0,pengurangan,2026-01-22
12248,9.0,pengurangan,2026-01-23
12249,9.0,pengurangan,2026-01-25
12250,9.0,pembagian,2026-01-27
12251,9.0,pembagian,2026-01-28
12252,9.0,pembagian,2026-01-30
12253,9.0,pembagian,2026-01-31
12254,9.0,pembagian,2026-02-02
12255,9.0,pembagian,2026-02-05
12256,9.0,pecahan,2026-02-07
12257,9.0,pecahan,2026-02-10
12258,9.0,pecahan,2026-02-13
12259,9.0,pecahan,2026-02-15
12260,9.0,pecahan,2026-02-18
12261,9.0,pecahan,2026-02-20
12262,9.0,aljabar,2026-02-22
12263,9.0,aljabar,2026-02-23
12264,9.0,aljabar,2026-02-25
12265,9.0,aljabar,2026-02-27
12266,9.0,aljabar,2026-03-02
12267,9.0,aljabar,2026-03-04
12268,9.0,aljabar,2026-03-07
12269,9.0,aljabar,2026-03-08
12270,9.0,aljabar,2026-03-10
12271,9.0,persamaan_linear,2026-03-11
12272,9.0,persamaan_linear,2026-03-12
12273,9.0,persamaan_linear,2026-03-14
12274,9.0,persamaan_linear,2026-03-16
12275,9.0,persamaan_linear,2026-03-19
12276,9.0,fungsi,2026-03-22
12277,9.0,fungsi,2026-03-25
12278,9.0,fungsi,2026-03-27
12279,9.0,fungsi,2026-03-30
12280,9.0,fungsi,2026-04-01
12281,9.0,fungsi,2026-04-02
12282,9.0,fungsi,2026-04-05
12283,9.0,limit,2026-04-07
12284,9.0,limit,2026-04-10
12285,9.0,limit,2026-04-11
12286,9.0,limit,2026-04-12
12287,9.0,limit,2026-04-13
12288,9.0,turunan,2026-04-16
12289,9.0,turunan,2026-04-17
12290,9.0,turunan,2026-04-20
12291,9.0,turunan,2026-04-22
12292,9.0,turunan,2026-04-25
12293,9.0,integral,2026-04-27
12294,9.0,integral,2026-04-30
12295,9.0,integral,2026-05-03
12296,9.0,integral,2026-05-05
12297,9.0,integral,2026-05-07
12298,9.0,integral,2026-05-08
12299,9.0,integral,2026-05-11
12300,9.0,integral,2026-05-12
12301,19.0,penjumlahan,2026-01-01
12302,19.0,penjumlahan,2026-01-02
12303,19.0,penjumlahan,2026-01-05
12304,19.0,penjumlahan,2026-01-08
12305,19.0,penjumlahan,2026-01-09
12306,19.0,penjumlahan,2026-01-12
12307,19.0,penjumlahan,2026-01-14
12308,19.0,penjumlahan,2026-01-17
12309,19.0,penjumlahan,2026-01-20
12310,19.0,pengurangan,2026-01-22
12311,19.0,pengurangan,2026-01-24
12312,19.0,pengurangan,2026-01-27
12313,19.0,pengurangan,2026-01-29
12314,19.0,pengurangan,2026-01-30
12315,19.0,pengurangan,2026-02-01
12316,19.0,pengurangan,2026-02-02
12317,19.0,pengurangan,2026-02-05
12318,19.0,pengurangan,2026-02-08
12319,19.0,pecahan,2026-02-11
12320,19.0,pecahan,2026-02-13
12321,19.0,pecahan,2026-02-16
12322,19.0,pecahan,2026-02-19
12323,19.0,pecahan,2026-02-21
12324,19.0,aljabar,2026-02-23
12325,19.0,aljabar,2026-02-25
12326,19.0,aljabar,2026-02-28
12327,19.0,aljabar,2026-03-01
12328,19.0,aljabar,2026-03-04
12329,19.0,aljabar,2026-03-06
12330,19.0,aljabar,2026-03-07
12331,19.0,aljabar,2026-03-10
12332,19.0,persamaan_linear,2026-03-11
12333,19.0,persamaan_linear,2026-03-12
12334,19.0,persamaan_linear,2026-03-14
12335,19.0,persamaan_linear,2026-03-16
12336,19.0,persamaan_linear,2026-03-19
12337,19.0,persamaan_linear,2026-03-20
12338,19.0,persamaan_linear,2026-03-22
12339,19.0,persamaan_linear,2026-03-23
12340,19.0,persamaan_linear,2026-03-26
12341,19.0,limit,2026-03-27
12342,19.0,limit,2026-03-29
12343,19.0,limit,2026-03-30
12344,19.0,limit,2026-04-02
12345,19.0,limit,2026-04-03
12346,19.0,limit,2026-04-05
12347,19.0,turunan,2026-04-08
12348,19.0,turunan,2026-04-10
12349,19.0,turunan,2026-04-11
12350,19.0,turunan,2026-04-13
12351,19.0,turunan,2026-04-16
12352,19.0,turunan,2026-04-19
12353,19.0,turunan,2026-04-22
12354,19.0,turunan,2026-04-25
12355,19.0,integral,2026-04-27
12356,19.0,integral,2026-04-30
12357,19.0,integral,2026-05-01
12358,19.0,integral,2026-05-04
12359,19.0,integral,2026-05-05
12360,19.0,integral,2026-05-07
12361,19.0,integral,2026-05-09
12362,19.0,integral,2026-05-12
12363,2.0,penjumlahan,2026-01-01
12364,2.0,penjumlahan,2026-01-04
12365,2.0,penjumlahan,2026-01-06
12366,2.0,penjumlahan,2026-01-08
12367,2.0,penjumlahan,2026-01-10
12368,2.0,penjumlahan,2026-01-12
12369,2.0,penjumlahan,2026-01-14
12370,2.0,penjumlahan,2026-01-17
12371,2.0,penjumlahan,2026-01-19
12372,2.0,pengurangan,2026-01-20
12373,2.0,pengurangan,2026-01-21
12374,2.0,pengurangan,2026-01-23
12375,2.0,pengurangan,2026-01-25
12376,2.0,pengurangan,2026-01-27
12377,2.0,pengurangan,2026-01-29
12378,2.0,pengurangan,2026-01-30
12379,2.0,pengurangan,2026-01-31
12380,2.0,pengurangan,2026-02-02
12381,2.0,perkalian,2026-02-04
12382,2.0,perkalian,2026-02-06
12383,2.0,perkalian,2026-02-09
12384,2.0,perkalian,2026-02-12
12385,2.0,perkalian,2026-02-13
12386,2.0,perkalian,2026-02-16
12387,2.0,pembagian,2026-02-19
12388,2.0,pembagian,2026-02-20
12389,2.0,pembagian,2026-02-21
12390,2.0,pembagian,2026-02-23
12391,2.0,pembagian,2026-02-26
12392,2.0,pembagian,2026-02-28
12393,2.0,pembagian,2026-03-01
12394,2.0,pembagian,2026-03-02
12395,2.0,pecahan,2026-03-03
12396,2.0,pecahan,2026-03-05
12397,2.0,pecahan,2026-03-07
12398,2.0,pecahan,2026-03-10
12399,2.0,pecahan,2026-03-12
12400,2.0,aljabar,2026-03-15
12401,2.0,aljabar,2026-03-18
12402,2.0,aljabar,2026-03-20
12403,2.0,aljabar,2026-03-22
12404,2.0,aljabar,2026-03-25
12405,2.0,aljabar,2026-03-27
12406,2.0,fungsi,2026-03-29
12407,2.0,fungsi,2026-03-31
12408,2.0,fungsi,2026-04-03
12409,2.0,fungsi,2026-04-04
12410,2.0,fungsi,2026-04-05
12411,2.0,limit,2026-04-08
12412,2.0,limit,2026-04-11
12413,2.0,limit,2026-04-13
12414,2.0,limit,2026-04-14
12415,2.0,limit,2026-04-15
12416,2.0,limit,2026-04-18
12417,2.0,turunan,2026-04-20
12418,2.0,turunan,2026-04-22
12419,2.0,turunan,2026-04-25
12420,2.0,turunan,2026-04-27
12421,2.0,turunan,2026-04-30
12422,2.0,integral,2026-05-02
12423,2.0,integral,2026-05-05
12424,2.0,integral,2026-05-08
12425,2.0,integral,2026-05-10
12426,2.0,integral,2026-05-11
12427,2.0,integral,2026-05-13
12428,2.0,integral,2026-05-14
12429,2.0,integral,2026-05-17
12430,20.0,penjumlahan,2026-01-01
12431,20.0,penjumlahan,2026-01-02
12432,20.0,penjumlahan,2026-01-05
12433,20.0,penjumlahan,2026-01-08
12434,20.0,penjumlahan,2026-01-11
12435,20.0,penjumlahan,2026-01-13
12436,20.0,pengurangan,2026-01-14
12437,20.0,pengurangan,2026-01-16
12438,20.0,pengurangan,2026-01-17
12439,20.0,pengurangan,2026-01-18
12440,20.0,pengurangan,2026-01-20
12441,20.0,pengurangan,2026-01-22
12442,20.0,pengurangan,2026-01-25
12443,20.0,perkalian,2026-01-28
12444,20.0,perkalian,2026-01-31
12445,20.0,perkalian,2026-02-02
12446,20.0,perkalian,2026-02-05
12447,20.0,perkalian,2026-02-07
12448,20.0,pembagian,2026-02-10
12449,20.0,pembagian,2026-02-12
12450,20.0,pembagian,2026-02-15
12451,20.0,pembagian,2026-02-16
12452,20.0,pembagian,2026-02-18
12453,20.0,pembagian,2026-02-21
12454,20.0,pembagian,2026-02-22
12455,20.0,pembagian,2026-02-23
12456,20.0,pecahan,2026-02-24
12457,20.0,pecahan,2026-02-27
12458,20.0,pecahan,2026-03-02
12459,20.0,pecahan,2026-03-05
12460,20.0,pecahan,2026-03-08
12461,20.0,pecahan,2026-03-10
12462,20.0,pecahan,2026-03-13
12463,20.0,pecahan,2026-03-15
12464,20.0,aljabar,2026-03-18
12465,20.0,aljabar,2026-03-21
12466,20.0,aljabar,2026-03-22
12467,20.0,aljabar,2026-03-25
12468,20.0,aljabar,2026-03-26
12469,20.0,aljabar,2026-03-28
12470,20.0,aljabar,2026-03-30
12471,20.0,aljabar,2026-04-02
12472,20.0,aljabar,2026-04-04
12473,20.0,fungsi,2026-04-05
12474,20.0,fungsi,2026-04-08
12475,20.0,fungsi,2026-04-10
12476,20.0,fungsi,2026-04-11
12477,20.0,fungsi,2026-04-12
12478,20.0,fungsi,2026-04-15
12479,20.0,fungsi,2026-04-16
12480,20.0,fungsi,2026-04-19
12481,20.0,fungsi,2026-04-22
12482,20.0,limit,2026-04-25
12483,20.0,limit,2026-04-26
12484,20.0,limit,2026-04-29
12485,20.0,limit,2026-04-30
12486,20.0,limit,2026-05-01
12487,20.0,limit,2026-05-03
12488,20.0,limit,2026-05-06
12489,20.0,limit,2026-05-09
12490,20.0,turunan,2026-05-11
12491,20.0,turunan,2026-05-14
12492,20.0,turunan,2026-05-15
12493,20.0,turunan,2026-05-18
12494,20.0,turunan,2026-05-21
12495,20.0,turunan,2026-05-22
12496,20.0,turunan,2026-05-23
12497,20.0,turunan,2026-05-26
12498,12.0,penjumlahan,2026-01-01
12499,12.0,penjumlahan,2026-01-03
12500,12.0,penjumlahan,2026-01-06
12501,12.0,penjumlahan,2026-01-09
12502,12.0,penjumlahan,2026-01-12
12503,12.0,penjumlahan,2026-01-13
12504,12.0,penjumlahan,2026-01-16
12505,12.0,penjumlahan,2026-01-17
12506,12.0,penjumlahan,2026-01-19
12507,12.0,pengurangan,2026-01-21
12508,12.0,pengurangan,2026-01-22
12509,12.0,pengurangan,2026-01-23
12510,12.0,pengurangan,2026-01-24
12511,12.0,pengurangan,2026-01-27
12512,12.0,pengurangan,2026-01-30
12513,12.0,pengurangan,2026-01-31
12514,12.0,pengurangan,2026-02-03
12515,12.0,pengurangan,2026-02-04
12516,12.0,pembagian,2026-02-05
12517,12.0,pembagian,2026-02-07
12518,12.0,pembagian,2026-02-09
12519,12.0,pembagian,2026-02-11
12520,12.0,pembagian,2026-02-12
12521,12.0,pecahan,2026-02-14
12522,12.0,pecahan,2026-02-16
12523,12.0,pecahan,2026-02-19
12524,12.0,pecahan,2026-02-22
12525,12.0,pecahan,2026-02-24
12526,12.0,aljabar,2026-02-26
12527,12.0,aljabar,2026-02-28
12528,12.0,aljabar,2026-03-02
12529,12.0,aljabar,2026-03-03
12530,12.0,aljabar,2026-03-05
12531,12.0,fungsi,2026-03-07
12532,12.0,fungsi,2026-03-10
12533,12.0,fungsi,2026-03-12
12534,12.0,fungsi,2026-03-13
12535,12.0,fungsi,2026-03-16
12536,12.0,fungsi,2026-03-17
12537,12.0,fungsi,2026-03-18
12538,12.0,fungsi,2026-03-21
12539,12.0,limit,2026-03-23
12540,12.0,limit,2026-03-25
12541,12.0,limit,2026-03-28
12542,12.0,limit,2026-03-30
12543,12.0,limit,2026-03-31
12544,12.0,turunan,2026-04-03
12545,12.0,turunan,2026-04-05
12546,12.0,turunan,2026-04-08
12547,12.0,turunan,2026-04-09
12548,12.0,turunan,2026-04-12
12549,12.0,turunan,2026-04-14
12550,12.0,turunan,2026-04-16
12551,12.0,turunan,2026-04-19
12552,12.0,integral,2026-04-20
12553,12.0,integral,2026-04-23
12554,12.0,integral,2026-04-24
12555,12.0,integral,2026-04-25
12556,12.0,integral,2026-04-28
12557,12.0,integral,2026-04-30
12558,12.0,integral,2026-05-03
12559,14.0,penjumlahan,2026-01-01
12560,14.0,penjumlahan,2026-01-03
12561,14.0,penjumlahan,2026-01-04
12562,14.0,penjumlahan,2026-01-06
12563,14.0,penjumlahan,2026-01-08
12564,14.0,penjumlahan,2026-01-09
12565,14.0,penjumlahan,2026-01-12
12566,14.0,penjumlahan,2026-01-15
12567,14.0,penjumlahan,2026-01-18
12568,14.0,pengurangan,2026-01-19
12569,14.0,pengurangan,2026-01-22
12570,14.0,pengurangan,2026-01-24
12571,14.0,pengurangan,2026-01-27
12572,14.0,pengurangan,2026-01-28
12573,14.0,perkalian,2026-01-31
12574,14.0,perkalian,2026-02-02
12575,14.0,perkalian,2026-02-05
12576,14.0,perkalian,2026-02-08
12577,14.0,perkalian,2026-02-11
12578,14.0,perkalian,2026-02-14
12579,14.0,pembagian,2026-02-17
12580,14.0,pembagian,2026-02-19
12581,14.0,pembagian,2026-02-22
12582,14.0,pembagian,2026-02-23
12583,14.0,pembagian,2026-02-26
12584,14.0,pembagian,2026-02-27
12585,14.0,pembagian,2026-03-01
12586,14.0,pembagian,2026-03-03
12587,14.0,pembagian,2026-03-05
12588,14.0,pecahan,2026-03-08
12589,14.0,pecahan,2026-03-11
12590,14.0,pecahan,2026-03-13
12591,14.0,pecahan,2026-03-14
12592,14.0,pecahan,2026-03-17
12593,14.0,pecahan,2026-03-18
12594,14.0,pecahan,2026-03-21
12595,14.0,pecahan,2026-03-24
12596,14.0,desimal,2026-03-26
12597,14.0,desimal,2026-03-28
12598,14.0,desimal,2026-03-29
12599,14.0,desimal,2026-04-01
12600,14.0,desimal,2026-04-03
12601,14.0,fungsi,2026-04-06
12602,14.0,fungsi,2026-04-09
12603,14.0,fungsi,2026-04-10
12604,14.0,fungsi,2026-04-13
12605,14.0,fungsi,2026-04-15
12606,14.0,fungsi,2026-04-16
12607,14.0,fungsi,2026-04-17
12608,14.0,fungsi,2026-04-19
12609,14.0,limit,2026-04-20
12610,14.0,limit,2026-04-22
12611,14.0,limit,2026-04-23
12612,14.0,limit,2026-04-25
12613,14.0,limit,2026-04-26
12614,14.0,turunan,2026-04-28
12615,14.0,turunan,2026-04-29
12616,14.0,turunan,2026-05-02
12617,14.0,turunan,2026-05-05
12618,14.0,turunan,2026-05-08
12619,14.0,turunan,2026-05-10
12620,14.0,turunan,2026-05-11
12621,14.0,integral,2026-05-12
12622,14.0,integral,2026-05-13
12623,14.0,integral,2026-05-16
12624,14.0,integral,2026-05-17
12625,14.0,integral,2026-05-18
12626,14.0,integral,2026-05-21
12627,14.0,integral,2026-05-22
12628,13.0,penjumlahan,2026-01-01
12629,13.0,penjumlahan,2026-01-04
12630,13.0,penjumlahan,2026-01-06
12631,13.0,penjumlahan,2026-01-09
12632,13.0,penjumlahan,2026-01-12
12633,13.0,penjumlahan,2026-01-13
12634,13.0,penjumlahan,2026-01-15
12635,13.0,penjumlahan,2026-01-16
12636,13.0,pengurangan,2026-01-17
12637,13.0,pengurangan,2026-01-18
12638,13.0,pengurangan,2026-01-20
12639,13.0,pengurangan,2026-01-22
12640,13.0,pengurangan,2026-01-25
12641,13.0,pengurangan,2026-01-26
12642,13.0,pengurangan,2026-01-28
12643,13.0,pengurangan,2026-01-30
12644,13.0,perkalian,2026-02-01
12645,13.0,perkalian,2026-02-02
12646,13.0,perkalian,2026-02-03
12647,13.0,perkalian,2026-02-05
12648,13.0,perkalian,2026-02-08
12649,13.0,perkalian,2026-02-11
12650,13.0,perkalian,2026-02-13
12651,13.0,perkalian,2026-02-14
12652,13.0,perkalian,2026-02-15
12653,13.0,pecahan,2026-02-18
12654,13.0,pecahan,2026-02-19
12655,13.0,pecahan,2026-02-21
12656,13.0,pecahan,2026-02-23
12657,13.0,pecahan,2026-02-24
12658,13.0,pecahan,2026-02-27
12659,13.0,pecahan,2026-03-02
12660,13.0,pecahan,2026-03-04
12661,13.0,aljabar,2026-03-07
12662,13.0,aljabar,2026-03-10
12663,13.0,aljabar,2026-03-11
12664,13.0,aljabar,2026-03-13
12665,13.0,aljabar,2026-03-14
12666,13.0,aljabar,2026-03-17
12667,13.0,limit,2026-03-20
12668,13.0,limit,2026-03-21
12669,13.0,limit,2026-03-24
12670,13.0,limit,2026-03-25
12671,13.0,limit,2026-03-28
12672,13.0,limit,2026-03-30
12673,13.0,limit,2026-03-31
12674,13.0,limit,2026-04-01
12675,13.0,limit,2026-04-02
12676,13.0,turunan,2026-04-04
12677,13.0,turunan,2026-04-06
12678,13.0,turunan,2026-04-07
12679,13.0,turunan,2026-04-08
12680,13.0,turunan,2026-04-11
12681,13.0,turunan,2026-04-13
12682,13.0,turunan,2026-04-14
12683,13.0,integral,2026-04-17
12684,13.0,integral,2026-04-19
12685,13.0,integral,2026-04-22
12686,13.0,integral,2026-04-24
12687,13.0,integral,2026-04-27
12688,9.0,penjumlahan,2026-01-01
12689,9.0,penjumlahan,2026-01-04
12690,9.0,penjumlahan,2026-01-06
12691,9.0,penjumlahan,2026-01-09
12692,9.0,penjumlahan,2026-01-10
12693,9.0,penjumlahan,2026-01-13
12694,9.0,penjumlahan,2026-01-14
12695,9.0,penjumlahan,2026-01-15
12696,9.0,penjumlahan,2026-01-16
12697,9.0,pengurangan,2026-01-18
12698,9.0,pengurangan,2026-01-20
12699,9.0,pengurangan,2026-01-21
12700,9.0,pengurangan,2026-01-22
12701,9.0,pengurangan,2026-01-24
12702,9.0,pengurangan,2026-01-26
12703,9.0,pembagian,2026-01-29
12704,9.0,pembagian,2026-01-30
12705,9.0,pembagian,2026-01-31
12706,9.0,pembagian,2026-02-02
12707,9.0,pembagian,2026-02-03
12708,9.0,pembagian,2026-02-04
12709,9.0,pecahan,2026-02-05
12710,9.0,pecahan,2026-02-08
12711,9.0,pecahan,2026-02-10
12712,9.0,pecahan,2026-02-13
12713,9.0,pecahan,2026-02-15
12714,9.0,pecahan,2026-02-16
12715,9.0,pecahan,2026-02-18
12716,9.0,pecahan,2026-02-21
12717,9.0,pecahan,2026-02-24
12718,9.0,desimal,2026-02-25
12719,9.0,desimal,2026-02-26
12720,9.0,desimal,2026-02-27
12721,9.0,desimal,2026-03-01
12722,9.0,desimal,2026-03-02
12723,9.0,fungsi,2026-03-03
12724,9.0,fungsi,2026-03-06
12725,9.0,fungsi,2026-03-07
12726,9.0,fungsi,2026-03-09
12727,9.0,fungsi,2026-03-11
12728,9.0,fungsi,2026-03-13
12729,9.0,limit,2026-03-14
12730,9.0,limit,2026-03-16
12731,9.0,limit,2026-03-19
12732,9.0,limit,2026-03-22
12733,9.0,limit,2026-03-24
12734,9.0,limit,2026-03-26
12735,9.0,limit,2026-03-28
12736,9.0,limit,2026-03-30
12737,9.0,limit,2026-03-31
12738,9.0,integral,2026-04-03
12739,9.0,integral,2026-04-05
12740,9.0,integral,2026-04-08
12741,9.0,integral,2026-04-09
12742,9.0,integral,2026-04-10
12743,9.0,integral,2026-04-11
12744,9.0,integral,2026-04-14
12745,9.0,integral,2026-04-15
12746,9.0,integral,2026-04-18
12747,14.0,penjumlahan,2026-01-01
12748,14.0,penjumlahan,2026-01-04
12749,14.0,penjumlahan,2026-01-06
12750,14.0,penjumlahan,2026-01-07
12751,14.0,penjumlahan,2026-01-09
12752,14.0,penjumlahan,2026-01-12
12753,14.0,penjumlahan,2026-01-14
12754,14.0,pengurangan,2026-01-17
12755,14.0,pengurangan,2026-01-20
12756,14.0,pengurangan,2026-01-22
12757,14.0,pengurangan,2026-01-23
12758,14.0,pengurangan,2026-01-26
12759,14.0,pengurangan,2026-01-27
12760,14.0,pengurangan,2026-01-30
12761,14.0,pengurangan,2026-02-01
12762,14.0,aljabar,2026-02-03
12763,14.0,aljabar,2026-02-04
12764,14.0,aljabar,2026-02-06
12765,14.0,aljabar,2026-02-07
12766,14.0,aljabar,2026-02-09
12767,14.0,aljabar,2026-02-11
12768,14.0,aljabar,2026-02-13
12769,14.0,aljabar,2026-02-14
12770,14.0,persamaan_linear,2026-02-17
12771,14.0,persamaan_linear,2026-02-19
12772,14.0,persamaan_linear,2026-02-21
12773,14.0,persamaan_linear,2026-02-23
12774,14.0,persamaan_linear,2026-02-25
12775,14.0,persamaan_linear,2026-02-27
12776,14.0,persamaan_linear,2026-02-28
12777,14.0,persamaan_linear,2026-03-01
12778,14.0,persamaan_linear,2026-03-03
12779,14.0,limit,2026-03-04
12780,14.0,limit,2026-03-06
12781,14.0,limit,2026-03-08
12782,14.0,limit,2026-03-11
12783,14.0,limit,2026-03-12
12784,14.0,limit,2026-03-15
12785,14.0,limit,2026-03-18
12786,14.0,turunan,2026-03-19
12787,14.0,turunan,2026-03-22
12788,14.0,turunan,2026-03-23
12789,14.0,turunan,2026-03-25
12790,14.0,turunan,2026-03-27
12791,14.0,turunan,2026-03-29
12792,14.0,turunan,2026-03-31
12793,14.0,turunan,2026-04-01
12794,14.0,turunan,2026-04-02
12795,14.0,integral,2026-04-04
12796,14.0,integral,2026-04-06
12797,14.0,integral,2026-04-09
12798,14.0,integral,2026-04-10
12799,14.0,integral,2026-04-11
12800,14.0,integral,2026-04-12
12801,14.0,integral,2026-04-13
12802,14.0,integral,2026-04-16
12803,14.0,integral,2026-04-18
12804,17.0,penjumlahan,2026-01-01
12805,17.0,penjumlahan,2026-01-04
12806,17.0,penjumlahan,2026-01-05
12807,17.0,penjumlahan,2026-01-06
12808,17.0,penjumlahan,2026-01-07
12809,17.0,pengurangan,2026-01-08
12810,17.0,pengurangan,2026-01-11
12811,17.0,pengurangan,2026-01-12
12812,17.0,pengurangan,2026-01-14
12813,17.0,pengurangan,2026-01-17
12814,17.0,pengurangan,2026-01-20
12815,17.0,pengurangan,2026-01-21
12816,17.0,pengurangan,2026-01-24
12817,17.0,pengurangan,2026-01-26
12818,17.0,perkalian,2026-01-28
12819,17.0,perkalian,2026-01-29
12820,17.0,perkalian,2026-01-31
12821,17.0,perkalian,2026-02-03
12822,17.0,perkalian,2026-02-06
12823,17.0,pembagian,2026-02-08
12824,17.0,pembagian,2026-02-09
12825,17.0,pembagian,2026-02-11
12826,17.0,pembagian,2026-02-12
12827,17.0,pembagian,2026-02-13
12828,17.0,pembagian,2026-02-16
12829,17.0,pembagian,2026-02-19
12830,17.0,pecahan,2026-02-21
12831,17.0,pecahan,2026-02-24
12832,17.0,pecahan,2026-02-26
12833,17.0,pecahan,2026-02-27
12834,17.0,pecahan,2026-03-02
12835,17.0,desimal,2026-03-05
12836,17.0,desimal,2026-03-06
12837,17.0,desimal,2026-03-07
12838,17.0,desimal,2026-03-08
12839,17.0,desimal,2026-03-10
12840,17.0,desimal,2026-03-11
12841,17.0,desimal,2026-03-12
12842,17.0,desimal,2026-03-14
12843,17.0,aljabar,2026-03-17
12844,17.0,aljabar,2026-03-18
12845,17.0,aljabar,2026-03-20
12846,17.0,aljabar,2026-03-21
12847,17.0,aljabar,2026-03-23
12848,17.0,aljabar,2026-03-24
12849,17.0,aljabar,2026-03-26
12850,17.0,aljabar,2026-03-28
12851,17.0,persamaan_linear,2026-03-30
12852,17.0,persamaan_linear,2026-04-02
12853,17.0,persamaan_linear,2026-04-04
12854,17.0,persamaan_linear,2026-04-05
12855,17.0,persamaan_linear,2026-04-08
12856,17.0,persamaan_linear,2026-04-11
12857,17.0,fungsi,2026-04-14
12858,17.0,fungsi,2026-04-15
12859,17.0,fungsi,2026-04-18
12860,17.0,fungsi,2026-04-19
12861,17.0,fungsi,2026-04-22
12862,17.0,limit,2026-04-25
12863,17.0,limit,2026-04-27
12864,17.0,limit,2026-04-30
12865,17.0,limit,2026-05-02
12866,17.0,limit,2026-05-05
12867,17.0,limit,2026-05-06
12868,17.0,turunan,2026-05-07
12869,17.0,turunan,2026-05-08
12870,17.0,turunan,2026-05-11
12871,17.0,turunan,2026-05-14
12872,17.0,turunan,2026-05-16
12873,17.0,integral,2026-05-18
12874,17.0,integral,2026-05-19
12875,17.0,integral,2026-05-20
12876,17.0,integral,2026-05-22
12877,17.0,integral,2026-05-23
12878,17.0,integral,2026-05-24
12879,17.0,integral,2026-05-27
12880,17.0,integral,2026-05-28
12881,12.0,penjumlahan,2026-01-01
12882,12.0,penjumlahan,2026-01-04
12883,12.0,penjumlahan,2026-01-06
12884,12.0,penjumlahan,2026-01-08
12885,12.0,penjumlahan,2026-01-09
12886,12.0,penjumlahan,2026-01-11
12887,12.0,pengurangan,2026-01-13
12888,12.0,pengurangan,2026-01-16
12889,12.0,pengurangan,2026-01-19
12890,12.0,pengurangan,2026-01-20
12891,12.0,pengurangan,2026-01-23
12892,12.0,pengurangan,2026-01-24
12893,12.0,pembagian,2026-01-25
12894,12.0,pembagian,2026-01-28
12895,12.0,pembagian,2026-01-30
12896,12.0,pembagian,2026-01-31
12897,12.0,pembagian,2026-02-01
12898,12.0,pembagian,2026-02-04
12899,12.0,pembagian,2026-02-05
12900,12.0,aljabar,2026-02-08
12901,12.0,aljabar,2026-02-11
12902,12.0,aljabar,2026-02-12
12903,12.0,aljabar,2026-02-13
12904,12.0,aljabar,2026-02-14
12905,12.0,aljabar,2026-02-15
12906,12.0,aljabar,2026-02-16
12907,12.0,aljabar,2026-02-19
12908,12.0,persamaan_linear,2026-02-21
12909,12.0,persamaan_linear,2026-02-22
12910,12.0,persamaan_linear,2026-02-24
12911,12.0,persamaan_linear,2026-02-27
12912,12.0,persamaan_linear,2026-03-02
12913,12.0,persamaan_linear,2026-03-05
12914,12.0,persamaan_linear,2026-03-08
12915,12.0,persamaan_linear,2026-03-10
12916,12.0,fungsi,2026-03-11
12917,12.0,fungsi,2026-03-13
12918,12.0,fungsi,2026-03-16
12919,12.0,fungsi,2026-03-18
12920,12.0,fungsi,2026-03-21
12921,12.0,fungsi,2026-03-23
12922,12.0,fungsi,2026-03-26
12923,12.0,limit,2026-03-29
12924,12.0,limit,2026-04-01
12925,12.0,limit,2026-04-04
12926,12.0,limit,2026-04-07
12927,12.0,limit,2026-04-08
12928,12.0,limit,2026-04-10
12929,12.0,turunan,2026-04-12
12930,12.0,turunan,2026-04-13
12931,12.0,turunan,2026-04-14
12932,12.0,turunan,2026-04-17
12933,12.0,turunan,2026-04-19
12934,12.0,turunan,2026-04-20
12935,12.0,turunan,2026-04-21
12936,12.0,turunan,2026-04-24
12937,12.0,integral,2026-04-25
12938,12.0,integral,2026-04-28
12939,12.0,integral,2026-04-30
12940,12.0,integral,2026-05-01
12941,12.0,integral,2026-05-02
12942,3.0,penjumlahan,2026-01-01
12943,3.0,penjumlahan,2026-01-04
12944,3.0,penjumlahan,2026-01-06
12945,3.0,penjumlahan,2026-01-08
12946,3.0,penjumlahan,2026-01-09
12947,3.0,penjumlahan,2026-01-11
12948,3.0,penjumlahan,2026-01-13
12949,3.0,penjumlahan,2026-01-16
12950,3.0,penjumlahan,2026-01-17
12951,3.0,pengurangan,2026-01-20
12952,3.0,pengurangan,2026-01-22
12953,3.0,pengurangan,2026-01-25
12954,3.0,pengurangan,2026-01-27
12955,3.0,pengurangan,2026-01-28
12956,3.0,pembagian,2026-01-30
12957,3.0,pembagian,2026-01-31
12958,3.0,pembagian,2026-02-03
12959,3.0,pembagian,2026-02-05
12960,3.0,pembagian,2026-02-08
12961,3.0,pecahan,2026-02-09
12962,3.0,pecahan,2026-02-11
12963,3.0,pecahan,2026-02-13
12964,3.0,pecahan,2026-02-15
12965,3.0,pecahan,2026-02-16
12966,3.0,pecahan,2026-02-17
12967,3.0,pecahan,2026-02-20
12968,3.0,pecahan,2026-02-22
12969,3.0,desimal,2026-02-23
12970,3.0,desimal,2026-02-26
12971,3.0,desimal,2026-02-28
12972,3.0,desimal,2026-03-01
12973,3.0,desimal,2026-03-03
12974,3.0,aljabar,2026-03-06
12975,3.0,aljabar,2026-03-07
12976,3.0,aljabar,2026-03-10
12977,3.0,aljabar,2026-03-13
12978,3.0,aljabar,2026-03-14
12979,3.0,aljabar,2026-03-15
12980,3.0,persamaan_linear,2026-03-17
12981,3.0,persamaan_linear,2026-03-19
12982,3.0,persamaan_linear,2026-03-22
12983,3.0,persamaan_linear,2026-03-23
12984,3.0,persamaan_linear,2026-03-25
12985,3.0,persamaan_linear,2026-03-26
12986,3.0,persamaan_linear,2026-03-29
12987,3.0,persamaan_linear,2026-03-30
12988,3.0,persamaan_linear,2026-04-01
12989,3.0,fungsi,2026-04-03
12990,3.0,fungsi,2026-04-04
12991,3.0,fungsi,2026-04-06
12992,3.0,fungsi,2026-04-08
12993,3.0,fungsi,2026-04-10
12994,3.0,fungsi,2026-04-11
12995,3.0,limit,2026-04-13
12996,3.0,limit,2026-04-16
12997,3.0,limit,2026-04-19
12998,3.0,limit,2026-04-21
12999,3.0,limit,2026-04-24
13000,3.0,limit,2026-04-27
13001,3.0,turunan,2026-04-30
13002,3.0,turunan,2026-05-01
13003,3.0,turunan,2026-05-03
13004,3.0,turunan,2026-05-05
13005,3.0,turunan,2026-05-07
13006,3.0,turunan,2026-05-10
13007,3.0,turunan,2026-05-12
13008,3.0,turunan,2026-05-14
13009,3.0,turunan,2026-05-15
13010,3.0,integral,2026-05-18
13011,3.0,integral,2026-05-21
13012,3.0,integral,2026-05-22
13013,3.0,integral,2026-05-25
13014,3.0,integral,2026-05-27
13015,20.0,penjumlahan,2026-01-01
13016,20.0,penjumlahan,2026-01-03
13017,20.0,penjumlahan,2026-01-06
13018,20.0,penjumlahan,2026-01-07
13019,20.0,penjumlahan,2026-01-10
13020,20.0,penjumlahan,2026-01-13
13021,20.0,penjumlahan,2026-01-14
13022,20.0,penjumlahan,2026-01-15
13023,20.0,penjumlahan,2026-01-16
13024,20.0,pengurangan,2026-01-18
13025,20.0,pengurangan,2026-01-21
13026,20.0,pengurangan,2026-01-22
13027,20.0,pengurangan,2026-01-24
13028,20.0,pengurangan,2026-01-26
13029,20.0,pengurangan,2026-01-29
13030,20.0,pengurangan,2026-01-30
13031,20.0,pengurangan,2026-02-01
13032,20.0,perkalian,2026-02-02
13033,20.0,perkalian,2026-02-05
13034,20.0,perkalian,2026-02-08
13035,20.0,perkalian,2026-02-10
13036,20.0,perkalian,2026-02-12
13037,20.0,perkalian,2026-02-13
13038,20.0,perkalian,2026-02-16
13039,20.0,perkalian,2026-02-17
13040,20.0,pecahan,2026-02-18
13041,20.0,pecahan,2026-02-20
13042,20.0,pecahan,2026-02-21
13043,20.0,pecahan,2026-02-24
13044,20.0,pecahan,2026-02-25
13045,20.0,pecahan,2026-02-27
13046,20.0,desimal,2026-03-01
13047,20.0,desimal,2026-03-02
13048,20.0,desimal,2026-03-04
13049,20.0,desimal,2026-03-06
13050,20.0,desimal,2026-03-08
13051,20.0,aljabar,2026-03-11
13052,20.0,aljabar,2026-03-12
13053,20.0,aljabar,2026-03-14
13054,20.0,aljabar,2026-03-17
13055,20.0,aljabar,2026-03-18
13056,20.0,aljabar,2026-03-20
13057,20.0,aljabar,2026-03-21
13058,20.0,aljabar,2026-03-23
13059,20.0,persamaan_linear,2026-03-24
13060,20.0,persamaan_linear,2026-03-27
13061,20.0,persamaan_linear,2026-03-29
13062,20.0,persamaan_linear,2026-03-30
13063,20.0,persamaan_linear,2026-04-02
13064,20.0,persamaan_linear,2026-04-03
13065,20.0,limit,2026-04-05
13066,20.0,limit,2026-04-07
13067,20.0,limit,2026-04-08
13068,20.0,limit,2026-04-09
13069,20.0,limit,2026-04-12
13070,20.0,limit,2026-04-13
13071,20.0,limit,2026-04-14
13072,20.0,limit,2026-04-17
13073,20.0,integral,2026-04-20
13074,20.0,integral,2026-04-22
13075,20.0,integral,2026-04-23
13076,20.0,integral,2026-04-25
13077,20.0,integral,2026-04-28
13078,20.0,integral,2026-05-01
13079,4.0,penjumlahan,2026-01-01
13080,4.0,penjumlahan,2026-01-03
13081,4.0,penjumlahan,2026-01-05
13082,4.0,penjumlahan,2026-01-07
13083,4.0,penjumlahan,2026-01-10
13084,4.0,penjumlahan,2026-01-13
13085,4.0,penjumlahan,2026-01-15
13086,4.0,penjumlahan,2026-01-17
13087,4.0,penjumlahan,2026-01-19
13088,4.0,pengurangan,2026-01-22
13089,4.0,pengurangan,2026-01-25
13090,4.0,pengurangan,2026-01-26
13091,4.0,pengurangan,2026-01-27
13092,4.0,pengurangan,2026-01-29
13093,4.0,pengurangan,2026-01-30
13094,4.0,pengurangan,2026-02-01
13095,4.0,pengurangan,2026-02-02
13096,4.0,perkalian,2026-02-04
13097,4.0,perkalian,2026-02-05
13098,4.0,perkalian,2026-02-06
13099,4.0,perkalian,2026-02-07
13100,4.0,perkalian,2026-02-10
13101,4.0,perkalian,2026-02-11
13102,4.0,pecahan,2026-02-14
13103,4.0,pecahan,2026-02-15
13104,4.0,pecahan,2026-02-18
13105,4.0,pecahan,2026-02-21
13106,4.0,pecahan,2026-02-24
13107,4.0,pecahan,2026-02-26
13108,4.0,pecahan,2026-02-28
13109,4.0,pecahan,2026-03-01
13110,4.0,pecahan,2026-03-03
13111,4.0,desimal,2026-03-06
13112,4.0,desimal,2026-03-09
13113,4.0,desimal,2026-03-12
13114,4.0,desimal,2026-03-15
13115,4.0,desimal,2026-03-18
13116,4.0,desimal,2026-03-19
13117,4.0,desimal,2026-03-22
13118,4.0,desimal,2026-03-25
13119,4.0,desimal,2026-03-28
13120,4.0,aljabar,2026-03-31
13121,4.0,aljabar,2026-04-02
13122,4.0,aljabar,2026-04-05
13123,4.0,aljabar,2026-04-06
13124,4.0,aljabar,2026-04-09
13125,4.0,aljabar,2026-04-11
13126,4.0,aljabar,2026-04-12
13127,4.0,aljabar,2026-04-13
13128,4.0,fungsi,2026-04-15
13129,4.0,fungsi,2026-04-16
13130,4.0,fungsi,2026-04-17
13131,4.0,fungsi,2026-04-19
13132,4.0,fungsi,2026-04-21
13133,4.0,fungsi,2026-04-22
13134,4.0,fungsi,2026-04-24
13135,4.0,limit,2026-04-27
13136,4.0,limit,2026-04-28
13137,4.0,limit,2026-04-29
13138,4.0,limit,2026-04-30
13139,4.0,limit,2026-05-01
13140,4.0,limit,2026-05-04
13141,4.0,limit,2026-05-06
13142,4.0,limit,2026-05-08
13143,4.0,limit,2026-05-09
13144,4.0,turunan,2026-05-12
13145,4.0,turunan,2026-05-15
13146,4.0,turunan,2026-05-16
13147,4.0,turunan,2026-05-17
13148,4.0,turunan,2026-05-18
13149,4.0,turunan,2026-05-19
13150,4.0,turunan,2026-05-22
13151,4.0,integral,2026-05-24
13152,4.0,integral,2026-05-26
13153,4.0,integral,2026-05-28
13154,4.0,integral,2026-05-31
13155,4.0,integral,2026-06-01
13156,4.0,integral,2026-06-03
13157,4.0,integral,2026-06-05
13158,4.0,integral,2026-06-06
13159,17.0,penjumlahan,2026-01-01
13160,17.0,penjumlahan,2026-01-04
13161,17.0,penjumlahan,2026-01-06
13162,17.0,penjumlahan,2026-01-07
13163,17.0,penjumlahan,2026-01-08
13164,17.0,penjumlahan,2026-01-11
13165,17.0,pengurangan,2026-01-14
13166,17.0,pengurangan,2026-01-17
13167,17.0,pengurangan,2026-01-19
13168,17.0,pengurangan,2026-01-22
13169,17.0,pengurangan,2026-01-24
13170,17.0,pecahan,2026-01-25
13171,17.0,pecahan,2026-01-27
13172,17.0,pecahan,2026-01-28
13173,17.0,pecahan,2026-01-31
13174,17.0,pecahan,2026-02-03
13175,17.0,pecahan,2026-02-05
13176,17.0,pecahan,2026-02-07
13177,17.0,desimal,2026-02-08
13178,17.0,desimal,2026-02-09
13179,17.0,desimal,2026-02-10
13180,17.0,desimal,2026-02-11
13181,17.0,desimal,2026-02-13
13182,17.0,desimal,2026-02-15
13183,17.0,aljabar,2026-02-18
13184,17.0,aljabar,2026-02-19
13185,17.0,aljabar,2026-02-20
13186,17.0,aljabar,2026-02-21
13187,17.0,aljabar,2026-02-24
13188,17.0,limit,2026-02-25
13189,17.0,limit,2026-02-28
13190,17.0,limit,2026-03-03
13191,17.0,limit,2026-03-06
13192,17.0,limit,2026-03-09
13193,17.0,limit,2026-03-11
13194,17.0,limit,2026-03-14
13195,17.0,limit,2026-03-16
13196,17.0,limit,2026-03-18
13197,17.0,turunan,2026-03-20
13198,17.0,turunan,2026-03-23
13199,17.0,turunan,2026-03-25
13200,17.0,turunan,2026-03-26
13201,17.0,turunan,2026-03-28
13202,17.0,integral,2026-03-30
13203,17.0,integral,2026-04-02
13204,17.0,integral,2026-04-05
13205,17.0,integral,2026-04-07
13206,17.0,integral,2026-04-10
13207,14.0,penjumlahan,2026-01-01
13208,14.0,penjumlahan,2026-01-02
13209,14.0,penjumlahan,2026-01-04
13210,14.0,penjumlahan,2026-01-07
13211,14.0,penjumlahan,2026-01-08
13212,14.0,penjumlahan,2026-01-09
13213,14.0,penjumlahan,2026-01-10
13214,14.0,penjumlahan,2026-01-13
13215,14.0,pengurangan,2026-01-16
13216,14.0,pengurangan,2026-01-19
13217,14.0,pengurangan,2026-01-20
13218,14.0,pengurangan,2026-01-21
13219,14.0,pengurangan,2026-01-22
13220,14.0,perkalian,2026-01-25
13221,14.0,perkalian,2026-01-27
13222,14.0,perkalian,2026-01-30
13223,14.0,perkalian,2026-01-31
13224,14.0,perkalian,2026-02-03
13225,14.0,perkalian,2026-02-06
13226,14.0,pecahan,2026-02-09
13227,14.0,pecahan,2026-02-10
13228,14.0,pecahan,2026-02-13
13229,14.0,pecahan,2026-02-16
13230,14.0,pecahan,2026-02-17
13231,14.0,pecahan,2026-02-20
13232,14.0,pecahan,2026-02-23
13233,14.0,pecahan,2026-02-24
13234,14.0,pecahan,2026-02-26
13235,14.0,desimal,2026-02-27
13236,14.0,desimal,2026-02-28
13237,14.0,desimal,2026-03-03
13238,14.0,desimal,2026-03-05
13239,14.0,desimal,2026-03-08
13240,14.0,desimal,2026-03-09
13241,14.0,desimal,2026-03-11
13242,14.0,desimal,2026-03-12
13243,14.0,aljabar,2026-03-14
13244,14.0,aljabar,2026-03-16
13245,14.0,aljabar,2026-03-19
13246,14.0,aljabar,2026-03-21
13247,14.0,aljabar,2026-03-22
13248,14.0,aljabar,2026-03-23
13249,14.0,persamaan_linear,2026-03-25
13250,14.0,persamaan_linear,2026-03-27
13251,14.0,persamaan_linear,2026-03-28
13252,14.0,persamaan_linear,2026-03-31
13253,14.0,persamaan_linear,2026-04-02
13254,14.0,persamaan_linear,2026-04-03
13255,14.0,persamaan_linear,2026-04-05
13256,14.0,persamaan_linear,2026-04-06
13257,14.0,persamaan_linear,2026-04-08
13258,14.0,fungsi,2026-04-09
13259,14.0,fungsi,2026-04-11
13260,14.0,fungsi,2026-04-14
13261,14.0,fungsi,2026-04-16
13262,14.0,fungsi,2026-04-19
13263,14.0,fungsi,2026-04-21
13264,14.0,fungsi,2026-04-23
13265,14.0,fungsi,2026-04-24
13266,14.0,fungsi,2026-04-25
13267,14.0,limit,2026-04-26
13268,14.0,limit,2026-04-27
13269,14.0,limit,2026-04-29
13270,14.0,limit,2026-05-02
13271,14.0,limit,2026-05-03
13272,14.0,limit,2026-05-04
13273,14.0,integral,2026-05-07
13274,14.0,integral,2026-05-10
13275,14.0,integral,2026-05-11
13276,14.0,integral,2026-05-12
13277,14.0,integral,2026-05-13
13278,14.0,integral,2026-05-16
13279,14.0,integral,2026-05-18
13280,13.0,penjumlahan,2026-01-01
13281,13.0,penjumlahan,2026-01-02
13282,13.0,penjumlahan,2026-01-05
13283,13.0,penjumlahan,2026-01-08
13284,13.0,penjumlahan,2026-01-11
13285,13.0,pengurangan,2026-01-14
13286,13.0,pengurangan,2026-01-16
13287,13.0,pengurangan,2026-01-19
13288,13.0,pengurangan,2026-01-22
13289,13.0,pengurangan,2026-01-25
13290,13.0,pengurangan,2026-01-27
13291,13.0,pengurangan,2026-01-29
13292,13.0,perkalian,2026-01-30
13293,13.0,perkalian,2026-02-01
13294,13.0,perkalian,2026-02-02
13295,13.0,perkalian,2026-02-03
13296,13.0,perkalian,2026-02-05
13297,13.0,perkalian,2026-02-06
13298,13.0,perkalian,2026-02-09
13299,13.0,perkalian,2026-02-12
13300,13.0,pembagian,2026-02-13
13301,13.0,pembagian,2026-02-15
13302,13.0,pembagian,2026-02-18
13303,13.0,pembagian,2026-02-21
13304,13.0,pembagian,2026-02-22
13305,13.0,pembagian,2026-02-25
13306,13.0,aljabar,2026-02-28
13307,13.0,aljabar,2026-03-01
13308,13.0,aljabar,2026-03-03
13309,13.0,aljabar,2026-03-06
13310,13.0,aljabar,2026-03-07
13311,13.0,aljabar,2026-03-08
13312,13.0,aljabar,2026-03-11
13313,13.0,aljabar,2026-03-14
13314,13.0,persamaan_linear,2026-03-15
13315,13.0,persamaan_linear,2026-03-17
13316,13.0,persamaan_linear,2026-03-19
13317,13.0,persamaan_linear,2026-03-22
13318,13.0,persamaan_linear,2026-03-25
13319,13.0,persamaan_linear,2026-03-28
13320,13.0,persamaan_linear,2026-03-31
13321,13.0,limit,2026-04-02
13322,13.0,limit,2026-04-04
13323,13.0,limit,2026-04-07
13324,13.0,limit,2026-04-09
13325,13.0,limit,2026-04-11
13326,13.0,limit,2026-04-13
13327,13.0,turunan,2026-04-16
13328,13.0,turunan,2026-04-17
13329,13.0,turunan,2026-04-20
13330,13.0,turunan,2026-04-23
13331,13.0,turunan,2026-04-26
13332,13.0,turunan,2026-04-29
13333,13.0,turunan,2026-04-30
13334,13.0,integral,2026-05-03
13335,13.0,integral,2026-05-04
13336,13.0,integral,2026-05-07
13337,13.0,integral,2026-05-09
13338,13.0,integral,2026-05-10
13339,13.0,integral,2026-05-11
13340,13.0,integral,2026-05-13
13341,13.0,integral,2026-05-14
13342,13.0,integral,2026-05-15
13343,18.0,penjumlahan,2026-01-01
13344,18.0,penjumlahan,2026-01-02
13345,18.0,penjumlahan,2026-01-03
13346,18.0,penjumlahan,2026-01-05
13347,18.0,penjumlahan,2026-01-08
13348,18.0,pengurangan,2026-01-10
13349,18.0,pengurangan,2026-01-11
13350,18.0,pengurangan,2026-01-13
13351,18.0,pengurangan,2026-01-14
13352,18.0,pengurangan,2026-01-17
13353,18.0,pengurangan,2026-01-19
13354,18.0,pengurangan,2026-01-20
13355,18.0,perkalian,2026-01-23
13356,18.0,perkalian,2026-01-25
13357,18.0,perkalian,2026-01-27
13358,18.0,perkalian,2026-01-28
13359,18.0,perkalian,2026-01-30
13360,18.0,pembagian,2026-02-01
13361,18.0,pembagian,2026-02-03
13362,18.0,pembagian,2026-02-04
13363,18.0,pembagian,2026-02-06
13364,18.0,pembagian,2026-02-09
13365,18.0,pembagian,2026-02-12
13366,18.0,pembagian,2026-02-14
13367,18.0,pecahan,2026-02-16
13368,18.0,pecahan,2026-02-17
13369,18.0,pecahan,2026-02-18
13370,18.0,pecahan,2026-02-20
13371,18.0,pecahan,2026-02-21
13372,18.0,pecahan,2026-02-24
13373,18.0,pecahan,2026-02-27
13374,18.0,pecahan,2026-03-01
13375,18.0,pecahan,2026-03-02
13376,18.0,persamaan_linear,2026-03-04
13377,18.0,persamaan_linear,2026-03-07
13378,18.0,persamaan_linear,2026-03-09
13379,18.0,persamaan_linear,2026-03-11
13380,18.0,persamaan_linear,2026-03-12
13381,18.0,persamaan_linear,2026-03-14
13382,18.0,persamaan_linear,2026-03-15
13383,18.0,persamaan_linear,2026-03-18
13384,18.0,fungsi,2026-03-21
13385,18.0,fungsi,2026-03-22
13386,18.0,fungsi,2026-03-23
13387,18.0,fungsi,2026-03-24
13388,18.0,fungsi,2026-03-26
13389,18.0,fungsi,2026-03-27
13390,18.0,fungsi,2026-03-30
13391,18.0,limit,2026-04-02
13392,18.0,limit,2026-04-05
13393,18.0,limit,2026-04-08
13394,18.0,limit,2026-04-09
13395,18.0,limit,2026-04-11
13396,18.0,limit,2026-04-13
13397,18.0,limit,2026-04-16
13398,18.0,turunan,2026-04-19
13399,18.0,turunan,2026-04-21
13400,18.0,turunan,2026-04-24
13401,18.0,turunan,2026-04-27
13402,18.0,turunan,2026-04-28
13403,18.0,turunan,2026-04-30
13404,18.0,turunan,2026-05-02
13405,18.0,turunan,2026-05-05
13406,7.0,penjumlahan,2026-01-01
13407,7.0,penjumlahan,2026-01-03
13408,7.0,penjumlahan,2026-01-06
13409,7.0,penjumlahan,2026-01-08
13410,7.0,penjumlahan,2026-01-11
13411,7.0,penjumlahan,2026-01-12
13412,7.0,pengurangan,2026-01-15
13413,7.0,pengurangan,2026-01-18
13414,7.0,pengurangan,2026-01-19
13415,7.0,pengurangan,2026-01-20
13416,7.0,pengurangan,2026-01-22
13417,7.0,perkalian,2026-01-24
13418,7.0,perkalian,2026-01-26
13419,7.0,perkalian,2026-01-28
13420,7.0,perkalian,2026-01-31
13421,7.0,perkalian,2026-02-01
13422,7.0,perkalian,2026-02-02
13423,7.0,perkalian,2026-02-03
13424,7.0,perkalian,2026-02-06
13425,7.0,perkalian,2026-02-08
13426,7.0,pecahan,2026-02-11
13427,7.0,pecahan,2026-02-14
13428,7.0,pecahan,2026-02-16
13429,7.0,pecahan,2026-02-17
13430,7.0,pecahan,2026-02-18
13431,7.0,pecahan,2026-02-19
13432,7.0,desimal,2026-02-21
13433,7.0,desimal,2026-02-22
13434,7.0,desimal,2026-02-24
13435,7.0,desimal,2026-02-25
13436,7.0,desimal,2026-02-27
13437,7.0,desimal,2026-02-28
13438,7.0,desimal,2026-03-01
13439,7.0,desimal,2026-03-02
13440,7.0,aljabar,2026-03-05
13441,7.0,aljabar,2026-03-06
13442,7.0,aljabar,2026-03-09
13443,7.0,aljabar,2026-03-11
13444,7.0,aljabar,2026-03-12
13445,7.0,aljabar,2026-03-13
13446,7.0,persamaan_linear,2026-03-16
13447,7.0,persamaan_linear,2026-03-19
13448,7.0,persamaan_linear,2026-03-20
13449,7.0,persamaan_linear,2026-03-23
13450,7.0,persamaan_linear,2026-03-25
13451,7.0,turunan,2026-03-26
13452,7.0,turunan,2026-03-28
13453,7.0,turunan,2026-03-29
13454,7.0,turunan,2026-03-30
13455,7.0,turunan,2026-04-02
13456,7.0,turunan,2026-04-05
13457,7.0,integral,2026-04-08
13458,7.0,integral,2026-04-10
13459,7.0,integral,2026-04-13
13460,7.0,integral,2026-04-15
13461,7.0,integral,2026-04-18
13462,7.0,integral,2026-04-19
13463,7.0,integral,2026-04-22
13464,7.0,integral,2026-04-25
13465,7.0,integral,2026-04-26
13466,13.0,penjumlahan,2026-01-01
13467,13.0,penjumlahan,2026-01-04
13468,13.0,penjumlahan,2026-01-07
13469,13.0,penjumlahan,2026-01-09
13470,13.0,penjumlahan,2026-01-11
13471,13.0,penjumlahan,2026-01-12
13472,13.0,pengurangan,2026-01-13
13473,13.0,pengurangan,2026-01-16
13474,13.0,pengurangan,2026-01-19
13475,13.0,pengurangan,2026-01-22
13476,13.0,pengurangan,2026-01-24
13477,13.0,pengurangan,2026-01-27
13478,13.0,pengurangan,2026-01-29
13479,13.0,pengurangan,2026-01-30
13480,13.0,perkalian,2026-01-31
13481,13.0,perkalian,2026-02-01
13482,13.0,perkalian,2026-02-02
13483,13.0,perkalian,2026-02-05
13484,13.0,perkalian,2026-02-07
13485,13.0,perkalian,2026-02-08
13486,13.0,perkalian,2026-02-10
13487,13.0,perkalian,2026-02-11
13488,13.0,pembagian,2026-02-12
13489,13.0,pembagian,2026-02-14
13490,13.0,pembagian,2026-02-17
13491,13.0,pembagian,2026-02-18
13492,13.0,pembagian,2026-02-21
13493,13.0,pembagian,2026-02-23
13494,13.0,pecahan,2026-02-26
13495,13.0,pecahan,2026-02-28
13496,13.0,pecahan,2026-03-01
13497,13.0,pecahan,2026-03-04
13498,13.0,pecahan,2026-03-07
13499,13.0,pecahan,2026-03-08
13500,13.0,desimal,2026-03-11
13501,13.0,desimal,2026-03-14
13502,13.0,desimal,2026-03-17
13503,13.0,desimal,2026-03-19
13504,13.0,desimal,2026-03-21
13505,13.0,desimal,2026-03-22
13506,13.0,desimal,2026-03-23
13507,13.0,desimal,2026-03-24
13508,13.0,aljabar,2026-03-26
13509,13.0,aljabar,2026-03-27
13510,13.0,aljabar,2026-03-29
13511,13.0,aljabar,2026-04-01
13512,13.0,aljabar,2026-04-03
13513,13.0,aljabar,2026-04-04
13514,13.0,persamaan_linear,2026-04-07
13515,13.0,persamaan_linear,2026-04-08
13516,13.0,persamaan_linear,2026-04-09
13517,13.0,persamaan_linear,2026-04-10
13518,13.0,persamaan_linear,2026-04-11
13519,13.0,persamaan_linear,2026-04-14
13520,13.0,fungsi,2026-04-16
13521,13.0,fungsi,2026-04-17
13522,13.0,fungsi,2026-04-19
13523,13.0,fungsi,2026-04-21
13524,13.0,fungsi,2026-04-22
13525,13.0,fungsi,2026-04-24
13526,13.0,fungsi,2026-04-27
13527,13.0,turunan,2026-04-28
13528,13.0,turunan,2026-05-01
13529,13.0,turunan,2026-05-03
13530,13.0,turunan,2026-05-04
13531,13.0,turunan,2026-05-07
13532,13.0,turunan,2026-05-08
13533,13.0,turunan,2026-05-11
13534,13.0,integral,2026-05-14
13535,13.0,integral,2026-05-17
13536,13.0,integral,2026-05-19
13537,13.0,integral,2026-05-22
13538,13.0,integral,2026-05-24
13539,13.0,integral,2026-05-27
13540,13.0,integral,2026-05-29
13541,13.0,integral,2026-05-30
13542,13.0,integral,2026-06-01
13543,20.0,penjumlahan,2026-01-01
13544,20.0,penjumlahan,2026-01-02
13545,20.0,penjumlahan,2026-01-05
13546,20.0,penjumlahan,2026-01-08
13547,20.0,penjumlahan,2026-01-11
13548,20.0,penjumlahan,2026-01-12
13549,20.0,penjumlahan,2026-01-15
13550,20.0,penjumlahan,2026-01-16
13551,20.0,pengurangan,2026-01-19
13552,20.0,pengurangan,2026-01-20
13553,20.0,pengurangan,2026-01-22
13554,20.0,pengurangan,2026-01-25
13555,20.0,pengurangan,2026-01-27
13556,20.0,pengurangan,2026-01-30
13557,20.0,pengurangan,2026-02-02
13558,20.0,perkalian,2026-02-05
13559,20.0,perkalian,2026-02-06
13560,20.0,perkalian,2026-02-08
13561,20.0,perkalian,2026-02-09
13562,20.0,perkalian,2026-02-12
13563,20.0,perkalian,2026-02-14
13564,20.0,perkalian,2026-02-15
13565,20.0,perkalian,2026-02-18
13566,20.0,pembagian,2026-02-19
13567,20.0,pembagian,2026-02-22
13568,20.0,pembagian,2026-02-24
13569,20.0,pembagian,2026-02-25
13570,20.0,pembagian,2026-02-27
13571,20.0,pembagian,2026-02-28
13572,20.0,pembagian,2026-03-02
13573,20.0,pecahan,2026-03-04
13574,20.0,pecahan,2026-03-06
13575,20.0,pecahan,2026-03-08
13576,20.0,pecahan,2026-03-11
13577,20.0,pecahan,2026-03-13
13578,20.0,pecahan,2026-03-15
13579,20.0,pecahan,2026-03-18
13580,20.0,pecahan,2026-03-19
13581,20.0,desimal,2026-03-21
13582,20.0,desimal,2026-03-22
13583,20.0,desimal,2026-03-24
13584,20.0,desimal,2026-03-25
13585,20.0,desimal,2026-03-26
13586,20.0,desimal,2026-03-29
13587,20.0,desimal,2026-03-30
13588,20.0,desimal,2026-04-01
13589,20.0,aljabar,2026-04-02
13590,20.0,aljabar,2026-04-03
13591,20.0,aljabar,2026-04-04
13592,20.0,aljabar,2026-04-06
13593,20.0,aljabar,2026-04-07
13594,20.0,persamaan_linear,2026-04-08
13595,20.0,persamaan_linear,2026-04-09
13596,20.0,persamaan_linear,2026-04-11
13597,20.0,persamaan_linear,2026-04-14
13598,20.0,persamaan_linear,2026-04-17
13599,20.0,persamaan_linear,2026-04-19
13600,20.0,persamaan_linear,2026-04-20
13601,20.0,persamaan_linear,2026-04-22
13602,20.0,persamaan_linear,2026-04-23
13603,20.0,fungsi,2026-04-25
13604,20.0,fungsi,2026-04-27
13605,20.0,fungsi,2026-04-28
13606,20.0,fungsi,2026-05-01
13607,20.0,fungsi,2026-05-03
13608,20.0,limit,2026-05-05
13609,20.0,limit,2026-05-06
13610,20.0,limit,2026-05-08
13611,20.0,limit,2026-05-09
13612,20.0,limit,2026-05-11
13613,20.0,limit,2026-05-13
13614,20.0,limit,2026-05-14
13615,20.0,limit,2026-05-17
13616,20.0,turunan,2026-05-20
13617,20.0,turunan,2026-05-21
13618,20.0,turunan,2026-05-22
13619,20.0,turunan,2026-05-25
13620,20.0,turunan,2026-05-26
13621,20.0,turunan,2026-05-27
13622,13.0,penjumlahan,2026-01-01
13623,13.0,penjumlahan,2026-01-02
13624,13.0,penjumlahan,2026-01-04
13625,13.0,penjumlahan,2026-01-07
13626,13.0,penjumlahan,2026-01-10
13627,13.0,penjumlahan,2026-01-12
13628,13.0,penjumlahan,2026-01-15
13629,13.0,penjumlahan,2026-01-16
13630,13.0,penjumlahan,2026-01-17
13631,13.0,pengurangan,2026-01-18
13632,13.0,pengurangan,2026-01-19
13633,13.0,pengurangan,2026-01-22
13634,13.0,pengurangan,2026-01-24
13635,13.0,pengurangan,2026-01-25
13636,13.0,pengurangan,2026-01-26
13637,13.0,pengurangan,2026-01-29
13638,13.0,pengurangan,2026-01-31
13639,13.0,perkalian,2026-02-02
13640,13.0,perkalian,2026-02-05
13641,13.0,perkalian,2026-02-06
13642,13.0,perkalian,2026-02-09
13643,13.0,perkalian,2026-02-10
13644,13.0,perkalian,2026-02-11
13645,13.0,pembagian,2026-02-13
13646,13.0,pembagian,2026-02-15
13647,13.0,pembagian,2026-02-17
13648,13.0,pembagian,2026-02-19
13649,13.0,pembagian,2026-02-22
13650,13.0,pembagian,2026-02-23
13651,13.0,pembagian,2026-02-25
13652,13.0,pembagian,2026-02-27
13653,13.0,pembagian,2026-02-28
13654,13.0,pecahan,2026-03-01
13655,13.0,pecahan,2026-03-02
13656,13.0,pecahan,2026-03-04
13657,13.0,pecahan,2026-03-06
13658,13.0,pecahan,2026-03-07
13659,13.0,pecahan,2026-03-10
13660,13.0,desimal,2026-03-11
13661,13.0,desimal,2026-03-13
13662,13.0,desimal,2026-03-14
13663,13.0,desimal,2026-03-15
13664,13.0,desimal,2026-03-16
13665,13.0,desimal,2026-03-17
13666,13.0,desimal,2026-03-20
13667,13.0,desimal,2026-03-22
13668,13.0,persamaan_linear,2026-03-24
13669,13.0,persamaan_linear,2026-03-26
13670,13.0,persamaan_linear,2026-03-27
13671,13.0,persamaan_linear,2026-03-30
13672,13.0,persamaan_linear,2026-04-01
13673,13.0,fungsi,2026-04-04
13674,13.0,fungsi,2026-04-06
13675,13.0,fungsi,2026-04-07
13676,13.0,fungsi,2026-04-08
13677,13.0,fungsi,2026-04-11
13678,13.0,fungsi,2026-04-13
13679,13.0,fungsi,2026-04-14
13680,13.0,limit,2026-04-15
13681,13.0,limit,2026-04-16
13682,13.0,limit,2026-04-19
13683,13.0,limit,2026-04-20
13684,13.0,limit,2026-04-23
13685,13.0,limit,2026-04-24
13686,13.0,limit,2026-04-25
13687,13.0,turunan,2026-04-28
13688,13.0,turunan,2026-04-29
13689,13.0,turunan,2026-04-30
13690,13.0,turunan,2026-05-03
13691,13.0,turunan,2026-05-05
13692,13.0,turunan,2026-05-07
13693,13.0,turunan,2026-05-10
13694,13.0,turunan,2026-05-11
13695,13.0,integral,2026-05-12
13696,13.0,integral,2026-05-13
13697,13.0,integral,2026-05-14
13698,13.0,integral,2026-05-17
13699,13.0,integral,2026-05-19
13700,13.0,integral,2026-05-22
13701,10.0,penjumlahan,2026-01-01
13702,10.0,penjumlahan,2026-01-03
13703,10.0,penjumlahan,2026-01-04
13704,10.0,penjumlahan,2026-01-06
13705,10.0,penjumlahan,2026-01-08
13706,10.0,penjumlahan,2026-01-11
13707,10.0,penjumlahan,2026-01-13
13708,10.0,penjumlahan,2026-01-14
13709,10.0,penjumlahan,2026-01-16
13710,10.0,pengurangan,2026-01-17
13711,10.0,pengurangan,2026-01-20
13712,10.0,pengurangan,2026-01-22
13713,10.0,pengurangan,2026-01-23
13714,10.0,pengurangan,2026-01-26
13715,10.0,pengurangan,2026-01-28
13716,10.0,pengurangan,2026-01-31
13717,10.0,pengurangan,2026-02-01
13718,10.0,perkalian,2026-02-03
13719,10.0,perkalian,2026-02-06
13720,10.0,perkalian,2026-02-07
13721,10.0,perkalian,2026-02-09
13722,10.0,perkalian,2026-02-10
13723,10.0,pembagian,2026-02-11
13724,10.0,pembagian,2026-02-14
13725,10.0,pembagian,2026-02-17
13726,10.0,pembagian,2026-02-19
13727,10.0,pembagian,2026-02-22
13728,10.0,pecahan,2026-02-25
13729,10.0,pecahan,2026-02-27
13730,10.0,pecahan,2026-02-28
13731,10.0,pecahan,2026-03-03
13732,10.0,pecahan,2026-03-04
13733,10.0,pecahan,2026-03-05
13734,10.0,pecahan,2026-03-07
13735,10.0,aljabar,2026-03-10
13736,10.0,aljabar,2026-03-12
13737,10.0,aljabar,2026-03-15
13738,10.0,aljabar,2026-03-16
13739,10.0,aljabar,2026-03-18
13740,10.0,aljabar,2026-03-19
13741,10.0,aljabar,2026-03-22
13742,10.0,aljabar,2026-03-25
13743,10.0,persamaan_linear,2026-03-27
13744,10.0,persamaan_linear,2026-03-28
13745,10.0,persamaan_linear,2026-03-30
13746,10.0,persamaan_linear,2026-03-31
13747,10.0,persamaan_linear,2026-04-03
13748,10.0,persamaan_linear,2026-04-06
13749,10.0,persamaan_linear,2026-04-07
13750,10.0,persamaan_linear,2026-04-08
13751,10.0,persamaan_linear,2026-04-09
13752,10.0,limit,2026-04-12
13753,10.0,limit,2026-04-15
13754,10.0,limit,2026-04-17
13755,10.0,limit,2026-04-20
13756,10.0,limit,2026-04-21
13757,10.0,limit,2026-04-23
13758,10.0,limit,2026-04-24
13759,10.0,turunan,2026-04-26
13760,10.0,turunan,2026-04-29
13761,10.0,turunan,2026-05-01
13762,10.0,turunan,2026-05-02
13763,10.0,turunan,2026-05-04
13764,10.0,turunan,2026-05-05
13765,10.0,turunan,2026-05-08
13766,10.0,turunan,2026-05-11
13767,10.0,turunan,2026-05-13
13768,10.0,integral,2026-05-15
13769,10.0,integral,2026-05-18
13770,10.0,integral,2026-05-19
13771,10.0,integral,2026-05-21
13772,10.0,integral,2026-05-22
13773,10.0,integral,2026-05-24
13774,10.0,integral,2026-05-25
13775,10.0,integral,2026-05-26
13776,7.0,penjumlahan,2026-01-01
13777,7.0,penjumlahan,2026-01-04
13778,7.0,penjumlahan,2026-01-07
13779,7.0,penjumlahan,2026-01-09
13780,7.0,penjumlahan,2026-01-12
13781,7.0,penjumlahan,2026-01-14
13782,7.0,penjumlahan,2026-01-16
13783,7.0,pengurangan,2026-01-18
13784,7.0,pengurangan,2026-01-21
13785,7.0,pengurangan,2026-01-24
13786,7.0,pengurangan,2026-01-27
13787,7.0,pengurangan,2026-01-30
13788,7.0,pengurangan,2026-02-02
13789,7.0,pengurangan,2026-02-04
13790,7.0,pengurangan,2026-02-05
13791,7.0,perkalian,2026-02-07
13792,7.0,perkalian,2026-02-09
13793,7.0,perkalian,2026-02-10
13794,7.0,perkalian,2026-02-13
13795,7.0,perkalian,2026-02-16
13796,7.0,perkalian,2026-02-18
13797,7.0,perkalian,2026-02-20
13798,7.0,pecahan,2026-02-21
13799,7.0,pecahan,2026-02-23
13800,7.0,pecahan,2026-02-24
13801,7.0,pecahan,2026-02-27
13802,7.0,pecahan,2026-02-28
13803,7.0,pecahan,2026-03-02
13804,7.0,desimal,2026-03-04
13805,7.0,desimal,2026-03-05
13806,7.0,desimal,2026-03-07
13807,7.0,desimal,2026-03-10
13808,7.0,desimal,2026-03-13
13809,7.0,persamaan_linear,2026-03-16
13810,7.0,persamaan_linear,2026-03-18
13811,7.0,persamaan_linear,2026-03-20
13812,7.0,persamaan_linear,2026-03-23
13813,7.0,persamaan_linear,2026-03-25
13814,7.0,persamaan_linear,2026-03-27
13815,7.0,persamaan_linear,2026-03-29
13816,7.0,persamaan_linear,2026-04-01
13817,7.0,persamaan_linear,2026-04-04
13818,7.0,limit,2026-04-06
13819,7.0,limit,2026-04-08
13820,7.0,limit,2026-04-09
13821,7.0,limit,2026-04-12
13822,7.0,limit,2026-04-15
13823,7.0,limit,2026-04-18
13824,7.0,turunan,2026-04-20
13825,7.0,turunan,2026-04-21
13826,7.0,turunan,2026-04-22
13827,7.0,turunan,2026-04-24
13828,7.0,turunan,2026-04-27
13829,7.0,turunan,2026-04-28
13830,7.0,turunan,2026-04-29
13831,19.0,penjumlahan,2026-01-01
13832,19.0,penjumlahan,2026-01-03
13833,19.0,penjumlahan,2026-01-04
13834,19.0,penjumlahan,2026-01-05
13835,19.0,penjumlahan,2026-01-08
13836,19.0,penjumlahan,2026-01-11
13837,19.0,penjumlahan,2026-01-14
13838,19.0,penjumlahan,2026-01-17
13839,19.0,penjumlahan,2026-01-19
13840,19.0,pengurangan,2026-01-22
13841,19.0,pengurangan,2026-01-25
13842,19.0,pengurangan,2026-01-27
13843,19.0,pengurangan,2026-01-30
13844,19.0,pengurangan,2026-02-02
13845,19.0,pengurangan,2026-02-04
13846,19.0,pengurangan,2026-02-07
13847,19.0,perkalian,2026-02-08
13848,19.0,perkalian,2026-02-09
13849,19.0,perkalian,2026-02-10
13850,19.0,perkalian,2026-02-11
13851,19.0,perkalian,2026-02-13
13852,19.0,perkalian,2026-02-15
13853,19.0,pecahan,2026-02-16
13854,19.0,pecahan,2026-02-19
13855,19.0,pecahan,2026-02-20
13856,19.0,pecahan,2026-02-21
13857,19.0,pecahan,2026-02-23
13858,19.0,pecahan,2026-02-26
13859,19.0,desimal,2026-02-27
13860,19.0,desimal,2026-02-28
13861,19.0,desimal,2026-03-02
13862,19.0,desimal,2026-03-03
13863,19.0,desimal,2026-03-04
13864,19.0,desimal,2026-03-07
13865,19.0,desimal,2026-03-10
13866,19.0,desimal,2026-03-12
13867,19.0,aljabar,2026-03-14
13868,19.0,aljabar,2026-03-17
13869,19.0,aljabar,2026-03-19
13870,19.0,aljabar,2026-03-22
13871,19.0,aljabar,2026-03-24
13872,19.0,persamaan_linear,2026-03-26
13873,19.0,persamaan_linear,2026-03-27
13874,19.0,persamaan_linear,2026-03-28
13875,19.0,persamaan_linear,2026-03-31
13876,19.0,persamaan_linear,2026-04-01
13877,19.0,fungsi,2026-04-03
13878,19.0,fungsi,2026-04-06
13879,19.0,fungsi,2026-04-08
13880,19.0,fungsi,2026-04-09
13881,19.0,fungsi,2026-04-10
13882,19.0,fungsi,2026-04-12
13883,19.0,fungsi,2026-04-14
13884,19.0,limit,2026-04-16
13885,19.0,limit,2026-04-17
13886,19.0,limit,2026-04-18
13887,19.0,limit,2026-04-20
13888,19.0,limit,2026-04-22
13889,19.0,limit,2026-04-25
13890,19.0,turunan,2026-04-27
13891,19.0,turunan,2026-04-28
13892,19.0,turunan,2026-04-29
13893,19.0,turunan,2026-05-02
13894,19.0,turunan,2026-05-03
13895,19.0,turunan,2026-05-06
13896,19.0,integral,2026-05-08
13897,19.0,integral,2026-05-11
13898,19.0,integral,2026-05-14
13899,19.0,integral,2026-05-15
13900,19.0,integral,2026-05-16
13901,19.0,integral,2026-05-19
13902,19.0,integral,2026-05-20
13903,19.0,integral,2026-05-21
13904,15.0,penjumlahan,2026-01-01
13905,15.0,penjumlahan,2026-01-03
13906,15.0,penjumlahan,2026-01-06
13907,15.0,penjumlahan,2026-01-08
13908,15.0,penjumlahan,2026-01-11
13909,15.0,penjumlahan,2026-01-12
13910,15.0,pengurangan,2026-01-14
13911,15.0,pengurangan,2026-01-17
13912,15.0,pengurangan,2026-01-18
13913,15.0,pengurangan,2026-01-20
13914,15.0,pengurangan,2026-01-23
13915,15.0,pembagian,2026-01-25
13916,15.0,pembagian,2026-01-26
13917,15.0,pembagian,2026-01-27
13918,15.0,pembagian,2026-01-30
13919,15.0,pembagian,2026-01-31
13920,15.0,pembagian,2026-02-03
13921,15.0,pembagian,2026-02-04
13922,15.0,pembagian,2026-02-06
13923,15.0,pecahan,2026-02-09
13924,15.0,pecahan,2026-02-12
13925,15.0,pecahan,2026-02-14
13926,15.0,pecahan,2026-02-16
13927,15.0,pecahan,2026-02-18
13928,15.0,pecahan,2026-02-21
13929,15.0,pecahan,2026-02-24
13930,15.0,aljabar,2026-02-26
13931,15.0,aljabar,2026-02-28
13932,15.0,aljabar,2026-03-03
13933,15.0,aljabar,2026-03-04
13934,15.0,aljabar,2026-03-06
13935,15.0,aljabar,2026-03-08
13936,15.0,aljabar,2026-03-10
13937,15.0,persamaan_linear,2026-03-13
13938,15.0,persamaan_linear,2026-03-16
13939,15.0,persamaan_linear,2026-03-18
13940,15.0,persamaan_linear,2026-03-20
13941,15.0,persamaan_linear,2026-03-23
13942,15.0,limit,2026-03-26
13943,15.0,limit,2026-03-28
13944,15.0,limit,2026-03-30
13945,15.0,limit,2026-04-02
13946,15.0,limit,2026-04-03
13947,15.0,limit,2026-04-06
13948,15.0,limit,2026-04-09
13949,15.0,limit,2026-04-12
13950,15.0,turunan,2026-04-14
13951,15.0,turunan,2026-04-17
13952,15.0,turunan,2026-04-19
13953,15.0,turunan,2026-04-20
13954,15.0,turunan,2026-04-23
13955,15.0,integral,2026-04-26
13956,15.0,integral,2026-04-27
13957,15.0,integral,2026-04-28
13958,15.0,integral,2026-04-29
13959,15.0,integral,2026-04-30
13960,15.0,penjumlahan,2026-01-01
13961,15.0,penjumlahan,2026-01-04
13962,15.0,penjumlahan,2026-01-06
13963,15.0,penjumlahan,2026-01-09
13964,15.0,penjumlahan,2026-01-10
13965,15.0,pengurangan,2026-01-13
13966,15.0,pengurangan,2026-01-14
13967,15.0,pengurangan,2026-01-15
13968,15.0,pengurangan,2026-01-18
13969,15.0,pengurangan,2026-01-21
13970,15.0,pengurangan,2026-01-22
13971,15.0,perkalian,2026-01-23
13972,15.0,perkalian,2026-01-24
13973,15.0,perkalian,2026-01-27
13974,15.0,perkalian,2026-01-30
13975,15.0,perkalian,2026-01-31
13976,15.0,pembagian,2026-02-01
13977,15.0,pembagian,2026-02-04
13978,15.0,pembagian,2026-02-07
13979,15.0,pembagian,2026-02-08
13980,15.0,pembagian,2026-02-11
13981,15.0,pembagian,2026-02-13
13982,15.0,pembagian,2026-02-15
13983,15.0,pembagian,2026-02-16
13984,15.0,pecahan,2026-02-17
13985,15.0,pecahan,2026-02-18
13986,15.0,pecahan,2026-02-21
13987,15.0,pecahan,2026-02-24
13988,15.0,pecahan,2026-02-27
13989,15.0,pecahan,2026-03-01
13990,15.0,pecahan,2026-03-04
13991,15.0,desimal,2026-03-06
13992,15.0,desimal,2026-03-08
13993,15.0,desimal,2026-03-09
13994,15.0,desimal,2026-03-11
13995,15.0,desimal,2026-03-12
13996,15.0,desimal,2026-03-13
13997,15.0,desimal,2026-03-16
13998,15.0,desimal,2026-03-19
13999,15.0,aljabar,2026-03-20
14000,15.0,aljabar,2026-03-22
14001,15.0,aljabar,2026-03-23
14002,15.0,aljabar,2026-03-24
14003,15.0,aljabar,2026-03-26
14004,15.0,aljabar,2026-03-28
14005,15.0,aljabar,2026-03-31
14006,15.0,aljabar,2026-04-01
14007,15.0,aljabar,2026-04-04
14008,15.0,persamaan_linear,2026-04-06
14009,15.0,persamaan_linear,2026-04-08
14010,15.0,persamaan_linear,2026-04-11
14011,15.0,persamaan_linear,2026-04-12
14012,15.0,persamaan_linear,2026-04-14
14013,15.0,persamaan_linear,2026-04-15
14014,15.0,limit,2026-04-17
14015,15.0,limit,2026-04-19
14016,15.0,limit,2026-04-21
14017,15.0,limit,2026-04-24
14018,15.0,limit,2026-04-26
14019,17.0,penjumlahan,2026-01-01
14020,17.0,penjumlahan,2026-01-02
14021,17.0,penjumlahan,2026-01-04
14022,17.0,penjumlahan,2026-01-07
14023,17.0,penjumlahan,2026-01-09
14024,17.0,pengurangan,2026-01-12
14025,17.0,pengurangan,2026-01-13
14026,17.0,pengurangan,2026-01-15
14027,17.0,pengurangan,2026-01-16
14028,17.0,pengurangan,2026-01-17
14029,17.0,pengurangan,2026-01-18
14030,17.0,pengurangan,2026-01-19
14031,17.0,perkalian,2026-01-21
14032,17.0,perkalian,2026-01-22
14033,17.0,perkalian,2026-01-24
14034,17.0,perkalian,2026-01-27
14035,17.0,perkalian,2026-01-30
14036,17.0,perkalian,2026-01-31
14037,17.0,perkalian,2026-02-01
14038,17.0,pembagian,2026-02-03
14039,17.0,pembagian,2026-02-06
14040,17.0,pembagian,2026-02-09
14041,17.0,pembagian,2026-02-12
14042,17.0,pembagian,2026-02-13
14043,17.0,pecahan,2026-02-16
14044,17.0,pecahan,2026-02-18
14045,17.0,pecahan,2026-02-19
14046,17.0,pecahan,2026-02-21
14047,17.0,pecahan,2026-02-22
14048,17.0,desimal,2026-02-23
14049,17.0,desimal,2026-02-26
14050,17.0,desimal,2026-03-01
14051,17.0,desimal,2026-03-02
14052,17.0,desimal,2026-03-05
14053,17.0,desimal,2026-03-08
14054,17.0,desimal,2026-03-11
14055,17.0,aljabar,2026-03-13
14056,17.0,aljabar,2026-03-15
14057,17.0,aljabar,2026-03-18
14058,17.0,aljabar,2026-03-19
14059,17.0,aljabar,2026-03-21
14060,17.0,aljabar,2026-03-23
14061,17.0,aljabar,2026-03-26
14062,17.0,persamaan_linear,2026-03-29
14063,17.0,persamaan_linear,2026-04-01
14064,17.0,persamaan_linear,2026-04-03
14065,17.0,persamaan_linear,2026-04-06
14066,17.0,persamaan_linear,2026-04-07
14067,17.0,persamaan_linear,2026-04-08
14068,17.0,fungsi,2026-04-11
14069,17.0,fungsi,2026-04-13
14070,17.0,fungsi,2026-04-14
14071,17.0,fungsi,2026-04-17
14072,17.0,fungsi,2026-04-20
14073,17.0,fungsi,2026-04-23
14074,17.0,fungsi,2026-04-24
14075,17.0,fungsi,2026-04-25
14076,17.0,fungsi,2026-04-27
14077,17.0,limit,2026-04-28
14078,17.0,limit,2026-04-30
14079,17.0,limit,2026-05-01
14080,17.0,limit,2026-05-03
14081,17.0,limit,2026-05-04
14082,17.0,limit,2026-05-07
14083,17.0,limit,2026-05-08
14084,17.0,turunan,2026-05-11
14085,17.0,turunan,2026-05-14
14086,17.0,turunan,2026-05-15
14087,17.0,turunan,2026-05-16
14088,17.0,turunan,2026-05-17
14089,17.0,turunan,2026-05-19
14090,17.0,turunan,2026-05-21
14091,17.0,turunan,2026-05-24
14092,17.0,integral,2026-05-26
14093,17.0,integral,2026-05-28
14094,17.0,integral,2026-05-29
14095,17.0,integral,2026-06-01
14096,17.0,integral,2026-06-02
14097,17.0,integral,2026-06-04
14098,17.0,integral,2026-06-07
14099,17.0,integral,2026-06-10
14100,6.0,penjumlahan,2026-01-01
14101,6.0,penjumlahan,2026-01-03
14102,6.0,penjumlahan,2026-01-04
14103,6.0,penjumlahan,2026-01-05
14104,6.0,penjumlahan,2026-01-06
14105,6.0,penjumlahan,2026-01-08
14106,6.0,penjumlahan,2026-01-10
14107,6.0,pengurangan,2026-01-11
14108,6.0,pengurangan,2026-01-13
14109,6.0,pengurangan,2026-01-16
14110,6.0,pengurangan,2026-01-18
14111,6.0,pengurangan,2026-01-19
14112,6.0,perkalian,2026-01-20
14113,6.0,perkalian,2026-01-22
14114,6.0,perkalian,2026-01-23
14115,6.0,perkalian,2026-01-24
14116,6.0,perkalian,2026-01-27
14117,6.0,pecahan,2026-01-29
14118,6.0,pecahan,2026-02-01
14119,6.0,pecahan,2026-02-03
14120,6.0,pecahan,2026-02-05
14121,6.0,pecahan,2026-02-06
14122,6.0,pecahan,2026-02-09
14123,6.0,pecahan,2026-02-10
14124,6.0,pecahan,2026-02-13
14125,6.0,desimal,2026-02-14
14126,6.0,desimal,2026-02-15
14127,6.0,desimal,2026-02-16
14128,6.0,desimal,2026-02-17
14129,6.0,desimal,2026-02-20
14130,6.0,desimal,2026-02-21
14131,6.0,aljabar,2026-02-24
14132,6.0,aljabar,2026-02-26
14133,6.0,aljabar,2026-03-01
14134,6.0,aljabar,2026-03-02
14135,6.0,aljabar,2026-03-04
14136,6.0,aljabar,2026-03-07
14137,6.0,aljabar,2026-03-10
14138,6.0,fungsi,2026-03-13
14139,6.0,fungsi,2026-03-16
14140,6.0,fungsi,2026-03-18
14141,6.0,fungsi,2026-03-21
14142,6.0,fungsi,2026-03-22
14143,6.0,fungsi,2026-03-24
14144,6.0,fungsi,2026-03-25
14145,6.0,limit,2026-03-27
14146,6.0,limit,2026-03-28
14147,6.0,limit,2026-03-30
14148,6.0,limit,2026-04-02
14149,6.0,limit,2026-04-05
14150,6.0,limit,2026-04-08
14151,6.0,limit,2026-04-09
14152,6.0,turunan,2026-04-11
14153,6.0,turunan,2026-04-14
14154,6.0,turunan,2026-04-15
14155,6.0,turunan,2026-04-18
14156,6.0,turunan,2026-04-21
14157,6.0,turunan,2026-04-23
14158,6.0,integral,2026-04-25
14159,6.0,integral,2026-04-27
14160,6.0,integral,2026-04-30
14161,6.0,integral,2026-05-02
14162,6.0,integral,2026-05-05
14163,6.0,integral,2026-05-07
14164,6.0,integral,2026-05-08
14165,6.0,integral,2026-05-11
14166,10.0,penjumlahan,2026-01-01
14167,10.0,penjumlahan,2026-01-04
14168,10.0,penjumlahan,2026-01-05
14169,10.0,penjumlahan,2026-01-07
14170,10.0,penjumlahan,2026-01-08
14171,10.0,penjumlahan,2026-01-10
14172,10.0,penjumlahan,2026-01-12
14173,10.0,penjumlahan,2026-01-14
14174,10.0,pengurangan,2026-01-17
14175,10.0,pengurangan,2026-01-18
14176,10.0,pengurangan,2026-01-20
14177,10.0,pengurangan,2026-01-22
14178,10.0,pengurangan,2026-01-23
14179,10.0,pengurangan,2026-01-26
14180,10.0,perkalian,2026-01-29
14181,10.0,perkalian,2026-01-30
14182,10.0,perkalian,2026-02-01
14183,10.0,perkalian,2026-02-04
14184,10.0,perkalian,2026-02-05
14185,10.0,perkalian,2026-02-08
14186,10.0,perkalian,2026-02-10
14187,10.0,perkalian,2026-02-13
14188,10.0,pembagian,2026-02-16
14189,10.0,pembagian,2026-02-17
14190,10.0,pembagian,2026-02-18
14191,10.0,pembagian,2026-02-19
14192,10.0,pembagian,2026-02-21
14193,10.0,pecahan,2026-02-23
14194,10.0,pecahan,2026-02-26
14195,10.0,pecahan,2026-02-27
14196,10.0,pecahan,2026-03-01
14197,10.0,pecahan,2026-03-03
14198,10.0,pecahan,2026-03-06
14199,10.0,pecahan,2026-03-09
14200,10.0,pecahan,2026-03-11
14201,10.0,desimal,2026-03-13
14202,10.0,desimal,2026-03-14
14203,10.0,desimal,2026-03-17
14204,10.0,desimal,2026-03-18
14205,10.0,desimal,2026-03-21
14206,10.0,aljabar,2026-03-23
14207,10.0,aljabar,2026-03-25
14208,10.0,aljabar,2026-03-26
14209,10.0,aljabar,2026-03-27
14210,10.0,aljabar,2026-03-30
14211,10.0,aljabar,2026-04-02
14212,10.0,aljabar,2026-04-04
14213,10.0,aljabar,2026-04-05
14214,10.0,aljabar,2026-04-08
14215,10.0,fungsi,2026-04-09
14216,10.0,fungsi,2026-04-12
14217,10.0,fungsi,2026-04-13
14218,10.0,fungsi,2026-04-15
14219,10.0,fungsi,2026-04-18
14220,10.0,fungsi,2026-04-20
14221,10.0,fungsi,2026-04-23
14222,10.0,fungsi,2026-04-24
14223,10.0,limit,2026-04-27
14224,10.0,limit,2026-04-28
14225,10.0,limit,2026-04-29
14226,10.0,limit,2026-05-01
14227,10.0,limit,2026-05-02
14228,10.0,limit,2026-05-05
14229,10.0,limit,2026-05-06
14230,10.0,turunan,2026-05-08
14231,10.0,turunan,2026-05-09
14232,10.0,turunan,2026-05-12
14233,10.0,turunan,2026-05-15
14234,10.0,turunan,2026-05-16
14235,10.0,turunan,2026-05-17
14236,10.0,turunan,2026-05-19
14237,10.0,turunan,2026-05-20
14238,10.0,turunan,2026-05-22
14239,10.0,integral,2026-05-25
14240,10.0,integral,2026-05-28
14241,10.0,integral,2026-05-30
14242,10.0,integral,2026-06-01
14243,10.0,integral,2026-06-04
14244,10.0,integral,2026-06-05
14245,10.0,integral,2026-06-08
14246,10.0,integral,2026-06-10
14247,3.0,penjumlahan,2026-01-01
14248,3.0,penjumlahan,2026-01-03
14249,3.0,penjumlahan,2026-01-06
14250,3.0,penjumlahan,2026-01-08
14251,3.0,penjumlahan,2026-01-09
14252,3.0,penjumlahan,2026-01-11
14253,3.0,pengurangan,2026-01-13
14254,3.0,pengurangan,2026-01-16
14255,3.0,pengurangan,2026-01-17
14256,3.0,pengurangan,2026-01-20
14257,3.0,pengurangan,2026-01-22
14258,3.0,perkalian,2026-01-23
14259,3.0,perkalian,2026-01-25
14260,3.0,perkalian,2026-01-26
14261,3.0,perkalian,2026-01-27
14262,3.0,perkalian,2026-01-29
14263,3.0,perkalian,2026-02-01
14264,3.0,perkalian,2026-02-03
14265,3.0,perkalian,2026-02-06
14266,3.0,persamaan_linear,2026-02-09
14267,3.0,persamaan_linear,2026-02-10
14268,3.0,persamaan_linear,2026-02-12
14269,3.0,persamaan_linear,2026-02-14
14270,3.0,persamaan_linear,2026-02-16
14271,3.0,persamaan_linear,2026-02-19
14272,3.0,persamaan_linear,2026-02-20
14273,3.0,persamaan_linear,2026-02-23
14274,3.0,persamaan_linear,2026-02-25
14275,3.0,fungsi,2026-02-27
14276,3.0,fungsi,2026-02-28
14277,3.0,fungsi,2026-03-01
14278,3.0,fungsi,2026-03-02
14279,3.0,fungsi,2026-03-04
14280,3.0,fungsi,2026-03-07
14281,3.0,fungsi,2026-03-09
14282,3.0,limit,2026-03-11
14283,3.0,limit,2026-03-14
14284,3.0,limit,2026-03-15
14285,3.0,limit,2026-03-18
14286,3.0,limit,2026-03-20
14287,3.0,limit,2026-03-21
14288,3.0,limit,2026-03-23
14289,3.0,turunan,2026-03-24
14290,3.0,turunan,2026-03-26
14291,3.0,turunan,2026-03-28
14292,3.0,turunan,2026-03-31
14293,3.0,turunan,2026-04-03
14294,3.0,turunan,2026-04-05
14295,10.0,penjumlahan,2026-01-01
14296,10.0,penjumlahan,2026-01-04
14297,10.0,penjumlahan,2026-01-06
14298,10.0,penjumlahan,2026-01-08
14299,10.0,penjumlahan,2026-01-09
14300,10.0,penjumlahan,2026-01-11
14301,10.0,penjumlahan,2026-01-14
14302,10.0,penjumlahan,2026-01-16
14303,10.0,penjumlahan,2026-01-18
14304,10.0,pengurangan,2026-01-21
14305,10.0,pengurangan,2026-01-24
14306,10.0,pengurangan,2026-01-25
14307,10.0,pengurangan,2026-01-28
14308,10.0,pengurangan,2026-01-31
14309,10.0,pengurangan,2026-02-03
14310,10.0,pengurangan,2026-02-06
14311,10.0,pecahan,2026-02-08
14312,10.0,pecahan,2026-02-09
14313,10.0,pecahan,2026-02-11
14314,10.0,pecahan,2026-02-14
14315,10.0,pecahan,2026-02-16
14316,10.0,pecahan,2026-02-17
14317,10.0,pecahan,2026-02-20
14318,10.0,desimal,2026-02-21
14319,10.0,desimal,2026-02-22
14320,10.0,desimal,2026-02-25
14321,10.0,desimal,2026-02-28
14322,10.0,desimal,2026-03-03
14323,10.0,desimal,2026-03-05
14324,10.0,desimal,2026-03-06
14325,10.0,desimal,2026-03-08
14326,10.0,aljabar,2026-03-09
14327,10.0,aljabar,2026-03-10
14328,10.0,aljabar,2026-03-11
14329,10.0,aljabar,2026-03-12
14330,10.0,aljabar,2026-03-14
14331,10.0,persamaan_linear,2026-03-17
14332,10.0,persamaan_linear,2026-03-18
14333,10.0,persamaan_linear,2026-03-21
14334,10.0,persamaan_linear,2026-03-24
14335,10.0,persamaan_linear,2026-03-26
14336,10.0,persamaan_linear,2026-03-29
14337,10.0,persamaan_linear,2026-03-31
14338,10.0,fungsi,2026-04-02
14339,10.0,fungsi,2026-04-04
14340,10.0,fungsi,2026-04-05
14341,10.0,fungsi,2026-04-08
14342,10.0,fungsi,2026-04-11
14343,10.0,fungsi,2026-04-14
14344,10.0,fungsi,2026-04-16
14345,10.0,limit,2026-04-19
14346,10.0,limit,2026-04-21
14347,10.0,limit,2026-04-24
14348,10.0,limit,2026-04-27
14349,10.0,limit,2026-04-30
14350,10.0,integral,2026-05-02
14351,10.0,integral,2026-05-03
14352,10.0,integral,2026-05-06
14353,10.0,integral,2026-05-09
14354,10.0,integral,2026-05-11
14355,10.0,integral,2026-05-12
14356,10.0,integral,2026-05-15
14357,10.0,integral,2026-05-18
14358,7.0,penjumlahan,2026-01-01
14359,7.0,penjumlahan,2026-01-03
14360,7.0,penjumlahan,2026-01-04
14361,7.0,penjumlahan,2026-01-05
14362,7.0,penjumlahan,2026-01-06
14363,7.0,penjumlahan,2026-01-09
14364,7.0,pengurangan,2026-01-12
14365,7.0,pengurangan,2026-01-15
14366,7.0,pengurangan,2026-01-17
14367,7.0,pengurangan,2026-01-19
14368,7.0,pengurangan,2026-01-20
14369,7.0,perkalian,2026-01-22
14370,7.0,perkalian,2026-01-25
14371,7.0,perkalian,2026-01-26
14372,7.0,perkalian,2026-01-29
14373,7.0,perkalian,2026-01-30
14374,7.0,perkalian,2026-02-01
14375,7.0,pembagian,2026-02-02
14376,7.0,pembagian,2026-02-04
14377,7.0,pembagian,2026-02-06
14378,7.0,pembagian,2026-02-07
14379,7.0,pembagian,2026-02-08
14380,7.0,pecahan,2026-02-09
14381,7.0,pecahan,2026-02-10
14382,7.0,pecahan,2026-02-13
14383,7.0,pecahan,2026-02-15
14384,7.0,pecahan,2026-02-18
14385,7.0,pecahan,2026-02-21
14386,7.0,pecahan,2026-02-23
14387,7.0,pecahan,2026-02-24
14388,7.0,desimal,2026-02-27
14389,7.0,desimal,2026-03-01
14390,7.0,desimal,2026-03-04
14391,7.0,desimal,2026-03-05
14392,7.0,desimal,2026-03-08
14393,7.0,desimal,2026-03-09
14394,7.0,desimal,2026-03-10
14395,7.0,aljabar,2026-03-12
14396,7.0,aljabar,2026-03-15
14397,7.0,aljabar,2026-03-16
14398,7.0,aljabar,2026-03-17
14399,7.0,aljabar,2026-03-18
14400,7.0,aljabar,2026-03-20
14401,7.0,turunan,2026-03-21
14402,7.0,turunan,2026-03-22
14403,7.0,turunan,2026-03-23
14404,7.0,turunan,2026-03-26
14405,7.0,turunan,2026-03-29
14406,7.0,turunan,2026-03-30
14407,7.0,turunan,2026-03-31
14408,7.0,turunan,2026-04-03
14409,7.0,integral,2026-04-04
14410,7.0,integral,2026-04-06
14411,7.0,integral,2026-04-09
14412,7.0,integral,2026-04-11
14413,7.0,integral,2026-04-13
14414,1.0,penjumlahan,2026-01-01
14415,1.0,penjumlahan,2026-01-04
14416,1.0,penjumlahan,2026-01-05
14417,1.0,penjumlahan,2026-01-06
14418,1.0,penjumlahan,2026-01-07
14419,1.0,penjumlahan,2026-01-10
14420,1.0,penjumlahan,2026-01-12
14421,1.0,pengurangan,2026-01-14
14422,1.0,pengurangan,2026-01-17
14423,1.0,pengurangan,2026-01-20
14424,1.0,pengurangan,2026-01-22
14425,1.0,pengurangan,2026-01-24
14426,1.0,pengurangan,2026-01-26
14427,1.0,pengurangan,2026-01-28
14428,1.0,perkalian,2026-01-29
14429,1.0,perkalian,2026-01-31
14430,1.0,perkalian,2026-02-02
14431,1.0,perkalian,2026-02-04
14432,1.0,perkalian,2026-02-06
14433,1.0,pecahan,2026-02-07
14434,1.0,pecahan,2026-02-08
14435,1.0,pecahan,2026-02-09
14436,1.0,pecahan,2026-02-11
14437,1.0,pecahan,2026-02-13
14438,1.0,desimal,2026-02-16
14439,1.0,desimal,2026-02-17
14440,1.0,desimal,2026-02-18
14441,1.0,desimal,2026-02-21
14442,1.0,desimal,2026-02-23
14443,1.0,desimal,2026-02-24
14444,1.0,desimal,2026-02-26
14445,1.0,desimal,2026-02-28
14446,1.0,desimal,2026-03-02
14447,1.0,aljabar,2026-03-03
14448,1.0,aljabar,2026-03-06
14449,1.0,aljabar,2026-03-09
14450,1.0,aljabar,2026-03-10
14451,1.0,aljabar,2026-03-12
14452,1.0,aljabar,2026-03-15
14453,1.0,aljabar,2026-03-16
14454,1.0,fungsi,2026-03-18
14455,1.0,fungsi,2026-03-20
14456,1.0,fungsi,2026-03-21
14457,1.0,fungsi,2026-03-22
14458,1.0,fungsi,2026-03-25
14459,1.0,fungsi,2026-03-26
14460,1.0,fungsi,2026-03-28
14461,1.0,limit,2026-03-29
14462,1.0,limit,2026-03-30
14463,1.0,limit,2026-04-02
14464,1.0,limit,2026-04-04
14465,1.0,limit,2026-04-07
14466,1.0,limit,2026-04-09
14467,1.0,limit,2026-04-11
14468,1.0,limit,2026-04-14
14469,1.0,limit,2026-04-16
14470,1.0,turunan,2026-04-17
14471,1.0,turunan,2026-04-18
14472,1.0,turunan,2026-04-21
14473,1.0,turunan,2026-04-23
14474,1.0,turunan,2026-04-26
14475,1.0,turunan,2026-04-27
14476,8.0,penjumlahan,2026-01-01
14477,8.0,penjumlahan,2026-01-03
14478,8.0,penjumlahan,2026-01-05
14479,8.0,penjumlahan,2026-01-07
14480,8.0,penjumlahan,2026-01-10
14481,8.0,pengurangan,2026-01-12
14482,8.0,pengurangan,2026-01-13
14483,8.0,pengurangan,2026-01-16
14484,8.0,pengurangan,2026-01-18
14485,8.0,pengurangan,2026-01-21
14486,8.0,perkalian,2026-01-22
14487,8.0,perkalian,2026-01-23
14488,8.0,perkalian,2026-01-24
14489,8.0,perkalian,2026-01-27
14490,8.0,perkalian,2026-01-28
14491,8.0,perkalian,2026-01-31
14492,8.0,perkalian,2026-02-01
14493,8.0,perkalian,2026-02-02
14494,8.0,pecahan,2026-02-05
14495,8.0,pecahan,2026-02-07
14496,8.0,pecahan,2026-02-09
14497,8.0,pecahan,2026-02-12
14498,8.0,pecahan,2026-02-14
14499,8.0,pecahan,2026-02-17
14500,8.0,pecahan,2026-02-18
14501,8.0,pecahan,2026-02-20
14502,8.0,desimal,2026-02-21
14503,8.0,desimal,2026-02-23
14504,8.0,desimal,2026-02-24
14505,8.0,desimal,2026-02-25
14506,8.0,desimal,2026-02-27
14507,8.0,aljabar,2026-02-28
14508,8.0,aljabar,2026-03-03
14509,8.0,aljabar,2026-03-06
14510,8.0,aljabar,2026-03-09
14511,8.0,aljabar,2026-03-10
14512,8.0,aljabar,2026-03-11
14513,8.0,aljabar,2026-03-14
14514,8.0,aljabar,2026-03-15
14515,8.0,aljabar,2026-03-17
14516,8.0,persamaan_linear,2026-03-20
14517,8.0,persamaan_linear,2026-03-21
14518,8.0,persamaan_linear,2026-03-24
14519,8.0,persamaan_linear,2026-03-27
14520,8.0,persamaan_linear,2026-03-28
14521,8.0,persamaan_linear,2026-03-30
14522,8.0,persamaan_linear,2026-04-02
14523,8.0,persamaan_linear,2026-04-05
14524,8.0,persamaan_linear,2026-04-08
14525,8.0,fungsi,2026-04-10
14526,8.0,fungsi,2026-04-11
14527,8.0,fungsi,2026-04-13
14528,8.0,fungsi,2026-04-16
14529,8.0,fungsi,2026-04-18
14530,8.0,limit,2026-04-21
14531,8.0,limit,2026-04-22
14532,8.0,limit,2026-04-24
14533,8.0,limit,2026-04-26
14534,8.0,limit,2026-04-28
14535,8.0,turunan,2026-04-29
14536,8.0,turunan,2026-05-01
14537,8.0,turunan,2026-05-04
14538,8.0,turunan,2026-05-07
14539,8.0,turunan,2026-05-08
14540,8.0,turunan,2026-05-09
14541,8.0,integral,2026-05-11
14542,8.0,integral,2026-05-14
14543,8.0,integral,2026-05-17
14544,8.0,integral,2026-05-20
14545,8.0,integral,2026-05-23
14546,20.0,penjumlahan,2026-01-01
14547,20.0,penjumlahan,2026-01-02
14548,20.0,penjumlahan,2026-01-03
14549,20.0,penjumlahan,2026-01-05
14550,20.0,penjumlahan,2026-01-07
14551,20.0,penjumlahan,2026-01-09
14552,20.0,penjumlahan,2026-01-12
14553,20.0,penjumlahan,2026-01-14
14554,20.0,penjumlahan,2026-01-16
14555,20.0,pengurangan,2026-01-19
14556,20.0,pengurangan,2026-01-21
14557,20.0,pengurangan,2026-01-22
14558,20.0,pengurangan,2026-01-25
14559,20.0,pengurangan,2026-01-27
14560,20.0,pengurangan,2026-01-30
14561,20.0,pengurangan,2026-02-01
14562,20.0,pengurangan,2026-02-04
14563,20.0,perkalian,2026-02-07
14564,20.0,perkalian,2026-02-09
14565,20.0,perkalian,2026-02-11
14566,20.0,perkalian,2026-02-12
14567,20.0,perkalian,2026-02-15
14568,20.0,perkalian,2026-02-16
14569,20.0,perkalian,2026-02-18
14570,20.0,perkalian,2026-02-19
14571,20.0,perkalian,2026-02-22
14572,20.0,pembagian,2026-02-23
14573,20.0,pembagian,2026-02-24
14574,20.0,pembagian,2026-02-25
14575,20.0,pembagian,2026-02-27
14576,20.0,pembagian,2026-02-28
14577,20.0,pembagian,2026-03-03
14578,20.0,desimal,2026-03-05
14579,20.0,desimal,2026-03-07
14580,20.0,desimal,2026-03-10
14581,20.0,desimal,2026-03-13
14582,20.0,desimal,2026-03-15
14583,20.0,desimal,2026-03-16
14584,20.0,fungsi,2026-03-18
14585,20.0,fungsi,2026-03-21
14586,20.0,fungsi,2026-03-24
14587,20.0,fungsi,2026-03-27
14588,20.0,fungsi,2026-03-28
14589,20.0,fungsi,2026-03-31
14590,20.0,fungsi,2026-04-03
14591,20.0,fungsi,2026-04-06
14592,20.0,fungsi,2026-04-08
14593,20.0,limit,2026-04-09
14594,20.0,limit,2026-04-11
14595,20.0,limit,2026-04-12
14596,20.0,limit,2026-04-15
14597,20.0,limit,2026-04-16
14598,20.0,limit,2026-04-19
14599,20.0,limit,2026-04-20
14600,20.0,limit,2026-04-21
14601,20.0,turunan,2026-04-23
14602,20.0,turunan,2026-04-24
14603,20.0,turunan,2026-04-27
14604,20.0,turunan,2026-04-29
14605,20.0,turunan,2026-05-02
14606,20.0,turunan,2026-05-03
14607,20.0,integral,2026-05-04
14608,20.0,integral,2026-05-07
14609,20.0,integral,2026-05-09
14610,20.0,integral,2026-05-12
14611,20.0,integral,2026-05-14
14612,20.0,integral,2026-05-16
14613,20.0,integral,2026-05-17
14614,20.0,integral,2026-05-20
14615,20.0,integral,2026-05-23
14616,15.0,penjumlahan,2026-01-01
14617,15.0,penjumlahan,2026-01-03
14618,15.0,penjumlahan,2026-01-04
14619,15.0,penjumlahan,2026-01-06
14620,15.0,penjumlahan,2026-01-07
14621,15.0,penjumlahan,2026-01-08
14622,15.0,penjumlahan,2026-01-09
14623,15.0,penjumlahan,2026-01-11
14624,15.0,penjumlahan,2026-01-12
14625,15.0,pengurangan,2026-01-14
14626,15.0,pengurangan,2026-01-17
14627,15.0,pengurangan,2026-01-20
14628,15.0,pengurangan,2026-01-22
14629,15.0,pengurangan,2026-01-23
14630,15.0,pengurangan,2026-01-25
14631,15.0,pengurangan,2026-01-26
14632,15.0,perkalian,2026-01-27
14633,15.0,perkalian,2026-01-29
14634,15.0,perkalian,2026-01-30
14635,15.0,perkalian,2026-01-31
14636,15.0,perkalian,2026-02-03
14637,15.0,perkalian,2026-02-04
14638,15.0,perkalian,2026-02-05
14639,15.0,perkalian,2026-02-07
14640,15.0,perkalian,2026-02-10
14641,15.0,pembagian,2026-02-11
14642,15.0,pembagian,2026-02-14
14643,15.0,pembagian,2026-02-15
14644,15.0,pembagian,2026-02-16
14645,15.0,pembagian,2026-02-19
14646,15.0,pembagian,2026-02-21
14647,15.0,pembagian,2026-02-24
14648,15.0,pembagian,2026-02-25
14649,15.0,desimal,2026-02-26
14650,15.0,desimal,2026-02-28
14651,15.0,desimal,2026-03-01
14652,15.0,desimal,2026-03-04
14653,15.0,desimal,2026-03-06
14654,15.0,desimal,2026-03-08
14655,15.0,desimal,2026-03-09
14656,15.0,desimal,2026-03-11
14657,15.0,aljabar,2026-03-13
14658,15.0,aljabar,2026-03-16
14659,15.0,aljabar,2026-03-18
14660,15.0,aljabar,2026-03-21
14661,15.0,aljabar,2026-03-22
14662,15.0,aljabar,2026-03-23
14663,15.0,aljabar,2026-03-24
14664,15.0,aljabar,2026-03-26
14665,15.0,persamaan_linear,2026-03-29
14666,15.0,persamaan_linear,2026-03-30
14667,15.0,persamaan_linear,2026-04-02
14668,15.0,persamaan_linear,2026-04-04
14669,15.0,persamaan_linear,2026-04-07
14670,15.0,persamaan_linear,2026-04-08
14671,15.0,persamaan_linear,2026-04-10
14672,15.0,limit,2026-04-12
14673,15.0,limit,2026-04-15
14674,15.0,limit,2026-04-17
14675,15.0,limit,2026-04-20
14676,15.0,limit,2026-04-23
14677,15.0,limit,2026-04-26
14678,15.0,limit,2026-04-28
14679,15.0,limit,2026-04-30
14680,19.0,penjumlahan,2026-01-01
14681,19.0,penjumlahan,2026-01-03
14682,19.0,penjumlahan,2026-01-05
14683,19.0,penjumlahan,2026-01-06
14684,19.0,penjumlahan,2026-01-09
14685,19.0,pengurangan,2026-01-12
14686,19.0,pengurangan,2026-01-15
14687,19.0,pengurangan,2026-01-18
14688,19.0,pengurangan,2026-01-19
14689,19.0,pengurangan,2026-01-20
14690,19.0,pengurangan,2026-01-23
14691,19.0,pengurangan,2026-01-24
14692,19.0,pengurangan,2026-01-25
14693,19.0,pecahan,2026-01-28
14694,19.0,pecahan,2026-01-31
14695,19.0,pecahan,2026-02-01
14696,19.0,pecahan,2026-02-02
14697,19.0,pecahan,2026-02-03
14698,19.0,pecahan,2026-02-04
14699,19.0,pecahan,2026-02-06
14700,19.0,pecahan,2026-02-08
14701,19.0,desimal,2026-02-11
14702,19.0,desimal,2026-02-12
14703,19.0,desimal,2026-02-13
14704,19.0,desimal,2026-02-16
14705,19.0,desimal,2026-02-17
14706,19.0,desimal,2026-02-18
14707,19.0,persamaan_linear,2026-02-19
14708,19.0,persamaan_linear,2026-02-21
14709,19.0,persamaan_linear,2026-02-23
14710,19.0,persamaan_linear,2026-02-24
14711,19.0,persamaan_linear,2026-02-26
14712,19.0,fungsi,2026-02-28
14713,19.0,fungsi,2026-03-01
14714,19.0,fungsi,2026-03-04
14715,19.0,fungsi,2026-03-05
14716,19.0,fungsi,2026-03-06
14717,19.0,fungsi,2026-03-08
14718,19.0,fungsi,2026-03-10
14719,19.0,limit,2026-03-13
14720,19.0,limit,2026-03-15
14721,19.0,limit,2026-03-16
14722,19.0,limit,2026-03-17
14723,19.0,limit,2026-03-20
14724,19.0,limit,2026-03-23
14725,19.0,limit,2026-03-24
14726,19.0,limit,2026-03-27
14727,19.0,limit,2026-03-30
14728,19.0,turunan,2026-04-02
14729,19.0,turunan,2026-04-04
14730,19.0,turunan,2026-04-05
14731,19.0,turunan,2026-04-06
14732,19.0,turunan,2026-04-08
14733,19.0,turunan,2026-04-09
14734,19.0,turunan,2026-04-12
14735,19.0,turunan,2026-04-15
14736,19.0,integral,2026-04-17
14737,19.0,integral,2026-04-18
14738,19.0,integral,2026-04-20
14739,19.0,integral,2026-04-22
14740,19.0,integral,2026-04-25
14741,13.0,penjumlahan,2026-01-01
14742,13.0,penjumlahan,2026-01-03
14743,13.0,penjumlahan,2026-01-06
14744,13.0,penjumlahan,2026-01-08
14745,13.0,penjumlahan,2026-01-09
14746,13.0,penjumlahan,2026-01-10
14747,13.0,penjumlahan,2026-01-11
14748,13.0,penjumlahan,2026-01-13
14749,13.0,penjumlahan,2026-01-15
14750,13.0,pengurangan,2026-01-17
14751,13.0,pengurangan,2026-01-18
14752,13.0,pengurangan,2026-01-19
14753,13.0,pengurangan,2026-01-20
14754,13.0,pengurangan,2026-01-22
14755,13.0,perkalian,2026-01-24
14756,13.0,perkalian,2026-01-27
14757,13.0,perkalian,2026-01-28
14758,13.0,perkalian,2026-01-31
14759,13.0,perkalian,2026-02-03
14760,13.0,perkalian,2026-02-05
14761,13.0,pembagian,2026-02-08
14762,13.0,pembagian,2026-02-10
14763,13.0,pembagian,2026-02-13
14764,13.0,pembagian,2026-02-15
14765,13.0,pembagian,2026-02-17
14766,13.0,pembagian,2026-02-19
14767,13.0,pembagian,2026-02-22
14768,13.0,pembagian,2026-02-24
14769,13.0,pembagian,2026-02-25
14770,13.0,pecahan,2026-02-27
14771,13.0,pecahan,2026-02-28
14772,13.0,pecahan,2026-03-02
14773,13.0,pecahan,2026-03-03
14774,13.0,pecahan,2026-03-05
14775,13.0,pecahan,2026-03-08
14776,13.0,fungsi,2026-03-10
14777,13.0,fungsi,2026-03-11
14778,13.0,fungsi,2026-03-14
14779,13.0,fungsi,2026-03-15
14780,13.0,fungsi,2026-03-18
14781,13.0,fungsi,2026-03-19
14782,13.0,fungsi,2026-03-20
14783,13.0,turunan,2026-03-22
14784,13.0,turunan,2026-03-25
14785,13.0,turunan,2026-03-27
14786,13.0,turunan,2026-03-30
14787,13.0,turunan,2026-04-02
14788,13.0,turunan,2026-04-03
14789,13.0,turunan,2026-04-04
14790,13.0,turunan,2026-04-07
14791,13.0,turunan,2026-04-10
14792,13.0,integral,2026-04-12
14793,13.0,integral,2026-04-13
14794,13.0,integral,2026-04-14
14795,13.0,integral,2026-04-15
14796,13.0,integral,2026-04-17
14797,13.0,integral,2026-04-19
14798,13.0,integral,2026-04-21
14799,13.0,penjumlahan,2026-01-01
14800,13.0,penjumlahan,2026-01-02
14801,13.0,penjumlahan,2026-01-05
14802,13.0,penjumlahan,2026-01-06
14803,13.0,penjumlahan,2026-01-07
14804,13.0,penjumlahan,2026-01-10
14805,13.0,penjumlahan,2026-01-13
14806,13.0,penjumlahan,2026-01-14
14807,13.0,penjumlahan,2026-01-15
14808,13.0,pengurangan,2026-01-17
14809,13.0,pengurangan,2026-01-20
14810,13.0,pengurangan,2026-01-23
14811,13.0,pengurangan,2026-01-24
14812,13.0,pengurangan,2026-01-26
14813,13.0,pengurangan,2026-01-29
14814,13.0,pengurangan,2026-01-30
14815,13.0,pembagian,2026-01-31
14816,13.0,pembagian,2026-02-02
14817,13.0,pembagian,2026-02-04
14818,13.0,pembagian,2026-02-07
14819,13.0,pembagian,2026-02-10
14820,13.0,pembagian,2026-02-12
14821,13.0,pembagian,2026-02-13
14822,13.0,pembagian,2026-02-16
14823,13.0,pecahan,2026-02-18
14824,13.0,pecahan,2026-02-20
14825,13.0,pecahan,2026-02-22
14826,13.0,pecahan,2026-02-24
14827,13.0,pecahan,2026-02-26
14828,13.0,pecahan,2026-03-01
14829,13.0,desimal,2026-03-02
14830,13.0,desimal,2026-03-05
14831,13.0,desimal,2026-03-07
14832,13.0,desimal,2026-03-08
14833,13.0,desimal,2026-03-09
14834,13.0,desimal,2026-03-11
14835,13.0,desimal,2026-03-12
14836,13.0,desimal,2026-03-14
14837,13.0,desimal,2026-03-16
14838,13.0,aljabar,2026-03-19
14839,13.0,aljabar,2026-03-20
14840,13.0,aljabar,2026-03-21
14841,13.0,aljabar,2026-03-24
14842,13.0,aljabar,2026-03-27
14843,13.0,aljabar,2026-03-30
14844,13.0,aljabar,2026-04-01
14845,13.0,aljabar,2026-04-04
14846,13.0,aljabar,2026-04-07
14847,13.0,fungsi,2026-04-09
14848,13.0,fungsi,2026-04-11
14849,13.0,fungsi,2026-04-13
14850,13.0,fungsi,2026-04-14
14851,13.0,fungsi,2026-04-16
14852,13.0,limit,2026-04-19
14853,13.0,limit,2026-04-22
14854,13.0,limit,2026-04-23
14855,13.0,limit,2026-04-25
14856,13.0,limit,2026-04-28
14857,13.0,limit,2026-04-29
14858,13.0,limit,2026-05-02
14859,13.0,limit,2026-05-05
14860,5.0,penjumlahan,2026-01-01
14861,5.0,penjumlahan,2026-01-03
14862,5.0,penjumlahan,2026-01-05
14863,5.0,penjumlahan,2026-01-06
14864,5.0,penjumlahan,2026-01-07
14865,5.0,penjumlahan,2026-01-10
14866,5.0,pengurangan,2026-01-13
14867,5.0,pengurangan,2026-01-15
14868,5.0,pengurangan,2026-01-16
14869,5.0,pengurangan,2026-01-17
14870,5.0,pengurangan,2026-01-20
14871,5.0,pengurangan,2026-01-22
14872,5.0,pengurangan,2026-01-25
14873,5.0,pengurangan,2026-01-28
14874,5.0,pengurangan,2026-01-31
14875,5.0,perkalian,2026-02-02
14876,5.0,perkalian,2026-02-03
14877,5.0,perkalian,2026-02-06
14878,5.0,perkalian,2026-02-07
14879,5.0,perkalian,2026-02-08
14880,5.0,perkalian,2026-02-11
14881,5.0,perkalian,2026-02-14
14882,5.0,perkalian,2026-02-15
14883,5.0,perkalian,2026-02-18
14884,5.0,pembagian,2026-02-19
14885,5.0,pembagian,2026-02-20
14886,5.0,pembagian,2026-02-22
14887,5.0,pembagian,2026-02-25
14888,5.0,pembagian,2026-02-28
14889,5.0,pembagian,2026-03-03
14890,5.0,pembagian,2026-03-04
14891,5.0,pembagian,2026-03-06
14892,5.0,desimal,2026-03-08
14893,5.0,desimal,2026-03-11
14894,5.0,desimal,2026-03-12
14895,5.0,desimal,2026-03-13
14896,5.0,desimal,2026-03-15
14897,5.0,desimal,2026-03-16
14898,5.0,desimal,2026-03-18
14899,5.0,aljabar,2026-03-21
14900,5.0,aljabar,2026-03-23
14901,5.0,aljabar,2026-03-25
14902,5.0,aljabar,2026-03-28
14903,5.0,aljabar,2026-03-30
14904,5.0,persamaan_linear,2026-03-31
14905,5.0,persamaan_linear,2026-04-01
14906,5.0,persamaan_linear,2026-04-03
14907,5.0,persamaan_linear,2026-04-06
14908,5.0,persamaan_linear,2026-04-09
14909,5.0,persamaan_linear,2026-04-11
14910,5.0,persamaan_linear,2026-04-13
14911,5.0,limit,2026-04-16
14912,5.0,limit,2026-04-17
14913,5.0,limit,2026-04-19
14914,5.0,limit,2026-04-22
14915,5.0,limit,2026-04-25
14916,5.0,turunan,2026-04-27
14917,5.0,turunan,2026-04-28
14918,5.0,turunan,2026-05-01
14919,5.0,turunan,2026-05-02
14920,5.0,turunan,2026-05-03
14921,5.0,turunan,2026-05-05
14922,5.0,turunan,2026-05-06
14923,5.0,turunan,2026-05-08
14924,5.0,turunan,2026-05-09
14925,4.0,penjumlahan,2026-01-01
14926,4.0,penjumlahan,2026-01-02
14927,4.0,penjumlahan,2026-01-04
14928,4.0,penjumlahan,2026-01-07
14929,4.0,penjumlahan,2026-01-08
14930,4.0,penjumlahan,2026-01-11
14931,4.0,penjumlahan,2026-01-13
14932,4.0,penjumlahan,2026-01-15
14933,4.0,penjumlahan,2026-01-18
14934,4.0,pengurangan,2026-01-19
14935,4.0,pengurangan,2026-01-21
14936,4.0,pengurangan,2026-01-22
14937,4.0,pengurangan,2026-01-24
14938,4.0,pengurangan,2026-01-27
14939,4.0,pengurangan,2026-01-28
14940,4.0,pengurangan,2026-01-30
14941,4.0,perkalian,2026-01-31
14942,4.0,perkalian,2026-02-02
14943,4.0,perkalian,2026-02-04
14944,4.0,perkalian,2026-02-06
14945,4.0,perkalian,2026-02-08
14946,4.0,perkalian,2026-02-11
14947,4.0,pecahan,2026-02-13
14948,4.0,pecahan,2026-02-16
14949,4.0,pecahan,2026-02-18
14950,4.0,pecahan,2026-02-20
14951,4.0,pecahan,2026-02-21
14952,4.0,pecahan,2026-02-22
14953,4.0,pecahan,2026-02-23
14954,4.0,pecahan,2026-02-25
14955,4.0,desimal,2026-02-27
14956,4.0,desimal,2026-02-28
14957,4.0,desimal,2026-03-02
14958,4.0,desimal,2026-03-03
14959,4.0,desimal,2026-03-06
14960,4.0,desimal,2026-03-09
14961,4.0,desimal,2026-03-10
14962,4.0,desimal,2026-03-11
14963,4.0,desimal,2026-03-12
14964,4.0,persamaan_linear,2026-03-15
14965,4.0,persamaan_linear,2026-03-16
14966,4.0,persamaan_linear,2026-03-19
14967,4.0,persamaan_linear,2026-03-20
14968,4.0,persamaan_linear,2026-03-23
14969,4.0,persamaan_linear,2026-03-24
14970,4.0,persamaan_linear,2026-03-27
14971,4.0,persamaan_linear,2026-03-29
14972,4.0,fungsi,2026-03-30
14973,4.0,fungsi,2026-04-01
14974,4.0,fungsi,2026-04-04
14975,4.0,fungsi,2026-04-05
14976,4.0,fungsi,2026-04-08
14977,4.0,limit,2026-04-09
14978,4.0,limit,2026-04-11
14979,4.0,limit,2026-04-14
14980,4.0,limit,2026-04-17
14981,4.0,limit,2026-04-20
14982,4.0,limit,2026-04-22
14983,4.0,limit,2026-04-25
14984,4.0,limit,2026-04-27
14985,4.0,turunan,2026-04-28
14986,4.0,turunan,2026-04-30
14987,4.0,turunan,2026-05-03
14988,4.0,turunan,2026-05-04
14989,4.0,turunan,2026-05-07
14990,8.0,penjumlahan,2026-01-01
14991,8.0,penjumlahan,2026-01-04
14992,8.0,penjumlahan,2026-01-07
14993,8.0,penjumlahan,2026-01-10
14994,8.0,penjumlahan,2026-01-12
14995,8.0,penjumlahan,2026-01-13
14996,8.0,pengurangan,2026-01-15
14997,8.0,pengurangan,2026-01-16
14998,8.0,pengurangan,2026-01-17
14999,8.0,pengurangan,2026-01-19
15000,8.0,pengurangan,2026-01-20
15001,8.0,pengurangan,2026-01-23
15002,8.0,perkalian,2026-01-25
15003,8.0,perkalian,2026-01-26
15004,8.0,perkalian,2026-01-29
15005,8.0,perkalian,2026-02-01
15006,8.0,perkalian,2026-02-03
15007,8.0,perkalian,2026-02-06
15008,8.0,perkalian,2026-02-09
15009,8.0,perkalian,2026-02-11
15010,8.0,perkalian,2026-02-14
15011,8.0,pembagian,2026-02-16
15012,8.0,pembagian,2026-02-17
15013,8.0,pembagian,2026-02-20
15014,8.0,pembagian,2026-02-23
15015,8.0,pembagian,2026-02-26
15016,8.0,pecahan,2026-02-28
15017,8.0,pecahan,2026-03-01
15018,8.0,pecahan,2026-03-02
15019,8.0,pecahan,2026-03-03
15020,8.0,pecahan,2026-03-06
15021,8.0,pecahan,2026-03-09
15022,8.0,aljabar,2026-03-11
15023,8.0,aljabar,2026-03-14
15024,8.0,aljabar,2026-03-17
15025,8.0,aljabar,2026-03-19
15026,8.0,aljabar,2026-03-21
15027,8.0,aljabar,2026-03-24
15028,8.0,limit,2026-03-26
15029,8.0,limit,2026-03-28
15030,8.0,limit,2026-03-29
15031,8.0,limit,2026-03-30
15032,8.0,limit,2026-03-31
15033,8.0,turunan,2026-04-03
15034,8.0,turunan,2026-04-06
15035,8.0,turunan,2026-04-07
15036,8.0,turunan,2026-04-10
15037,8.0,turunan,2026-04-13
15038,8.0,turunan,2026-04-14
15039,8.0,integral,2026-04-16
15040,8.0,integral,2026-04-17
15041,8.0,integral,2026-04-19
15042,8.0,integral,2026-04-21
15043,8.0,integral,2026-04-24
15044,8.0,integral,2026-04-27
15045,8.0,integral,2026-04-28
15046,8.0,integral,2026-04-30
15047,17.0,penjumlahan,2026-01-01
15048,17.0,penjumlahan,2026-01-03
15049,17.0,penjumlahan,2026-01-05
15050,17.0,penjumlahan,2026-01-07
15051,17.0,penjumlahan,2026-01-08
15052,17.0,penjumlahan,2026-01-11
15053,17.0,pengurangan,2026-01-13
15054,17.0,pengurangan,2026-01-16
15055,17.0,pengurangan,2026-01-19
15056,17.0,pengurangan,2026-01-21
15057,17.0,pengurangan,2026-01-24
15058,17.0,pengurangan,2026-01-27
15059,17.0,pengurangan,2026-01-30
15060,17.0,perkalian,2026-02-01
15061,17.0,perkalian,2026-02-04
15062,17.0,perkalian,2026-02-06
15063,17.0,perkalian,2026-02-08
15064,17.0,perkalian,2026-02-11
15065,17.0,perkalian,2026-02-13
15066,17.0,pembagian,2026-02-16
15067,17.0,pembagian,2026-02-17
15068,17.0,pembagian,2026-02-19
15069,17.0,pembagian,2026-02-22
15070,17.0,pembagian,2026-02-23
15071,17.0,pembagian,2026-02-25
15072,17.0,pecahan,2026-02-28
15073,17.0,pecahan,2026-03-02
15074,17.0,pecahan,2026-03-04
15075,17.0,pecahan,2026-03-05
15076,17.0,pecahan,2026-03-08
15077,17.0,pecahan,2026-03-09
15078,17.0,pecahan,2026-03-11
15079,17.0,pecahan,2026-03-14
15080,17.0,pecahan,2026-03-15
15081,17.0,desimal,2026-03-16
15082,17.0,desimal,2026-03-19
15083,17.0,desimal,2026-03-20
15084,17.0,desimal,2026-03-21
15085,17.0,desimal,2026-03-24
15086,17.0,desimal,2026-03-26
15087,17.0,desimal,2026-03-27
15088,17.0,desimal,2026-03-29
15089,17.0,desimal,2026-03-31
15090,17.0,aljabar,2026-04-02
15091,17.0,aljabar,2026-04-05
15092,17.0,aljabar,2026-04-08
15093,17.0,aljabar,2026-04-10
15094,17.0,aljabar,2026-04-11
15095,17.0,aljabar,2026-04-12
15096,17.0,persamaan_linear,2026-04-15
15097,17.0,persamaan_linear,2026-04-18
15098,17.0,persamaan_linear,2026-04-20
15099,17.0,persamaan_linear,2026-04-21
15100,17.0,persamaan_linear,2026-04-22
15101,17.0,persamaan_linear,2026-04-24
15102,17.0,limit,2026-04-26
15103,17.0,limit,2026-04-29
15104,17.0,limit,2026-04-30
15105,17.0,limit,2026-05-03
15106,17.0,limit,2026-05-05
15107,17.0,limit,2026-05-08
15108,17.0,limit,2026-05-09
15109,17.0,limit,2026-05-12
15110,17.0,turunan,2026-05-13
15111,17.0,turunan,2026-05-16
15112,17.0,turunan,2026-05-18
15113,17.0,turunan,2026-05-20
15114,17.0,turunan,2026-05-23
15115,17.0,turunan,2026-05-24
15116,17.0,integral,2026-05-25
15117,17.0,integral,2026-05-26
15118,17.0,integral,2026-05-27
15119,17.0,integral,2026-05-30
15120,17.0,integral,2026-05-31
15121,17.0,integral,2026-06-02
15122,17.0,integral,2026-06-05
15123,17.0,integral,2026-06-06
15124,2.0,penjumlahan,2026-01-01
15125,2.0,penjumlahan,2026-01-03
15126,2.0,penjumlahan,2026-01-05
15127,2.0,penjumlahan,2026-01-06
15128,2.0,penjumlahan,2026-01-08
15129,2.0,penjumlahan,2026-01-09
15130,2.0,penjumlahan,2026-01-11
15131,2.0,penjumlahan,2026-01-13
15132,2.0,penjumlahan,2026-01-15
15133,2.0,pengurangan,2026-01-18
15134,2.0,pengurangan,2026-01-21
15135,2.0,pengurangan,2026-01-22
15136,2.0,pengurangan,2026-01-24
15137,2.0,pengurangan,2026-01-26
15138,2.0,pengurangan,2026-01-27
15139,2.0,pengurangan,2026-01-28
15140,2.0,pengurangan,2026-01-29
15141,2.0,pecahan,2026-01-31
15142,2.0,pecahan,2026-02-03
15143,2.0,pecahan,2026-02-04
15144,2.0,pecahan,2026-02-07
15145,2.0,pecahan,2026-02-08
15146,2.0,pecahan,2026-02-09
15147,2.0,pecahan,2026-02-10
15148,2.0,pecahan,2026-02-11
15149,2.0,desimal,2026-02-14
15150,2.0,desimal,2026-02-17
15151,2.0,desimal,2026-02-20
15152,2.0,desimal,2026-02-22
15153,2.0,desimal,2026-02-24
15154,2.0,desimal,2026-02-25
15155,2.0,desimal,2026-02-28
15156,2.0,aljabar,2026-03-01
15157,2.0,aljabar,2026-03-03
15158,2.0,aljabar,2026-03-04
15159,2.0,aljabar,2026-03-05
15160,2.0,aljabar,2026-03-08
15161,2.0,aljabar,2026-03-10
15162,2.0,aljabar,2026-03-12
15163,2.0,aljabar,2026-03-13
15164,2.0,aljabar,2026-03-14
15165,2.0,fungsi,2026-03-15
15166,2.0,fungsi,2026-03-16
15167,2.0,fungsi,2026-03-19
15168,2.0,fungsi,2026-03-20
15169,2.0,fungsi,2026-03-22
15170,2.0,limit,2026-03-25
15171,2.0,limit,2026-03-26
15172,2.0,limit,2026-03-27
15173,2.0,limit,2026-03-29
15174,2.0,limit,2026-03-30
15175,2.0,limit,2026-03-31
15176,2.0,limit,2026-04-02
15177,2.0,limit,2026-04-05
15178,2.0,limit,2026-04-08
15179,2.0,turunan,2026-04-11
15180,2.0,turunan,2026-04-12
15181,2.0,turunan,2026-04-14
15182,2.0,turunan,2026-04-15
15183,2.0,turunan,2026-04-17
15184,2.0,turunan,2026-04-20
15185,2.0,turunan,2026-04-22
15186,2.0,integral,2026-04-24
15187,2.0,integral,2026-04-25
15188,2.0,integral,2026-04-26
15189,2.0,integral,2026-04-28
15190,2.0,integral,2026-04-30
15191,4.0,penjumlahan,2026-01-01
15192,4.0,penjumlahan,2026-01-03
15193,4.0,penjumlahan,2026-01-05
15194,4.0,penjumlahan,2026-01-07
15195,4.0,penjumlahan,2026-01-10
15196,4.0,penjumlahan,2026-01-13
15197,4.0,pengurangan,2026-01-16
15198,4.0,pengurangan,2026-01-19
15199,4.0,pengurangan,2026-01-22
15200,4.0,pengurangan,2026-01-24
15201,4.0,pengurangan,2026-01-27
15202,4.0,pengurangan,2026-01-28
15203,4.0,desimal,2026-01-31
15204,4.0,desimal,2026-02-02
15205,4.0,desimal,2026-02-04
15206,4.0,desimal,2026-02-05
15207,4.0,desimal,2026-02-08
15208,4.0,desimal,2026-02-11
15209,4.0,aljabar,2026-02-12
15210,4.0,aljabar,2026-02-13
15211,4.0,aljabar,2026-02-16
15212,4.0,aljabar,2026-02-18
15213,4.0,aljabar,2026-02-21
15214,4.0,aljabar,2026-02-22
15215,4.0,aljabar,2026-02-23
15216,4.0,aljabar,2026-02-25
15217,4.0,aljabar,2026-02-27
15218,4.0,persamaan_linear,2026-03-02
15219,4.0,persamaan_linear,2026-03-05
15220,4.0,persamaan_linear,2026-03-07
15221,4.0,persamaan_linear,2026-03-09
15222,4.0,persamaan_linear,2026-03-10
15223,4.0,limit,2026-03-12
15224,4.0,limit,2026-03-15
15225,4.0,limit,2026-03-17
15226,4.0,limit,2026-03-18
15227,4.0,limit,2026-03-21
15228,4.0,limit,2026-03-24
15229,4.0,limit,2026-03-27
15230,4.0,turunan,2026-03-28
15231,4.0,turunan,2026-03-30
15232,4.0,turunan,2026-04-02
15233,4.0,turunan,2026-04-03
15234,4.0,turunan,2026-04-05
15235,4.0,integral,2026-04-07
15236,4.0,integral,2026-04-10
15237,4.0,integral,2026-04-13
15238,4.0,integral,2026-04-15
15239,4.0,integral,2026-04-18
15240,4.0,integral,2026-04-19
15241,4.0,integral,2026-04-21
15242,5.0,penjumlahan,2026-01-01
15243,5.0,penjumlahan,2026-01-02
15244,5.0,penjumlahan,2026-01-05
15245,5.0,penjumlahan,2026-01-06
15246,5.0,penjumlahan,2026-01-08
15247,5.0,penjumlahan,2026-01-11
15248,5.0,penjumlahan,2026-01-13
15249,5.0,penjumlahan,2026-01-15
15250,5.0,penjumlahan,2026-01-18
15251,5.0,pengurangan,2026-01-19
15252,5.0,pengurangan,2026-01-20
15253,5.0,pengurangan,2026-01-21
15254,5.0,pengurangan,2026-01-22
15255,5.0,pengurangan,2026-01-25
15256,5.0,pengurangan,2026-01-28
15257,5.0,perkalian,2026-01-31
15258,5.0,perkalian,2026-02-02
15259,5.0,perkalian,2026-02-04
15260,5.0,perkalian,2026-02-07
15261,5.0,perkalian,2026-02-09
15262,5.0,pecahan,2026-02-12
15263,5.0,pecahan,2026-02-14
15264,5.0,pecahan,2026-02-16
15265,5.0,pecahan,2026-02-19
15266,5.0,pecahan,2026-02-21
15267,5.0,pecahan,2026-02-23
15268,5.0,pecahan,2026-02-24
15269,5.0,pecahan,2026-02-25
15270,5.0,desimal,2026-02-27
15271,5.0,desimal,2026-02-28
15272,5.0,desimal,2026-03-01
15273,5.0,desimal,2026-03-02
15274,5.0,desimal,2026-03-04
15275,5.0,desimal,2026-03-06
15276,5.0,desimal,2026-03-08
15277,5.0,desimal,2026-03-10
15278,5.0,desimal,2026-03-12
15279,5.0,aljabar,2026-03-14
15280,5.0,aljabar,2026-03-15
15281,5.0,aljabar,2026-03-16
15282,5.0,aljabar,2026-03-17
15283,5.0,aljabar,2026-03-18
15284,5.0,aljabar,2026-03-21
15285,5.0,persamaan_linear,2026-03-22
15286,5.0,persamaan_linear,2026-03-23
15287,5.0,persamaan_linear,2026-03-25
15288,5.0,persamaan_linear,2026-03-27
15289,5.0,persamaan_linear,2026-03-30
15290,5.0,persamaan_linear,2026-04-02
15291,5.0,persamaan_linear,2026-04-03
15292,5.0,persamaan_linear,2026-04-05
15293,5.0,fungsi,2026-04-07
15294,5.0,fungsi,2026-04-10
15295,5.0,fungsi,2026-04-13
15296,5.0,fungsi,2026-04-16
15297,5.0,fungsi,2026-04-18
15298,5.0,integral,2026-04-21
15299,5.0,integral,2026-04-23
15300,5.0,integral,2026-04-24
15301,5.0,integral,2026-04-26
15302,5.0,integral,2026-04-29
15303,17.0,penjumlahan,2026-01-01
15304,17.0,penjumlahan,2026-01-02
15305,17.0,penjumlahan,2026-01-03
15306,17.0,penjumlahan,2026-01-05
15307,17.0,penjumlahan,2026-01-07
15308,17.0,penjumlahan,2026-01-09
15309,17.0,penjumlahan,2026-01-10
15310,17.0,penjumlahan,2026-01-11
15311,17.0,pengurangan,2026-01-13
15312,17.0,pengurangan,2026-01-15
15313,17.0,pengurangan,2026-01-17
15314,17.0,pengurangan,2026-01-19
15315,17.0,pengurangan,2026-01-22
15316,17.0,pengurangan,2026-01-24
15317,17.0,perkalian,2026-01-27
15318,17.0,perkalian,2026-01-28
15319,17.0,perkalian,2026-01-31
15320,17.0,perkalian,2026-02-01
15321,17.0,perkalian,2026-02-04
15322,17.0,perkalian,2026-02-07
15323,17.0,perkalian,2026-02-09
15324,17.0,perkalian,2026-02-12
15325,17.0,perkalian,2026-02-13
15326,17.0,pembagian,2026-02-16
15327,17.0,pembagian,2026-02-17
15328,17.0,pembagian,2026-02-18
15329,17.0,pembagian,2026-02-21
15330,17.0,pembagian,2026-02-23
15331,17.0,pembagian,2026-02-26
15332,17.0,pecahan,2026-03-01
15333,17.0,pecahan,2026-03-04
15334,17.0,pecahan,2026-03-07
15335,17.0,pecahan,2026-03-09
15336,17.0,pecahan,2026-03-11
15337,17.0,pecahan,2026-03-13
15338,17.0,pecahan,2026-03-16
15339,17.0,aljabar,2026-03-18
15340,17.0,aljabar,2026-03-20
15341,17.0,aljabar,2026-03-21
15342,17.0,aljabar,2026-03-22
15343,17.0,aljabar,2026-03-25
15344,17.0,aljabar,2026-03-28
15345,17.0,aljabar,2026-03-29
15346,17.0,aljabar,2026-04-01
15347,17.0,persamaan_linear,2026-04-03
15348,17.0,persamaan_linear,2026-04-06
15349,17.0,persamaan_linear,2026-04-09
15350,17.0,persamaan_linear,2026-04-10
15351,17.0,persamaan_linear,2026-04-12
15352,17.0,persamaan_linear,2026-04-13
15353,17.0,persamaan_linear,2026-04-15
15354,17.0,persamaan_linear,2026-04-16
15355,17.0,limit,2026-04-18
15356,17.0,limit,2026-04-21
15357,17.0,limit,2026-04-22
15358,17.0,limit,2026-04-23
15359,17.0,limit,2026-04-25
15360,17.0,limit,2026-04-28
15361,17.0,limit,2026-04-29
15362,17.0,limit,2026-04-30
15363,17.0,turunan,2026-05-01
15364,17.0,turunan,2026-05-03
15365,17.0,turunan,2026-05-04
15366,17.0,turunan,2026-05-06
15367,17.0,turunan,2026-05-07
15368,17.0,turunan,2026-05-08
15369,17.0,turunan,2026-05-09
15370,15.0,penjumlahan,2026-01-01
15371,15.0,penjumlahan,2026-01-04
15372,15.0,penjumlahan,2026-01-06
15373,15.0,penjumlahan,2026-01-07
15374,15.0,penjumlahan,2026-01-10
15375,15.0,pengurangan,2026-01-13
15376,15.0,pengurangan,2026-01-14
15377,15.0,pengurangan,2026-01-16
15378,15.0,pengurangan,2026-01-18
15379,15.0,pengurangan,2026-01-19
15380,15.0,pengurangan,2026-01-22
15381,15.0,pecahan,2026-01-23
15382,15.0,pecahan,2026-01-24
15383,15.0,pecahan,2026-01-25
15384,15.0,pecahan,2026-01-28
15385,15.0,pecahan,2026-01-29
15386,15.0,pecahan,2026-01-30
15387,15.0,desimal,2026-02-01
15388,15.0,desimal,2026-02-03
15389,15.0,desimal,2026-02-06
15390,15.0,desimal,2026-02-09
15391,15.0,desimal,2026-02-12
15392,15.0,desimal,2026-02-15
15393,15.0,fungsi,2026-02-16
15394,15.0,fungsi,2026-02-19
15395,15.0,fungsi,2026-02-20
15396,15.0,fungsi,2026-02-23
15397,15.0,fungsi,2026-02-24
15398,15.0,fungsi,2026-02-25
15399,15.0,fungsi,2026-02-28
15400,15.0,fungsi,2026-03-02
15401,15.0,fungsi,2026-03-03
15402,15.0,turunan,2026-03-06
15403,15.0,turunan,2026-03-09
15404,15.0,turunan,2026-03-12
15405,15.0,turunan,2026-03-14
15406,15.0,turunan,2026-03-17
15407,15.0,turunan,2026-03-18
15408,15.0,turunan,2026-03-20
15409,15.0,turunan,2026-03-22
15410,18.0,penjumlahan,2026-01-01
15411,18.0,penjumlahan,2026-01-04
15412,18.0,penjumlahan,2026-01-05
15413,18.0,penjumlahan,2026-01-07
15414,18.0,penjumlahan,2026-01-10
15415,18.0,penjumlahan,2026-01-13
15416,18.0,penjumlahan,2026-01-16
15417,18.0,pengurangan,2026-01-18
15418,18.0,pengurangan,2026-01-19
15419,18.0,pengurangan,2026-01-21
15420,18.0,pengurangan,2026-01-23
15421,18.0,pengurangan,2026-01-26
15422,18.0,pengurangan,2026-01-29
15423,18.0,pengurangan,2026-02-01
15424,18.0,perkalian,2026-02-02
15425,18.0,perkalian,2026-02-05
15426,18.0,perkalian,2026-02-07
15427,18.0,perkalian,2026-02-10
15428,18.0,perkalian,2026-02-11
15429,18.0,perkalian,2026-02-12
15430,18.0,perkalian,2026-02-14
15431,18.0,perkalian,2026-02-17
15432,18.0,perkalian,2026-02-19
15433,18.0,pecahan,2026-02-20
15434,18.0,pecahan,2026-02-23
15435,18.0,pecahan,2026-02-24
15436,18.0,pecahan,2026-02-25
15437,18.0,pecahan,2026-02-26
15438,18.0,pecahan,2026-02-28
15439,18.0,pecahan,2026-03-02
15440,18.0,fungsi,2026-03-05
15441,18.0,fungsi,2026-03-07
15442,18.0,fungsi,2026-03-10
15443,18.0,fungsi,2026-03-11
15444,18.0,fungsi,2026-03-13
15445,18.0,fungsi,2026-03-14
15446,18.0,turunan,2026-03-17
15447,18.0,turunan,2026-03-19
15448,18.0,turunan,2026-03-20
15449,18.0,turunan,2026-03-23
15450,18.0,turunan,2026-03-26
15451,18.0,turunan,2026-03-27
15452,18.0,turunan,2026-03-28
15453,18.0,turunan,2026-03-29
15454,18.0,integral,2026-04-01
15455,18.0,integral,2026-04-03
15456,18.0,integral,2026-04-04
15457,18.0,integral,2026-04-05
15458,18.0,integral,2026-04-06
15459,18.0,integral,2026-04-08
15460,18.0,integral,2026-04-09
15461,6.0,penjumlahan,2026-01-01
15462,6.0,penjumlahan,2026-01-02
15463,6.0,penjumlahan,2026-01-05
15464,6.0,penjumlahan,2026-01-08
15465,6.0,penjumlahan,2026-01-10
15466,6.0,penjumlahan,2026-01-13
15467,6.0,penjumlahan,2026-01-16
15468,6.0,pengurangan,2026-01-17
15469,6.0,pengurangan,2026-01-18
15470,6.0,pengurangan,2026-01-20
15471,6.0,pengurangan,2026-01-22
15472,6.0,pengurangan,2026-01-23
15473,6.0,pengurangan,2026-01-25
15474,6.0,pengurangan,2026-01-28
15475,6.0,perkalian,2026-01-30
15476,6.0,perkalian,2026-02-02
15477,6.0,perkalian,2026-02-05
15478,6.0,perkalian,2026-02-07
15479,6.0,perkalian,2026-02-09
15480,6.0,perkalian,2026-02-10
15481,6.0,perkalian,2026-02-13
15482,6.0,perkalian,2026-02-15
15483,6.0,perkalian,2026-02-17
15484,6.0,desimal,2026-02-20
15485,6.0,desimal,2026-02-23
15486,6.0,desimal,2026-02-25
15487,6.0,desimal,2026-02-27
15488,6.0,desimal,2026-02-28
15489,6.0,desimal,2026-03-03
15490,6.0,aljabar,2026-03-04
15491,6.0,aljabar,2026-03-06
15492,6.0,aljabar,2026-03-07
15493,6.0,aljabar,2026-03-09
15494,6.0,aljabar,2026-03-11
15495,6.0,aljabar,2026-03-13
15496,6.0,aljabar,2026-03-15
15497,6.0,aljabar,2026-03-18
15498,6.0,aljabar,2026-03-19
15499,6.0,persamaan_linear,2026-03-22
15500,6.0,persamaan_linear,2026-03-23
15501,6.0,persamaan_linear,2026-03-26
15502,6.0,persamaan_linear,2026-03-27
15503,6.0,persamaan_linear,2026-03-28
15504,6.0,limit,2026-03-31
15505,6.0,limit,2026-04-03
15506,6.0,limit,2026-04-04
15507,6.0,limit,2026-04-06
15508,6.0,limit,2026-04-09
15509,6.0,integral,2026-04-11
15510,6.0,integral,2026-04-12
15511,6.0,integral,2026-04-14
15512,6.0,integral,2026-04-15
15513,6.0,integral,2026-04-17
15514,6.0,integral,2026-04-19
15515,6.0,integral,2026-04-20
15516,6.0,integral,2026-04-22
15517,15.0,penjumlahan,2026-01-01
15518,15.0,penjumlahan,2026-01-02
15519,15.0,penjumlahan,2026-01-03
15520,15.0,penjumlahan,2026-01-05
15521,15.0,penjumlahan,2026-01-08
15522,15.0,pengurangan,2026-01-09
15523,15.0,pengurangan,2026-01-10
15524,15.0,pengurangan,2026-01-12
15525,15.0,pengurangan,2026-01-15
15526,15.0,pengurangan,2026-01-18
15527,15.0,perkalian,2026-01-19
15528,15.0,perkalian,2026-01-22
15529,15.0,perkalian,2026-01-25
15530,15.0,perkalian,2026-01-26
15531,15.0,perkalian,2026-01-27
15532,15.0,pembagian,2026-01-30
15533,15.0,pembagian,2026-02-02
15534,15.0,pembagian,2026-02-04
15535,15.0,pembagian,2026-02-07
15536,15.0,pembagian,2026-02-08
15537,15.0,pembagian,2026-02-09
15538,15.0,pecahan,2026-02-11
15539,15.0,pecahan,2026-02-13
15540,15.0,pecahan,2026-02-15
15541,15.0,pecahan,2026-02-18
15542,15.0,pecahan,2026-02-21
15543,15.0,pecahan,2026-02-24
15544,15.0,pecahan,2026-02-27
15545,15.0,desimal,2026-03-02
15546,15.0,desimal,2026-03-03
15547,15.0,desimal,2026-03-04
15548,15.0,desimal,2026-03-07
15549,15.0,desimal,2026-03-08
15550,15.0,aljabar,2026-03-11
15551,15.0,aljabar,2026-03-13
15552,15.0,aljabar,2026-03-15
15553,15.0,aljabar,2026-03-16
15554,15.0,aljabar,2026-03-19
15555,15.0,fungsi,2026-03-22
15556,15.0,fungsi,2026-03-24
15557,15.0,fungsi,2026-03-25
15558,15.0,fungsi,2026-03-26
15559,15.0,fungsi,2026-03-29
15560,15.0,fungsi,2026-03-30
15561,15.0,fungsi,2026-04-01
15562,15.0,limit,2026-04-02
15563,15.0,limit,2026-04-03
15564,15.0,limit,2026-04-04
15565,15.0,limit,2026-04-06
15566,15.0,limit,2026-04-08
15567,15.0,limit,2026-04-11
15568,15.0,limit,2026-04-13
15569,15.0,integral,2026-04-14
15570,15.0,integral,2026-04-17
15571,15.0,integral,2026-04-18
15572,15.0,integral,2026-04-19
15573,15.0,integral,2026-04-20
15574,15.0,integral,2026-04-23
15575,15.0,integral,2026-04-26
15576,8.0,penjumlahan,2026-01-01
15577,8.0,penjumlahan,2026-01-02
15578,8.0,penjumlahan,2026-01-03
15579,8.0,penjumlahan,2026-01-04
15580,8.0,penjumlahan,2026-01-07
15581,8.0,penjumlahan,2026-01-10
15582,8.0,penjumlahan,2026-01-12
15583,8.0,penjumlahan,2026-01-13
15584,8.0,penjumlahan,2026-01-14
15585,8.0,pengurangan,2026-01-16
15586,8.0,pengurangan,2026-01-19
15587,8.0,pengurangan,2026-01-22
15588,8.0,pengurangan,2026-01-24
15589,8.0,pengurangan,2026-01-26
15590,8.0,pengurangan,2026-01-29
15591,8.0,perkalian,2026-01-30
15592,8.0,perkalian,2026-01-31
15593,8.0,perkalian,2026-02-02
15594,8.0,perkalian,2026-02-05
15595,8.0,perkalian,2026-02-08
15596,8.0,perkalian,2026-02-09
15597,8.0,perkalian,2026-02-12
15598,8.0,perkalian,2026-02-13
15599,8.0,pembagian,2026-02-14
15600,8.0,pembagian,2026-02-17
15601,8.0,pembagian,2026-02-19
15602,8.0,pembagian,2026-02-22
15603,8.0,pembagian,2026-02-23
15604,8.0,pembagian,2026-02-25
15605,8.0,pembagian,2026-02-26
15606,8.0,pecahan,2026-02-27
15607,8.0,pecahan,2026-02-28
15608,8.0,pecahan,2026-03-02
15609,8.0,pecahan,2026-03-03
15610,8.0,pecahan,2026-03-05
15611,8.0,desimal,2026-03-08
15612,8.0,desimal,2026-03-11
15613,8.0,desimal,2026-03-14
15614,8.0,desimal,2026-03-17
15615,8.0,desimal,2026-03-20
15616,8.0,desimal,2026-03-22
15617,8.0,desimal,2026-03-24
15618,8.0,desimal,2026-03-26
15619,8.0,desimal,2026-03-28
15620,8.0,fungsi,2026-03-29
15621,8.0,fungsi,2026-04-01
15622,8.0,fungsi,2026-04-03
15623,8.0,fungsi,2026-04-04
15624,8.0,fungsi,2026-04-05
15625,8.0,fungsi,2026-04-06
15626,8.0,fungsi,2026-04-09
15627,8.0,fungsi,2026-04-11
15628,8.0,turunan,2026-04-13
15629,8.0,turunan,2026-04-16
15630,8.0,turunan,2026-04-18
15631,8.0,turunan,2026-04-19
15632,8.0,turunan,2026-04-21
15633,8.0,turunan,2026-04-23
15634,8.0,turunan,2026-04-25
15635,8.0,turunan,2026-04-27
15636,8.0,turunan,2026-04-28
15637,8.0,integral,2026-04-29
15638,8.0,integral,2026-05-02
15639,8.0,integral,2026-05-05
15640,8.0,integral,2026-05-07
15641,8.0,integral,2026-05-08
15642,17.0,penjumlahan,2026-01-01
15643,17.0,penjumlahan,2026-01-02
15644,17.0,penjumlahan,2026-01-03
15645,17.0,penjumlahan,2026-01-06
15646,17.0,penjumlahan,2026-01-08
15647,17.0,penjumlahan,2026-01-10
15648,17.0,penjumlahan,2026-01-13
15649,17.0,pengurangan,2026-01-14
15650,17.0,pengurangan,2026-01-15
15651,17.0,pengurangan,2026-01-17
15652,17.0,pengurangan,2026-01-18
15653,17.0,pengurangan,2026-01-21
15654,17.0,pengurangan,2026-01-24
15655,17.0,pengurangan,2026-01-27
15656,17.0,perkalian,2026-01-29
15657,17.0,perkalian,2026-01-31
15658,17.0,perkalian,2026-02-02
15659,17.0,perkalian,2026-02-04
15660,17.0,perkalian,2026-02-07
15661,17.0,perkalian,2026-02-08
15662,17.0,perkalian,2026-02-09
15663,17.0,perkalian,2026-02-12
15664,17.0,perkalian,2026-02-13
15665,17.0,desimal,2026-02-16
15666,17.0,desimal,2026-02-19
15667,17.0,desimal,2026-02-22
15668,17.0,desimal,2026-02-24
15669,17.0,desimal,2026-02-26
15670,17.0,desimal,2026-02-27
15671,17.0,desimal,2026-03-01
15672,17.0,desimal,2026-03-04
15673,17.0,desimal,2026-03-07
15674,17.0,aljabar,2026-03-10
15675,17.0,aljabar,2026-03-13
15676,17.0,aljabar,2026-03-16
15677,17.0,aljabar,2026-03-18
15678,17.0,aljabar,2026-03-20
15679,17.0,aljabar,2026-03-22
15680,17.0,aljabar,2026-03-24
15681,17.0,aljabar,2026-03-26
15682,17.0,aljabar,2026-03-29
15683,17.0,limit,2026-04-01
15684,17.0,limit,2026-04-04
15685,17.0,limit,2026-04-05
15686,17.0,limit,2026-04-08
15687,17.0,limit,2026-04-10
15688,17.0,limit,2026-04-11
15689,17.0,limit,2026-04-12
15690,17.0,limit,2026-04-15
15691,17.0,turunan,2026-04-16
15692,17.0,turunan,2026-04-17
15693,17.0,turunan,2026-04-19
15694,17.0,turunan,2026-04-22
15695,17.0,turunan,2026-04-24
15696,17.0,turunan,2026-04-25
15697,8.0,penjumlahan,2026-01-01
15698,8.0,penjumlahan,2026-01-03
15699,8.0,penjumlahan,2026-01-05
15700,8.0,penjumlahan,2026-01-06
15701,8.0,penjumlahan,2026-01-07
15702,8.0,penjumlahan,2026-01-08
15703,8.0,penjumlahan,2026-01-10
15704,8.0,penjumlahan,2026-01-12
15705,8.0,penjumlahan,2026-01-15
15706,8.0,pengurangan,2026-01-17
15707,8.0,pengurangan,2026-01-20
15708,8.0,pengurangan,2026-01-23
15709,8.0,pengurangan,2026-01-26
15710,8.0,pengurangan,2026-01-28
15711,8.0,perkalian,2026-01-30
15712,8.0,perkalian,2026-02-02
15713,8.0,perkalian,2026-02-03
15714,8.0,perkalian,2026-02-04
15715,8.0,perkalian,2026-02-07
15716,8.0,pembagian,2026-02-10
15717,8.0,pembagian,2026-02-11
15718,8.0,pembagian,2026-02-13
15719,8.0,pembagian,2026-02-15
15720,8.0,pembagian,2026-02-17
15721,8.0,pembagian,2026-02-19
15722,8.0,pembagian,2026-02-21
15723,8.0,pembagian,2026-02-22
15724,8.0,pembagian,2026-02-25
15725,8.0,pecahan,2026-02-26
15726,8.0,pecahan,2026-02-27
15727,8.0,pecahan,2026-03-02
15728,8.0,pecahan,2026-03-05
15729,8.0,pecahan,2026-03-06
15730,8.0,pecahan,2026-03-09
15731,8.0,desimal,2026-03-10
15732,8.0,desimal,2026-03-12
15733,8.0,desimal,2026-03-14
15734,8.0,desimal,2026-03-15
15735,8.0,desimal,2026-03-17
15736,8.0,desimal,2026-03-20
15737,8.0,desimal,2026-03-23
15738,8.0,desimal,2026-03-25
15739,8.0,aljabar,2026-03-27
15740,8.0,aljabar,2026-03-29
15741,8.0,aljabar,2026-03-30
15742,8.0,aljabar,2026-04-01
15743,8.0,aljabar,2026-04-03
15744,8.0,aljabar,2026-04-06
15745,8.0,aljabar,2026-04-08
15746,8.0,persamaan_linear,2026-04-09
15747,8.0,persamaan_linear,2026-04-11
15748,8.0,persamaan_linear,2026-04-13
15749,8.0,persamaan_linear,2026-04-15
15750,8.0,persamaan_linear,2026-04-17
15751,8.0,persamaan_linear,2026-04-19
15752,8.0,integral,2026-04-22
15753,8.0,integral,2026-04-23
15754,8.0,integral,2026-04-25
15755,8.0,integral,2026-04-28
15756,8.0,integral,2026-05-01
15757,8.0,integral,2026-05-03
15758,8.0,integral,2026-05-04
15759,8.0,integral,2026-05-07
15760,15.0,penjumlahan,2026-01-01
15761,15.0,penjumlahan,2026-01-03
15762,15.0,penjumlahan,2026-01-05
15763,15.0,penjumlahan,2026-01-07
15764,15.0,penjumlahan,2026-01-08
15765,15.0,penjumlahan,2026-01-09
15766,15.0,penjumlahan,2026-01-12
15767,15.0,penjumlahan,2026-01-15
15768,15.0,pengurangan,2026-01-18
15769,15.0,pengurangan,2026-01-19
15770,15.0,pengurangan,2026-01-21
15771,15.0,pengurangan,2026-01-22
15772,15.0,pengurangan,2026-01-25
15773,15.0,pengurangan,2026-01-27
15774,15.0,pengurangan,2026-01-30
15775,15.0,pengurangan,2026-01-31
15776,15.0,perkalian,2026-02-03
15777,15.0,perkalian,2026-02-06
15778,15.0,perkalian,2026-02-09
15779,15.0,perkalian,2026-02-10
15780,15.0,perkalian,2026-02-13
15781,15.0,perkalian,2026-02-14
15782,15.0,perkalian,2026-02-17
15783,15.0,pembagian,2026-02-18
15784,15.0,pembagian,2026-02-19
15785,15.0,pembagian,2026-02-22
15786,15.0,pembagian,2026-02-24
15787,15.0,pembagian,2026-02-26
15788,15.0,pecahan,2026-03-01
15789,15.0,pecahan,2026-03-02
15790,15.0,pecahan,2026-03-03
15791,15.0,pecahan,2026-03-04
15792,15.0,pecahan,2026-03-07
15793,15.0,pecahan,2026-03-08
15794,15.0,desimal,2026-03-09
15795,15.0,desimal,2026-03-10
15796,15.0,desimal,2026-03-12
15797,15.0,desimal,2026-03-14
15798,15.0,desimal,2026-03-17
15799,15.0,desimal,2026-03-18
15800,15.0,desimal,2026-03-21
15801,15.0,desimal,2026-03-24
15802,15.0,desimal,2026-03-27
15803,15.0,aljabar,2026-03-28
15804,15.0,aljabar,2026-03-29
15805,15.0,aljabar,2026-03-31
15806,15.0,aljabar,2026-04-03
15807,15.0,aljabar,2026-04-05
15808,15.0,aljabar,2026-04-07
15809,15.0,persamaan_linear,2026-04-08
15810,15.0,persamaan_linear,2026-04-09
15811,15.0,persamaan_linear,2026-04-11
15812,15.0,persamaan_linear,2026-04-12
15813,15.0,persamaan_linear,2026-04-13
15814,15.0,persamaan_linear,2026-04-14
15815,15.0,persamaan_linear,2026-04-15
15816,15.0,fungsi,2026-04-16
15817,15.0,fungsi,2026-04-19
15818,15.0,fungsi,2026-04-20
15819,15.0,fungsi,2026-04-23
15820,15.0,fungsi,2026-04-25
15821,15.0,limit,2026-04-26
15822,15.0,limit,2026-04-28
15823,15.0,limit,2026-04-29
15824,15.0,limit,2026-05-02
15825,15.0,limit,2026-05-05
15826,15.0,limit,2026-05-06
15827,15.0,limit,2026-05-09
15828,15.0,limit,2026-05-11
15829,15.0,turunan,2026-05-13
15830,15.0,turunan,2026-05-16
15831,15.0,turunan,2026-05-18
15832,15.0,turunan,2026-05-21
15833,15.0,turunan,2026-05-22
15834,15.0,turunan,2026-05-23
15835,15.0,turunan,2026-05-25
15836,15.0,turunan,2026-05-28
15837,15.0,turunan,2026-05-31
15838,15.0,integral,2026-06-01
15839,15.0,integral,2026-06-03
15840,15.0,integral,2026-06-06
15841,15.0,integral,2026-06-09
15842,15.0,integral,2026-06-11
15843,15.0,integral,2026-06-13
15844,15.0,integral,2026-06-15
15845,10.0,penjumlahan,2026-01-01
15846,10.0,penjumlahan,2026-01-04
15847,10.0,penjumlahan,2026-01-06
15848,10.0,penjumlahan,2026-01-07
15849,10.0,penjumlahan,2026-01-09
15850,10.0,penjumlahan,2026-01-11
15851,10.0,pengurangan,2026-01-13
15852,10.0,pengurangan,2026-01-16
15853,10.0,pengurangan,2026-01-17
15854,10.0,pengurangan,2026-01-19
15855,10.0,pengurangan,2026-01-21
15856,10.0,pengurangan,2026-01-23
15857,10.0,pengurangan,2026-01-25
15858,10.0,pengurangan,2026-01-27
15859,10.0,pengurangan,2026-01-28
15860,10.0,pecahan,2026-01-30
15861,10.0,pecahan,2026-02-01
15862,10.0,pecahan,2026-02-04
15863,10.0,pecahan,2026-02-06
15864,10.0,pecahan,2026-02-09
15865,10.0,desimal,2026-02-12
15866,10.0,desimal,2026-02-13
15867,10.0,desimal,2026-02-14
15868,10.0,desimal,2026-02-17
15869,10.0,desimal,2026-02-18
15870,10.0,desimal,2026-02-21
15871,10.0,desimal,2026-02-22
15872,10.0,desimal,2026-02-23
15873,10.0,aljabar,2026-02-24
15874,10.0,aljabar,2026-02-25
15875,10.0,aljabar,2026-02-27
15876,10.0,aljabar,2026-03-01
15877,10.0,aljabar,2026-03-02
15878,10.0,aljabar,2026-03-03
15879,10.0,aljabar,2026-03-05
15880,10.0,aljabar,2026-03-06
15881,10.0,aljabar,2026-03-07
15882,10.0,persamaan_linear,2026-03-09
15883,10.0,persamaan_linear,2026-03-11
15884,10.0,persamaan_linear,2026-03-12
15885,10.0,persamaan_linear,2026-03-13
15886,10.0,persamaan_linear,2026-03-15
15887,10.0,persamaan_linear,2026-03-17
15888,10.0,persamaan_linear,2026-03-18
15889,10.0,persamaan_linear,2026-03-19
15890,10.0,persamaan_linear,2026-03-21
15891,10.0,fungsi,2026-03-22
15892,10.0,fungsi,2026-03-25
15893,10.0,fungsi,2026-03-27
15894,10.0,fungsi,2026-03-29
15895,10.0,fungsi,2026-04-01
15896,10.0,fungsi,2026-04-04
15897,10.0,fungsi,2026-04-05
15898,10.0,fungsi,2026-04-06
15899,10.0,fungsi,2026-04-09
15900,10.0,limit,2026-04-11
15901,10.0,limit,2026-04-13
15902,10.0,limit,2026-04-14
15903,10.0,limit,2026-04-17
15904,10.0,limit,2026-04-20
15905,10.0,limit,2026-04-21
15906,10.0,limit,2026-04-22
15907,10.0,turunan,2026-04-23
15908,10.0,turunan,2026-04-26
15909,10.0,turunan,2026-04-28
15910,10.0,turunan,2026-04-29
15911,10.0,turunan,2026-04-30
15912,10.0,turunan,2026-05-03
15913,10.0,turunan,2026-05-04
15914,10.0,turunan,2026-05-05
15915,10.0,integral,2026-05-08
15916,10.0,integral,2026-05-10
15917,10.0,integral,2026-05-11
15918,10.0,integral,2026-05-13
15919,10.0,integral,2026-05-14
15920,10.0,integral,2026-05-16
15921,10.0,integral,2026-05-18
15922,10.0,integral,2026-05-19
15923,9.0,penjumlahan,2026-01-01
15924,9.0,penjumlahan,2026-01-04
15925,9.0,penjumlahan,2026-01-05
15926,9.0,penjumlahan,2026-01-06
15927,9.0,penjumlahan,2026-01-09
15928,9.0,penjumlahan,2026-01-11
15929,9.0,penjumlahan,2026-01-13
15930,9.0,penjumlahan,2026-01-15
15931,9.0,penjumlahan,2026-01-17
15932,9.0,pengurangan,2026-01-19
15933,9.0,pengurangan,2026-01-21
15934,9.0,pengurangan,2026-01-24
15935,9.0,pengurangan,2026-01-27
15936,9.0,pengurangan,2026-01-30
15937,9.0,perkalian,2026-02-02
15938,9.0,perkalian,2026-02-05
15939,9.0,perkalian,2026-02-06
15940,9.0,perkalian,2026-02-07
15941,9.0,perkalian,2026-02-09
15942,9.0,perkalian,2026-02-10
15943,9.0,perkalian,2026-02-13
15944,9.0,perkalian,2026-02-14
15945,9.0,pembagian,2026-02-16
15946,9.0,pembagian,2026-02-19
15947,9.0,pembagian,2026-02-20
15948,9.0,pembagian,2026-02-22
15949,9.0,pembagian,2026-02-23
15950,9.0,pembagian,2026-02-26
15951,9.0,pembagian,2026-02-27
15952,9.0,pecahan,2026-03-01
15953,9.0,pecahan,2026-03-03
15954,9.0,pecahan,2026-03-04
15955,9.0,pecahan,2026-03-07
15956,9.0,pecahan,2026-03-08
15957,9.0,pecahan,2026-03-09
15958,9.0,pecahan,2026-03-11
15959,9.0,desimal,2026-03-14
15960,9.0,desimal,2026-03-16
15961,9.0,desimal,2026-03-19
15962,9.0,desimal,2026-03-22
15963,9.0,desimal,2026-03-25
15964,9.0,desimal,2026-03-26
15965,9.0,desimal,2026-03-27
15966,9.0,desimal,2026-03-29
15967,9.0,aljabar,2026-03-31
15968,9.0,aljabar,2026-04-03
15969,9.0,aljabar,2026-04-06
15970,9.0,aljabar,2026-04-08
15971,9.0,aljabar,2026-04-10
15972,9.0,persamaan_linear,2026-04-11
15973,9.0,persamaan_linear,2026-04-12
15974,9.0,persamaan_linear,2026-04-14
15975,9.0,persamaan_linear,2026-04-15
15976,9.0,persamaan_linear,2026-04-18
15977,9.0,limit,2026-04-19
15978,9.0,limit,2026-04-22
15979,9.0,limit,2026-04-24
15980,9.0,limit,2026-04-26
15981,9.0,limit,2026-04-29
15982,9.0,turunan,2026-05-02
15983,9.0,turunan,2026-05-05
15984,9.0,turunan,2026-05-06
15985,9.0,turunan,2026-05-08
15986,9.0,turunan,2026-05-10
15987,9.0,turunan,2026-05-13
15988,9.0,turunan,2026-05-16
15989,9.0,turunan,2026-05-19
15990,9.0,turunan,2026-05-20
15991,9.0,integral,2026-05-22
15992,9.0,integral,2026-05-25
15993,9.0,integral,2026-05-28
15994,9.0,integral,2026-05-29
15995,9.0,integral,2026-06-01
15996,9.0,integral,2026-06-02
15997,9.0,integral,2026-06-03
15998,9.0,integral,2026-06-05
15999,11.0,penjumlahan,2026-01-01
16000,11.0,penjumlahan,2026-01-02
16001,11.0,penjumlahan,2026-01-05
16002,11.0,penjumlahan,2026-01-08
16003,11.0,penjumlahan,2026-01-11
16004,11.0,penjumlahan,2026-01-13
16005,11.0,penjumlahan,2026-01-16
16006,11.0,penjumlahan,2026-01-18
16007,11.0,penjumlahan,2026-01-20
16008,11.0,pengurangan,2026-01-22
16009,11.0,pengurangan,2026-01-25
16010,11.0,pengurangan,2026-01-27
16011,11.0,pengurangan,2026-01-30
16012,11.0,pengurangan,2026-02-01
16013,11.0,pengurangan,2026-02-03
16014,11.0,pengurangan,2026-02-06
16015,11.0,pengurangan,2026-02-07
16016,11.0,perkalian,2026-02-09
16017,11.0,perkalian,2026-02-11
16018,11.0,perkalian,2026-02-13
16019,11.0,perkalian,2026-02-15
16020,11.0,perkalian,2026-02-18
16021,11.0,perkalian,2026-02-19
16022,11.0,pembagian,2026-02-20
16023,11.0,pembagian,2026-02-22
16024,11.0,pembagian,2026-02-25
16025,11.0,pembagian,2026-02-26
16026,11.0,pembagian,2026-02-27
16027,11.0,aljabar,2026-03-01
16028,11.0,aljabar,2026-03-04
16029,11.0,aljabar,2026-03-07
16030,11.0,aljabar,2026-03-10
16031,11.0,aljabar,2026-03-12
16032,11.0,aljabar,2026-03-15
16033,11.0,fungsi,2026-03-16
16034,11.0,fungsi,2026-03-17
16035,11.0,fungsi,2026-03-19
16036,11.0,fungsi,2026-03-20
16037,11.0,fungsi,2026-03-21
16038,11.0,fungsi,2026-03-23
16039,11.0,fungsi,2026-03-25
16040,11.0,fungsi,2026-03-28
16041,11.0,limit,2026-03-30
16042,11.0,limit,2026-03-31
16043,11.0,limit,2026-04-03
16044,11.0,limit,2026-04-06
16045,11.0,limit,2026-04-08
16046,11.0,limit,2026-04-10
16047,11.0,limit,2026-04-13
16048,11.0,limit,2026-04-14
16049,11.0,turunan,2026-04-17
16050,11.0,turunan,2026-04-20
16051,11.0,turunan,2026-04-23
16052,11.0,turunan,2026-04-24
16053,11.0,turunan,2026-04-27
16054,11.0,integral,2026-04-28
16055,11.0,integral,2026-04-30
16056,11.0,integral,2026-05-02
16057,11.0,integral,2026-05-03
16058,11.0,integral,2026-05-05
16059,5.0,penjumlahan,2026-01-01
16060,5.0,penjumlahan,2026-01-04
16061,5.0,penjumlahan,2026-01-07
16062,5.0,penjumlahan,2026-01-09
16063,5.0,penjumlahan,2026-01-10
16064,5.0,penjumlahan,2026-01-12
16065,5.0,pengurangan,2026-01-14
16066,5.0,pengurangan,2026-01-16
16067,5.0,pengurangan,2026-01-19
16068,5.0,pengurangan,2026-01-20
16069,5.0,pengurangan,2026-01-22
16070,5.0,pengurangan,2026-01-25
16071,5.0,pengurangan,2026-01-28
16072,5.0,pengurangan,2026-01-31
16073,5.0,perkalian,2026-02-01
16074,5.0,perkalian,2026-02-03
16075,5.0,perkalian,2026-02-06
16076,5.0,perkalian,2026-02-07
16077,5.0,perkalian,2026-02-08
16078,5.0,perkalian,2026-02-09
16079,5.0,perkalian,2026-02-11
16080,5.0,pecahan,2026-02-14
16081,5.0,pecahan,2026-02-16
16082,5.0,pecahan,2026-02-19
16083,5.0,pecahan,2026-02-21
16084,5.0,pecahan,2026-02-24
16085,5.0,aljabar,2026-02-25
16086,5.0,aljabar,2026-02-28
16087,5.0,aljabar,2026-03-03
16088,5.0,aljabar,2026-03-06
16089,5.0,aljabar,2026-03-08
16090,5.0,aljabar,2026-03-09
16091,5.0,persamaan_linear,2026-03-11
16092,5.0,persamaan_linear,2026-03-14
16093,5.0,persamaan_linear,2026-03-17
16094,5.0,persamaan_linear,2026-03-20
16095,5.0,persamaan_linear,2026-03-21
16096,5.0,fungsi,2026-03-24
16097,5.0,fungsi,2026-03-26
16098,5.0,fungsi,2026-03-28
16099,5.0,fungsi,2026-03-31
16100,5.0,fungsi,2026-04-01
16101,5.0,fungsi,2026-04-02
16102,5.0,fungsi,2026-04-05
16103,5.0,fungsi,2026-04-08
16104,5.0,fungsi,2026-04-10
16105,8.0,penjumlahan,2026-01-01
16106,8.0,penjumlahan,2026-01-03
16107,8.0,penjumlahan,2026-01-06
16108,8.0,penjumlahan,2026-01-08
16109,8.0,penjumlahan,2026-01-10
16110,8.0,penjumlahan,2026-01-13
16111,8.0,penjumlahan,2026-01-16
16112,8.0,pengurangan,2026-01-19
16113,8.0,pengurangan,2026-01-22
16114,8.0,pengurangan,2026-01-24
16115,8.0,pengurangan,2026-01-27
16116,8.0,pengurangan,2026-01-30
16117,8.0,pembagian,2026-01-31
16118,8.0,pembagian,2026-02-01
16119,8.0,pembagian,2026-02-04
16120,8.0,pembagian,2026-02-05
16121,8.0,pembagian,2026-02-07
16122,8.0,pembagian,2026-02-10
16123,8.0,pecahan,2026-02-13
16124,8.0,pecahan,2026-02-16
16125,8.0,pecahan,2026-02-17
16126,8.0,pecahan,2026-02-19
16127,8.0,pecahan,2026-02-22
16128,8.0,aljabar,2026-02-23
16129,8.0,aljabar,2026-02-26
16130,8.0,aljabar,2026-03-01
16131,8.0,aljabar,2026-03-04
16132,8.0,aljabar,2026-03-07
16133,8.0,aljabar,2026-03-09
16134,8.0,persamaan_linear,2026-03-11
16135,8.0,persamaan_linear,2026-03-12
16136,8.0,persamaan_linear,2026-03-14
16137,8.0,persamaan_linear,2026-03-17
16138,8.0,persamaan_linear,2026-03-18
16139,8.0,fungsi,2026-03-20
16140,8.0,fungsi,2026-03-22
16141,8.0,fungsi,2026-03-25
16142,8.0,fungsi,2026-03-27
16143,8.0,fungsi,2026-03-30
16144,8.0,fungsi,2026-04-01
16145,8.0,fungsi,2026-04-04
16146,8.0,fungsi,2026-04-05
16147,8.0,fungsi,2026-04-07
16148,8.0,limit,2026-04-10
16149,8.0,limit,2026-04-11
16150,8.0,limit,2026-04-12
16151,8.0,limit,2026-04-14
16152,8.0,limit,2026-04-16
16153,8.0,limit,2026-04-17
16154,8.0,integral,2026-04-19
16155,8.0,integral,2026-04-22
16156,8.0,integral,2026-04-25
16157,8.0,integral,2026-04-27
16158,8.0,integral,2026-04-30
16159,8.0,integral,2026-05-01
16160,8.0,integral,2026-05-04
16161,8.0,integral,2026-05-05
16162,8.0,integral,2026-05-06
16163,5.0,penjumlahan,2026-01-01
16164,5.0,penjumlahan,2026-01-02
16165,5.0,penjumlahan,2026-01-04
16166,5.0,penjumlahan,2026-01-06
16167,5.0,penjumlahan,2026-01-08
16168,5.0,penjumlahan,2026-01-11
16169,5.0,penjumlahan,2026-01-14
16170,5.0,penjumlahan,2026-01-17
16171,5.0,pengurangan,2026-01-18
16172,5.0,pengurangan,2026-01-20
16173,5.0,pengurangan,2026-01-23
16174,5.0,pengurangan,2026-01-26
16175,5.0,pengurangan,2026-01-27
16176,5.0,pengurangan,2026-01-29
16177,5.0,perkalian,2026-01-30
16178,5.0,perkalian,2026-01-31
16179,5.0,perkalian,2026-02-03
16180,5.0,perkalian,2026-02-04
16181,5.0,perkalian,2026-02-07
16182,5.0,perkalian,2026-02-09
16183,5.0,perkalian,2026-02-12
16184,5.0,perkalian,2026-02-15
16185,5.0,perkalian,2026-02-17
16186,5.0,aljabar,2026-02-20
16187,5.0,aljabar,2026-02-23
16188,5.0,aljabar,2026-02-25
16189,5.0,aljabar,2026-02-27
16190,5.0,aljabar,2026-02-28
16191,5.0,aljabar,2026-03-03
16192,5.0,aljabar,2026-03-06
16193,5.0,persamaan_linear,2026-03-08
16194,5.0,persamaan_linear,2026-03-09
16195,5.0,persamaan_linear,2026-03-10
16196,5.0,persamaan_linear,2026-03-13
16197,5.0,persamaan_linear,2026-03-16
16198,5.0,persamaan_linear,2026-03-18
16199,5.0,limit,2026-03-19
16200,5.0,limit,2026-03-20
16201,5.0,limit,2026-03-21
16202,5.0,limit,2026-03-24
16203,5.0,limit,2026-03-26
16204,5.0,limit,2026-03-27
16205,5.0,limit,2026-03-29
16206,5.0,limit,2026-03-30
16207,5.0,limit,2026-04-02
16208,5.0,turunan,2026-04-03
16209,5.0,turunan,2026-04-06
16210,5.0,turunan,2026-04-07
16211,5.0,turunan,2026-04-09
16212,5.0,turunan,2026-04-11
16213,5.0,turunan,2026-04-13
16214,5.0,turunan,2026-04-16
16215,5.0,turunan,2026-04-19
16216,5.0,integral,2026-04-22
16217,5.0,integral,2026-04-24
16218,5.0,integral,2026-04-26
16219,5.0,integral,2026-04-29
16220,5.0,integral,2026-05-02
16221,5.0,integral,2026-05-05
16222,5.0,integral,2026-05-08
16223,5.0,integral,2026-05-10
16224,5.0,integral,2026-05-11
16225,3.0,penjumlahan,2026-01-01
16226,3.0,penjumlahan,2026-01-04
16227,3.0,penjumlahan,2026-01-05
16228,3.0,penjumlahan,2026-01-06
16229,3.0,penjumlahan,2026-01-07
16230,3.0,penjumlahan,2026-01-08
16231,3.0,penjumlahan,2026-01-09
16232,3.0,pengurangan,2026-01-12
16233,3.0,pengurangan,2026-01-13
16234,3.0,pengurangan,2026-01-16
16235,3.0,pengurangan,2026-01-18
16236,3.0,pengurangan,2026-01-20
16237,3.0,pengurangan,2026-01-21
16238,3.0,pengurangan,2026-01-24
16239,3.0,pengurangan,2026-01-26
16240,3.0,perkalian,2026-01-27
16241,3.0,perkalian,2026-01-29
16242,3.0,perkalian,2026-02-01
16243,3.0,perkalian,2026-02-03
16244,3.0,perkalian,2026-02-04
16245,3.0,perkalian,2026-02-07
16246,3.0,perkalian,2026-02-09
16247,3.0,pembagian,2026-02-12
16248,3.0,pembagian,2026-02-14
16249,3.0,pembagian,2026-02-15
16250,3.0,pembagian,2026-02-16
16251,3.0,pembagian,2026-02-17
16252,3.0,pembagian,2026-02-19
16253,3.0,pecahan,2026-02-20
16254,3.0,pecahan,2026-02-22
16255,3.0,pecahan,2026-02-24
16256,3.0,pecahan,2026-02-26
16257,3.0,pecahan,2026-02-28
16258,3.0,pecahan,2026-03-02
16259,3.0,pecahan,2026-03-03
16260,3.0,pecahan,2026-03-04
16261,3.0,pecahan,2026-03-06
16262,3.0,desimal,2026-03-07
16263,3.0,desimal,2026-03-09
16264,3.0,desimal,2026-03-11
16265,3.0,desimal,2026-03-13
16266,3.0,desimal,2026-03-14
16267,3.0,desimal,2026-03-17
16268,3.0,desimal,2026-03-20
16269,3.0,aljabar,2026-03-23
16270,3.0,aljabar,2026-03-25
16271,3.0,aljabar,2026-03-27
16272,3.0,aljabar,2026-03-30
16273,3.0,aljabar,2026-04-02
16274,3.0,aljabar,2026-04-05
16275,3.0,aljabar,2026-04-07
16276,3.0,aljabar,2026-04-10
16277,3.0,persamaan_linear,2026-04-12
16278,3.0,persamaan_linear,2026-04-14
16279,3.0,persamaan_linear,2026-04-15
16280,3.0,persamaan_linear,2026-04-18
16281,3.0,persamaan_linear,2026-04-20
16282,3.0,persamaan_linear,2026-04-22
16283,3.0,fungsi,2026-04-23
16284,3.0,fungsi,2026-04-24
16285,3.0,fungsi,2026-04-26
16286,3.0,fungsi,2026-04-28
16287,3.0,fungsi,2026-05-01
16288,3.0,fungsi,2026-05-03
16289,3.0,fungsi,2026-05-05
16290,3.0,fungsi,2026-05-07
16291,3.0,fungsi,2026-05-08
16292,3.0,limit,2026-05-09
16293,3.0,limit,2026-05-10
16294,3.0,limit,2026-05-13
16295,3.0,limit,2026-05-14
16296,3.0,limit,2026-05-15
16297,3.0,limit,2026-05-18
16298,3.0,limit,2026-05-21
16299,3.0,integral,2026-05-22
16300,3.0,integral,2026-05-23
16301,3.0,integral,2026-05-26
16302,3.0,integral,2026-05-27
16303,3.0,integral,2026-05-30
16304,3.0,integral,2026-06-02
16305,3.0,integral,2026-06-05
16306,14.0,penjumlahan,2026-01-01
16307,14.0,penjumlahan,2026-01-04
16308,14.0,penjumlahan,2026-01-06
16309,14.0,penjumlahan,2026-01-07
16310,14.0,penjumlahan,2026-01-10
16311,14.0,penjumlahan,2026-01-11
16312,14.0,penjumlahan,2026-01-14
16313,14.0,penjumlahan,2026-01-16
16314,14.0,penjumlahan,2026-01-17
16315,14.0,pengurangan,2026-01-19
16316,14.0,pengurangan,2026-01-20
16317,14.0,pengurangan,2026-01-22
16318,14.0,pengurangan,2026-01-25
16319,14.0,pengurangan,2026-01-26
16320,14.0,pengurangan,2026-01-27
16321,14.0,pengurangan,2026-01-30
16322,14.0,pembagian,2026-02-02
16323,14.0,pembagian,2026-02-05
16324,14.0,pembagian,2026-02-07
16325,14.0,pembagian,2026-02-09
16326,14.0,pembagian,2026-02-10
16327,14.0,pembagian,2026-02-12
16328,14.0,pembagian,2026-02-14
16329,14.0,pembagian,2026-02-17
16330,14.0,pecahan,2026-02-18
16331,14.0,pecahan,2026-02-20
16332,14.0,pecahan,2026-02-22
16333,14.0,pecahan,2026-02-25
16334,14.0,pecahan,2026-02-28
16335,14.0,pecahan,2026-03-03
16336,14.0,pecahan,2026-03-06
16337,14.0,desimal,2026-03-07
16338,14.0,desimal,2026-03-08
16339,14.0,desimal,2026-03-11
16340,14.0,desimal,2026-03-13
16341,14.0,desimal,2026-03-15
16342,14.0,desimal,2026-03-18
16343,14.0,desimal,2026-03-19
16344,14.0,desimal,2026-03-22
16345,14.0,desimal,2026-03-23
16346,14.0,aljabar,2026-03-24
16347,14.0,aljabar,2026-03-26
16348,14.0,aljabar,2026-03-28
16349,14.0,aljabar,2026-03-30
16350,14.0,aljabar,2026-04-01
16351,14.0,aljabar,2026-04-04
16352,14.0,aljabar,2026-04-07
16353,14.0,fungsi,2026-04-10
16354,14.0,fungsi,2026-04-12
16355,14.0,fungsi,2026-04-14
16356,14.0,fungsi,2026-04-15
16357,14.0,fungsi,2026-04-18
16358,14.0,fungsi,2026-04-20
16359,14.0,limit,2026-04-22
16360,14.0,limit,2026-04-23
16361,14.0,limit,2026-04-24
16362,14.0,limit,2026-04-26
16363,14.0,limit,2026-04-28
16364,14.0,limit,2026-04-29
16365,14.0,limit,2026-05-02
16366,14.0,limit,2026-05-04
16367,14.0,limit,2026-05-07
16368,14.0,integral,2026-05-10
16369,14.0,integral,2026-05-13
16370,14.0,integral,2026-05-16
16371,14.0,integral,2026-05-19
16372,14.0,integral,2026-05-21
16373,14.0,integral,2026-05-23
16374,14.0,integral,2026-05-25
16375,18.0,penjumlahan,2026-01-01
16376,18.0,penjumlahan,2026-01-02
16377,18.0,penjumlahan,2026-01-04
16378,18.0,penjumlahan,2026-01-06
16379,18.0,penjumlahan,2026-01-08
16380,18.0,penjumlahan,2026-01-09
16381,18.0,penjumlahan,2026-01-11
16382,18.0,penjumlahan,2026-01-14
16383,18.0,pengurangan,2026-01-17
16384,18.0,pengurangan,2026-01-18
16385,18.0,pengurangan,2026-01-20
16386,18.0,pengurangan,2026-01-21
16387,18.0,pengurangan,2026-01-23
16388,18.0,perkalian,2026-01-26
16389,18.0,perkalian,2026-01-29
16390,18.0,perkalian,2026-01-30
16391,18.0,perkalian,2026-01-31
16392,18.0,perkalian,2026-02-03
16393,18.0,perkalian,2026-02-04
16394,18.0,perkalian,2026-02-05
16395,18.0,perkalian,2026-02-08
16396,18.0,pembagian,2026-02-11
16397,18.0,pembagian,2026-02-13
16398,18.0,pembagian,2026-02-16
16399,18.0,pembagian,2026-02-18
16400,18.0,pembagian,2026-02-21
16401,18.0,pembagian,2026-02-24
16402,18.0,pembagian,2026-02-27
16403,18.0,pecahan,2026-03-01
16404,18.0,pecahan,2026-03-03
16405,18.0,pecahan,2026-03-05
16406,18.0,pecahan,2026-03-07
16407,18.0,pecahan,2026-03-08
16408,18.0,desimal,2026-03-10
16409,18.0,desimal,2026-03-12
16410,18.0,desimal,2026-03-15
16411,18.0,desimal,2026-03-18
16412,18.0,desimal,2026-03-21
16413,18.0,desimal,2026-03-22
16414,18.0,desimal,2026-03-23
16415,18.0,desimal,2026-03-24
16416,18.0,desimal,2026-03-27
16417,18.0,persamaan_linear,2026-03-30
16418,18.0,persamaan_linear,2026-04-01
16419,18.0,persamaan_linear,2026-04-03
16420,18.0,persamaan_linear,2026-04-05
16421,18.0,persamaan_linear,2026-04-08
16422,18.0,fungsi,2026-04-11
16423,18.0,fungsi,2026-04-12
16424,18.0,fungsi,2026-04-13
16425,18.0,fungsi,2026-04-15
16426,18.0,fungsi,2026-04-17
16427,18.0,fungsi,2026-04-19
16428,18.0,fungsi,2026-04-22
16429,18.0,fungsi,2026-04-24
16430,18.0,limit,2026-04-25
16431,18.0,limit,2026-04-27
16432,18.0,limit,2026-04-29
16433,18.0,limit,2026-05-01
16434,18.0,limit,2026-05-04
16435,18.0,limit,2026-05-05
16436,14.0,penjumlahan,2026-01-01
16437,14.0,penjumlahan,2026-01-03
16438,14.0,penjumlahan,2026-01-05
16439,14.0,penjumlahan,2026-01-08
16440,14.0,penjumlahan,2026-01-11
16441,14.0,pengurangan,2026-01-13
16442,14.0,pengurangan,2026-01-15
16443,14.0,pengurangan,2026-01-18
16444,14.0,pengurangan,2026-01-19
16445,14.0,pengurangan,2026-01-22
16446,14.0,pengurangan,2026-01-25
16447,14.0,pecahan,2026-01-26
16448,14.0,pecahan,2026-01-29
16449,14.0,pecahan,2026-01-31
16450,14.0,pecahan,2026-02-03
16451,14.0,pecahan,2026-02-05
16452,14.0,pecahan,2026-02-06
16453,14.0,pecahan,2026-02-08
16454,14.0,pecahan,2026-02-09
16455,14.0,desimal,2026-02-10
16456,14.0,desimal,2026-02-11
16457,14.0,desimal,2026-02-14
16458,14.0,desimal,2026-02-16
16459,14.0,desimal,2026-02-18
16460,14.0,desimal,2026-02-20
16461,14.0,persamaan_linear,2026-02-23
16462,14.0,persamaan_linear,2026-02-24
16463,14.0,persamaan_linear,2026-02-25
16464,14.0,persamaan_linear,2026-02-26
16465,14.0,persamaan_linear,2026-02-28
16466,14.0,fungsi,2026-03-02
16467,14.0,fungsi,2026-03-05
16468,14.0,fungsi,2026-03-07
16469,14.0,fungsi,2026-03-10
16470,14.0,fungsi,2026-03-11
16471,14.0,limit,2026-03-14
16472,14.0,limit,2026-03-16
16473,14.0,limit,2026-03-18
16474,14.0,limit,2026-03-19
16475,14.0,limit,2026-03-22
16476,14.0,limit,2026-03-25
16477,14.0,limit,2026-03-27
16478,14.0,limit,2026-03-28
16479,14.0,limit,2026-03-30
16480,14.0,turunan,2026-04-01
16481,14.0,turunan,2026-04-03
16482,14.0,turunan,2026-04-05
16483,14.0,turunan,2026-04-07
16484,14.0,turunan,2026-04-09
16485,14.0,turunan,2026-04-11
16486,14.0,turunan,2026-04-12
16487,14.0,integral,2026-04-15
16488,14.0,integral,2026-04-16
16489,14.0,integral,2026-04-18
16490,14.0,integral,2026-04-21
16491,14.0,integral,2026-04-22
16492,14.0,integral,2026-04-23
16493,7.0,penjumlahan,2026-01-01
16494,7.0,penjumlahan,2026-01-03
16495,7.0,penjumlahan,2026-01-05
16496,7.0,penjumlahan,2026-01-06
16497,7.0,penjumlahan,2026-01-08
16498,7.0,penjumlahan,2026-01-09
16499,7.0,penjumlahan,2026-01-12
16500,7.0,penjumlahan,2026-01-14
16501,7.0,penjumlahan,2026-01-17
16502,7.0,pengurangan,2026-01-18
16503,7.0,pengurangan,2026-01-20
16504,7.0,pengurangan,2026-01-21
16505,7.0,pengurangan,2026-01-22
16506,7.0,pengurangan,2026-01-24
16507,7.0,pengurangan,2026-01-26
16508,7.0,pengurangan,2026-01-28
16509,7.0,pengurangan,2026-01-30
16510,7.0,pengurangan,2026-02-02
16511,7.0,perkalian,2026-02-05
16512,7.0,perkalian,2026-02-06
16513,7.0,perkalian,2026-02-09
16514,7.0,perkalian,2026-02-10
16515,7.0,perkalian,2026-02-13
16516,7.0,perkalian,2026-02-16
16517,7.0,perkalian,2026-02-17
16518,7.0,perkalian,2026-02-20
16519,7.0,perkalian,2026-02-22
16520,7.0,pembagian,2026-02-23
16521,7.0,pembagian,2026-02-26
16522,7.0,pembagian,2026-03-01
16523,7.0,pembagian,2026-03-04
16524,7.0,pembagian,2026-03-05
16525,7.0,pecahan,2026-03-08
16526,7.0,pecahan,2026-03-11
16527,7.0,pecahan,2026-03-13
16528,7.0,pecahan,2026-03-15
16529,7.0,pecahan,2026-03-17
16530,7.0,pecahan,2026-03-20
16531,7.0,pecahan,2026-03-23
16532,7.0,desimal,2026-03-24
16533,7.0,desimal,2026-03-27
16534,7.0,desimal,2026-03-30
16535,7.0,desimal,2026-04-01
16536,7.0,desimal,2026-04-02
16537,7.0,aljabar,2026-04-03
16538,7.0,aljabar,2026-04-05
16539,7.0,aljabar,2026-04-06
16540,7.0,aljabar,2026-04-07
16541,7.0,aljabar,2026-04-09
16542,7.0,fungsi,2026-04-11
16543,7.0,fungsi,2026-04-14
16544,7.0,fungsi,2026-04-17
16545,7.0,fungsi,2026-04-18
16546,7.0,fungsi,2026-04-19
16547,7.0,integral,2026-04-21
16548,7.0,integral,2026-04-24
16549,7.0,integral,2026-04-25
16550,7.0,integral,2026-04-28
16551,7.0,integral,2026-04-29
16552,7.0,integral,2026-05-02
16553,7.0,integral,2026-05-04
16554,7.0,integral,2026-05-07
16555,13.0,penjumlahan,2026-01-01
16556,13.0,penjumlahan,2026-01-03
16557,13.0,penjumlahan,2026-01-05
16558,13.0,penjumlahan,2026-01-06
16559,13.0,penjumlahan,2026-01-08
16560,13.0,penjumlahan,2026-01-10
16561,13.0,penjumlahan,2026-01-11
16562,13.0,penjumlahan,2026-01-12
16563,13.0,penjumlahan,2026-01-15
16564,13.0,pengurangan,2026-01-18
16565,13.0,pengurangan,2026-01-21
16566,13.0,pengurangan,2026-01-24
16567,13.0,pengurangan,2026-01-26
16568,13.0,pengurangan,2026-01-29
16569,13.0,pengurangan,2026-01-30
16570,13.0,pengurangan,2026-02-02
16571,13.0,pengurangan,2026-02-05
16572,13.0,pecahan,2026-02-08
16573,13.0,pecahan,2026-02-10
16574,13.0,pecahan,2026-02-11
16575,13.0,pecahan,2026-02-14
16576,13.0,pecahan,2026-02-17
16577,13.0,desimal,2026-02-20
16578,13.0,desimal,2026-02-21
16579,13.0,desimal,2026-02-23
16580,13.0,desimal,2026-02-25
16581,13.0,desimal,2026-02-27
16582,13.0,desimal,2026-03-02
16583,13.0,desimal,2026-03-03
16584,13.0,desimal,2026-03-05
16585,13.0,desimal,2026-03-07
16586,13.0,aljabar,2026-03-09
16587,13.0,aljabar,2026-03-11
16588,13.0,aljabar,2026-03-14
16589,13.0,aljabar,2026-03-17
16590,13.0,aljabar,2026-03-19
16591,13.0,aljabar,2026-03-22
16592,13.0,aljabar,2026-03-23
16593,13.0,aljabar,2026-03-26
16594,13.0,limit,2026-03-29
16595,13.0,limit,2026-03-30
16596,13.0,limit,2026-04-02
16597,13.0,limit,2026-04-03
16598,13.0,limit,2026-04-06
16599,13.0,limit,2026-04-07
16600,13.0,limit,2026-04-08
16601,13.0,turunan,2026-04-11
16602,13.0,turunan,2026-04-13
16603,13.0,turunan,2026-04-16
16604,13.0,turunan,2026-04-19
16605,13.0,turunan,2026-04-22
16606,13.0,turunan,2026-04-23
16607,13.0,turunan,2026-04-25
16608,13.0,turunan,2026-04-26
16609,13.0,turunan,2026-04-29
16610,13.0,integral,2026-05-01
16611,13.0,integral,2026-05-03
16612,13.0,integral,2026-05-04
16613,13.0,integral,2026-05-07
16614,13.0,integral,2026-05-08
16615,19.0,penjumlahan,2026-01-01
16616,19.0,penjumlahan,2026-01-04
16617,19.0,penjumlahan,2026-01-06
16618,19.0,penjumlahan,2026-01-07
16619,19.0,penjumlahan,2026-01-08
16620,19.0,pengurangan,2026-01-09
16621,19.0,pengurangan,2026-01-10
16622,19.0,pengurangan,2026-01-13
16623,19.0,pengurangan,2026-01-14
16624,19.0,pengurangan,2026-01-15
16625,19.0,pengurangan,2026-01-16
16626,19.0,perkalian,2026-01-18
16627,19.0,perkalian,2026-01-21
16628,19.0,perkalian,2026-01-22
16629,19.0,perkalian,2026-01-23
16630,19.0,perkalian,2026-01-24
16631,19.0,perkalian,2026-01-26
16632,19.0,pembagian,2026-01-28
16633,19.0,pembagian,2026-01-30
16634,19.0,pembagian,2026-02-02
16635,19.0,pembagian,2026-02-05
16636,19.0,pembagian,2026-02-07
16637,19.0,pecahan,2026-02-10
16638,19.0,pecahan,2026-02-12
16639,19.0,pecahan,2026-02-14
16640,19.0,pecahan,2026-02-16
16641,19.0,pecahan,2026-02-19
16642,19.0,pecahan,2026-02-20
16643,19.0,pecahan,2026-02-21
16644,19.0,aljabar,2026-02-24
16645,19.0,aljabar,2026-02-27
16646,19.0,aljabar,2026-03-02
16647,19.0,aljabar,2026-03-04
16648,19.0,aljabar,2026-03-05
16649,19.0,persamaan_linear,2026-03-08
16650,19.0,persamaan_linear,2026-03-09
16651,19.0,persamaan_linear,2026-03-12
16652,19.0,persamaan_linear,2026-03-14
16653,19.0,persamaan_linear,2026-03-16
16654,19.0,persamaan_linear,2026-03-18
16655,19.0,fungsi,2026-03-19
16656,19.0,fungsi,2026-03-21
16657,19.0,fungsi,2026-03-23
16658,19.0,fungsi,2026-03-25
16659,19.0,fungsi,2026-03-27
16660,19.0,fungsi,2026-03-29
16661,19.0,fungsi,2026-03-31
16662,19.0,fungsi,2026-04-03
16663,19.0,fungsi,2026-04-04
16664,19.0,limit,2026-04-07
16665,19.0,limit,2026-04-08
16666,19.0,limit,2026-04-11
16667,19.0,limit,2026-04-12
16668,19.0,limit,2026-04-13
16669,19.0,limit,2026-04-14
16670,19.0,limit,2026-04-17
16671,19.0,limit,2026-04-19
16672,19.0,limit,2026-04-21
16673,19.0,turunan,2026-04-24
16674,19.0,turunan,2026-04-27
16675,19.0,turunan,2026-04-29
16676,19.0,turunan,2026-04-30
16677,19.0,turunan,2026-05-01
16678,19.0,turunan,2026-05-02
16679,19.0,turunan,2026-05-03
16680,19.0,integral,2026-05-04
16681,19.0,integral,2026-05-07
16682,19.0,integral,2026-05-10
16683,19.0,integral,2026-05-11
16684,19.0,integral,2026-05-14
16685,16.0,penjumlahan,2026-01-01
16686,16.0,penjumlahan,2026-01-03
16687,16.0,penjumlahan,2026-01-05
16688,16.0,penjumlahan,2026-01-08
16689,16.0,penjumlahan,2026-01-10
16690,16.0,penjumlahan,2026-01-11
16691,16.0,penjumlahan,2026-01-12
16692,16.0,penjumlahan,2026-01-15
16693,16.0,pengurangan,2026-01-18
16694,16.0,pengurangan,2026-01-21
16695,16.0,pengurangan,2026-01-23
16696,16.0,pengurangan,2026-01-25
16697,16.0,pengurangan,2026-01-26
16698,16.0,pengurangan,2026-01-27
16699,16.0,perkalian,2026-01-30
16700,16.0,perkalian,2026-02-01
16701,16.0,perkalian,2026-02-04
16702,16.0,perkalian,2026-02-05
16703,16.0,perkalian,2026-02-08
16704,16.0,perkalian,2026-02-09
16705,16.0,perkalian,2026-02-11
16706,16.0,perkalian,2026-02-14
16707,16.0,perkalian,2026-02-17
16708,16.0,pembagian,2026-02-19
16709,16.0,pembagian,2026-02-20
16710,16.0,pembagian,2026-02-22
16711,16.0,pembagian,2026-02-24
16712,16.0,pembagian,2026-02-25
16713,16.0,pembagian,2026-02-26
16714,16.0,pembagian,2026-02-28
16715,16.0,pembagian,2026-03-01
16716,16.0,pecahan,2026-03-02
16717,16.0,pecahan,2026-03-03
16718,16.0,pecahan,2026-03-06
16719,16.0,pecahan,2026-03-08
16720,16.0,pecahan,2026-03-11
16721,16.0,persamaan_linear,2026-03-14
16722,16.0,persamaan_linear,2026-03-17
16723,16.0,persamaan_linear,2026-03-19
16724,16.0,persamaan_linear,2026-03-20
16725,16.0,persamaan_linear,2026-03-21
16726,16.0,persamaan_linear,2026-03-24
16727,16.0,persamaan_linear,2026-03-27
16728,16.0,fungsi,2026-03-28
16729,16.0,fungsi,2026-03-30
16730,16.0,fungsi,2026-03-31
16731,16.0,fungsi,2026-04-01
16732,16.0,fungsi,2026-04-02
16733,16.0,turunan,2026-04-05
16734,16.0,turunan,2026-04-08
16735,16.0,turunan,2026-04-09
16736,16.0,turunan,2026-04-12
16737,16.0,turunan,2026-04-14
16738,16.0,integral,2026-04-16
16739,16.0,integral,2026-04-19
16740,16.0,integral,2026-04-21
16741,16.0,integral,2026-04-23
16742,16.0,integral,2026-04-26
16743,16.0,integral,2026-04-29
16744,16.0,integral,2026-05-02
16745,16.0,integral,2026-05-03
16746,16.0,integral,2026-05-06
16747,12.0,penjumlahan,2026-01-01
16748,12.0,penjumlahan,2026-01-03
16749,12.0,penjumlahan,2026-01-05
16750,12.0,penjumlahan,2026-01-08
16751,12.0,penjumlahan,2026-01-10
16752,12.0,penjumlahan,2026-01-13
16753,12.0,penjumlahan,2026-01-15
16754,12.0,penjumlahan,2026-01-16
16755,12.0,pengurangan,2026-01-18
16756,12.0,pengurangan,2026-01-21
16757,12.0,pengurangan,2026-01-23
16758,12.0,pengurangan,2026-01-26
16759,12.0,pengurangan,2026-01-27
16760,12.0,pengurangan,2026-01-30
16761,12.0,pengurangan,2026-02-01
16762,12.0,pengurangan,2026-02-02
16763,12.0,pecahan,2026-02-04
16764,12.0,pecahan,2026-02-05
16765,12.0,pecahan,2026-02-07
16766,12.0,pecahan,2026-02-08
16767,12.0,pecahan,2026-02-09
16768,12.0,pecahan,2026-02-12
16769,12.0,pecahan,2026-02-14
16770,12.0,pecahan,2026-02-17
16771,12.0,desimal,2026-02-20
16772,12.0,desimal,2026-02-22
16773,12.0,desimal,2026-02-25
16774,12.0,desimal,2026-02-26
16775,12.0,desimal,2026-02-27
16776,12.0,desimal,2026-03-02
16777,12.0,desimal,2026-03-03
16778,12.0,desimal,2026-03-06
16779,12.0,aljabar,2026-03-08
16780,12.0,aljabar,2026-03-09
16781,12.0,aljabar,2026-03-11
16782,12.0,aljabar,2026-03-14
16783,12.0,aljabar,2026-03-15
16784,12.0,aljabar,2026-03-16
16785,12.0,aljabar,2026-03-17
16786,12.0,aljabar,2026-03-18
16787,12.0,aljabar,2026-03-19
16788,12.0,persamaan_linear,2026-03-22
16789,12.0,persamaan_linear,2026-03-24
16790,12.0,persamaan_linear,2026-03-27
16791,12.0,persamaan_linear,2026-03-28
16792,12.0,persamaan_linear,2026-03-31
16793,12.0,persamaan_linear,2026-04-02
16794,12.0,persamaan_linear,2026-04-03
16795,12.0,persamaan_linear,2026-04-05
16796,12.0,fungsi,2026-04-08
16797,12.0,fungsi,2026-04-09
16798,12.0,fungsi,2026-04-12
16799,12.0,fungsi,2026-04-14
16800,12.0,fungsi,2026-04-16
16801,12.0,fungsi,2026-04-19
16802,12.0,limit,2026-04-21
16803,12.0,limit,2026-04-24
16804,12.0,limit,2026-04-25
16805,12.0,limit,2026-04-26
16806,12.0,limit,2026-04-29
16807,12.0,limit,2026-05-02
16808,12.0,limit,2026-05-04
16809,12.0,limit,2026-05-06
16810,12.0,turunan,2026-05-07
16811,12.0,turunan,2026-05-10
16812,12.0,turunan,2026-05-11
16813,12.0,turunan,2026-05-13
16814,12.0,turunan,2026-05-14
16815,12.0,turunan,2026-05-17
16816,12.0,turunan,2026-05-20
16817,12.0,turunan,2026-05-22
16818,12.0,turunan,2026-05-23
16819,12.0,integral,2026-05-24
16820,12.0,integral,2026-05-25
16821,12.0,integral,2026-05-28
16822,12.0,integral,2026-05-30
16823,12.0,integral,2026-05-31
16824,12.0,integral,2026-06-02
16825,13.0,penjumlahan,2026-01-01
16826,13.0,penjumlahan,2026-01-03
16827,13.0,penjumlahan,2026-01-04
16828,13.0,penjumlahan,2026-01-07
16829,13.0,penjumlahan,2026-01-09
16830,13.0,pengurangan,2026-01-12
16831,13.0,pengurangan,2026-01-13
16832,13.0,pengurangan,2026-01-15
16833,13.0,pengurangan,2026-01-16
16834,13.0,pengurangan,2026-01-19
16835,13.0,pengurangan,2026-01-20
16836,13.0,pengurangan,2026-01-22
16837,13.0,perkalian,2026-01-24
16838,13.0,perkalian,2026-01-27
16839,13.0,perkalian,2026-01-30
16840,13.0,perkalian,2026-02-01
16841,13.0,perkalian,2026-02-04
16842,13.0,perkalian,2026-02-06
16843,13.0,perkalian,2026-02-07
16844,13.0,perkalian,2026-02-09
16845,13.0,perkalian,2026-02-10
16846,13.0,pembagian,2026-02-11
16847,13.0,pembagian,2026-02-14
16848,13.0,pembagian,2026-02-15
16849,13.0,pembagian,2026-02-17
16850,13.0,pembagian,2026-02-20
16851,13.0,pembagian,2026-02-23
16852,13.0,pembagian,2026-02-24
16853,13.0,pecahan,2026-02-26
16854,13.0,pecahan,2026-03-01
16855,13.0,pecahan,2026-03-02
16856,13.0,pecahan,2026-03-03
16857,13.0,pecahan,2026-03-04
16858,13.0,desimal,2026-03-05
16859,13.0,desimal,2026-03-06
16860,13.0,desimal,2026-03-07
16861,13.0,desimal,2026-03-10
16862,13.0,desimal,2026-03-11
16863,13.0,desimal,2026-03-13
16864,13.0,aljabar,2026-03-15
16865,13.0,aljabar,2026-03-17
16866,13.0,aljabar,2026-03-19
16867,13.0,aljabar,2026-03-21
16868,13.0,aljabar,2026-03-22
16869,13.0,aljabar,2026-03-23
16870,13.0,aljabar,2026-03-25
16871,13.0,persamaan_linear,2026-03-27
16872,13.0,persamaan_linear,2026-03-29
16873,13.0,persamaan_linear,2026-03-31
16874,13.0,persamaan_linear,2026-04-01
16875,13.0,persamaan_linear,2026-04-03
16876,13.0,persamaan_linear,2026-04-06
16877,13.0,fungsi,2026-04-08
16878,13.0,fungsi,2026-04-09
16879,13.0,fungsi,2026-04-11
16880,13.0,fungsi,2026-04-12
16881,13.0,fungsi,2026-04-14
16882,13.0,fungsi,2026-04-15
16883,13.0,fungsi,2026-04-17
16884,13.0,fungsi,2026-04-20
16885,13.0,fungsi,2026-04-23
16886,13.0,limit,2026-04-26
16887,13.0,limit,2026-04-29
16888,13.0,limit,2026-05-02
16889,13.0,limit,2026-05-05
16890,13.0,limit,2026-05-07
16891,13.0,limit,2026-05-08
16892,13.0,limit,2026-05-10
16893,13.0,limit,2026-05-12
16894,13.0,turunan,2026-05-15
16895,13.0,turunan,2026-05-17
16896,13.0,turunan,2026-05-20
16897,13.0,turunan,2026-05-21
16898,13.0,turunan,2026-05-23
16899,13.0,turunan,2026-05-25
16900,13.0,turunan,2026-05-28
16901,13.0,turunan,2026-05-30
16902,13.0,turunan,2026-06-01
16903,13.0,integral,2026-06-04
16904,13.0,integral,2026-06-05
16905,13.0,integral,2026-06-06
16906,13.0,integral,2026-06-09
16907,13.0,integral,2026-06-11
16908,13.0,integral,2026-06-12
16909,13.0,integral,2026-06-15
16910,13.0,integral,2026-06-16
16911,18.0,penjumlahan,2026-01-01
16912,18.0,penjumlahan,2026-01-02
16913,18.0,penjumlahan,2026-01-03
16914,18.0,penjumlahan,2026-01-06
16915,18.0,penjumlahan,2026-01-08
16916,18.0,pengurangan,2026-01-11
16917,18.0,pengurangan,2026-01-12
16918,18.0,pengurangan,2026-01-13
16919,18.0,pengurangan,2026-01-15
16920,18.0,pengurangan,2026-01-16
16921,18.0,pengurangan,2026-01-17
16922,18.0,pembagian,2026-01-20
16923,18.0,pembagian,2026-01-21
16924,18.0,pembagian,2026-01-22
16925,18.0,pembagian,2026-01-24
16926,18.0,pembagian,2026-01-25
16927,18.0,pembagian,2026-01-27
16928,18.0,pembagian,2026-01-28
16929,18.0,pecahan,2026-01-30
16930,18.0,pecahan,2026-02-01
16931,18.0,pecahan,2026-02-02
16932,18.0,pecahan,2026-02-04
16933,18.0,pecahan,2026-02-07
16934,18.0,pecahan,2026-02-08
16935,18.0,pecahan,2026-02-09
16936,18.0,desimal,2026-02-10
16937,18.0,desimal,2026-02-13
16938,18.0,desimal,2026-02-16
16939,18.0,desimal,2026-02-17
16940,18.0,desimal,2026-02-18
16941,18.0,desimal,2026-02-19
16942,18.0,desimal,2026-02-22
16943,18.0,persamaan_linear,2026-02-23
16944,18.0,persamaan_linear,2026-02-26
16945,18.0,persamaan_linear,2026-02-27
16946,18.0,persamaan_linear,2026-03-02
16947,18.0,persamaan_linear,2026-03-03
16948,18.0,persamaan_linear,2026-03-04
16949,18.0,persamaan_linear,2026-03-06
16950,18.0,fungsi,2026-03-09
16951,18.0,fungsi,2026-03-10
16952,18.0,fungsi,2026-03-12
16953,18.0,fungsi,2026-03-13
16954,18.0,fungsi,2026-03-16
16955,18.0,fungsi,2026-03-19
16956,18.0,fungsi,2026-03-22
16957,18.0,limit,2026-03-25
16958,18.0,limit,2026-03-27
16959,18.0,limit,2026-03-28
16960,18.0,limit,2026-03-31
16961,18.0,limit,2026-04-02
16962,18.0,limit,2026-04-05
16963,18.0,limit,2026-04-08
16964,18.0,limit,2026-04-09
16965,18.0,turunan,2026-04-10
16966,18.0,turunan,2026-04-13
16967,18.0,turunan,2026-04-14
16968,18.0,turunan,2026-04-15
16969,18.0,turunan,2026-04-16
16970,18.0,turunan,2026-04-19
16971,18.0,integral,2026-04-20
16972,18.0,integral,2026-04-21
16973,18.0,integral,2026-04-22
16974,18.0,integral,2026-04-23
16975,18.0,integral,2026-04-24
16976,18.0,integral,2026-04-26
16977,16.0,penjumlahan,2026-01-01
16978,16.0,penjumlahan,2026-01-02
16979,16.0,penjumlahan,2026-01-05
16980,16.0,penjumlahan,2026-01-07
16981,16.0,penjumlahan,2026-01-10
16982,16.0,penjumlahan,2026-01-12
16983,16.0,pengurangan,2026-01-14
16984,16.0,pengurangan,2026-01-16
16985,16.0,pengurangan,2026-01-17
16986,16.0,pengurangan,2026-01-19
16987,16.0,pengurangan,2026-01-20
16988,16.0,pengurangan,2026-01-22
16989,16.0,pengurangan,2026-01-24
16990,16.0,pengurangan,2026-01-25
16991,16.0,pengurangan,2026-01-28
16992,16.0,perkalian,2026-01-29
16993,16.0,perkalian,2026-02-01
16994,16.0,perkalian,2026-02-02
16995,16.0,perkalian,2026-02-04
16996,16.0,perkalian,2026-02-06
16997,16.0,perkalian,2026-02-09
16998,16.0,pembagian,2026-02-10
16999,16.0,pembagian,2026-02-12
17000,16.0,pembagian,2026-02-14
17001,16.0,pembagian,2026-02-15
17002,16.0,pembagian,2026-02-18
17003,16.0,pembagian,2026-02-20
17004,16.0,pembagian,2026-02-22
17005,16.0,pecahan,2026-02-23
17006,16.0,pecahan,2026-02-24
17007,16.0,pecahan,2026-02-26
17008,16.0,pecahan,2026-02-28
17009,16.0,pecahan,2026-03-03
17010,16.0,pecahan,2026-03-04
17011,16.0,pecahan,2026-03-06
17012,16.0,desimal,2026-03-08
17013,16.0,desimal,2026-03-09
17014,16.0,desimal,2026-03-12
17015,16.0,desimal,2026-03-14
17016,16.0,desimal,2026-03-16
17017,16.0,desimal,2026-03-19
17018,16.0,desimal,2026-03-22
17019,16.0,persamaan_linear,2026-03-23
17020,16.0,persamaan_linear,2026-03-24
17021,16.0,persamaan_linear,2026-03-27
17022,16.0,persamaan_linear,2026-03-28
17023,16.0,persamaan_linear,2026-03-31
17024,16.0,persamaan_linear,2026-04-02
17025,16.0,persamaan_linear,2026-04-04
17026,16.0,persamaan_linear,2026-04-06
17027,16.0,persamaan_linear,2026-04-07
17028,16.0,fungsi,2026-04-10
17029,16.0,fungsi,2026-04-13
17030,16.0,fungsi,2026-04-16
17031,16.0,fungsi,2026-04-17
17032,16.0,fungsi,2026-04-20
17033,16.0,fungsi,2026-04-21
17034,16.0,fungsi,2026-04-23
17035,16.0,fungsi,2026-04-25
17036,16.0,fungsi,2026-04-26
17037,16.0,limit,2026-04-29
17038,16.0,limit,2026-04-30
17039,16.0,limit,2026-05-02
17040,16.0,limit,2026-05-03
17041,16.0,limit,2026-05-04
17042,16.0,limit,2026-05-05
17043,16.0,limit,2026-05-07
17044,16.0,limit,2026-05-10
17045,16.0,limit,2026-05-11
17046,16.0,turunan,2026-05-12
17047,16.0,turunan,2026-05-13
17048,16.0,turunan,2026-05-14
17049,16.0,turunan,2026-05-15
17050,16.0,turunan,2026-05-16
17051,16.0,turunan,2026-05-19
17052,16.0,turunan,2026-05-22
17053,16.0,turunan,2026-05-25
17054,16.0,integral,2026-05-26
17055,16.0,integral,2026-05-28
17056,16.0,integral,2026-05-31
17057,16.0,integral,2026-06-02
17058,16.0,integral,2026-06-03
17059,16.0,integral,2026-06-06
17060,16.0,integral,2026-06-08
17061,16.0,integral,2026-06-09
17062,16.0,integral,2026-06-12
17063,9.0,penjumlahan,2026-01-01
17064,9.0,penjumlahan,2026-01-03
17065,9.0,penjumlahan,2026-01-06
17066,9.0,penjumlahan,2026-01-07
17067,9.0,penjumlahan,2026-01-10
17068,9.0,penjumlahan,2026-01-13
17069,9.0,penjumlahan,2026-01-16
17070,9.0,penjumlahan,2026-01-17
17071,9.0,penjumlahan,2026-01-20
17072,9.0,pengurangan,2026-01-21
17073,9.0,pengurangan,2026-01-22
17074,9.0,pengurangan,2026-01-24
17075,9.0,pengurangan,2026-01-26
17076,9.0,pengurangan,2026-01-28
17077,9.0,pengurangan,2026-01-31
17078,9.0,pengurangan,2026-02-02
17079,9.0,pengurangan,2026-02-05
17080,9.0,pengurangan,2026-02-08
17081,9.0,pembagian,2026-02-10
17082,9.0,pembagian,2026-02-12
17083,9.0,pembagian,2026-02-15
17084,9.0,pembagian,2026-02-16
17085,9.0,pembagian,2026-02-18
17086,9.0,pembagian,2026-02-19
17087,9.0,pembagian,2026-02-20
17088,9.0,pembagian,2026-02-21
17089,9.0,pembagian,2026-02-22
17090,9.0,aljabar,2026-02-25
17091,9.0,aljabar,2026-02-28
17092,9.0,aljabar,2026-03-01
17093,9.0,aljabar,2026-03-04
17094,9.0,aljabar,2026-03-05
17095,9.0,aljabar,2026-03-08
17096,9.0,aljabar,2026-03-10
17097,9.0,persamaan_linear,2026-03-11
17098,9.0,persamaan_linear,2026-03-13
17099,9.0,persamaan_linear,2026-03-14
17100,9.0,persamaan_linear,2026-03-17
17101,9.0,persamaan_linear,2026-03-20
17102,9.0,persamaan_linear,2026-03-21
17103,9.0,persamaan_linear,2026-03-22
17104,9.0,fungsi,2026-03-23
17105,9.0,fungsi,2026-03-26
17106,9.0,fungsi,2026-03-28
17107,9.0,fungsi,2026-03-31
17108,9.0,fungsi,2026-04-01
17109,9.0,fungsi,2026-04-02
17110,9.0,fungsi,2026-04-05
17111,9.0,fungsi,2026-04-06
17112,9.0,fungsi,2026-04-09
17113,9.0,limit,2026-04-10
17114,9.0,limit,2026-04-11
17115,9.0,limit,2026-04-12
17116,9.0,limit,2026-04-14
17117,9.0,limit,2026-04-17
17118,9.0,limit,2026-04-20
17119,9.0,limit,2026-04-23
17120,9.0,limit,2026-04-24
17121,9.0,limit,2026-04-27
17122,9.0,turunan,2026-04-29
17123,9.0,turunan,2026-05-01
17124,9.0,turunan,2026-05-04
17125,9.0,turunan,2026-05-05
17126,9.0,turunan,2026-05-07
17127,9.0,turunan,2026-05-08
17128,9.0,turunan,2026-05-10
17129,9.0,turunan,2026-05-12
17130,9.0,turunan,2026-05-14
17131,9.0,integral,2026-05-16
17132,9.0,integral,2026-05-19
17133,9.0,integral,2026-05-22
17134,9.0,integral,2026-05-23
17135,9.0,integral,2026-05-26
17136,9.0,integral,2026-05-27
17137,9.0,integral,2026-05-30
17138,16.0,penjumlahan,2026-01-01
17139,16.0,penjumlahan,2026-01-04
17140,16.0,penjumlahan,2026-01-05
17141,16.0,penjumlahan,2026-01-08
17142,16.0,penjumlahan,2026-01-10
17143,16.0,penjumlahan,2026-01-11
17144,16.0,penjumlahan,2026-01-14
17145,16.0,penjumlahan,2026-01-17
17146,16.0,penjumlahan,2026-01-18
17147,16.0,pengurangan,2026-01-20
17148,16.0,pengurangan,2026-01-22
17149,16.0,pengurangan,2026-01-23
17150,16.0,pengurangan,2026-01-24
17151,16.0,pengurangan,2026-01-25
17152,16.0,perkalian,2026-01-28
17153,16.0,perkalian,2026-01-31
17154,16.0,perkalian,2026-02-01
17155,16.0,perkalian,2026-02-02
17156,16.0,perkalian,2026-02-04
17157,16.0,desimal,2026-02-06
17158,16.0,desimal,2026-02-09
17159,16.0,desimal,2026-02-11
17160,16.0,desimal,2026-02-14
17161,16.0,desimal,2026-02-15
17162,16.0,desimal,2026-02-17
17163,16.0,desimal,2026-02-18
17164,16.0,limit,2026-02-20
17165,16.0,limit,2026-02-22
17166,16.0,limit,2026-02-24
17167,16.0,limit,2026-02-26
17168,16.0,limit,2026-02-28
17169,16.0,limit,2026-03-01
17170,16.0,limit,2026-03-03
17171,16.0,limit,2026-03-06
17172,16.0,turunan,2026-03-09
17173,16.0,turunan,2026-03-11
17174,16.0,turunan,2026-03-13
17175,16.0,turunan,2026-03-14
17176,16.0,turunan,2026-03-17
17177,16.0,turunan,2026-03-19
17178,16.0,turunan,2026-03-21
17179,16.0,turunan,2026-03-22
17180,13.0,penjumlahan,2026-01-01
17181,13.0,penjumlahan,2026-01-03
17182,13.0,penjumlahan,2026-01-05
17183,13.0,penjumlahan,2026-01-08
17184,13.0,penjumlahan,2026-01-10
17185,13.0,pengurangan,2026-01-11
17186,13.0,pengurangan,2026-01-12
17187,13.0,pengurangan,2026-01-15
17188,13.0,pengurangan,2026-01-18
17189,13.0,pengurangan,2026-01-20
17190,13.0,pengurangan,2026-01-21
17191,13.0,pengurangan,2026-01-24
17192,13.0,pengurangan,2026-01-25
17193,13.0,pengurangan,2026-01-28
17194,13.0,perkalian,2026-01-30
17195,13.0,perkalian,2026-02-02
17196,13.0,perkalian,2026-02-04
17197,13.0,perkalian,2026-02-06
17198,13.0,perkalian,2026-02-08
17199,13.0,perkalian,2026-02-11
17200,13.0,perkalian,2026-02-14
17201,13.0,perkalian,2026-02-16
17202,13.0,perkalian,2026-02-18
17203,13.0,pembagian,2026-02-21
17204,13.0,pembagian,2026-02-22
17205,13.0,pembagian,2026-02-25
17206,13.0,pembagian,2026-02-28
17207,13.0,pembagian,2026-03-02
17208,13.0,pembagian,2026-03-04
17209,13.0,pecahan,2026-03-07
17210,13.0,pecahan,2026-03-08
17211,13.0,pecahan,2026-03-10
17212,13.0,pecahan,2026-03-11
17213,13.0,pecahan,2026-03-14
17214,13.0,pecahan,2026-03-16
17215,13.0,pecahan,2026-03-18
17216,13.0,pecahan,2026-03-21
17217,13.0,pecahan,2026-03-24
17218,13.0,fungsi,2026-03-27
17219,13.0,fungsi,2026-03-28
17220,13.0,fungsi,2026-03-31
17221,13.0,fungsi,2026-04-03
17222,13.0,fungsi,2026-04-06
17223,13.0,fungsi,2026-04-07
17224,13.0,limit,2026-04-10
17225,13.0,limit,2026-04-12
17226,13.0,limit,2026-04-15
17227,13.0,limit,2026-04-18
17228,13.0,limit,2026-04-19
17229,13.0,limit,2026-04-20
17230,13.0,turunan,2026-04-23
17231,13.0,turunan,2026-04-24
17232,13.0,turunan,2026-04-26
17233,13.0,turunan,2026-04-28
17234,13.0,turunan,2026-05-01
17235,13.0,turunan,2026-05-04
17236,13.0,turunan,2026-05-07
17237,13.0,integral,2026-05-09
17238,13.0,integral,2026-05-10
17239,13.0,integral,2026-05-11
17240,13.0,integral,2026-05-14
17241,13.0,integral,2026-05-17
17242,13.0,integral,2026-05-20
17243,13.0,integral,2026-05-23
17244,13.0,penjumlahan,2026-01-01
17245,13.0,penjumlahan,2026-01-02
17246,13.0,penjumlahan,2026-01-03
17247,13.0,penjumlahan,2026-01-06
17248,13.0,penjumlahan,2026-01-08
17249,13.0,penjumlahan,2026-01-11
17250,13.0,penjumlahan,2026-01-13
17251,13.0,penjumlahan,2026-01-15
17252,13.0,penjumlahan,2026-01-18
17253,13.0,pengurangan,2026-01-19
17254,13.0,pengurangan,2026-01-21
17255,13.0,pengurangan,2026-01-23
17256,13.0,pengurangan,2026-01-24
17257,13.0,pengurangan,2026-01-26
17258,13.0,pengurangan,2026-01-29
17259,13.0,pengurangan,2026-02-01
17260,13.0,perkalian,2026-02-04
17261,13.0,perkalian,2026-02-05
17262,13.0,perkalian,2026-02-06
17263,13.0,perkalian,2026-02-07
17264,13.0,perkalian,2026-02-10
17265,13.0,perkalian,2026-02-11
17266,13.0,perkalian,2026-02-12
17267,13.0,pembagian,2026-02-15
17268,13.0,pembagian,2026-02-16
17269,13.0,pembagian,2026-02-19
17270,13.0,pembagian,2026-02-20
17271,13.0,pembagian,2026-02-22
17272,13.0,pembagian,2026-02-24
17273,13.0,desimal,2026-02-25
17274,13.0,desimal,2026-02-26
17275,13.0,desimal,2026-02-28
17276,13.0,desimal,2026-03-02
17277,13.0,desimal,2026-03-03
17278,13.0,desimal,2026-03-04
17279,13.0,aljabar,2026-03-06
17280,13.0,aljabar,2026-03-09
17281,13.0,aljabar,2026-03-12
17282,13.0,aljabar,2026-03-15
17283,13.0,aljabar,2026-03-16
17284,13.0,aljabar,2026-03-17
17285,13.0,persamaan_linear,2026-03-19
17286,13.0,persamaan_linear,2026-03-20
17287,13.0,persamaan_linear,2026-03-23
17288,13.0,persamaan_linear,2026-03-25
17289,13.0,persamaan_linear,2026-03-26
17290,13.0,persamaan_linear,2026-03-27
17291,13.0,fungsi,2026-03-30
17292,13.0,fungsi,2026-03-31
17293,13.0,fungsi,2026-04-03
17294,13.0,fungsi,2026-04-05
17295,13.0,fungsi,2026-04-08
17296,13.0,turunan,2026-04-10
17297,13.0,turunan,2026-04-11
17298,13.0,turunan,2026-04-12
17299,13.0,turunan,2026-04-14
17300,13.0,turunan,2026-04-16
17301,13.0,integral,2026-04-17
17302,13.0,integral,2026-04-20
17303,13.0,integral,2026-04-23
17304,13.0,integral,2026-04-26
17305,13.0,integral,2026-04-29
17306,13.0,integral,2026-05-02
17307,13.0,integral,2026-05-03
17308,15.0,penjumlahan,2026-01-01
17309,15.0,penjumlahan,2026-01-04
17310,15.0,penjumlahan,2026-01-06
17311,15.0,penjumlahan,2026-01-07
17312,15.0,penjumlahan,2026-01-09
17313,15.0,penjumlahan,2026-01-11
17314,15.0,penjumlahan,2026-01-14
17315,15.0,penjumlahan,2026-01-16
17316,15.0,pengurangan,2026-01-17
17317,15.0,pengurangan,2026-01-19
17318,15.0,pengurangan,2026-01-21
17319,15.0,pengurangan,2026-01-22
17320,15.0,pengurangan,2026-01-23
17321,15.0,pengurangan,2026-01-24
17322,15.0,pengurangan,2026-01-25
17323,15.0,pengurangan,2026-01-28
17324,15.0,perkalian,2026-01-29
17325,15.0,perkalian,2026-01-31
17326,15.0,perkalian,2026-02-02
17327,15.0,perkalian,2026-02-04
17328,15.0,perkalian,2026-02-05
17329,15.0,perkalian,2026-02-07
17330,15.0,perkalian,2026-02-10
17331,15.0,perkalian,2026-02-11
17332,15.0,pembagian,2026-02-14
17333,15.0,pembagian,2026-02-16
17334,15.0,pembagian,2026-02-17
17335,15.0,pembagian,2026-02-19
17336,15.0,pembagian,2026-02-20
17337,15.0,pembagian,2026-02-23
17338,15.0,pembagian,2026-02-25
17339,15.0,pembagian,2026-02-28
17340,15.0,pembagian,2026-03-01
17341,15.0,pecahan,2026-03-02
17342,15.0,pecahan,2026-03-03
17343,15.0,pecahan,2026-03-06
17344,15.0,pecahan,2026-03-08
17345,15.0,pecahan,2026-03-09
17346,15.0,pecahan,2026-03-12
17347,15.0,pecahan,2026-03-14
17348,15.0,pecahan,2026-03-16
17349,15.0,pecahan,2026-03-18
17350,15.0,desimal,2026-03-19
17351,15.0,desimal,2026-03-20
17352,15.0,desimal,2026-03-21
17353,15.0,desimal,2026-03-22
17354,15.0,desimal,2026-03-25
17355,15.0,desimal,2026-03-27
17356,15.0,desimal,2026-03-30
17357,15.0,aljabar,2026-03-31
17358,15.0,aljabar,2026-04-01
17359,15.0,aljabar,2026-04-04
17360,15.0,aljabar,2026-04-06
17361,15.0,aljabar,2026-04-09
17362,15.0,aljabar,2026-04-12
17363,15.0,aljabar,2026-04-14
17364,15.0,aljabar,2026-04-16
17365,15.0,aljabar,2026-04-17
17366,15.0,persamaan_linear,2026-04-20
17367,15.0,persamaan_linear,2026-04-23
17368,15.0,persamaan_linear,2026-04-26
17369,15.0,persamaan_linear,2026-04-27
17370,15.0,persamaan_linear,2026-04-30
17371,15.0,persamaan_linear,2026-05-03
17372,15.0,persamaan_linear,2026-05-05
17373,15.0,persamaan_linear,2026-05-06
17374,15.0,persamaan_linear,2026-05-09
17375,15.0,fungsi,2026-05-11
17376,15.0,fungsi,2026-05-12
17377,15.0,fungsi,2026-05-14
17378,15.0,fungsi,2026-05-15
17379,15.0,fungsi,2026-05-18
17380,15.0,fungsi,2026-05-21
17381,15.0,limit,2026-05-23
17382,15.0,limit,2026-05-26
17383,15.0,limit,2026-05-28
17384,15.0,limit,2026-05-31
17385,15.0,limit,2026-06-03
17386,15.0,limit,2026-06-06
17387,15.0,limit,2026-06-07
17388,15.0,limit,2026-06-08
17389,15.0,limit,2026-06-11
17390,15.0,turunan,2026-06-14
17391,15.0,turunan,2026-06-16
17392,15.0,turunan,2026-06-18
17393,15.0,turunan,2026-06-19
17394,15.0,turunan,2026-06-21
17395,15.0,turunan,2026-06-22
17396,15.0,turunan,2026-06-23
17397,15.0,turunan,2026-06-26
17398,15.0,integral,2026-06-29
17399,15.0,integral,2026-07-01
17400,15.0,integral,2026-07-03
17401,15.0,integral,2026-07-05
17402,15.0,integral,2026-07-07
17403,15.0,integral,2026-07-08
17404,15.0,integral,2026-07-10
17405,15.0,integral,2026-07-12
17406,20.0,penjumlahan,2026-01-01
17407,20.0,penjumlahan,2026-01-04
17408,20.0,penjumlahan,2026-01-07
17409,20.0,penjumlahan,2026-01-08
17410,20.0,penjumlahan,2026-01-09
17411,20.0,penjumlahan,2026-01-10
17412,20.0,penjumlahan,2026-01-11
17413,20.0,penjumlahan,2026-01-12
17414,20.0,pengurangan,2026-01-14
17415,20.0,pengurangan,2026-01-15
17416,20.0,pengurangan,2026-01-18
17417,20.0,pengurangan,2026-01-19
17418,20.0,pengurangan,2026-01-21
17419,20.0,perkalian,2026-01-24
17420,20.0,perkalian,2026-01-26
17421,20.0,perkalian,2026-01-27
17422,20.0,perkalian,2026-01-28
17423,20.0,perkalian,2026-01-31
17424,20.0,perkalian,2026-02-01
17425,20.0,perkalian,2026-02-03
17426,20.0,pembagian,2026-02-05
17427,20.0,pembagian,2026-02-08
17428,20.0,pembagian,2026-02-11
17429,20.0,pembagian,2026-02-14
17430,20.0,pembagian,2026-02-15
17431,20.0,pembagian,2026-02-17
17432,20.0,pembagian,2026-02-18
17433,20.0,pembagian,2026-02-21
17434,20.0,pecahan,2026-02-23
17435,20.0,pecahan,2026-02-24
17436,20.0,pecahan,2026-02-27
17437,20.0,pecahan,2026-02-28
17438,20.0,pecahan,2026-03-01
17439,20.0,pecahan,2026-03-04
17440,20.0,pecahan,2026-03-05
17441,20.0,pecahan,2026-03-06
17442,20.0,desimal,2026-03-07
17443,20.0,desimal,2026-03-10
17444,20.0,desimal,2026-03-12
17445,20.0,desimal,2026-03-14
17446,20.0,desimal,2026-03-15
17447,20.0,desimal,2026-03-18
17448,20.0,aljabar,2026-03-20
17449,20.0,aljabar,2026-03-22
17450,20.0,aljabar,2026-03-25
17451,20.0,aljabar,2026-03-26
17452,20.0,aljabar,2026-03-27
17453,20.0,aljabar,2026-03-30
17454,20.0,turunan,2026-04-02
17455,20.0,turunan,2026-04-03
17456,20.0,turunan,2026-04-04
17457,20.0,turunan,2026-04-07
17458,20.0,turunan,2026-04-10
17459,13.0,penjumlahan,2026-01-01
17460,13.0,penjumlahan,2026-01-02
17461,13.0,penjumlahan,2026-01-05
17462,13.0,penjumlahan,2026-01-07
17463,13.0,penjumlahan,2026-01-08
17464,13.0,penjumlahan,2026-01-10
17465,13.0,pengurangan,2026-01-12
17466,13.0,pengurangan,2026-01-14
17467,13.0,pengurangan,2026-01-16
17468,13.0,pengurangan,2026-01-17
17469,13.0,pengurangan,2026-01-19
17470,13.0,pembagian,2026-01-20
17471,13.0,pembagian,2026-01-21
17472,13.0,pembagian,2026-01-24
17473,13.0,pembagian,2026-01-26
17474,13.0,pembagian,2026-01-29
17475,13.0,aljabar,2026-01-30
17476,13.0,aljabar,2026-01-31
17477,13.0,aljabar,2026-02-02
17478,13.0,aljabar,2026-02-03
17479,13.0,aljabar,2026-02-04
17480,13.0,aljabar,2026-02-07
17481,13.0,aljabar,2026-02-09
17482,13.0,aljabar,2026-02-12
17483,13.0,persamaan_linear,2026-02-13
17484,13.0,persamaan_linear,2026-02-14
17485,13.0,persamaan_linear,2026-02-16
17486,13.0,persamaan_linear,2026-02-17
17487,13.0,persamaan_linear,2026-02-19
17488,13.0,fungsi,2026-02-22
17489,13.0,fungsi,2026-02-24
17490,13.0,fungsi,2026-02-26
17491,13.0,fungsi,2026-03-01
17492,13.0,fungsi,2026-03-04
17493,13.0,fungsi,2026-03-06
17494,13.0,turunan,2026-03-08
17495,13.0,turunan,2026-03-11
17496,13.0,turunan,2026-03-13
17497,13.0,turunan,2026-03-15
17498,13.0,turunan,2026-03-18
17499,13.0,turunan,2026-03-20
17500,13.0,turunan,2026-03-22
17501,13.0,turunan,2026-03-23
17502,3.0,penjumlahan,2026-01-01
17503,3.0,penjumlahan,2026-01-03
17504,3.0,penjumlahan,2026-01-05
17505,3.0,penjumlahan,2026-01-06
17506,3.0,penjumlahan,2026-01-07
17507,3.0,penjumlahan,2026-01-10
17508,3.0,penjumlahan,2026-01-12
17509,3.0,penjumlahan,2026-01-15
17510,3.0,pengurangan,2026-01-17
17511,3.0,pengurangan,2026-01-19
17512,3.0,pengurangan,2026-01-22
17513,3.0,pengurangan,2026-01-25
17514,3.0,pengurangan,2026-01-28
17515,3.0,pengurangan,2026-01-30
17516,3.0,pengurangan,2026-02-02
17517,3.0,pengurangan,2026-02-05
17518,3.0,perkalian,2026-02-08
17519,3.0,perkalian,2026-02-10
17520,3.0,perkalian,2026-02-11
17521,3.0,perkalian,2026-02-12
17522,3.0,perkalian,2026-02-14
17523,3.0,perkalian,2026-02-17
17524,3.0,perkalian,2026-02-18
17525,3.0,perkalian,2026-02-20
17526,3.0,perkalian,2026-02-23
17527,3.0,pembagian,2026-02-24
17528,3.0,pembagian,2026-02-26
17529,3.0,pembagian,2026-02-27
17530,3.0,pembagian,2026-03-02
17531,3.0,pembagian,2026-03-04
17532,3.0,pembagian,2026-03-07
17533,3.0,pembagian,2026-03-08
17534,3.0,pembagian,2026-03-09
17535,3.0,pembagian,2026-03-12
17536,3.0,desimal,2026-03-15
17537,3.0,desimal,2026-03-16
17538,3.0,desimal,2026-03-17
17539,3.0,desimal,2026-03-19
17540,3.0,desimal,2026-03-22
17541,3.0,aljabar,2026-03-23
17542,3.0,aljabar,2026-03-26
17543,3.0,aljabar,2026-03-27
17544,3.0,aljabar,2026-03-29
17545,3.0,aljabar,2026-04-01
17546,3.0,aljabar,2026-04-04
17547,3.0,aljabar,2026-04-05
17548,3.0,aljabar,2026-04-07
17549,3.0,persamaan_linear,2026-04-09
17550,3.0,persamaan_linear,2026-04-11
17551,3.0,persamaan_linear,2026-04-12
17552,3.0,persamaan_linear,2026-04-14
17553,3.0,persamaan_linear,2026-04-15
17554,3.0,persamaan_linear,2026-04-16
17555,3.0,limit,2026-04-18
17556,3.0,limit,2026-04-21
17557,3.0,limit,2026-04-23
17558,3.0,limit,2026-04-25
17559,3.0,limit,2026-04-28
17560,3.0,limit,2026-04-29
17561,3.0,limit,2026-04-30
17562,3.0,turunan,2026-05-01
17563,3.0,turunan,2026-05-04
17564,3.0,turunan,2026-05-05
17565,3.0,turunan,2026-05-08
17566,3.0,turunan,2026-05-11
17567,3.0,turunan,2026-05-12
17568,3.0,integral,2026-05-14
17569,3.0,integral,2026-05-16
17570,3.0,integral,2026-05-17
17571,3.0,integral,2026-05-18
17572,3.0,integral,2026-05-21
17573,5.0,penjumlahan,2026-01-01
17574,5.0,penjumlahan,2026-01-04
17575,5.0,penjumlahan,2026-01-05
17576,5.0,penjumlahan,2026-01-08
17577,5.0,penjumlahan,2026-01-09
17578,5.0,penjumlahan,2026-01-10
17579,5.0,penjumlahan,2026-01-12
17580,5.0,pengurangan,2026-01-15
17581,5.0,pengurangan,2026-01-16
17582,5.0,pengurangan,2026-01-18
17583,5.0,pengurangan,2026-01-21
17584,5.0,pengurangan,2026-01-24
17585,5.0,pengurangan,2026-01-26
17586,5.0,pengurangan,2026-01-28
17587,5.0,pengurangan,2026-01-31
17588,5.0,perkalian,2026-02-02
17589,5.0,perkalian,2026-02-05
17590,5.0,perkalian,2026-02-06
17591,5.0,perkalian,2026-02-08
17592,5.0,perkalian,2026-02-09
17593,5.0,perkalian,2026-02-11
17594,5.0,perkalian,2026-02-13
17595,5.0,pembagian,2026-02-14
17596,5.0,pembagian,2026-02-16
17597,5.0,pembagian,2026-02-17
17598,5.0,pembagian,2026-02-20
17599,5.0,pembagian,2026-02-23
17600,5.0,pembagian,2026-02-24
17601,5.0,pembagian,2026-02-26
17602,5.0,pembagian,2026-02-27
17603,5.0,pecahan,2026-02-28
17604,5.0,pecahan,2026-03-03
17605,5.0,pecahan,2026-03-06
17606,5.0,pecahan,2026-03-07
17607,5.0,pecahan,2026-03-08
17608,5.0,pecahan,2026-03-10
17609,5.0,pecahan,2026-03-13
17610,5.0,aljabar,2026-03-16
17611,5.0,aljabar,2026-03-17
17612,5.0,aljabar,2026-03-18
17613,5.0,aljabar,2026-03-19
17614,5.0,aljabar,2026-03-20
17615,5.0,aljabar,2026-03-21
17616,5.0,aljabar,2026-03-23
17617,5.0,aljabar,2026-03-24
17618,5.0,aljabar,2026-03-25
17619,5.0,persamaan_linear,2026-03-27
17620,5.0,persamaan_linear,2026-03-28
17621,5.0,persamaan_linear,2026-03-30
17622,5.0,persamaan_linear,2026-04-02
17623,5.0,persamaan_linear,2026-04-04
17624,5.0,persamaan_linear,2026-04-05
17625,5.0,persamaan_linear,2026-04-06
17626,5.0,persamaan_linear,2026-04-07
17627,5.0,persamaan_linear,2026-04-08
17628,5.0,limit,2026-04-10
17629,5.0,limit,2026-04-12
17630,5.0,limit,2026-04-14
17631,5.0,limit,2026-04-17
17632,5.0,limit,2026-04-18
17633,5.0,limit,2026-04-21
17634,5.0,limit,2026-04-24
17635,5.0,limit,2026-04-26
17636,5.0,turunan,2026-04-27
17637,5.0,turunan,2026-04-30
17638,5.0,turunan,2026-05-02
17639,5.0,turunan,2026-05-03
17640,5.0,turunan,2026-05-06
17641,5.0,turunan,2026-05-08
17642,5.0,turunan,2026-05-11
17643,5.0,integral,2026-05-14
17644,5.0,integral,2026-05-15
17645,5.0,integral,2026-05-18
17646,5.0,integral,2026-05-21
17647,5.0,integral,2026-05-24
17648,5.0,integral,2026-05-25
17649,6.0,penjumlahan,2026-01-01
17650,6.0,penjumlahan,2026-01-03
17651,6.0,penjumlahan,2026-01-04
17652,6.0,penjumlahan,2026-01-05
17653,6.0,penjumlahan,2026-01-07
17654,6.0,penjumlahan,2026-01-10
17655,6.0,penjumlahan,2026-01-11
17656,6.0,penjumlahan,2026-01-12
17657,6.0,penjumlahan,2026-01-14
17658,6.0,pengurangan,2026-01-16
17659,6.0,pengurangan,2026-01-17
17660,6.0,pengurangan,2026-01-18
17661,6.0,pengurangan,2026-01-21
17662,6.0,pengurangan,2026-01-23
17663,6.0,pengurangan,2026-01-24
17664,6.0,perkalian,2026-01-26
17665,6.0,perkalian,2026-01-28
17666,6.0,perkalian,2026-01-30
17667,6.0,perkalian,2026-02-01
17668,6.0,perkalian,2026-02-03
17669,6.0,perkalian,2026-02-06
17670,6.0,perkalian,2026-02-08
17671,6.0,perkalian,2026-02-09
17672,6.0,pembagian,2026-02-12
17673,6.0,pembagian,2026-02-14
17674,6.0,pembagian,2026-02-17
17675,6.0,pembagian,2026-02-20
17676,6.0,pembagian,2026-02-21
17677,6.0,pembagian,2026-02-23
17678,6.0,pembagian,2026-02-26
17679,6.0,pembagian,2026-02-28
17680,6.0,pecahan,2026-03-03
17681,6.0,pecahan,2026-03-05
17682,6.0,pecahan,2026-03-07
17683,6.0,pecahan,2026-03-09
17684,6.0,pecahan,2026-03-12
17685,6.0,pecahan,2026-03-15
17686,6.0,aljabar,2026-03-17
17687,6.0,aljabar,2026-03-19
17688,6.0,aljabar,2026-03-22
17689,6.0,aljabar,2026-03-23
17690,6.0,aljabar,2026-03-25
17691,6.0,aljabar,2026-03-27
17692,6.0,aljabar,2026-03-29
17693,6.0,aljabar,2026-04-01
17694,6.0,persamaan_linear,2026-04-04
17695,6.0,persamaan_linear,2026-04-05
17696,6.0,persamaan_linear,2026-04-08
17697,6.0,persamaan_linear,2026-04-09
17698,6.0,persamaan_linear,2026-04-10
17699,6.0,persamaan_linear,2026-04-13
17700,6.0,persamaan_linear,2026-04-15
17701,6.0,persamaan_linear,2026-04-17
17702,6.0,limit,2026-04-19
17703,6.0,limit,2026-04-21
17704,6.0,limit,2026-04-23
17705,6.0,limit,2026-04-25
17706,6.0,limit,2026-04-27
17707,6.0,turunan,2026-04-28
17708,6.0,turunan,2026-04-30
17709,6.0,turunan,2026-05-03
17710,6.0,turunan,2026-05-06
17711,6.0,turunan,2026-05-07
17712,6.0,turunan,2026-05-09
17713,6.0,integral,2026-05-10
17714,6.0,integral,2026-05-13
17715,6.0,integral,2026-05-14
17716,6.0,integral,2026-05-17
17717,6.0,integral,2026-05-20
17718,6.0,integral,2026-05-22
17719,6.0,integral,2026-05-24
17720,9.0,penjumlahan,2026-01-01
17721,9.0,penjumlahan,2026-01-04
17722,9.0,penjumlahan,2026-01-07
17723,9.0,penjumlahan,2026-01-08
17724,9.0,penjumlahan,2026-01-11
17725,9.0,pengurangan,2026-01-14
17726,9.0,pengurangan,2026-01-15
17727,9.0,pengurangan,2026-01-16
17728,9.0,pengurangan,2026-01-18
17729,9.0,pengurangan,2026-01-20
17730,9.0,pengurangan,2026-01-21
17731,9.0,pengurangan,2026-01-22
17732,9.0,pembagian,2026-01-24
17733,9.0,pembagian,2026-01-25
17734,9.0,pembagian,2026-01-28
17735,9.0,pembagian,2026-01-30
17736,9.0,pembagian,2026-02-02
17737,9.0,pembagian,2026-02-05
17738,9.0,pembagian,2026-02-07
17739,9.0,pembagian,2026-02-09
17740,9.0,pembagian,2026-02-10
17741,9.0,pecahan,2026-02-13
17742,9.0,pecahan,2026-02-16
17743,9.0,pecahan,2026-02-17
17744,9.0,pecahan,2026-02-20
17745,9.0,pecahan,2026-02-21
17746,9.0,pecahan,2026-02-22
17747,9.0,pecahan,2026-02-23
17748,9.0,desimal,2026-02-26
17749,9.0,desimal,2026-03-01
17750,9.0,desimal,2026-03-04
17751,9.0,desimal,2026-03-05
17752,9.0,desimal,2026-03-06
17753,9.0,persamaan_linear,2026-03-09
17754,9.0,persamaan_linear,2026-03-11
17755,9.0,persamaan_linear,2026-03-12
17756,9.0,persamaan_linear,2026-03-13
17757,9.0,persamaan_linear,2026-03-15
17758,9.0,persamaan_linear,2026-03-16
17759,9.0,persamaan_linear,2026-03-17
17760,9.0,persamaan_linear,2026-03-18
17761,9.0,fungsi,2026-03-20
17762,9.0,fungsi,2026-03-21
17763,9.0,fungsi,2026-03-22
17764,9.0,fungsi,2026-03-25
17765,9.0,fungsi,2026-03-27
17766,9.0,fungsi,2026-03-30
17767,9.0,fungsi,2026-04-02
17768,9.0,fungsi,2026-04-05
17769,9.0,fungsi,2026-04-06
17770,9.0,limit,2026-04-09
17771,9.0,limit,2026-04-10
17772,9.0,limit,2026-04-12
17773,9.0,limit,2026-04-13
17774,9.0,limit,2026-04-14
17775,9.0,limit,2026-04-15
17776,9.0,limit,2026-04-17
17777,9.0,limit,2026-04-19
17778,9.0,turunan,2026-04-21
17779,9.0,turunan,2026-04-24
17780,9.0,turunan,2026-04-27
17781,9.0,turunan,2026-04-30
17782,9.0,turunan,2026-05-01
17783,9.0,turunan,2026-05-02
17784,9.0,turunan,2026-05-04
17785,11.0,penjumlahan,2026-01-01
17786,11.0,penjumlahan,2026-01-04
17787,11.0,penjumlahan,2026-01-07
17788,11.0,penjumlahan,2026-01-08
17789,11.0,penjumlahan,2026-01-11
17790,11.0,penjumlahan,2026-01-13
17791,11.0,pengurangan,2026-01-14
17792,11.0,pengurangan,2026-01-15
17793,11.0,pengurangan,2026-01-16
17794,11.0,pengurangan,2026-01-17
17795,11.0,pengurangan,2026-01-20
17796,11.0,pembagian,2026-01-22
17797,11.0,pembagian,2026-01-25
17798,11.0,pembagian,2026-01-26
17799,11.0,pembagian,2026-01-27
17800,11.0,pembagian,2026-01-29
17801,11.0,pecahan,2026-01-31
17802,11.0,pecahan,2026-02-02
17803,11.0,pecahan,2026-02-04
17804,11.0,pecahan,2026-02-05
17805,11.0,pecahan,2026-02-08
17806,11.0,pecahan,2026-02-11
17807,11.0,pecahan,2026-02-12
17808,11.0,pecahan,2026-02-13
17809,11.0,pecahan,2026-02-14
17810,11.0,desimal,2026-02-15
17811,11.0,desimal,2026-02-18
17812,11.0,desimal,2026-02-19
17813,11.0,desimal,2026-02-20
17814,11.0,desimal,2026-02-21
17815,11.0,aljabar,2026-02-22
17816,11.0,aljabar,2026-02-25
17817,11.0,aljabar,2026-02-28
17818,11.0,aljabar,2026-03-03
17819,11.0,aljabar,2026-03-04
17820,11.0,fungsi,2026-03-05
17821,11.0,fungsi,2026-03-07
17822,11.0,fungsi,2026-03-10
17823,11.0,fungsi,2026-03-13
17824,11.0,fungsi,2026-03-15
17825,11.0,fungsi,2026-03-18
17826,11.0,fungsi,2026-03-20
17827,11.0,fungsi,2026-03-21
17828,11.0,fungsi,2026-03-24
17829,11.0,limit,2026-03-27
17830,11.0,limit,2026-03-30
17831,11.0,limit,2026-04-01
17832,11.0,limit,2026-04-04
17833,11.0,limit,2026-04-07
17834,11.0,limit,2026-04-08
17835,11.0,turunan,2026-04-10
17836,11.0,turunan,2026-04-13
17837,11.0,turunan,2026-04-15
17838,11.0,turunan,2026-04-16
17839,11.0,turunan,2026-04-17
17840,11.0,turunan,2026-04-20
17841,11.0,turunan,2026-04-21
17842,11.0,turunan,2026-04-22
17843,11.0,turunan,2026-04-25
17844,11.0,integral,2026-04-27
17845,11.0,integral,2026-04-29
17846,11.0,integral,2026-05-01
17847,11.0,integral,2026-05-03
17848,11.0,integral,2026-05-05
17849,11.0,integral,2026-05-08
17850,11.0,integral,2026-05-10
17851,11.0,integral,2026-05-11
17852,11.0,integral,2026-05-14
17853,15.0,penjumlahan,2026-01-01
17854,15.0,penjumlahan,2026-01-04
17855,15.0,penjumlahan,2026-01-06
17856,15.0,penjumlahan,2026-01-09
17857,15.0,penjumlahan,2026-01-11
17858,15.0,penjumlahan,2026-01-14
17859,15.0,penjumlahan,2026-01-16
17860,15.0,penjumlahan,2026-01-19
17861,15.0,pengurangan,2026-01-21
17862,15.0,pengurangan,2026-01-23
17863,15.0,pengurangan,2026-01-24
17864,15.0,pengurangan,2026-01-26
17865,15.0,pengurangan,2026-01-29
17866,15.0,pengurangan,2026-02-01
17867,15.0,pengurangan,2026-02-03
17868,15.0,desimal,2026-02-05
17869,15.0,desimal,2026-02-07
17870,15.0,desimal,2026-02-08
17871,15.0,desimal,2026-02-11
17872,15.0,desimal,2026-02-14
17873,15.0,desimal,2026-02-15
17874,15.0,desimal,2026-02-17
17875,15.0,desimal,2026-02-20
17876,15.0,aljabar,2026-02-21
17877,15.0,aljabar,2026-02-23
17878,15.0,aljabar,2026-02-25
17879,15.0,aljabar,2026-02-27
17880,15.0,aljabar,2026-03-02
17881,15.0,aljabar,2026-03-04
17882,15.0,aljabar,2026-03-05
17883,15.0,aljabar,2026-03-08
17884,15.0,persamaan_linear,2026-03-11
17885,15.0,persamaan_linear,2026-03-13
17886,15.0,persamaan_linear,2026-03-15
17887,15.0,persamaan_linear,2026-03-18
17888,15.0,persamaan_linear,2026-03-19
17889,15.0,persamaan_linear,2026-03-20
17890,15.0,fungsi,2026-03-23
17891,15.0,fungsi,2026-03-25
17892,15.0,fungsi,2026-03-28
17893,15.0,fungsi,2026-03-29
17894,15.0,fungsi,2026-04-01
17895,15.0,fungsi,2026-04-04
17896,15.0,fungsi,2026-04-07
17897,15.0,limit,2026-04-08
17898,15.0,limit,2026-04-09
17899,15.0,limit,2026-04-11
17900,15.0,limit,2026-04-12
17901,15.0,limit,2026-04-15
17902,15.0,limit,2026-04-16
17903,15.0,turunan,2026-04-19
17904,15.0,turunan,2026-04-22
17905,15.0,turunan,2026-04-25
17906,15.0,turunan,2026-04-28
17907,15.0,turunan,2026-04-30
17908,15.0,turunan,2026-05-01
17909,15.0,turunan,2026-05-02
17910,15.0,turunan,2026-05-05
17911,15.0,integral,2026-05-07
17912,15.0,integral,2026-05-08
17913,15.0,integral,2026-05-10
17914,15.0,integral,2026-05-11
17915,15.0,integral,2026-05-12
17916,15.0,integral,2026-05-15
17917,15.0,integral,2026-05-18
17918,15.0,integral,2026-05-19
17919,15.0,integral,2026-05-22
17920,11.0,penjumlahan,2026-01-01
17921,11.0,penjumlahan,2026-01-02
17922,11.0,penjumlahan,2026-01-03
17923,11.0,penjumlahan,2026-01-06
17924,11.0,penjumlahan,2026-01-09
17925,11.0,pengurangan,2026-01-10
17926,11.0,pengurangan,2026-01-13
17927,11.0,pengurangan,2026-01-16
17928,11.0,pengurangan,2026-01-17
17929,11.0,pengurangan,2026-01-19
17930,11.0,pengurangan,2026-01-21
17931,11.0,pengurangan,2026-01-23
17932,11.0,perkalian,2026-01-24
17933,11.0,perkalian,2026-01-26
17934,11.0,perkalian,2026-01-28
17935,11.0,perkalian,2026-01-29
17936,11.0,perkalian,2026-01-30
17937,11.0,perkalian,2026-02-02
17938,11.0,perkalian,2026-02-03
17939,11.0,pembagian,2026-02-04
17940,11.0,pembagian,2026-02-07
17941,11.0,pembagian,2026-02-08
17942,11.0,pembagian,2026-02-10
17943,11.0,pembagian,2026-02-12
17944,11.0,pembagian,2026-02-15
17945,11.0,pembagian,2026-02-17
17946,11.0,pembagian,2026-02-18
17947,11.0,pecahan,2026-02-20
17948,11.0,pecahan,2026-02-23
17949,11.0,pecahan,2026-02-25
17950,11.0,pecahan,2026-02-27
17951,11.0,pecahan,2026-03-02
17952,11.0,pecahan,2026-03-05
17953,11.0,desimal,2026-03-06
17954,11.0,desimal,2026-03-08
17955,11.0,desimal,2026-03-09
17956,11.0,desimal,2026-03-11
17957,11.0,desimal,2026-03-13
17958,11.0,aljabar,2026-03-16
17959,11.0,aljabar,2026-03-18
17960,11.0,aljabar,2026-03-20
17961,11.0,aljabar,2026-03-21
17962,11.0,aljabar,2026-03-22
17963,11.0,aljabar,2026-03-23
17964,11.0,aljabar,2026-03-24
17965,11.0,aljabar,2026-03-26
17966,11.0,persamaan_linear,2026-03-28
17967,11.0,persamaan_linear,2026-03-29
17968,11.0,persamaan_linear,2026-03-30
17969,11.0,persamaan_linear,2026-03-31
17970,11.0,persamaan_linear,2026-04-01
17971,11.0,fungsi,2026-04-03
17972,11.0,fungsi,2026-04-06
17973,11.0,fungsi,2026-04-07
17974,11.0,fungsi,2026-04-09
17975,11.0,fungsi,2026-04-12
17976,11.0,fungsi,2026-04-14
17977,11.0,fungsi,2026-04-17
17978,11.0,fungsi,2026-04-20
17979,11.0,limit,2026-04-22
17980,11.0,limit,2026-04-25
17981,11.0,limit,2026-04-26
17982,11.0,limit,2026-04-27
17983,11.0,limit,2026-04-28
17984,11.0,limit,2026-05-01
17985,11.0,limit,2026-05-03
17986,11.0,turunan,2026-05-05
17987,11.0,turunan,2026-05-08
17988,11.0,turunan,2026-05-11
17989,11.0,turunan,2026-05-12
17990,11.0,turunan,2026-05-15
17991,11.0,turunan,2026-05-16
17992,11.0,turunan,2026-05-17
17993,11.0,integral,2026-05-19
17994,11.0,integral,2026-05-22
17995,11.0,integral,2026-05-25
17996,11.0,integral,2026-05-27
17997,11.0,integral,2026-05-29
17998,11.0,integral,2026-05-30
17999,11.0,integral,2026-06-01
18000,9.0,penjumlahan,2026-01-01
18001,9.0,penjumlahan,2026-01-02
18002,9.0,penjumlahan,2026-01-04
18003,9.0,penjumlahan,2026-01-05
18004,9.0,penjumlahan,2026-01-08
18005,9.0,penjumlahan,2026-01-09
18006,9.0,penjumlahan,2026-01-12
18007,9.0,penjumlahan,2026-01-13
18008,9.0,penjumlahan,2026-01-15
18009,9.0,pengurangan,2026-01-18
18010,9.0,pengurangan,2026-01-19
18011,9.0,pengurangan,2026-01-20
18012,9.0,pengurangan,2026-01-21
18013,9.0,pengurangan,2026-01-23
18014,9.0,pengurangan,2026-01-25
18015,9.0,pengurangan,2026-01-28
18016,9.0,perkalian,2026-01-30
18017,9.0,perkalian,2026-02-02
18018,9.0,perkalian,2026-02-03
18019,9.0,perkalian,2026-02-04
18020,9.0,perkalian,2026-02-05
18021,9.0,perkalian,2026-02-06
18022,9.0,desimal,2026-02-09
18023,9.0,desimal,2026-02-12
18024,9.0,desimal,2026-02-13
18025,9.0,desimal,2026-02-16
18026,9.0,desimal,2026-02-17
18027,9.0,desimal,2026-02-19
18028,9.0,desimal,2026-02-22
18029,9.0,desimal,2026-02-23
18030,9.0,aljabar,2026-02-24
18031,9.0,aljabar,2026-02-25
18032,9.0,aljabar,2026-02-26
18033,9.0,aljabar,2026-02-27
18034,9.0,aljabar,2026-03-02
18035,9.0,aljabar,2026-03-05
18036,9.0,aljabar,2026-03-07
18037,9.0,aljabar,2026-03-09
18038,9.0,aljabar,2026-03-10
18039,9.0,fungsi,2026-03-12
18040,9.0,fungsi,2026-03-14
18041,9.0,fungsi,2026-03-15
18042,9.0,fungsi,2026-03-16
18043,9.0,fungsi,2026-03-17
18044,9.0,fungsi,2026-03-18
18045,9.0,fungsi,2026-03-20
18046,9.0,limit,2026-03-21
18047,9.0,limit,2026-03-22
18048,9.0,limit,2026-03-25
18049,9.0,limit,2026-03-28
18050,9.0,limit,2026-03-29
18051,9.0,limit,2026-03-31
18052,9.0,limit,2026-04-02
18053,9.0,integral,2026-04-03
18054,9.0,integral,2026-04-04
18055,9.0,integral,2026-04-06
18056,9.0,integral,2026-04-08
18057,9.0,integral,2026-04-11
18058,9.0,penjumlahan,2026-01-01
18059,9.0,penjumlahan,2026-01-02
18060,9.0,penjumlahan,2026-01-03
18061,9.0,penjumlahan,2026-01-05
18062,9.0,penjumlahan,2026-01-07
18063,9.0,penjumlahan,2026-01-09
18064,9.0,pengurangan,2026-01-11
18065,9.0,pengurangan,2026-01-12
18066,9.0,pengurangan,2026-01-13
18067,9.0,pengurangan,2026-01-14
18068,9.0,pengurangan,2026-01-15
18069,9.0,pengurangan,2026-01-16
18070,9.0,pengurangan,2026-01-18
18071,9.0,pengurangan,2026-01-19
18072,9.0,pengurangan,2026-01-21
18073,9.0,pembagian,2026-01-23
18074,9.0,pembagian,2026-01-24
18075,9.0,pembagian,2026-01-26
18076,9.0,pembagian,2026-01-28
18077,9.0,pembagian,2026-01-31
18078,9.0,pembagian,2026-02-01
18079,9.0,pembagian,2026-02-03
18080,9.0,desimal,2026-02-05
18081,9.0,desimal,2026-02-06
18082,9.0,desimal,2026-02-09
18083,9.0,desimal,2026-02-12
18084,9.0,desimal,2026-02-15
18085,9.0,desimal,2026-02-18
18086,9.0,desimal,2026-02-19
18087,9.0,desimal,2026-02-22
18088,9.0,desimal,2026-02-25
18089,9.0,persamaan_linear,2026-02-26
18090,9.0,persamaan_linear,2026-02-27
18091,9.0,persamaan_linear,2026-03-01
18092,9.0,persamaan_linear,2026-03-03
18093,9.0,persamaan_linear,2026-03-06
18094,9.0,persamaan_linear,2026-03-07
18095,9.0,persamaan_linear,2026-03-08
18096,9.0,persamaan_linear,2026-03-09
18097,9.0,fungsi,2026-03-12
18098,9.0,fungsi,2026-03-13
18099,9.0,fungsi,2026-03-16
18100,9.0,fungsi,2026-03-17
18101,9.0,fungsi,2026-03-18
18102,9.0,fungsi,2026-03-20
18103,9.0,fungsi,2026-03-23
18104,9.0,fungsi,2026-03-25
18105,9.0,fungsi,2026-03-27
18106,9.0,limit,2026-03-28
18107,9.0,limit,2026-03-31
18108,9.0,limit,2026-04-02
18109,9.0,limit,2026-04-03
18110,9.0,limit,2026-04-05
18111,9.0,turunan,2026-04-07
18112,9.0,turunan,2026-04-09
18113,9.0,turunan,2026-04-11
18114,9.0,turunan,2026-04-14
18115,9.0,turunan,2026-04-16
18116,9.0,turunan,2026-04-19
18117,9.0,turunan,2026-04-22
18118,9.0,integral,2026-04-25
18119,9.0,integral,2026-04-26
18120,9.0,integral,2026-04-29
18121,9.0,integral,2026-04-30
18122,9.0,integral,2026-05-02
18123,9.0,integral,2026-05-04
18124,9.0,integral,2026-05-05
18125,16.0,penjumlahan,2026-01-01
18126,16.0,penjumlahan,2026-01-03
18127,16.0,penjumlahan,2026-01-05
18128,16.0,penjumlahan,2026-01-06
18129,16.0,penjumlahan,2026-01-08
18130,16.0,penjumlahan,2026-01-11
18131,16.0,penjumlahan,2026-01-14
18132,16.0,pengurangan,2026-01-17
18133,16.0,pengurangan,2026-01-20
18134,16.0,pengurangan,2026-01-23
18135,16.0,pengurangan,2026-01-26
18136,16.0,pengurangan,2026-01-29
18137,16.0,pengurangan,2026-02-01
18138,16.0,pembagian,2026-02-04
18139,16.0,pembagian,2026-02-06
18140,16.0,pembagian,2026-02-09
18141,16.0,pembagian,2026-02-11
18142,16.0,pembagian,2026-02-12
18143,16.0,pembagian,2026-02-14
18144,16.0,pembagian,2026-02-17
18145,16.0,pembagian,2026-02-19
18146,16.0,pembagian,2026-02-22
18147,16.0,pecahan,2026-02-23
18148,16.0,pecahan,2026-02-25
18149,16.0,pecahan,2026-02-28
18150,16.0,pecahan,2026-03-03
18151,16.0,pecahan,2026-03-04
18152,16.0,pecahan,2026-03-05
18153,16.0,pecahan,2026-03-07
18154,16.0,pecahan,2026-03-08
18155,16.0,pecahan,2026-03-11
18156,16.0,desimal,2026-03-13
18157,16.0,desimal,2026-03-14
18158,16.0,desimal,2026-03-16
18159,16.0,desimal,2026-03-17
18160,16.0,desimal,2026-03-20
18161,16.0,desimal,2026-03-22
18162,16.0,desimal,2026-03-25
18163,16.0,desimal,2026-03-27
18164,16.0,aljabar,2026-03-30
18165,16.0,aljabar,2026-04-01
18166,16.0,aljabar,2026-04-04
18167,16.0,aljabar,2026-04-05
18168,16.0,aljabar,2026-04-07
18169,16.0,fungsi,2026-04-10
18170,16.0,fungsi,2026-04-11
18171,16.0,fungsi,2026-04-14
18172,16.0,fungsi,2026-04-16
18173,16.0,fungsi,2026-04-17
18174,16.0,fungsi,2026-04-20
18175,16.0,fungsi,2026-04-21
18176,16.0,turunan,2026-04-22
18177,16.0,turunan,2026-04-23
18178,16.0,turunan,2026-04-25
18179,16.0,turunan,2026-04-28
18180,16.0,turunan,2026-05-01
18181,16.0,turunan,2026-05-02
18182,18.0,penjumlahan,2026-01-01
18183,18.0,penjumlahan,2026-01-04
18184,18.0,penjumlahan,2026-01-07
18185,18.0,penjumlahan,2026-01-10
18186,18.0,penjumlahan,2026-01-11
18187,18.0,pengurangan,2026-01-13
18188,18.0,pengurangan,2026-01-16
18189,18.0,pengurangan,2026-01-17
18190,18.0,pengurangan,2026-01-18
18191,18.0,pengurangan,2026-01-19
18192,18.0,pengurangan,2026-01-20
18193,18.0,pengurangan,2026-01-23
18194,18.0,pengurangan,2026-01-24
18195,18.0,pengurangan,2026-01-26
18196,18.0,perkalian,2026-01-28
18197,18.0,perkalian,2026-01-30
18198,18.0,perkalian,2026-02-01
18199,18.0,perkalian,2026-02-02
18200,18.0,perkalian,2026-02-03
18201,18.0,perkalian,2026-02-05
18202,18.0,perkalian,2026-02-06
18203,18.0,pembagian,2026-02-09
18204,18.0,pembagian,2026-02-12
18205,18.0,pembagian,2026-02-15
18206,18.0,pembagian,2026-02-16
18207,18.0,pembagian,2026-02-17
18208,18.0,pembagian,2026-02-20
18209,18.0,pembagian,2026-02-21
18210,18.0,pecahan,2026-02-23
18211,18.0,pecahan,2026-02-25
18212,18.0,pecahan,2026-02-28
18213,18.0,pecahan,2026-03-03
18214,18.0,pecahan,2026-03-06
18215,18.0,pecahan,2026-03-08
18216,18.0,pecahan,2026-03-09
18217,18.0,pecahan,2026-03-12
18218,18.0,pecahan,2026-03-13
18219,18.0,desimal,2026-03-15
18220,18.0,desimal,2026-03-18
18221,18.0,desimal,2026-03-19
18222,18.0,desimal,2026-03-20
18223,18.0,desimal,2026-03-21
18224,18.0,desimal,2026-03-22
18225,18.0,desimal,2026-03-25
18226,18.0,desimal,2026-03-26
18227,18.0,aljabar,2026-03-29
18228,18.0,aljabar,2026-03-31
18229,18.0,aljabar,2026-04-01
18230,18.0,aljabar,2026-04-03
18231,18.0,aljabar,2026-04-06
18232,18.0,aljabar,2026-04-08
18233,18.0,persamaan_linear,2026-04-11
18234,18.0,persamaan_linear,2026-04-13
18235,18.0,persamaan_linear,2026-04-16
18236,18.0,persamaan_linear,2026-04-19
18237,18.0,persamaan_linear,2026-04-22
18238,18.0,persamaan_linear,2026-04-24
18239,18.0,limit,2026-04-25
18240,18.0,limit,2026-04-26
18241,18.0,limit,2026-04-27
18242,18.0,limit,2026-04-29
18243,18.0,limit,2026-05-02
18244,18.0,limit,2026-05-05
18245,18.0,limit,2026-05-06
18246,18.0,limit,2026-05-07
18247,18.0,limit,2026-05-08
18248,12.0,penjumlahan,2026-01-01
18249,12.0,penjumlahan,2026-01-02
18250,12.0,penjumlahan,2026-01-03
18251,12.0,penjumlahan,2026-01-05
18252,12.0,penjumlahan,2026-01-08
18253,12.0,penjumlahan,2026-01-09
18254,12.0,penjumlahan,2026-01-12
18255,12.0,pengurangan,2026-01-13
18256,12.0,pengurangan,2026-01-15
18257,12.0,pengurangan,2026-01-16
18258,12.0,pengurangan,2026-01-19
18259,12.0,pengurangan,2026-01-21
18260,12.0,pengurangan,2026-01-23
18261,12.0,pengurangan,2026-01-26
18262,12.0,pengurangan,2026-01-28
18263,12.0,perkalian,2026-01-30
18264,12.0,perkalian,2026-02-01
18265,12.0,perkalian,2026-02-03
18266,12.0,perkalian,2026-02-06
18267,12.0,perkalian,2026-02-08
18268,12.0,pembagian,2026-02-10
18269,12.0,pembagian,2026-02-12
18270,12.0,pembagian,2026-02-15
18271,12.0,pembagian,2026-02-18
18272,12.0,pembagian,2026-02-21
18273,12.0,pembagian,2026-02-22
18274,12.0,pembagian,2026-02-23
18275,12.0,pembagian,2026-02-25
18276,12.0,desimal,2026-02-26
18277,12.0,desimal,2026-02-27
18278,12.0,desimal,2026-03-02
18279,12.0,desimal,2026-03-05
18280,12.0,desimal,2026-03-07
18281,12.0,desimal,2026-03-09
18282,12.0,aljabar,2026-03-12
18283,12.0,aljabar,2026-03-14
18284,12.0,aljabar,2026-03-16
18285,12.0,aljabar,2026-03-18
18286,12.0,aljabar,2026-03-19
18287,12.0,aljabar,2026-03-20
18288,12.0,aljabar,2026-03-22
18289,12.0,aljabar,2026-03-23
18290,12.0,persamaan_linear,2026-03-25
18291,12.0,persamaan_linear,2026-03-28
18292,12.0,persamaan_linear,2026-03-31
18293,12.0,persamaan_linear,2026-04-02
18294,12.0,persamaan_linear,2026-04-03
18295,12.0,persamaan_linear,2026-04-04
18296,12.0,persamaan_linear,2026-04-06
18297,12.0,persamaan_linear,2026-04-09
18298,12.0,persamaan_linear,2026-04-11
18299,12.0,fungsi,2026-04-12
18300,12.0,fungsi,2026-04-15
18301,12.0,fungsi,2026-04-16
18302,12.0,fungsi,2026-04-17
18303,12.0,fungsi,2026-04-20
18304,12.0,fungsi,2026-04-22
18305,12.0,limit,2026-04-25
18306,12.0,limit,2026-04-27
18307,12.0,limit,2026-04-28
18308,12.0,limit,2026-04-30
18309,12.0,limit,2026-05-02
18310,12.0,limit,2026-05-03
18311,12.0,turunan,2026-05-04
18312,12.0,turunan,2026-05-06
18313,12.0,turunan,2026-05-08
18314,12.0,turunan,2026-05-09
18315,12.0,turunan,2026-05-10
18316,12.0,turunan,2026-05-11
18317,12.0,turunan,2026-05-12
18318,12.0,integral,2026-05-15
18319,12.0,integral,2026-05-16
18320,12.0,integral,2026-05-17
18321,12.0,integral,2026-05-19
18322,12.0,integral,2026-05-20
18323,12.0,integral,2026-05-23
18324,3.0,penjumlahan,2026-01-01
18325,3.0,penjumlahan,2026-01-03
18326,3.0,penjumlahan,2026-01-06
18327,3.0,penjumlahan,2026-01-07
18328,3.0,penjumlahan,2026-01-08
18329,3.0,penjumlahan,2026-01-09
18330,3.0,penjumlahan,2026-01-11
18331,3.0,penjumlahan,2026-01-13
18332,3.0,penjumlahan,2026-01-16
18333,3.0,pengurangan,2026-01-19
18334,3.0,pengurangan,2026-01-22
18335,3.0,pengurangan,2026-01-24
18336,3.0,pengurangan,2026-01-27
18337,3.0,pengurangan,2026-01-30
18338,3.0,pengurangan,2026-02-01
18339,3.0,pengurangan,2026-02-04
18340,3.0,perkalian,2026-02-05
18341,3.0,perkalian,2026-02-06
18342,3.0,perkalian,2026-02-07
18343,3.0,perkalian,2026-02-10
18344,3.0,perkalian,2026-02-13
18345,3.0,perkalian,2026-02-16
18346,3.0,perkalian,2026-02-18
18347,3.0,perkalian,2026-02-20
18348,3.0,perkalian,2026-02-23
18349,3.0,pembagian,2026-02-26
18350,3.0,pembagian,2026-03-01
18351,3.0,pembagian,2026-03-04
18352,3.0,pembagian,2026-03-06
18353,3.0,pembagian,2026-03-09
18354,3.0,pembagian,2026-03-11
18355,3.0,pembagian,2026-03-13
18356,3.0,pembagian,2026-03-14
18357,3.0,pecahan,2026-03-15
18358,3.0,pecahan,2026-03-16
18359,3.0,pecahan,2026-03-17
18360,3.0,pecahan,2026-03-18
18361,3.0,pecahan,2026-03-19
18362,3.0,pecahan,2026-03-20
18363,3.0,desimal,2026-03-23
18364,3.0,desimal,2026-03-26
18365,3.0,desimal,2026-03-29
18366,3.0,desimal,2026-04-01
18367,3.0,desimal,2026-04-03
18368,3.0,desimal,2026-04-05
18369,3.0,persamaan_linear,2026-04-06
18370,3.0,persamaan_linear,2026-04-08
18371,3.0,persamaan_linear,2026-04-11
18372,3.0,persamaan_linear,2026-04-14
18373,3.0,persamaan_linear,2026-04-17
18374,3.0,persamaan_linear,2026-04-19
18375,3.0,persamaan_linear,2026-04-20
18376,3.0,persamaan_linear,2026-04-23
18377,3.0,persamaan_linear,2026-04-26
18378,3.0,fungsi,2026-04-28
18379,3.0,fungsi,2026-04-30
18380,3.0,fungsi,2026-05-03
18381,3.0,fungsi,2026-05-05
18382,3.0,fungsi,2026-05-07
18383,3.0,fungsi,2026-05-10
18384,3.0,fungsi,2026-05-13
18385,3.0,fungsi,2026-05-15
18386,3.0,limit,2026-05-18
18387,3.0,limit,2026-05-19
18388,3.0,limit,2026-05-22
18389,3.0,limit,2026-05-24
18390,3.0,limit,2026-05-25
18391,3.0,limit,2026-05-28
18392,3.0,limit,2026-05-29
18393,1.0,penjumlahan,2026-01-01
18394,1.0,penjumlahan,2026-01-03
18395,1.0,penjumlahan,2026-01-05
18396,1.0,penjumlahan,2026-01-06
18397,1.0,penjumlahan,2026-01-08
18398,1.0,penjumlahan,2026-01-09
18399,1.0,penjumlahan,2026-01-12
18400,1.0,pengurangan,2026-01-14
18401,1.0,pengurangan,2026-01-15
18402,1.0,pengurangan,2026-01-17
18403,1.0,pengurangan,2026-01-20
18404,1.0,pengurangan,2026-01-23
18405,1.0,pengurangan,2026-01-26
18406,1.0,perkalian,2026-01-29
18407,1.0,perkalian,2026-01-31
18408,1.0,perkalian,2026-02-02
18409,1.0,perkalian,2026-02-05
18410,1.0,perkalian,2026-02-08
18411,1.0,pembagian,2026-02-10
18412,1.0,pembagian,2026-02-11
18413,1.0,pembagian,2026-02-14
18414,1.0,pembagian,2026-02-16
18415,1.0,pembagian,2026-02-17
18416,1.0,pembagian,2026-02-19
18417,1.0,persamaan_linear,2026-02-21
18418,1.0,persamaan_linear,2026-02-24
18419,1.0,persamaan_linear,2026-02-27
18420,1.0,persamaan_linear,2026-02-28
18421,1.0,persamaan_linear,2026-03-02
18422,1.0,persamaan_linear,2026-03-03
18423,1.0,persamaan_linear,2026-03-06
18424,1.0,persamaan_linear,2026-03-08
18425,1.0,persamaan_linear,2026-03-11
18426,1.0,fungsi,2026-03-12
18427,1.0,fungsi,2026-03-15
18428,1.0,fungsi,2026-03-18
18429,1.0,fungsi,2026-03-20
18430,1.0,fungsi,2026-03-23
18431,1.0,limit,2026-03-26
18432,1.0,limit,2026-03-27
18433,1.0,limit,2026-03-30
18434,1.0,limit,2026-04-01
18435,1.0,limit,2026-04-04
18436,1.0,limit,2026-04-07
18437,1.0,turunan,2026-04-10
18438,1.0,turunan,2026-04-12
18439,1.0,turunan,2026-04-13
18440,1.0,turunan,2026-04-16
18441,1.0,turunan,2026-04-17
18442,1.0,integral,2026-04-19
18443,1.0,integral,2026-04-20
18444,1.0,integral,2026-04-22
18445,1.0,integral,2026-04-23
18446,1.0,integral,2026-04-26
18447,1.0,integral,2026-04-29
18448,1.0,integral,2026-05-01
18449,1.0,integral,2026-05-03
18450,1.0,integral,2026-05-05
18451,7.0,penjumlahan,2026-01-01
18452,7.0,penjumlahan,2026-01-02
18453,7.0,penjumlahan,2026-01-05
18454,7.0,penjumlahan,2026-01-08
18455,7.0,penjumlahan,2026-01-10
18456,7.0,penjumlahan,2026-01-13
18457,7.0,pengurangan,2026-01-14
18458,7.0,pengurangan,2026-01-15
18459,7.0,pengurangan,2026-01-17
18460,7.0,pengurangan,2026-01-19
18461,7.0,pengurangan,2026-01-20
18462,7.0,pengurangan,2026-01-22
18463,7.0,pecahan,2026-01-25
18464,7.0,pecahan,2026-01-26
18465,7.0,pecahan,2026-01-28
18466,7.0,pecahan,2026-01-29
18467,7.0,pecahan,2026-02-01
18468,7.0,desimal,2026-02-04
18469,7.0,desimal,2026-02-07
18470,7.0,desimal,2026-02-09
18471,7.0,desimal,2026-02-12
18472,7.0,desimal,2026-02-13
18473,7.0,aljabar,2026-02-14
18474,7.0,aljabar,2026-02-15
18475,7.0,aljabar,2026-02-16
18476,7.0,aljabar,2026-02-19
18477,7.0,aljabar,2026-02-21
18478,7.0,persamaan_linear,2026-02-24
18479,7.0,persamaan_linear,2026-02-27
18480,7.0,persamaan_linear,2026-03-01
18481,7.0,persamaan_linear,2026-03-03
18482,7.0,persamaan_linear,2026-03-05
18483,7.0,persamaan_linear,2026-03-08
18484,7.0,turunan,2026-03-11
18485,7.0,turunan,2026-03-12
18486,7.0,turunan,2026-03-15
18487,7.0,turunan,2026-03-18
18488,7.0,turunan,2026-03-21
18489,7.0,turunan,2026-03-24
18490,7.0,turunan,2026-03-27
18491,7.0,turunan,2026-03-30
18492,7.0,turunan,2026-03-31
18493,7.0,integral,2026-04-02
18494,7.0,integral,2026-04-05
18495,7.0,integral,2026-04-06
18496,7.0,integral,2026-04-07
18497,7.0,integral,2026-04-09
18498,7.0,integral,2026-04-10
18499,7.0,integral,2026-04-13
18500,20.0,penjumlahan,2026-01-01
18501,20.0,penjumlahan,2026-01-02
18502,20.0,penjumlahan,2026-01-05
18503,20.0,penjumlahan,2026-01-08
18504,20.0,penjumlahan,2026-01-09
18505,20.0,penjumlahan,2026-01-10
18506,20.0,pengurangan,2026-01-11
18507,20.0,pengurangan,2026-01-12
18508,20.0,pengurangan,2026-01-15
18509,20.0,pengurangan,2026-01-18
18510,20.0,pengurangan,2026-01-21
18511,20.0,perkalian,2026-01-23
18512,20.0,perkalian,2026-01-24
18513,20.0,perkalian,2026-01-27
18514,20.0,perkalian,2026-01-29
18515,20.0,perkalian,2026-01-30
18516,20.0,perkalian,2026-02-01
18517,20.0,perkalian,2026-02-03
18518,20.0,perkalian,2026-02-06
18519,20.0,pecahan,2026-02-07
18520,20.0,pecahan,2026-02-08
18521,20.0,pecahan,2026-02-09
18522,20.0,pecahan,2026-02-12
18523,20.0,pecahan,2026-02-15
18524,20.0,pecahan,2026-02-17
18525,20.0,pecahan,2026-02-18
18526,20.0,desimal,2026-02-20
18527,20.0,desimal,2026-02-23
18528,20.0,desimal,2026-02-26
18529,20.0,desimal,2026-02-28
18530,20.0,desimal,2026-03-03
18531,20.0,desimal,2026-03-05
18532,20.0,desimal,2026-03-07
18533,20.0,desimal,2026-03-10
18534,20.0,aljabar,2026-03-13
18535,20.0,aljabar,2026-03-16
18536,20.0,aljabar,2026-03-19
18537,20.0,aljabar,2026-03-22
18538,20.0,aljabar,2026-03-25
18539,20.0,aljabar,2026-03-27
18540,20.0,aljabar,2026-03-28
18541,20.0,aljabar,2026-03-30
18542,20.0,aljabar,2026-04-01
18543,20.0,fungsi,2026-04-03
18544,20.0,fungsi,2026-04-06
18545,20.0,fungsi,2026-04-08
18546,20.0,fungsi,2026-04-09
18547,20.0,fungsi,2026-04-10
18548,20.0,fungsi,2026-04-12
18549,20.0,fungsi,2026-04-14
18550,20.0,fungsi,2026-04-15
18551,20.0,limit,2026-04-18
18552,20.0,limit,2026-04-21
18553,20.0,limit,2026-04-22
18554,20.0,limit,2026-04-25
18555,20.0,limit,2026-04-28
18556,20.0,limit,2026-05-01
18557,20.0,limit,2026-05-02
18558,20.0,turunan,2026-05-05
18559,20.0,turunan,2026-05-08
18560,20.0,turunan,2026-05-11
18561,20.0,turunan,2026-05-13
18562,20.0,turunan,2026-05-15
18563,20.0,turunan,2026-05-16
18564,20.0,turunan,2026-05-19
18565,8.0,penjumlahan,2026-01-01
18566,8.0,penjumlahan,2026-01-02
18567,8.0,penjumlahan,2026-01-03
18568,8.0,penjumlahan,2026-01-05
18569,8.0,penjumlahan,2026-01-07
18570,8.0,penjumlahan,2026-01-10
18571,8.0,penjumlahan,2026-01-13
18572,8.0,penjumlahan,2026-01-16
18573,8.0,pengurangan,2026-01-19
18574,8.0,pengurangan,2026-01-20
18575,8.0,pengurangan,2026-01-21
18576,8.0,pengurangan,2026-01-24
18577,8.0,pengurangan,2026-01-25
18578,8.0,pengurangan,2026-01-27
18579,8.0,pengurangan,2026-01-30
18580,8.0,pengurangan,2026-02-01
18581,8.0,perkalian,2026-02-04
18582,8.0,perkalian,2026-02-07
18583,8.0,perkalian,2026-02-10
18584,8.0,perkalian,2026-02-11
18585,8.0,perkalian,2026-02-12
18586,8.0,perkalian,2026-02-14
18587,8.0,perkalian,2026-02-17
18588,8.0,perkalian,2026-02-19
18589,8.0,pembagian,2026-02-20
18590,8.0,pembagian,2026-02-22
18591,8.0,pembagian,2026-02-24
18592,8.0,pembagian,2026-02-26
18593,8.0,pembagian,2026-03-01
18594,8.0,pembagian,2026-03-02
18595,8.0,pembagian,2026-03-04
18596,8.0,pembagian,2026-03-06
18597,8.0,pembagian,2026-03-07
18598,8.0,pecahan,2026-03-10
18599,8.0,pecahan,2026-03-11
18600,8.0,pecahan,2026-03-12
18601,8.0,pecahan,2026-03-14
18602,8.0,pecahan,2026-03-15
18603,8.0,pecahan,2026-03-18
18604,8.0,pecahan,2026-03-21
18605,8.0,aljabar,2026-03-22
18606,8.0,aljabar,2026-03-23
18607,8.0,aljabar,2026-03-26
18608,8.0,aljabar,2026-03-29
18609,8.0,aljabar,2026-03-30
18610,8.0,aljabar,2026-04-02
18611,8.0,aljabar,2026-04-05
18612,8.0,limit,2026-04-07
18613,8.0,limit,2026-04-10
18614,8.0,limit,2026-04-11
18615,8.0,limit,2026-04-14
18616,8.0,limit,2026-04-15
18617,8.0,turunan,2026-04-18
18618,8.0,turunan,2026-04-21
18619,8.0,turunan,2026-04-22
18620,8.0,turunan,2026-04-23
18621,8.0,turunan,2026-04-26
18622,8.0,integral,2026-04-27
18623,8.0,integral,2026-04-28
18624,8.0,integral,2026-05-01
18625,8.0,integral,2026-05-04
18626,8.0,integral,2026-05-06
18627,16.0,penjumlahan,2026-01-01
18628,16.0,penjumlahan,2026-01-04
18629,16.0,penjumlahan,2026-01-05
18630,16.0,penjumlahan,2026-01-07
18631,16.0,penjumlahan,2026-01-08
18632,16.0,penjumlahan,2026-01-11
18633,16.0,penjumlahan,2026-01-12
18634,16.0,pengurangan,2026-01-15
18635,16.0,pengurangan,2026-01-18
18636,16.0,pengurangan,2026-01-20
18637,16.0,pengurangan,2026-01-23
18638,16.0,pengurangan,2026-01-26
18639,16.0,pengurangan,2026-01-27
18640,16.0,pengurangan,2026-01-29
18641,16.0,perkalian,2026-01-31
18642,16.0,perkalian,2026-02-03
18643,16.0,perkalian,2026-02-04
18644,16.0,perkalian,2026-02-05
18645,16.0,perkalian,2026-02-08
18646,16.0,pembagian,2026-02-09
18647,16.0,pembagian,2026-02-10
18648,16.0,pembagian,2026-02-11
18649,16.0,pembagian,2026-02-13
18650,16.0,pembagian,2026-02-14
18651,16.0,pembagian,2026-02-15
18652,16.0,pembagian,2026-02-18
18653,16.0,pembagian,2026-02-19
18654,16.0,desimal,2026-02-20
18655,16.0,desimal,2026-02-23
18656,16.0,desimal,2026-02-26
18657,16.0,desimal,2026-02-27
18658,16.0,desimal,2026-03-02
18659,16.0,fungsi,2026-03-05
18660,16.0,fungsi,2026-03-08
18661,16.0,fungsi,2026-03-10
18662,16.0,fungsi,2026-03-12
18663,16.0,fungsi,2026-03-14
18664,16.0,fungsi,2026-03-16
18665,16.0,fungsi,2026-03-19
18666,16.0,limit,2026-03-21
18667,16.0,limit,2026-03-23
18668,16.0,limit,2026-03-25
18669,16.0,limit,2026-03-28
18670,16.0,limit,2026-03-30
18671,16.0,limit,2026-03-31
18672,16.0,turunan,2026-04-01
18673,16.0,turunan,2026-04-02
18674,16.0,turunan,2026-04-05
18675,16.0,turunan,2026-04-07
18676,16.0,turunan,2026-04-10
18677,16.0,turunan,2026-04-12
18678,16.0,turunan,2026-04-13
18679,19.0,penjumlahan,2026-01-01
18680,19.0,penjumlahan,2026-01-02
18681,19.0,penjumlahan,2026-01-05
18682,19.0,penjumlahan,2026-01-07
18683,19.0,penjumlahan,2026-01-10
18684,19.0,penjumlahan,2026-01-13
18685,19.0,penjumlahan,2026-01-14
18686,19.0,penjumlahan,2026-01-16
18687,19.0,penjumlahan,2026-01-17
18688,19.0,pengurangan,2026-01-20
18689,19.0,pengurangan,2026-01-23
18690,19.0,pengurangan,2026-01-26
18691,19.0,pengurangan,2026-01-29
18692,19.0,pengurangan,2026-02-01
18693,19.0,perkalian,2026-02-03
18694,19.0,perkalian,2026-02-04
18695,19.0,perkalian,2026-02-06
18696,19.0,perkalian,2026-02-08
18697,19.0,perkalian,2026-02-11
18698,19.0,perkalian,2026-02-12
18699,19.0,perkalian,2026-02-14
18700,19.0,pembagian,2026-02-16
18701,19.0,pembagian,2026-02-19
18702,19.0,pembagian,2026-02-21
18703,19.0,pembagian,2026-02-22
18704,19.0,pembagian,2026-02-25
18705,19.0,pembagian,2026-02-26
18706,19.0,pembagian,2026-02-28
18707,19.0,pembagian,2026-03-03
18708,19.0,pembagian,2026-03-04
18709,19.0,pecahan,2026-03-06
18710,19.0,pecahan,2026-03-08
18711,19.0,pecahan,2026-03-09
18712,19.0,pecahan,2026-03-12
18713,19.0,pecahan,2026-03-14
18714,19.0,persamaan_linear,2026-03-17
18715,19.0,persamaan_linear,2026-03-20
18716,19.0,persamaan_linear,2026-03-23
18717,19.0,persamaan_linear,2026-03-25
18718,19.0,persamaan_linear,2026-03-28
18719,19.0,persamaan_linear,2026-03-29
18720,19.0,persamaan_linear,2026-03-30
18721,19.0,integral,2026-04-01
18722,19.0,integral,2026-04-03
18723,19.0,integral,2026-04-06
18724,19.0,integral,2026-04-08
18725,19.0,integral,2026-04-10
18726,19.0,integral,2026-04-12
18727,15.0,penjumlahan,2026-01-01
18728,15.0,penjumlahan,2026-01-03
18729,15.0,penjumlahan,2026-01-05
18730,15.0,penjumlahan,2026-01-08
18731,15.0,penjumlahan,2026-01-11
18732,15.0,penjumlahan,2026-01-14
18733,15.0,penjumlahan,2026-01-17
18734,15.0,penjumlahan,2026-01-20
18735,15.0,pengurangan,2026-01-23
18736,15.0,pengurangan,2026-01-26
18737,15.0,pengurangan,2026-01-27
18738,15.0,pengurangan,2026-01-29
18739,15.0,pengurangan,2026-01-31
18740,15.0,pengurangan,2026-02-01
18741,15.0,perkalian,2026-02-04
18742,15.0,perkalian,2026-02-05
18743,15.0,perkalian,2026-02-07
18744,15.0,perkalian,2026-02-09
18745,15.0,perkalian,2026-02-12
18746,15.0,perkalian,2026-02-13
18747,15.0,pembagian,2026-02-16
18748,15.0,pembagian,2026-02-19
18749,15.0,pembagian,2026-02-20
18750,15.0,pembagian,2026-02-21
18751,15.0,pembagian,2026-02-24
18752,15.0,pembagian,2026-02-27
18753,15.0,pecahan,2026-03-02
18754,15.0,pecahan,2026-03-04
18755,15.0,pecahan,2026-03-05
18756,15.0,pecahan,2026-03-06
18757,15.0,pecahan,2026-03-09
18758,15.0,pecahan,2026-03-11
18759,15.0,pecahan,2026-03-14
18760,15.0,desimal,2026-03-16
18761,15.0,desimal,2026-03-19
18762,15.0,desimal,2026-03-22
18763,15.0,desimal,2026-03-24
18764,15.0,desimal,2026-03-27
18765,15.0,desimal,2026-03-30
18766,15.0,desimal,2026-04-02
18767,15.0,desimal,2026-04-05
18768,15.0,desimal,2026-04-08
18769,15.0,aljabar,2026-04-11
18770,15.0,aljabar,2026-04-14
18771,15.0,aljabar,2026-04-15
18772,15.0,aljabar,2026-04-18
18773,15.0,aljabar,2026-04-21
18774,15.0,aljabar,2026-04-22
18775,15.0,aljabar,2026-04-24
18776,15.0,aljabar,2026-04-27
18777,15.0,aljabar,2026-04-29
18778,15.0,persamaan_linear,2026-05-02
18779,15.0,persamaan_linear,2026-05-04
18780,15.0,persamaan_linear,2026-05-07
18781,15.0,persamaan_linear,2026-05-10
18782,15.0,persamaan_linear,2026-05-12
18783,15.0,persamaan_linear,2026-05-15
18784,15.0,persamaan_linear,2026-05-18
18785,15.0,persamaan_linear,2026-05-19
18786,15.0,fungsi,2026-05-22
18787,15.0,fungsi,2026-05-25
18788,15.0,fungsi,2026-05-26
18789,15.0,fungsi,2026-05-27
18790,15.0,fungsi,2026-05-30
18791,15.0,fungsi,2026-06-02
18792,15.0,turunan,2026-06-03
18793,15.0,turunan,2026-06-05
18794,15.0,turunan,2026-06-08
18795,15.0,turunan,2026-06-10
18796,15.0,turunan,2026-06-12
18797,15.0,turunan,2026-06-13
18798,15.0,turunan,2026-06-15
18799,12.0,penjumlahan,2026-01-01
18800,12.0,penjumlahan,2026-01-02
18801,12.0,penjumlahan,2026-01-03
18802,12.0,penjumlahan,2026-01-06
18803,12.0,penjumlahan,2026-01-09
18804,12.0,pengurangan,2026-01-10
18805,12.0,pengurangan,2026-01-12
18806,12.0,pengurangan,2026-01-15
18807,12.0,pengurangan,2026-01-17
18808,12.0,pengurangan,2026-01-20
18809,12.0,pengurangan,2026-01-21
18810,12.0,pengurangan,2026-01-24
18811,12.0,pengurangan,2026-01-26
18812,12.0,pengurangan,2026-01-29
18813,12.0,pembagian,2026-01-31
18814,12.0,pembagian,2026-02-01
18815,12.0,pembagian,2026-02-03
18816,12.0,pembagian,2026-02-04
18817,12.0,pembagian,2026-02-05
18818,12.0,pembagian,2026-02-06
18819,12.0,pembagian,2026-02-09
18820,12.0,pembagian,2026-02-10
18821,12.0,desimal,2026-02-11
18822,12.0,desimal,2026-02-14
18823,12.0,desimal,2026-02-16
18824,12.0,desimal,2026-02-17
18825,12.0,desimal,2026-02-18
18826,12.0,limit,2026-02-19
18827,12.0,limit,2026-02-22
18828,12.0,limit,2026-02-23
18829,12.0,limit,2026-02-25
18830,12.0,limit,2026-02-28
18831,12.0,integral,2026-03-03
18832,12.0,integral,2026-03-04
18833,12.0,integral,2026-03-07
18834,12.0,integral,2026-03-09
18835,12.0,integral,2026-03-10
18836,12.0,integral,2026-03-11
18837,12.0,integral,2026-03-12
18838,12.0,integral,2026-03-15
18839,12.0,integral,2026-03-18
18840,20.0,penjumlahan,2026-01-01
18841,20.0,penjumlahan,2026-01-04
18842,20.0,penjumlahan,2026-01-06
18843,20.0,penjumlahan,2026-01-07
18844,20.0,penjumlahan,2026-01-08
18845,20.0,penjumlahan,2026-01-09
18846,20.0,penjumlahan,2026-01-11
18847,20.0,pengurangan,2026-01-14
18848,20.0,pengurangan,2026-01-17
18849,20.0,pengurangan,2026-01-20
18850,20.0,pengurangan,2026-01-22
18851,20.0,pengurangan,2026-01-25
18852,20.0,pengurangan,2026-01-27
18853,20.0,pengurangan,2026-01-28
18854,20.0,pengurangan,2026-01-31
18855,20.0,pengurangan,2026-02-01
18856,20.0,perkalian,2026-02-04
18857,20.0,perkalian,2026-02-06
18858,20.0,perkalian,2026-02-07
18859,20.0,perkalian,2026-02-09
18860,20.0,perkalian,2026-02-12
18861,20.0,perkalian,2026-02-14
18862,20.0,desimal,2026-02-15
18863,20.0,desimal,2026-02-17
18864,20.0,desimal,2026-02-19
18865,20.0,desimal,2026-02-21
18866,20.0,desimal,2026-02-23
18867,20.0,desimal,2026-02-24
18868,20.0,desimal,2026-02-26
18869,20.0,desimal,2026-02-27
18870,20.0,desimal,2026-03-02
18871,20.0,aljabar,2026-03-05
18872,20.0,aljabar,2026-03-08
18873,20.0,aljabar,2026-03-10
18874,20.0,aljabar,2026-03-11
18875,20.0,aljabar,2026-03-14
18876,20.0,aljabar,2026-03-15
18877,20.0,aljabar,2026-03-17
18878,20.0,aljabar,2026-03-18
18879,20.0,persamaan_linear,2026-03-20
18880,20.0,persamaan_linear,2026-03-21
18881,20.0,persamaan_linear,2026-03-24
18882,20.0,persamaan_linear,2026-03-27
18883,20.0,persamaan_linear,2026-03-30
18884,20.0,persamaan_linear,2026-04-01
18885,20.0,fungsi,2026-04-03
18886,20.0,fungsi,2026-04-06
18887,20.0,fungsi,2026-04-09
18888,20.0,fungsi,2026-04-11
18889,20.0,fungsi,2026-04-14
18890,20.0,fungsi,2026-04-16
18891,20.0,fungsi,2026-04-19
18892,20.0,turunan,2026-04-20
18893,20.0,turunan,2026-04-21
18894,20.0,turunan,2026-04-22
18895,20.0,turunan,2026-04-25
18896,20.0,turunan,2026-04-28
18897,20.0,turunan,2026-04-29
18898,20.0,turunan,2026-04-30
18899,20.0,integral,2026-05-03
18900,20.0,integral,2026-05-06
18901,20.0,integral,2026-05-07
18902,20.0,integral,2026-05-10
18903,20.0,integral,2026-05-12
18904,20.0,integral,2026-05-15
18905,20.0,integral,2026-05-17
18906,6.0,penjumlahan,2026-01-01
18907,6.0,penjumlahan,2026-01-04
18908,6.0,penjumlahan,2026-01-05
18909,6.0,penjumlahan,2026-01-08
18910,6.0,penjumlahan,2026-01-10
18911,6.0,pengurangan,2026-01-11
18912,6.0,pengurangan,2026-01-13
18913,6.0,pengurangan,2026-01-15
18914,6.0,pengurangan,2026-01-18
18915,6.0,pengurangan,2026-01-19
18916,6.0,pengurangan,2026-01-20
18917,6.0,pengurangan,2026-01-22
18918,6.0,pengurangan,2026-01-24
18919,6.0,perkalian,2026-01-25
18920,6.0,perkalian,2026-01-26
18921,6.0,perkalian,2026-01-29
18922,6.0,perkalian,2026-01-30
18923,6.0,perkalian,2026-02-01
18924,6.0,perkalian,2026-02-03
18925,6.0,perkalian,2026-02-05
18926,6.0,perkalian,2026-02-08
18927,6.0,pembagian,2026-02-10
18928,6.0,pembagian,2026-02-13
18929,6.0,pembagian,2026-02-14
18930,6.0,pembagian,2026-02-16
18931,6.0,pembagian,2026-02-17
18932,6.0,pembagian,2026-02-19
18933,6.0,pecahan,2026-02-20
18934,6.0,pecahan,2026-02-22
18935,6.0,pecahan,2026-02-23
18936,6.0,pecahan,2026-02-25
18937,6.0,pecahan,2026-02-26
18938,6.0,pecahan,2026-03-01
18939,6.0,pecahan,2026-03-02
18940,6.0,pecahan,2026-03-05
18941,6.0,desimal,2026-03-08
18942,6.0,desimal,2026-03-11
18943,6.0,desimal,2026-03-14
18944,6.0,desimal,2026-03-16
18945,6.0,desimal,2026-03-19
18946,6.0,desimal,2026-03-22
18947,6.0,desimal,2026-03-24
18948,6.0,aljabar,2026-03-26
18949,6.0,aljabar,2026-03-28
18950,6.0,aljabar,2026-03-29
18951,6.0,aljabar,2026-03-30
18952,6.0,aljabar,2026-03-31
18953,6.0,aljabar,2026-04-01
18954,6.0,aljabar,2026-04-04
18955,6.0,persamaan_linear,2026-04-06
18956,6.0,persamaan_linear,2026-04-07
18957,6.0,persamaan_linear,2026-04-10
18958,6.0,persamaan_linear,2026-04-12
18959,6.0,persamaan_linear,2026-04-14
18960,6.0,persamaan_linear,2026-04-17
18961,6.0,persamaan_linear,2026-04-19
18962,6.0,fungsi,2026-04-21
18963,6.0,fungsi,2026-04-22
18964,6.0,fungsi,2026-04-23
18965,6.0,fungsi,2026-04-24
18966,6.0,fungsi,2026-04-27
18967,6.0,fungsi,2026-04-29
18968,6.0,fungsi,2026-05-02
18969,6.0,fungsi,2026-05-04
18970,6.0,limit,2026-05-05
18971,6.0,limit,2026-05-08
18972,6.0,limit,2026-05-11
18973,6.0,limit,2026-05-14
18974,6.0,limit,2026-05-15
18975,6.0,limit,2026-05-18
18976,6.0,limit,2026-05-20
18977,6.0,limit,2026-05-21
18978,6.0,limit,2026-05-24
18979,6.0,integral,2026-05-27
18980,6.0,integral,2026-05-30
18981,6.0,integral,2026-06-02
18982,6.0,integral,2026-06-04
18983,6.0,integral,2026-06-05
18984,6.0,integral,2026-06-08
18985,6.0,integral,2026-06-10
18986,6.0,integral,2026-06-13
18987,6.0,integral,2026-06-15
18988,4.0,penjumlahan,2026-01-01
18989,4.0,penjumlahan,2026-01-02
18990,4.0,penjumlahan,2026-01-03
18991,4.0,penjumlahan,2026-01-04
18992,4.0,penjumlahan,2026-01-07
18993,4.0,penjumlahan,2026-01-08
18994,4.0,penjumlahan,2026-01-09
18995,4.0,penjumlahan,2026-01-11
18996,4.0,pengurangan,2026-01-13
18997,4.0,pengurangan,2026-01-15
18998,4.0,pengurangan,2026-01-18
18999,4.0,pengurangan,2026-01-21
19000,4.0,pengurangan,2026-01-22
19001,4.0,pengurangan,2026-01-23
19002,4.0,pengurangan,2026-01-25
19003,4.0,pengurangan,2026-01-27
19004,4.0,pengurangan,2026-01-30
19005,4.0,perkalian,2026-02-02
19006,4.0,perkalian,2026-02-03
19007,4.0,perkalian,2026-02-06
19008,4.0,perkalian,2026-02-08
19009,4.0,perkalian,2026-02-10
19010,4.0,perkalian,2026-02-12
19011,4.0,perkalian,2026-02-14
19012,4.0,perkalian,2026-02-16
19013,4.0,pembagian,2026-02-17
19014,4.0,pembagian,2026-02-18
19015,4.0,pembagian,2026-02-19
19016,4.0,pembagian,2026-02-21
19017,4.0,pembagian,2026-02-23
19018,4.0,pembagian,2026-02-25
19019,4.0,pembagian,2026-02-26
19020,4.0,pembagian,2026-03-01
19021,4.0,pembagian,2026-03-03
19022,4.0,pecahan,2026-03-06
19023,4.0,pecahan,2026-03-08
19024,4.0,pecahan,2026-03-09
19025,4.0,pecahan,2026-03-11
19026,4.0,pecahan,2026-03-12
19027,4.0,pecahan,2026-03-13
19028,4.0,desimal,2026-03-16
19029,4.0,desimal,2026-03-18
19030,4.0,desimal,2026-03-21
19031,4.0,desimal,2026-03-22
19032,4.0,desimal,2026-03-24
19033,4.0,desimal,2026-03-26
19034,4.0,desimal,2026-03-29
19035,4.0,desimal,2026-04-01
19036,4.0,desimal,2026-04-02
19037,4.0,persamaan_linear,2026-04-05
19038,4.0,persamaan_linear,2026-04-08
19039,4.0,persamaan_linear,2026-04-11
19040,4.0,persamaan_linear,2026-04-12
19041,4.0,persamaan_linear,2026-04-13
19042,4.0,persamaan_linear,2026-04-14
19043,4.0,persamaan_linear,2026-04-15
19044,4.0,persamaan_linear,2026-04-17
19045,4.0,fungsi,2026-04-19
19046,4.0,fungsi,2026-04-20
19047,4.0,fungsi,2026-04-23
19048,4.0,fungsi,2026-04-24
19049,4.0,fungsi,2026-04-27
19050,4.0,limit,2026-04-28
19051,4.0,limit,2026-04-29
19052,4.0,limit,2026-05-02
19053,4.0,limit,2026-05-05
19054,4.0,limit,2026-05-07
19055,4.0,limit,2026-05-09
19056,4.0,limit,2026-05-10
19057,4.0,limit,2026-05-13
19058,4.0,limit,2026-05-15
19059,4.0,turunan,2026-05-18
19060,4.0,turunan,2026-05-19
19061,4.0,turunan,2026-05-21
19062,4.0,turunan,2026-05-23
19063,4.0,turunan,2026-05-26
19064,10.0,penjumlahan,2026-01-01
19065,10.0,penjumlahan,2026-01-04
19066,10.0,penjumlahan,2026-01-06
19067,10.0,penjumlahan,2026-01-09
19068,10.0,penjumlahan,2026-01-12
19069,10.0,penjumlahan,2026-01-15
19070,10.0,penjumlahan,2026-01-16
19071,10.0,penjumlahan,2026-01-18
19072,10.0,pengurangan,2026-01-21
19073,10.0,pengurangan,2026-01-22
19074,10.0,pengurangan,2026-01-23
19075,10.0,pengurangan,2026-01-26
19076,10.0,pengurangan,2026-01-27
19077,10.0,pengurangan,2026-01-30
19078,10.0,pengurangan,2026-02-01
19079,10.0,pengurangan,2026-02-03
19080,10.0,pengurangan,2026-02-06
19081,10.0,perkalian,2026-02-09
19082,10.0,perkalian,2026-02-12
19083,10.0,perkalian,2026-02-15
19084,10.0,perkalian,2026-02-18
19085,10.0,perkalian,2026-02-21
19086,10.0,perkalian,2026-02-24
19087,10.0,perkalian,2026-02-26
19088,10.0,perkalian,2026-03-01
19089,10.0,pembagian,2026-03-04
19090,10.0,pembagian,2026-03-07
19091,10.0,pembagian,2026-03-09
19092,10.0,pembagian,2026-03-12
19093,10.0,pembagian,2026-03-14
19094,10.0,pembagian,2026-03-15
19095,10.0,pembagian,2026-03-18
19096,10.0,pembagian,2026-03-21
19097,10.0,pecahan,2026-03-22
19098,10.0,pecahan,2026-03-25
19099,10.0,pecahan,2026-03-26
19100,10.0,pecahan,2026-03-27
19101,10.0,pecahan,2026-03-28
19102,10.0,pecahan,2026-03-31
19103,10.0,pecahan,2026-04-03
19104,10.0,pecahan,2026-04-05
19105,10.0,persamaan_linear,2026-04-07
19106,10.0,persamaan_linear,2026-04-10
19107,10.0,persamaan_linear,2026-04-13
19108,10.0,persamaan_linear,2026-04-14
19109,10.0,persamaan_linear,2026-04-16
19110,10.0,limit,2026-04-18
19111,10.0,limit,2026-04-19
19112,10.0,limit,2026-04-20
19113,10.0,limit,2026-04-23
19114,10.0,limit,2026-04-25
19115,10.0,turunan,2026-04-26
19116,10.0,turunan,2026-04-29
19117,10.0,turunan,2026-04-30
19118,10.0,turunan,2026-05-03
19119,10.0,turunan,2026-05-04
19120,10.0,turunan,2026-05-05
19121,10.0,turunan,2026-05-06
19122,10.0,turunan,2026-05-09
19123,10.0,turunan,2026-05-10
19124,10.0,integral,2026-05-11
19125,10.0,integral,2026-05-14
19126,10.0,integral,2026-05-16
19127,10.0,integral,2026-05-19
19128,10.0,integral,2026-05-21
19129,10.0,integral,2026-05-22
19130,10.0,integral,2026-05-24
19131,10.0,integral,2026-05-26
19132,13.0,penjumlahan,2026-01-01
19133,13.0,penjumlahan,2026-01-04
19134,13.0,penjumlahan,2026-01-06
19135,13.0,penjumlahan,2026-01-09
19136,13.0,penjumlahan,2026-01-10
19137,13.0,penjumlahan,2026-01-12
19138,13.0,penjumlahan,2026-01-15
19139,13.0,penjumlahan,2026-01-17
19140,13.0,penjumlahan,2026-01-20
19141,13.0,pengurangan,2026-01-22
19142,13.0,pengurangan,2026-01-25
19143,13.0,pengurangan,2026-01-27
19144,13.0,pengurangan,2026-01-29
19145,13.0,pengurangan,2026-01-30
19146,13.0,pengurangan,2026-02-01
19147,13.0,pengurangan,2026-02-02
19148,13.0,pengurangan,2026-02-04
19149,13.0,pengurangan,2026-02-06
19150,13.0,perkalian,2026-02-08
19151,13.0,perkalian,2026-02-11
19152,13.0,perkalian,2026-02-12
19153,13.0,perkalian,2026-02-13
19154,13.0,perkalian,2026-02-14
19155,13.0,perkalian,2026-02-16
19156,13.0,perkalian,2026-02-19
19157,13.0,pembagian,2026-02-21
19158,13.0,pembagian,2026-02-24
19159,13.0,pembagian,2026-02-25
19160,13.0,pembagian,2026-02-28
19161,13.0,pembagian,2026-03-02
19162,13.0,persamaan_linear,2026-03-04
19163,13.0,persamaan_linear,2026-03-06
19164,13.0,persamaan_linear,2026-03-08
19165,13.0,persamaan_linear,2026-03-09
19166,13.0,persamaan_linear,2026-03-11
19167,13.0,fungsi,2026-03-14
19168,13.0,fungsi,2026-03-16
19169,13.0,fungsi,2026-03-17
19170,13.0,fungsi,2026-03-20
19171,13.0,fungsi,2026-03-22
19172,13.0,fungsi,2026-03-24
19173,13.0,turunan,2026-03-26
19174,13.0,turunan,2026-03-27
19175,13.0,turunan,2026-03-29
19176,13.0,turunan,2026-03-31
19177,13.0,turunan,2026-04-03
19178,3.0,penjumlahan,2026-01-01
19179,3.0,penjumlahan,2026-01-03
19180,3.0,penjumlahan,2026-01-06
19181,3.0,penjumlahan,2026-01-09
19182,3.0,penjumlahan,2026-01-12
19183,3.0,penjumlahan,2026-01-15
19184,3.0,penjumlahan,2026-01-18
19185,3.0,penjumlahan,2026-01-20
19186,3.0,pengurangan,2026-01-21
19187,3.0,pengurangan,2026-01-23
19188,3.0,pengurangan,2026-01-25
19189,3.0,pengurangan,2026-01-28
19190,3.0,pengurangan,2026-01-30
19191,3.0,pengurangan,2026-01-31
19192,3.0,pengurangan,2026-02-01
19193,3.0,pengurangan,2026-02-03
19194,3.0,pengurangan,2026-02-06
19195,3.0,perkalian,2026-02-09
19196,3.0,perkalian,2026-02-10
19197,3.0,perkalian,2026-02-11
19198,3.0,perkalian,2026-02-12
19199,3.0,perkalian,2026-02-13
19200,3.0,perkalian,2026-02-15
19201,3.0,perkalian,2026-02-17
19202,3.0,pecahan,2026-02-19
19203,3.0,pecahan,2026-02-21
19204,3.0,pecahan,2026-02-24
19205,3.0,pecahan,2026-02-26
19206,3.0,pecahan,2026-02-27
19207,3.0,desimal,2026-03-01
19208,3.0,desimal,2026-03-02
19209,3.0,desimal,2026-03-04
19210,3.0,desimal,2026-03-06
19211,3.0,desimal,2026-03-09
19212,3.0,desimal,2026-03-12
19213,3.0,desimal,2026-03-13
19214,3.0,desimal,2026-03-16
19215,3.0,aljabar,2026-03-19
19216,3.0,aljabar,2026-03-21
19217,3.0,aljabar,2026-03-23
19218,3.0,aljabar,2026-03-26
19219,3.0,aljabar,2026-03-28
19220,3.0,aljabar,2026-03-31
19221,3.0,aljabar,2026-04-03
19222,3.0,aljabar,2026-04-05
19223,3.0,aljabar,2026-04-08
19224,3.0,persamaan_linear,2026-04-09
19225,3.0,persamaan_linear,2026-04-10
19226,3.0,persamaan_linear,2026-04-12
19227,3.0,persamaan_linear,2026-04-14
19228,3.0,persamaan_linear,2026-04-16
19229,3.0,persamaan_linear,2026-04-18
19230,3.0,persamaan_linear,2026-04-20
19231,3.0,persamaan_linear,2026-04-22
19232,3.0,fungsi,2026-04-25
19233,3.0,fungsi,2026-04-28
19234,3.0,fungsi,2026-05-01
19235,3.0,fungsi,2026-05-03
19236,3.0,fungsi,2026-05-06
19237,4.0,penjumlahan,2026-01-01
19238,4.0,penjumlahan,2026-01-03
19239,4.0,penjumlahan,2026-01-04
19240,4.0,penjumlahan,2026-01-07
19241,4.0,penjumlahan,2026-01-09
19242,4.0,penjumlahan,2026-01-12
19243,4.0,penjumlahan,2026-01-13
19244,4.0,penjumlahan,2026-01-16
19245,4.0,pengurangan,2026-01-19
19246,4.0,pengurangan,2026-01-20
19247,4.0,pengurangan,2026-01-21
19248,4.0,pengurangan,2026-01-24
19249,4.0,pengurangan,2026-01-27
19250,4.0,pengurangan,2026-01-29
19251,4.0,perkalian,2026-02-01
19252,4.0,perkalian,2026-02-04
19253,4.0,perkalian,2026-02-06
19254,4.0,perkalian,2026-02-08
19255,4.0,perkalian,2026-02-09
19256,4.0,perkalian,2026-02-10
19257,4.0,perkalian,2026-02-12
19258,4.0,perkalian,2026-02-15
19259,4.0,perkalian,2026-02-16
19260,4.0,pembagian,2026-02-18
19261,4.0,pembagian,2026-02-21
19262,4.0,pembagian,2026-02-24
19263,4.0,pembagian,2026-02-25
19264,4.0,pembagian,2026-02-28
19265,4.0,pembagian,2026-03-01
19266,4.0,pembagian,2026-03-04
19267,4.0,pecahan,2026-03-07
19268,4.0,pecahan,2026-03-08
19269,4.0,pecahan,2026-03-10
19270,4.0,pecahan,2026-03-13
19271,4.0,pecahan,2026-03-15
19272,4.0,pecahan,2026-03-16
19273,4.0,pecahan,2026-03-17
19274,4.0,pecahan,2026-03-19
19275,4.0,pecahan,2026-03-21
19276,4.0,desimal,2026-03-24
19277,4.0,desimal,2026-03-26
19278,4.0,desimal,2026-03-28
19279,4.0,desimal,2026-03-31
19280,4.0,desimal,2026-04-01
19281,4.0,desimal,2026-04-04
19282,4.0,desimal,2026-04-06
19283,4.0,desimal,2026-04-09
19284,4.0,desimal,2026-04-10
19285,4.0,aljabar,2026-04-11
19286,4.0,aljabar,2026-04-13
19287,4.0,aljabar,2026-04-15
19288,4.0,aljabar,2026-04-18
19289,4.0,aljabar,2026-04-19
19290,4.0,aljabar,2026-04-20
19291,4.0,aljabar,2026-04-22
19292,4.0,persamaan_linear,2026-04-24
19293,4.0,persamaan_linear,2026-04-27
19294,4.0,persamaan_linear,2026-04-30
19295,4.0,persamaan_linear,2026-05-03
19296,4.0,persamaan_linear,2026-05-04
19297,4.0,persamaan_linear,2026-05-07
19298,4.0,persamaan_linear,2026-05-09
19299,4.0,persamaan_linear,2026-05-12
19300,4.0,persamaan_linear,2026-05-15
19301,4.0,fungsi,2026-05-16
19302,4.0,fungsi,2026-05-17
19303,4.0,fungsi,2026-05-18
19304,4.0,fungsi,2026-05-19
19305,4.0,fungsi,2026-05-21
19306,4.0,fungsi,2026-05-22
19307,4.0,fungsi,2026-05-25
19308,4.0,fungsi,2026-05-26
19309,4.0,limit,2026-05-29
19310,4.0,limit,2026-05-30
19311,4.0,limit,2026-06-02
19312,4.0,limit,2026-06-03
19313,4.0,limit,2026-06-04
19314,4.0,limit,2026-06-07
19315,4.0,integral,2026-06-08
19316,4.0,integral,2026-06-09
19317,4.0,integral,2026-06-11
19318,4.0,integral,2026-06-14
19319,4.0,integral,2026-06-17
19320,4.0,integral,2026-06-18
19321,4.0,integral,2026-06-19
19322,4.0,integral,2026-06-21
19323,20.0,penjumlahan,2026-01-01
19324,20.0,penjumlahan,2026-01-04
19325,20.0,penjumlahan,2026-01-06
19326,20.0,penjumlahan,2026-01-08
19327,20.0,penjumlahan,2026-01-11
19328,20.0,penjumlahan,2026-01-14
19329,20.0,penjumlahan,2026-01-15
19330,20.0,pengurangan,2026-01-17
19331,20.0,pengurangan,2026-01-19
19332,20.0,pengurangan,2026-01-21
19333,20.0,pengurangan,2026-01-22
19334,20.0,pengurangan,2026-01-24
19335,20.0,perkalian,2026-01-26
19336,20.0,perkalian,2026-01-28
19337,20.0,perkalian,2026-01-31
19338,20.0,perkalian,2026-02-02
19339,20.0,perkalian,2026-02-03
19340,20.0,perkalian,2026-02-06
19341,20.0,perkalian,2026-02-09
19342,20.0,perkalian,2026-02-12
19343,20.0,perkalian,2026-02-15
19344,20.0,pecahan,2026-02-16
19345,20.0,pecahan,2026-02-19
19346,20.0,pecahan,2026-02-22
19347,20.0,pecahan,2026-02-24
19348,20.0,pecahan,2026-02-26
19349,20.0,desimal,2026-02-28
19350,20.0,desimal,2026-03-02
19351,20.0,desimal,2026-03-05
19352,20.0,desimal,2026-03-07
19353,20.0,desimal,2026-03-08
19354,20.0,desimal,2026-03-10
19355,20.0,desimal,2026-03-11
19356,20.0,desimal,2026-03-14
19357,20.0,aljabar,2026-03-15
19358,20.0,aljabar,2026-03-17
19359,20.0,aljabar,2026-03-20
19360,20.0,aljabar,2026-03-22
19361,20.0,aljabar,2026-03-24
19362,20.0,aljabar,2026-03-26
19363,20.0,aljabar,2026-03-29
19364,20.0,aljabar,2026-04-01
19365,20.0,aljabar,2026-04-03
19366,20.0,persamaan_linear,2026-04-05
19367,20.0,persamaan_linear,2026-04-08
19368,20.0,persamaan_linear,2026-04-10
19369,20.0,persamaan_linear,2026-04-13
19370,20.0,persamaan_linear,2026-04-15
19371,20.0,persamaan_linear,2026-04-18
19372,20.0,persamaan_linear,2026-04-21
19373,20.0,persamaan_linear,2026-04-24
19374,20.0,persamaan_linear,2026-04-27
19375,20.0,fungsi,2026-04-29
19376,20.0,fungsi,2026-05-02
19377,20.0,fungsi,2026-05-03
19378,20.0,fungsi,2026-05-06
19379,20.0,fungsi,2026-05-09
19380,20.0,limit,2026-05-10
19381,20.0,limit,2026-05-11
19382,20.0,limit,2026-05-12
19383,20.0,limit,2026-05-15
19384,20.0,limit,2026-05-16
19385,20.0,limit,2026-05-18
19386,20.0,limit,2026-05-20
19387,20.0,limit,2026-05-22
19388,20.0,limit,2026-05-23
19389,20.0,turunan,2026-05-26
19390,20.0,turunan,2026-05-29
19391,20.0,turunan,2026-05-30
19392,20.0,turunan,2026-05-31
19393,20.0,turunan,2026-06-01
19394,20.0,turunan,2026-06-02
19395,20.0,turunan,2026-06-03
19396,20.0,turunan,2026-06-05
19397,20.0,turunan,2026-06-06
19398,19.0,penjumlahan,2026-01-01
19399,19.0,penjumlahan,2026-01-04
19400,19.0,penjumlahan,2026-01-05
19401,19.0,penjumlahan,2026-01-07
19402,19.0,penjumlahan,2026-01-08
19403,19.0,penjumlahan,2026-01-11
19404,19.0,penjumlahan,2026-01-13
19405,19.0,penjumlahan,2026-01-15
19406,19.0,penjumlahan,2026-01-17
19407,19.0,pengurangan,2026-01-18
19408,19.0,pengurangan,2026-01-21
19409,19.0,pengurangan,2026-01-22
19410,19.0,pengurangan,2026-01-25
19411,19.0,pengurangan,2026-01-27
19412,19.0,pengurangan,2026-01-28
19413,19.0,pengurangan,2026-01-31
19414,19.0,perkalian,2026-02-03
19415,19.0,perkalian,2026-02-06
19416,19.0,perkalian,2026-02-08
19417,19.0,perkalian,2026-02-09
19418,19.0,perkalian,2026-02-10
19419,19.0,perkalian,2026-02-13
19420,19.0,perkalian,2026-02-16
19421,19.0,pecahan,2026-02-17
19422,19.0,pecahan,2026-02-20
19423,19.0,pecahan,2026-02-23
19424,19.0,pecahan,2026-02-25
19425,19.0,pecahan,2026-02-28
19426,19.0,pecahan,2026-03-03
19427,19.0,pecahan,2026-03-04
19428,19.0,aljabar,2026-03-07
19429,19.0,aljabar,2026-03-08
19430,19.0,aljabar,2026-03-10
19431,19.0,aljabar,2026-03-11
19432,19.0,aljabar,2026-03-13
19433,19.0,aljabar,2026-03-16
19434,19.0,persamaan_linear,2026-03-18
19435,19.0,persamaan_linear,2026-03-21
19436,19.0,persamaan_linear,2026-03-22
19437,19.0,persamaan_linear,2026-03-24
19438,19.0,persamaan_linear,2026-03-27
19439,19.0,persamaan_linear,2026-03-30
19440,19.0,persamaan_linear,2026-04-01
19441,19.0,persamaan_linear,2026-04-04
19442,19.0,persamaan_linear,2026-04-05
19443,19.0,fungsi,2026-04-08
19444,19.0,fungsi,2026-04-10
19445,19.0,fungsi,2026-04-13
19446,19.0,fungsi,2026-04-15
19447,19.0,fungsi,2026-04-16
19448,19.0,fungsi,2026-04-19
19449,19.0,fungsi,2026-04-21
19450,19.0,fungsi,2026-04-24
19451,19.0,fungsi,2026-04-27
19452,19.0,limit,2026-04-30
19453,19.0,limit,2026-05-03
19454,19.0,limit,2026-05-05
19455,19.0,limit,2026-05-06
19456,19.0,limit,2026-05-07
19457,19.0,limit,2026-05-09
19458,19.0,limit,2026-05-11
19459,19.0,limit,2026-05-14
19460,19.0,turunan,2026-05-16
19461,19.0,turunan,2026-05-19
19462,19.0,turunan,2026-05-20
19463,19.0,turunan,2026-05-22
19464,19.0,turunan,2026-05-23
19465,19.0,turunan,2026-05-25
19466,19.0,turunan,2026-05-26
19467,19.0,turunan,2026-05-29
19468,19.0,turunan,2026-06-01
19469,19.0,integral,2026-06-03
19470,19.0,integral,2026-06-04
19471,19.0,integral,2026-06-05
19472,19.0,integral,2026-06-06
19473,19.0,integral,2026-06-07
19474,19.0,integral,2026-06-08
19475,12.0,penjumlahan,2026-01-01
19476,12.0,penjumlahan,2026-01-04
19477,12.0,penjumlahan,2026-01-05
19478,12.0,penjumlahan,2026-01-06
19479,12.0,penjumlahan,2026-01-09
19480,12.0,pengurangan,2026-01-12
19481,12.0,pengurangan,2026-01-14
19482,12.0,pengurangan,2026-01-16
19483,12.0,pengurangan,2026-01-19
19484,12.0,pengurangan,2026-01-21
19485,12.0,pengurangan,2026-01-23
19486,12.0,pengurangan,2026-01-25
19487,12.0,pengurangan,2026-01-26
19488,12.0,pengurangan,2026-01-29
19489,12.0,perkalian,2026-01-31
19490,12.0,perkalian,2026-02-02
19491,12.0,perkalian,2026-02-05
19492,12.0,perkalian,2026-02-06
19493,12.0,perkalian,2026-02-07
19494,12.0,perkalian,2026-02-10
19495,12.0,perkalian,2026-02-13
19496,12.0,perkalian,2026-02-15
19497,12.0,perkalian,2026-02-16
19498,12.0,pembagian,2026-02-17
19499,12.0,pembagian,2026-02-19
19500,12.0,pembagian,2026-02-22
19501,12.0,pembagian,2026-02-25
19502,12.0,pembagian,2026-02-26
19503,12.0,pecahan,2026-03-01
19504,12.0,pecahan,2026-03-04
19505,12.0,pecahan,2026-03-06
19506,12.0,pecahan,2026-03-09
19507,12.0,pecahan,2026-03-10
19508,12.0,pecahan,2026-03-13
19509,12.0,pecahan,2026-03-14
19510,12.0,pecahan,2026-03-15
19511,12.0,aljabar,2026-03-16
19512,12.0,aljabar,2026-03-18
19513,12.0,aljabar,2026-03-21
19514,12.0,aljabar,2026-03-22
19515,12.0,aljabar,2026-03-23
19516,12.0,aljabar,2026-03-24
19517,12.0,aljabar,2026-03-25
19518,12.0,aljabar,2026-03-27
19519,12.0,aljabar,2026-03-29
19520,12.0,persamaan_linear,2026-03-30
19521,12.0,persamaan_linear,2026-04-01
19522,12.0,persamaan_linear,2026-04-04
19523,12.0,persamaan_linear,2026-04-05
19524,12.0,persamaan_linear,2026-04-07
19525,12.0,persamaan_linear,2026-04-10
19526,12.0,persamaan_linear,2026-04-13
19527,12.0,fungsi,2026-04-16
19528,12.0,fungsi,2026-04-17
19529,12.0,fungsi,2026-04-18
19530,12.0,fungsi,2026-04-20
19531,12.0,fungsi,2026-04-21
19532,12.0,fungsi,2026-04-22
19533,12.0,limit,2026-04-25
19534,12.0,limit,2026-04-28
19535,12.0,limit,2026-04-30
19536,12.0,limit,2026-05-02
19537,12.0,limit,2026-05-04
19538,12.0,limit,2026-05-06
19539,12.0,integral,2026-05-09
19540,12.0,integral,2026-05-12
19541,12.0,integral,2026-05-13
19542,12.0,integral,2026-05-14
19543,12.0,integral,2026-05-16
19544,12.0,integral,2026-05-18
19545,12.0,penjumlahan,2026-01-01
19546,12.0,penjumlahan,2026-01-04
19547,12.0,penjumlahan,2026-01-05
19548,12.0,penjumlahan,2026-01-06
19549,12.0,penjumlahan,2026-01-09
19550,12.0,penjumlahan,2026-01-10
19551,12.0,penjumlahan,2026-01-12
19552,12.0,penjumlahan,2026-01-13
19553,12.0,penjumlahan,2026-01-14
19554,12.0,pengurangan,2026-01-15
19555,12.0,pengurangan,2026-01-16
19556,12.0,pengurangan,2026-01-19
19557,12.0,pengurangan,2026-01-22
19558,12.0,pengurangan,2026-01-24
19559,12.0,pengurangan,2026-01-27
19560,12.0,pengurangan,2026-01-29
19561,12.0,perkalian,2026-02-01
19562,12.0,perkalian,2026-02-02
19563,12.0,perkalian,2026-02-05
19564,12.0,perkalian,2026-02-07
19565,12.0,perkalian,2026-02-10
19566,12.0,perkalian,2026-02-11
19567,12.0,pecahan,2026-02-12
19568,12.0,pecahan,2026-02-14
19569,12.0,pecahan,2026-02-16
19570,12.0,pecahan,2026-02-19
19571,12.0,pecahan,2026-02-21
19572,12.0,desimal,2026-02-23
19573,12.0,desimal,2026-02-26
19574,12.0,desimal,2026-02-27
19575,12.0,desimal,2026-03-02
19576,12.0,desimal,2026-03-03
19577,12.0,aljabar,2026-03-06
19578,12.0,aljabar,2026-03-08
19579,12.0,aljabar,2026-03-10
19580,12.0,aljabar,2026-03-11
19581,12.0,aljabar,2026-03-12
19582,12.0,persamaan_linear,2026-03-14
19583,12.0,persamaan_linear,2026-03-15
19584,12.0,persamaan_linear,2026-03-17
19585,12.0,persamaan_linear,2026-03-20
19586,12.0,persamaan_linear,2026-03-22
19587,12.0,persamaan_linear,2026-03-23
19588,12.0,fungsi,2026-03-25
19589,12.0,fungsi,2026-03-28
19590,12.0,fungsi,2026-03-30
19591,12.0,fungsi,2026-03-31
19592,12.0,fungsi,2026-04-03
19593,12.0,fungsi,2026-04-04
19594,12.0,limit,2026-04-06
19595,12.0,limit,2026-04-07
19596,12.0,limit,2026-04-08
19597,12.0,limit,2026-04-11
19598,12.0,limit,2026-04-13
19599,12.0,limit,2026-04-14
19600,17.0,penjumlahan,2026-01-01
19601,17.0,penjumlahan,2026-01-02
19602,17.0,penjumlahan,2026-01-05
19603,17.0,penjumlahan,2026-01-08
19604,17.0,penjumlahan,2026-01-11
19605,17.0,penjumlahan,2026-01-13
19606,17.0,penjumlahan,2026-01-16
19607,17.0,pengurangan,2026-01-18
19608,17.0,pengurangan,2026-01-20
19609,17.0,pengurangan,2026-01-23
19610,17.0,pengurangan,2026-01-26
19611,17.0,pengurangan,2026-01-28
19612,17.0,pengurangan,2026-01-30
19613,17.0,pengurangan,2026-02-02
19614,17.0,pengurangan,2026-02-03
19615,17.0,pengurangan,2026-02-06
19616,17.0,perkalian,2026-02-07
19617,17.0,perkalian,2026-02-10
19618,17.0,perkalian,2026-02-11
19619,17.0,perkalian,2026-02-13
19620,17.0,perkalian,2026-02-14
19621,17.0,pembagian,2026-02-15
19622,17.0,pembagian,2026-02-18
19623,17.0,pembagian,2026-02-19
19624,17.0,pembagian,2026-02-22
19625,17.0,pembagian,2026-02-25
19626,17.0,pembagian,2026-02-28
19627,17.0,pembagian,2026-03-01
19628,17.0,pembagian,2026-03-02
19629,17.0,pecahan,2026-03-05
19630,17.0,pecahan,2026-03-07
19631,17.0,pecahan,2026-03-10
19632,17.0,pecahan,2026-03-12
19633,17.0,pecahan,2026-03-14
19634,17.0,pecahan,2026-03-15
19635,17.0,pecahan,2026-03-17
19636,17.0,desimal,2026-03-20
19637,17.0,desimal,2026-03-21
19638,17.0,desimal,2026-03-23
19639,17.0,desimal,2026-03-26
19640,17.0,desimal,2026-03-28
19641,17.0,desimal,2026-03-29
19642,17.0,aljabar,2026-03-31
19643,17.0,aljabar,2026-04-03
19644,17.0,aljabar,2026-04-06
19645,17.0,aljabar,2026-04-07
19646,17.0,aljabar,2026-04-08
19647,17.0,aljabar,2026-04-11
19648,17.0,aljabar,2026-04-14
19649,17.0,persamaan_linear,2026-04-16
19650,17.0,persamaan_linear,2026-04-19
19651,17.0,persamaan_linear,2026-04-20
19652,17.0,persamaan_linear,2026-04-21
19653,17.0,persamaan_linear,2026-04-24
19654,17.0,persamaan_linear,2026-04-26
19655,17.0,persamaan_linear,2026-04-27
19656,17.0,fungsi,2026-04-28
19657,17.0,fungsi,2026-04-30
19658,17.0,fungsi,2026-05-01
19659,17.0,fungsi,2026-05-02
19660,17.0,fungsi,2026-05-03
19661,17.0,fungsi,2026-05-04
19662,17.0,fungsi,2026-05-06
19663,17.0,limit,2026-05-08
19664,17.0,limit,2026-05-10
19665,17.0,limit,2026-05-11
19666,17.0,limit,2026-05-14
19667,17.0,limit,2026-05-17
19668,17.0,limit,2026-05-18
19669,17.0,limit,2026-05-19
19670,17.0,limit,2026-05-21
19671,17.0,turunan,2026-05-24
19672,17.0,turunan,2026-05-26
19673,17.0,turunan,2026-05-27
19674,17.0,turunan,2026-05-29
19675,17.0,turunan,2026-06-01
19676,17.0,turunan,2026-06-03
19677,17.0,turunan,2026-06-05
19678,17.0,turunan,2026-06-07
19679,17.0,integral,2026-06-09
19680,17.0,integral,2026-06-12
19681,17.0,integral,2026-06-13
19682,17.0,integral,2026-06-15
19683,17.0,integral,2026-06-17
19684,17.0,integral,2026-06-19
19685,17.0,integral,2026-06-21
19686,17.0,integral,2026-06-23
19687,17.0,integral,2026-06-25
19688,1.0,penjumlahan,2026-01-01
19689,1.0,penjumlahan,2026-01-02
19690,1.0,penjumlahan,2026-01-03
19691,1.0,penjumlahan,2026-01-06
19692,1.0,penjumlahan,2026-01-09
19693,1.0,penjumlahan,2026-01-10
19694,1.0,pengurangan,2026-01-12
19695,1.0,pengurangan,2026-01-15
19696,1.0,pengurangan,2026-01-17
19697,1.0,pengurangan,2026-01-19
19698,1.0,pengurangan,2026-01-20
19699,1.0,pengurangan,2026-01-23
19700,1.0,pengurangan,2026-01-25
19701,1.0,perkalian,2026-01-27
19702,1.0,perkalian,2026-01-28
19703,1.0,perkalian,2026-01-29
19704,1.0,perkalian,2026-01-30
19705,1.0,perkalian,2026-02-01
19706,1.0,pecahan,2026-02-03
19707,1.0,pecahan,2026-02-06
19708,1.0,pecahan,2026-02-09
19709,1.0,pecahan,2026-02-11
19710,1.0,pecahan,2026-02-12
19711,1.0,desimal,2026-02-13
19712,1.0,desimal,2026-02-14
19713,1.0,desimal,2026-02-16
19714,1.0,desimal,2026-02-18
19715,1.0,desimal,2026-02-20
19716,1.0,desimal,2026-02-23
19717,1.0,desimal,2026-02-26
19718,1.0,desimal,2026-02-27
19719,1.0,persamaan_linear,2026-03-01
19720,1.0,persamaan_linear,2026-03-03
19721,1.0,persamaan_linear,2026-03-06
19722,1.0,persamaan_linear,2026-03-08
19723,1.0,persamaan_linear,2026-03-09
19724,1.0,persamaan_linear,2026-03-11
19725,1.0,limit,2026-03-13
19726,1.0,limit,2026-03-14
19727,1.0,limit,2026-03-16
19728,1.0,limit,2026-03-17
19729,1.0,limit,2026-03-19
19730,1.0,turunan,2026-03-22
19731,1.0,turunan,2026-03-23
19732,1.0,turunan,2026-03-25
19733,1.0,turunan,2026-03-27
19734,1.0,turunan,2026-03-28
19735,1.0,turunan,2026-03-30
19736,1.0,turunan,2026-04-02
19737,1.0,turunan,2026-04-03
19738,1.0,integral,2026-04-05
19739,1.0,integral,2026-04-07
19740,1.0,integral,2026-04-08
19741,1.0,integral,2026-04-09
19742,1.0,integral,2026-04-11
19743,1.0,integral,2026-04-14
19744,1.0,integral,2026-04-15
19745,16.0,penjumlahan,2026-01-01
19746,16.0,penjumlahan,2026-01-03
19747,16.0,penjumlahan,2026-01-04
19748,16.0,penjumlahan,2026-01-05
19749,16.0,penjumlahan,2026-01-07
19750,16.0,penjumlahan,2026-01-10
19751,16.0,pengurangan,2026-01-12
19752,16.0,pengurangan,2026-01-15
19753,16.0,pengurangan,2026-01-17
19754,16.0,pengurangan,2026-01-19
19755,16.0,pengurangan,2026-01-20
19756,16.0,perkalian,2026-01-23
19757,16.0,perkalian,2026-01-24
19758,16.0,perkalian,2026-01-25
19759,16.0,perkalian,2026-01-26
19760,16.0,perkalian,2026-01-29
19761,16.0,perkalian,2026-01-30
19762,16.0,perkalian,2026-02-02
19763,16.0,perkalian,2026-02-03
19764,16.0,perkalian,2026-02-06
19765,16.0,pecahan,2026-02-07
19766,16.0,pecahan,2026-02-10
19767,16.0,pecahan,2026-02-13
19768,16.0,pecahan,2026-02-15
19769,16.0,pecahan,2026-02-18
19770,16.0,desimal,2026-02-20
19771,16.0,desimal,2026-02-22
19772,16.0,desimal,2026-02-23
19773,16.0,desimal,2026-02-24
19774,16.0,desimal,2026-02-25
19775,16.0,desimal,2026-02-27
19776,16.0,desimal,2026-03-02
19777,16.0,aljabar,2026-03-04
19778,16.0,aljabar,2026-03-06
19779,16.0,aljabar,2026-03-08
19780,16.0,aljabar,2026-03-11
19781,16.0,aljabar,2026-03-12
19782,16.0,aljabar,2026-03-13
19783,16.0,aljabar,2026-03-16
19784,16.0,aljabar,2026-03-17
19785,16.0,aljabar,2026-03-19
19786,16.0,persamaan_linear,2026-03-20
19787,16.0,persamaan_linear,2026-03-23
19788,16.0,persamaan_linear,2026-03-24
19789,16.0,persamaan_linear,2026-03-27
19790,16.0,persamaan_linear,2026-03-30
19791,16.0,persamaan_linear,2026-04-02
19792,16.0,persamaan_linear,2026-04-03
19793,16.0,fungsi,2026-04-06
19794,16.0,fungsi,2026-04-07
19795,16.0,fungsi,2026-04-08
19796,16.0,fungsi,2026-04-09
19797,16.0,fungsi,2026-04-10
19798,16.0,fungsi,2026-04-12
19799,16.0,limit,2026-04-15
19800,16.0,limit,2026-04-18
19801,16.0,limit,2026-04-21
19802,16.0,limit,2026-04-22
19803,16.0,limit,2026-04-23
19804,16.0,turunan,2026-04-24
19805,16.0,turunan,2026-04-27
19806,16.0,turunan,2026-04-28
19807,16.0,turunan,2026-05-01
19808,16.0,turunan,2026-05-03
19809,16.0,turunan,2026-05-05
19810,16.0,turunan,2026-05-07
19811,16.0,integral,2026-05-10
19812,16.0,integral,2026-05-11
19813,16.0,integral,2026-05-12
19814,16.0,integral,2026-05-13
19815,16.0,integral,2026-05-16
19816,16.0,integral,2026-05-17
19817,14.0,penjumlahan,2026-01-01
19818,14.0,penjumlahan,2026-01-02
19819,14.0,penjumlahan,2026-01-03
19820,14.0,penjumlahan,2026-01-04
19821,14.0,penjumlahan,2026-01-07
19822,14.0,pengurangan,2026-01-10
19823,14.0,pengurangan,2026-01-13
19824,14.0,pengurangan,2026-01-14
19825,14.0,pengurangan,2026-01-16
19826,14.0,pengurangan,2026-01-18
19827,14.0,pecahan,2026-01-20
19828,14.0,pecahan,2026-01-21
19829,14.0,pecahan,2026-01-22
19830,14.0,pecahan,2026-01-24
19831,14.0,pecahan,2026-01-25
19832,14.0,pecahan,2026-01-27
19833,14.0,pecahan,2026-01-29
19834,14.0,pecahan,2026-01-31
19835,14.0,aljabar,2026-02-03
19836,14.0,aljabar,2026-02-04
19837,14.0,aljabar,2026-02-06
19838,14.0,aljabar,2026-02-09
19839,14.0,aljabar,2026-02-12
19840,14.0,aljabar,2026-02-13
19841,14.0,aljabar,2026-02-14
19842,14.0,aljabar,2026-02-15
19843,14.0,aljabar,2026-02-16
19844,14.0,persamaan_linear,2026-02-18
19845,14.0,persamaan_linear,2026-02-20
19846,14.0,persamaan_linear,2026-02-22
19847,14.0,persamaan_linear,2026-02-23
19848,14.0,persamaan_linear,2026-02-26
19849,14.0,persamaan_linear,2026-02-28
19850,14.0,persamaan_linear,2026-03-03
19851,14.0,persamaan_linear,2026-03-06
19852,14.0,fungsi,2026-03-07
19853,14.0,fungsi,2026-03-10
19854,14.0,fungsi,2026-03-12
19855,14.0,fungsi,2026-03-13
19856,14.0,fungsi,2026-03-14
19857,14.0,fungsi,2026-03-17
19858,14.0,fungsi,2026-03-18
19859,14.0,fungsi,2026-03-19
19860,14.0,turunan,2026-03-22
19861,14.0,turunan,2026-03-24
19862,14.0,turunan,2026-03-26
19863,14.0,turunan,2026-03-29
19864,14.0,turunan,2026-04-01
19865,14.0,integral,2026-04-04
19866,14.0,integral,2026-04-06
19867,14.0,integral,2026-04-08
19868,14.0,integral,2026-04-10
19869,14.0,integral,2026-04-12
19870,14.0,integral,2026-04-15
19871,14.0,integral,2026-04-17
19872,14.0,integral,2026-04-20
19873,14.0,integral,2026-04-21
19874,15.0,penjumlahan,2026-01-01
19875,15.0,penjumlahan,2026-01-03
19876,15.0,penjumlahan,2026-01-04
19877,15.0,penjumlahan,2026-01-06
19878,15.0,penjumlahan,2026-01-09
19879,15.0,pengurangan,2026-01-11
19880,15.0,pengurangan,2026-01-12
19881,15.0,pengurangan,2026-01-14
19882,15.0,pengurangan,2026-01-17
19883,15.0,pengurangan,2026-01-18
19884,15.0,pengurangan,2026-01-19
19885,15.0,pengurangan,2026-01-20
19886,15.0,pengurangan,2026-01-21
19887,15.0,perkalian,2026-01-23
19888,15.0,perkalian,2026-01-25
19889,15.0,perkalian,2026-01-27
19890,15.0,perkalian,2026-01-29
19891,15.0,perkalian,2026-02-01
19892,15.0,perkalian,2026-02-02
19893,15.0,perkalian,2026-02-03
19894,15.0,perkalian,2026-02-06
19895,15.0,pecahan,2026-02-07
19896,15.0,pecahan,2026-02-10
19897,15.0,pecahan,2026-02-13
19898,15.0,pecahan,2026-02-15
19899,15.0,pecahan,2026-02-17
19900,15.0,pecahan,2026-02-18
19901,15.0,pecahan,2026-02-21
19902,15.0,pecahan,2026-02-22
19903,15.0,pecahan,2026-02-23
19904,15.0,desimal,2026-02-24
19905,15.0,desimal,2026-02-27
19906,15.0,desimal,2026-02-28
19907,15.0,desimal,2026-03-01
19908,15.0,desimal,2026-03-03
19909,15.0,desimal,2026-03-05
19910,15.0,desimal,2026-03-08
19911,15.0,persamaan_linear,2026-03-11
19912,15.0,persamaan_linear,2026-03-13
19913,15.0,persamaan_linear,2026-03-15
19914,15.0,persamaan_linear,2026-03-17
19915,15.0,persamaan_linear,2026-03-20
19916,15.0,persamaan_linear,2026-03-23
19917,15.0,persamaan_linear,2026-03-24
19918,15.0,persamaan_linear,2026-03-27
19919,15.0,limit,2026-03-28
19920,15.0,limit,2026-03-29
19921,15.0,limit,2026-03-31
19922,15.0,limit,2026-04-02
19923,15.0,limit,2026-04-05
19924,15.0,limit,2026-04-06
19925,15.0,limit,2026-04-08
19926,15.0,turunan,2026-04-10
19927,15.0,turunan,2026-04-12
19928,15.0,turunan,2026-04-13
19929,15.0,turunan,2026-04-16
19930,15.0,turunan,2026-04-17
19931,15.0,turunan,2026-04-18
19932,15.0,turunan,2026-04-21
19933,15.0,integral,2026-04-23
19934,15.0,integral,2026-04-25
19935,15.0,integral,2026-04-26
19936,15.0,integral,2026-04-27
19937,15.0,integral,2026-04-29
19938,15.0,integral,2026-04-30
19939,15.0,integral,2026-05-03
19940,14.0,penjumlahan,2026-01-01
19941,14.0,penjumlahan,2026-01-03
19942,14.0,penjumlahan,2026-01-05
19943,14.0,penjumlahan,2026-01-07
19944,14.0,penjumlahan,2026-01-10
19945,14.0,penjumlahan,2026-01-12
19946,14.0,penjumlahan,2026-01-13
19947,14.0,pengurangan,2026-01-15
19948,14.0,pengurangan,2026-01-16
19949,14.0,pengurangan,2026-01-19
19950,14.0,pengurangan,2026-01-22
19951,14.0,pengurangan,2026-01-25
19952,14.0,pengurangan,2026-01-26
19953,14.0,perkalian,2026-01-28
19954,14.0,perkalian,2026-01-31
19955,14.0,perkalian,2026-02-03
19956,14.0,perkalian,2026-02-05
19957,14.0,perkalian,2026-02-08
19958,14.0,pembagian,2026-02-10
19959,14.0,pembagian,2026-02-12
19960,14.0,pembagian,2026-02-14
19961,14.0,pembagian,2026-02-15
19962,14.0,pembagian,2026-02-16
19963,14.0,pecahan,2026-02-17
19964,14.0,pecahan,2026-02-18
19965,14.0,pecahan,2026-02-19
19966,14.0,pecahan,2026-02-21
19967,14.0,pecahan,2026-02-24
19968,14.0,pecahan,2026-02-26
19969,14.0,pecahan,2026-02-28
19970,14.0,pecahan,2026-03-03
19971,14.0,pecahan,2026-03-05
19972,14.0,desimal,2026-03-08
19973,14.0,desimal,2026-03-10
19974,14.0,desimal,2026-03-11
19975,14.0,desimal,2026-03-14
19976,14.0,desimal,2026-03-17
19977,14.0,persamaan_linear,2026-03-20
19978,14.0,persamaan_linear,2026-03-23
19979,14.0,persamaan_linear,2026-03-26
19980,14.0,persamaan_linear,2026-03-29
19981,14.0,persamaan_linear,2026-03-31
19982,14.0,persamaan_linear,2026-04-01
19983,14.0,persamaan_linear,2026-04-03
19984,14.0,persamaan_linear,2026-04-04
19985,14.0,fungsi,2026-04-06
19986,14.0,fungsi,2026-04-07
19987,14.0,fungsi,2026-04-10
19988,14.0,fungsi,2026-04-13
19989,14.0,fungsi,2026-04-15
19990,14.0,limit,2026-04-17
19991,14.0,limit,2026-04-18
19992,14.0,limit,2026-04-20
19993,14.0,limit,2026-04-22
19994,14.0,limit,2026-04-24
19995,14.0,limit,2026-04-27
19996,14.0,limit,2026-04-28
19997,14.0,limit,2026-05-01
19998,14.0,integral,2026-05-02
19999,14.0,integral,2026-05-04
20000,14.0,integral,2026-05-06
20001,14.0,integral,2026-05-07
20002,14.0,integral,2026-05-09
20003,14.0,integral,2026-05-10
20004,14.0,integral,2026-05-12
20005,14.0,integral,2026-05-13
20006,17.0,penjumlahan,2026-01-01
20007,17.0,penjumlahan,2026-01-04
20008,17.0,penjumlahan,2026-01-05
20009,17.0,penjumlahan,2026-01-08
20010,17.0,penjumlahan,2026-01-09
20011,17.0,penjumlahan,2026-01-10
20012,17.0,penjumlahan,2026-01-11
20013,17.0,penjumlahan,2026-01-12
20014,17.0,penjumlahan,2026-01-15
20015,17.0,pengurangan,2026-01-16
20016,17.0,pengurangan,2026-01-18
20017,17.0,pengurangan,2026-01-19
20018,17.0,pengurangan,2026-01-22
20019,17.0,pengurangan,2026-01-24
20020,17.0,perkalian,2026-01-27
20021,17.0,perkalian,2026-01-28
20022,17.0,perkalian,2026-01-29
20023,17.0,perkalian,2026-01-30
20024,17.0,perkalian,2026-02-01
20025,17.0,pembagian,2026-02-03
20026,17.0,pembagian,2026-02-05
20027,17.0,pembagian,2026-02-07
20028,17.0,pembagian,2026-02-10
20029,17.0,pembagian,2026-02-12
20030,17.0,pembagian,2026-02-14
20031,17.0,pembagian,2026-02-15
20032,17.0,pecahan,2026-02-16
20033,17.0,pecahan,2026-02-18
20034,17.0,pecahan,2026-02-20
20035,17.0,pecahan,2026-02-22
20036,17.0,pecahan,2026-02-23
20037,17.0,pecahan,2026-02-24
20038,17.0,pecahan,2026-02-25
20039,17.0,pecahan,2026-02-27
20040,17.0,pecahan,2026-03-02
20041,17.0,desimal,2026-03-03
20042,17.0,desimal,2026-03-06
20043,17.0,desimal,2026-03-09
20044,17.0,desimal,2026-03-12
20045,17.0,desimal,2026-03-15
20046,17.0,aljabar,2026-03-16
20047,17.0,aljabar,2026-03-17
20048,17.0,aljabar,2026-03-19
20049,17.0,aljabar,2026-03-20
20050,17.0,aljabar,2026-03-23
20051,17.0,persamaan_linear,2026-03-26
20052,17.0,persamaan_linear,2026-03-29
20053,17.0,persamaan_linear,2026-04-01
20054,17.0,persamaan_linear,2026-04-02
20055,17.0,persamaan_linear,2026-04-05
20056,17.0,persamaan_linear,2026-04-08
20057,17.0,persamaan_linear,2026-04-10
20058,17.0,persamaan_linear,2026-04-11
20059,17.0,fungsi,2026-04-12
20060,17.0,fungsi,2026-04-15
20061,17.0,fungsi,2026-04-17
20062,17.0,fungsi,2026-04-19
20063,17.0,fungsi,2026-04-21
20064,17.0,limit,2026-04-24
20065,17.0,limit,2026-04-25
20066,17.0,limit,2026-04-26
20067,17.0,limit,2026-04-28
20068,17.0,limit,2026-04-29
20069,17.0,limit,2026-04-30
20070,17.0,limit,2026-05-02
20071,17.0,turunan,2026-05-04
20072,17.0,turunan,2026-05-06
20073,17.0,turunan,2026-05-08
20074,17.0,turunan,2026-05-10
20075,17.0,turunan,2026-05-12
20076,17.0,turunan,2026-05-15
20077,17.0,integral,2026-05-18
20078,17.0,integral,2026-05-19
20079,17.0,integral,2026-05-22
20080,17.0,integral,2026-05-24
20081,17.0,integral,2026-05-25
20082,17.0,integral,2026-05-28
20083,17.0,integral,2026-05-29
20084,17.0,integral,2026-06-01
20085,17.0,integral,2026-06-03
20086,20.0,penjumlahan,2026-01-01
20087,20.0,penjumlahan,2026-01-04
20088,20.0,penjumlahan,2026-01-07
20089,20.0,penjumlahan,2026-01-08
20090,20.0,penjumlahan,2026-01-10
20091,20.0,penjumlahan,2026-01-12
20092,20.0,penjumlahan,2026-01-14
20093,20.0,penjumlahan,2026-01-15
20094,20.0,penjumlahan,2026-01-18
20095,20.0,pengurangan,2026-01-21
20096,20.0,pengurangan,2026-01-24
20097,20.0,pengurangan,2026-01-27
20098,20.0,pengurangan,2026-01-29
20099,20.0,pengurangan,2026-01-30
20100,20.0,pengurangan,2026-02-01
20101,20.0,perkalian,2026-02-04
20102,20.0,perkalian,2026-02-07
20103,20.0,perkalian,2026-02-08
20104,20.0,perkalian,2026-02-10
20105,20.0,perkalian,2026-02-11
20106,20.0,perkalian,2026-02-13
20107,20.0,pembagian,2026-02-14
20108,20.0,pembagian,2026-02-17
20109,20.0,pembagian,2026-02-19
20110,20.0,pembagian,2026-02-22
20111,20.0,pembagian,2026-02-25
20112,20.0,pembagian,2026-02-26
20113,20.0,pembagian,2026-02-27
20114,20.0,pembagian,2026-02-28
20115,20.0,desimal,2026-03-01
20116,20.0,desimal,2026-03-04
20117,20.0,desimal,2026-03-05
20118,20.0,desimal,2026-03-06
20119,20.0,desimal,2026-03-07
20120,20.0,desimal,2026-03-08
20121,20.0,desimal,2026-03-10
20122,20.0,desimal,2026-03-12
20123,20.0,persamaan_linear,2026-03-14
20124,20.0,persamaan_linear,2026-03-17
20125,20.0,persamaan_linear,2026-03-19
20126,20.0,persamaan_linear,2026-03-22
20127,20.0,persamaan_linear,2026-03-23
20128,20.0,fungsi,2026-03-25
20129,20.0,fungsi,2026-03-27
20130,20.0,fungsi,2026-03-28
20131,20.0,fungsi,2026-03-31
20132,20.0,fungsi,2026-04-02
20133,20.0,fungsi,2026-04-05
20134,20.0,fungsi,2026-04-08
20135,20.0,fungsi,2026-04-10
20136,20.0,limit,2026-04-12
20137,20.0,limit,2026-04-13
20138,20.0,limit,2026-04-16
20139,20.0,limit,2026-04-19
20140,20.0,limit,2026-04-22
20141,20.0,limit,2026-04-24
20142,20.0,limit,2026-04-25
20143,20.0,limit,2026-04-27
20144,20.0,turunan,2026-04-29
20145,20.0,turunan,2026-04-30
20146,20.0,turunan,2026-05-03
20147,20.0,turunan,2026-05-04
20148,20.0,turunan,2026-05-07
20149,20.0,turunan,2026-05-09
20150,20.0,turunan,2026-05-10
20151,20.0,integral,2026-05-11
20152,20.0,integral,2026-05-12
20153,20.0,integral,2026-05-14
20154,20.0,integral,2026-05-16
20155,20.0,integral,2026-05-18
20156,20.0,integral,2026-05-19
20157,15.0,penjumlahan,2026-01-01
20158,15.0,penjumlahan,2026-01-03
20159,15.0,penjumlahan,2026-01-05
20160,15.0,penjumlahan,2026-01-06
20161,15.0,penjumlahan,2026-01-08
20162,15.0,penjumlahan,2026-01-09
20163,15.0,penjumlahan,2026-01-11
20164,15.0,penjumlahan,2026-01-13
20165,15.0,penjumlahan,2026-01-14
20166,15.0,pengurangan,2026-01-16
20167,15.0,pengurangan,2026-01-17
20168,15.0,pengurangan,2026-01-18
20169,15.0,pengurangan,2026-01-19
20170,15.0,pengurangan,2026-01-22
20171,15.0,pengurangan,2026-01-23
20172,15.0,pengurangan,2026-01-24
20173,15.0,pengurangan,2026-01-26
20174,15.0,pembagian,2026-01-29
20175,15.0,pembagian,2026-01-31
20176,15.0,pembagian,2026-02-02
20177,15.0,pembagian,2026-02-05
20178,15.0,pembagian,2026-02-06
20179,15.0,pecahan,2026-02-09
20180,15.0,pecahan,2026-02-12
20181,15.0,pecahan,2026-02-15
20182,15.0,pecahan,2026-02-16
20183,15.0,pecahan,2026-02-18
20184,15.0,fungsi,2026-02-19
20185,15.0,fungsi,2026-02-20
20186,15.0,fungsi,2026-02-21
20187,15.0,fungsi,2026-02-23
20188,15.0,fungsi,2026-02-25
20189,15.0,fungsi,2026-02-27
20190,15.0,fungsi,2026-03-01
20191,15.0,limit,2026-03-02
20192,15.0,limit,2026-03-05
20193,15.0,limit,2026-03-07
20194,15.0,limit,2026-03-08
20195,15.0,limit,2026-03-11
20196,15.0,limit,2026-03-14
20197,15.0,turunan,2026-03-15
20198,15.0,turunan,2026-03-18
20199,15.0,turunan,2026-03-19
20200,15.0,turunan,2026-03-22
20201,15.0,turunan,2026-03-23
20202,15.0,turunan,2026-03-25
20203,15.0,turunan,2026-03-27
20204,15.0,integral,2026-03-29
20205,15.0,integral,2026-03-31
20206,15.0,integral,2026-04-02
20207,15.0,integral,2026-04-05
20208,15.0,integral,2026-04-08
20209,15.0,integral,2026-04-09
20210,15.0,integral,2026-04-11
20211,15.0,integral,2026-04-14
20212,19.0,penjumlahan,2026-01-01
20213,19.0,penjumlahan,2026-01-02
20214,19.0,penjumlahan,2026-01-03
20215,19.0,penjumlahan,2026-01-06
20216,19.0,penjumlahan,2026-01-07
20217,19.0,penjumlahan,2026-01-09
20218,19.0,penjumlahan,2026-01-12
20219,19.0,penjumlahan,2026-01-14
20220,19.0,penjumlahan,2026-01-17
20221,19.0,pengurangan,2026-01-18
20222,19.0,pengurangan,2026-01-21
20223,19.0,pengurangan,2026-01-22
20224,19.0,pengurangan,2026-01-23
20225,19.0,pengurangan,2026-01-24
20226,19.0,pengurangan,2026-01-27
20227,19.0,perkalian,2026-01-30
20228,19.0,perkalian,2026-02-01
20229,19.0,perkalian,2026-02-04
20230,19.0,perkalian,2026-02-06
20231,19.0,perkalian,2026-02-09
20232,19.0,perkalian,2026-02-12
20233,19.0,perkalian,2026-02-13
20234,19.0,desimal,2026-02-14
20235,19.0,desimal,2026-02-16
20236,19.0,desimal,2026-02-19
20237,19.0,desimal,2026-02-21
20238,19.0,desimal,2026-02-23
20239,19.0,desimal,2026-02-25
20240,19.0,desimal,2026-02-28
20241,19.0,desimal,2026-03-02
20242,19.0,desimal,2026-03-05
20243,19.0,aljabar,2026-03-06
20244,19.0,aljabar,2026-03-07
20245,19.0,aljabar,2026-03-08
20246,19.0,aljabar,2026-03-09
20247,19.0,aljabar,2026-03-11
20248,19.0,aljabar,2026-03-14
20249,19.0,aljabar,2026-03-15
20250,19.0,aljabar,2026-03-18
20251,19.0,persamaan_linear,2026-03-20
20252,19.0,persamaan_linear,2026-03-22
20253,19.0,persamaan_linear,2026-03-24
20254,19.0,persamaan_linear,2026-03-26
20255,19.0,persamaan_linear,2026-03-28
20256,19.0,persamaan_linear,2026-03-30
20257,19.0,persamaan_linear,2026-04-01
20258,19.0,persamaan_linear,2026-04-03
20259,19.0,fungsi,2026-04-04
20260,19.0,fungsi,2026-04-07
20261,19.0,fungsi,2026-04-10
20262,19.0,fungsi,2026-04-11
20263,19.0,fungsi,2026-04-14
20264,19.0,limit,2026-04-17
20265,19.0,limit,2026-04-20
20266,19.0,limit,2026-04-21
20267,19.0,limit,2026-04-24
20268,19.0,limit,2026-04-25
20269,19.0,limit,2026-04-27
20270,19.0,limit,2026-04-29
20271,19.0,limit,2026-04-30
20272,19.0,limit,2026-05-03
20273,11.0,penjumlahan,2026-01-01
20274,11.0,penjumlahan,2026-01-02
20275,11.0,penjumlahan,2026-01-04
20276,11.0,penjumlahan,2026-01-05
20277,11.0,penjumlahan,2026-01-07
20278,11.0,pengurangan,2026-01-10
20279,11.0,pengurangan,2026-01-12
20280,11.0,pengurangan,2026-01-13
20281,11.0,pengurangan,2026-01-14
20282,11.0,pengurangan,2026-01-16
20283,11.0,pembagian,2026-01-18
20284,11.0,pembagian,2026-01-19
20285,11.0,pembagian,2026-01-22
20286,11.0,pembagian,2026-01-23
20287,11.0,pembagian,2026-01-24
20288,11.0,pembagian,2026-01-27
20289,11.0,pembagian,2026-01-29
20290,11.0,pembagian,2026-02-01
20291,11.0,pembagian,2026-02-04
20292,11.0,pecahan,2026-02-05
20293,11.0,pecahan,2026-02-07
20294,11.0,pecahan,2026-02-10
20295,11.0,pecahan,2026-02-11
20296,11.0,pecahan,2026-02-12
20297,11.0,desimal,2026-02-15
20298,11.0,desimal,2026-02-17
20299,11.0,desimal,2026-02-18
20300,11.0,desimal,2026-02-20
20301,11.0,desimal,2026-02-22
20302,11.0,desimal,2026-02-24
20303,11.0,fungsi,2026-02-25
20304,11.0,fungsi,2026-02-27
20305,11.0,fungsi,2026-03-01
20306,11.0,fungsi,2026-03-04
20307,11.0,fungsi,2026-03-05
20308,11.0,fungsi,2026-03-07
20309,11.0,limit,2026-03-09
20310,11.0,limit,2026-03-11
20311,11.0,limit,2026-03-12
20312,11.0,limit,2026-03-15
20313,11.0,limit,2026-03-16
20314,11.0,turunan,2026-03-18
20315,11.0,turunan,2026-03-21
20316,11.0,turunan,2026-03-22
20317,11.0,turunan,2026-03-23
20318,11.0,turunan,2026-03-25
20319,11.0,turunan,2026-03-26
20320,11.0,turunan,2026-03-29
20321,3.0,penjumlahan,2026-01-01
20322,3.0,penjumlahan,2026-01-04
20323,3.0,penjumlahan,2026-01-06
20324,3.0,penjumlahan,2026-01-07
20325,3.0,penjumlahan,2026-01-08
20326,3.0,pengurangan,2026-01-11
20327,3.0,pengurangan,2026-01-14
20328,3.0,pengurangan,2026-01-16
20329,3.0,pengurangan,2026-01-19
20330,3.0,pengurangan,2026-01-22
20331,3.0,pengurangan,2026-01-23
20332,3.0,pengurangan,2026-01-24
20333,3.0,perkalian,2026-01-27
20334,3.0,perkalian,2026-01-28
20335,3.0,perkalian,2026-01-29
20336,3.0,perkalian,2026-01-31
20337,3.0,perkalian,2026-02-03
20338,3.0,perkalian,2026-02-04
20339,3.0,perkalian,2026-02-05
20340,3.0,pembagian,2026-02-06
20341,3.0,pembagian,2026-02-07
20342,3.0,pembagian,2026-02-08
20343,3.0,pembagian,2026-02-09
20344,3.0,pembagian,2026-02-11
20345,3.0,pembagian,2026-02-13
20346,3.0,pembagian,2026-02-15
20347,3.0,pembagian,2026-02-17
20348,3.0,pembagian,2026-02-18
20349,3.0,pecahan,2026-02-21
20350,3.0,pecahan,2026-02-22
20351,3.0,pecahan,2026-02-23
20352,3.0,pecahan,2026-02-25
20353,3.0,pecahan,2026-02-28
20354,3.0,pecahan,2026-03-02
20355,3.0,desimal,2026-03-03
20356,3.0,desimal,2026-03-05
20357,3.0,desimal,2026-03-08
20358,3.0,desimal,2026-03-09
20359,3.0,desimal,2026-03-10
20360,3.0,aljabar,2026-03-12
20361,3.0,aljabar,2026-03-13
20362,3.0,aljabar,2026-03-14
20363,3.0,aljabar,2026-03-16
20364,3.0,aljabar,2026-03-19
20365,3.0,aljabar,2026-03-21
20366,3.0,persamaan_linear,2026-03-22
20367,3.0,persamaan_linear,2026-03-25
20368,3.0,persamaan_linear,2026-03-27
20369,3.0,persamaan_linear,2026-03-30
20370,3.0,persamaan_linear,2026-04-02
20371,3.0,persamaan_linear,2026-04-03
20372,3.0,persamaan_linear,2026-04-06
20373,3.0,fungsi,2026-04-07
20374,3.0,fungsi,2026-04-08
20375,3.0,fungsi,2026-04-09
20376,3.0,fungsi,2026-04-12
20377,3.0,fungsi,2026-04-14
20378,3.0,limit,2026-04-17
20379,3.0,limit,2026-04-18
20380,3.0,limit,2026-04-21
20381,3.0,limit,2026-04-23
20382,3.0,limit,2026-04-25
20383,3.0,turunan,2026-04-27
20384,3.0,turunan,2026-04-29
20385,3.0,turunan,2026-05-02
20386,3.0,turunan,2026-05-03
20387,3.0,turunan,2026-05-05
20388,3.0,turunan,2026-05-08
20389,3.0,turunan,2026-05-11
20390,3.0,turunan,2026-05-14
20391,3.0,integral,2026-05-17
20392,3.0,integral,2026-05-19
20393,3.0,integral,2026-05-22
20394,3.0,integral,2026-05-24
20395,3.0,integral,2026-05-25
20396,3.0,integral,2026-05-28
20397,3.0,integral,2026-05-30
20398,15.0,penjumlahan,2026-01-01
20399,15.0,penjumlahan,2026-01-03
20400,15.0,penjumlahan,2026-01-06
20401,15.0,penjumlahan,2026-01-09
20402,15.0,penjumlahan,2026-01-10
20403,15.0,penjumlahan,2026-01-12
20404,15.0,penjumlahan,2026-01-15
20405,15.0,penjumlahan,2026-01-18
20406,15.0,pengurangan,2026-01-20
20407,15.0,pengurangan,2026-01-21
20408,15.0,pengurangan,2026-01-24
20409,15.0,pengurangan,2026-01-27
20410,15.0,pengurangan,2026-01-30
20411,15.0,pengurangan,2026-02-01
20412,15.0,perkalian,2026-02-04
20413,15.0,perkalian,2026-02-05
20414,15.0,perkalian,2026-02-08
20415,15.0,perkalian,2026-02-11
20416,15.0,perkalian,2026-02-13
20417,15.0,perkalian,2026-02-14
20418,15.0,perkalian,2026-02-15
20419,15.0,aljabar,2026-02-17
20420,15.0,aljabar,2026-02-20
20421,15.0,aljabar,2026-02-23
20422,15.0,aljabar,2026-02-25
20423,15.0,aljabar,2026-02-26
20424,15.0,aljabar,2026-02-28
20425,15.0,aljabar,2026-03-03
20426,15.0,aljabar,2026-03-04
20427,15.0,persamaan_linear,2026-03-07
20428,15.0,persamaan_linear,2026-03-08
20429,15.0,persamaan_linear,2026-03-11
20430,15.0,persamaan_linear,2026-03-13
20431,15.0,persamaan_linear,2026-03-15
20432,15.0,persamaan_linear,2026-03-18
20433,15.0,persamaan_linear,2026-03-20
20434,15.0,persamaan_linear,2026-03-22
20435,15.0,fungsi,2026-03-25
20436,15.0,fungsi,2026-03-27
20437,15.0,fungsi,2026-03-29
20438,15.0,fungsi,2026-04-01
20439,15.0,fungsi,2026-04-02
20440,15.0,fungsi,2026-04-05
20441,15.0,turunan,2026-04-06
20442,15.0,turunan,2026-04-07
20443,15.0,turunan,2026-04-10
20444,15.0,turunan,2026-04-13
20445,15.0,turunan,2026-04-14
20446,15.0,turunan,2026-04-15
20447,15.0,turunan,2026-04-17
20448,15.0,integral,2026-04-18
20449,15.0,integral,2026-04-20
20450,15.0,integral,2026-04-21
20451,15.0,integral,2026-04-24
20452,15.0,integral,2026-04-25
20453,15.0,integral,2026-04-28
20454,15.0,integral,2026-04-30
20455,15.0,integral,2026-05-02
20456,15.0,integral,2026-05-05
20457,15.0,penjumlahan,2026-01-01
20458,15.0,penjumlahan,2026-01-04
20459,15.0,penjumlahan,2026-01-07
20460,15.0,penjumlahan,2026-01-10
20461,15.0,penjumlahan,2026-01-13
20462,15.0,pengurangan,2026-01-16
20463,15.0,pengurangan,2026-01-19
20464,15.0,pengurangan,2026-01-20
20465,15.0,pengurangan,2026-01-22
20466,15.0,pengurangan,2026-01-25
20467,15.0,perkalian,2026-01-28
20468,15.0,perkalian,2026-01-29
20469,15.0,perkalian,2026-01-31
20470,15.0,perkalian,2026-02-02
20471,15.0,perkalian,2026-02-05
20472,15.0,perkalian,2026-02-08
20473,15.0,perkalian,2026-02-10
20474,15.0,perkalian,2026-02-12
20475,15.0,perkalian,2026-02-14
20476,15.0,pembagian,2026-02-16
20477,15.0,pembagian,2026-02-17
20478,15.0,pembagian,2026-02-19
20479,15.0,pembagian,2026-02-20
20480,15.0,pembagian,2026-02-21
20481,15.0,pembagian,2026-02-24
20482,15.0,pembagian,2026-02-27
20483,15.0,pembagian,2026-02-28
20484,15.0,pecahan,2026-03-03
20485,15.0,pecahan,2026-03-06
20486,15.0,pecahan,2026-03-07
20487,15.0,pecahan,2026-03-08
20488,15.0,pecahan,2026-03-09
20489,15.0,pecahan,2026-03-10
20490,15.0,persamaan_linear,2026-03-13
20491,15.0,persamaan_linear,2026-03-16
20492,15.0,persamaan_linear,2026-03-19
20493,15.0,persamaan_linear,2026-03-22
20494,15.0,persamaan_linear,2026-03-24
20495,15.0,persamaan_linear,2026-03-26
20496,15.0,persamaan_linear,2026-03-27
20497,15.0,fungsi,2026-03-28
20498,15.0,fungsi,2026-03-30
20499,15.0,fungsi,2026-03-31
20500,15.0,fungsi,2026-04-01
20501,15.0,fungsi,2026-04-03
20502,15.0,fungsi,2026-04-05
20503,15.0,limit,2026-04-07
20504,15.0,limit,2026-04-10
20505,15.0,limit,2026-04-11
20506,15.0,limit,2026-04-14
20507,15.0,limit,2026-04-15
20508,15.0,limit,2026-04-18
20509,15.0,limit,2026-04-19
20510,15.0,turunan,2026-04-22
20511,15.0,turunan,2026-04-23
20512,15.0,turunan,2026-04-24
20513,15.0,turunan,2026-04-25
20514,15.0,turunan,2026-04-26
20515,15.0,turunan,2026-04-27
20516,11.0,penjumlahan,2026-01-01
20517,11.0,penjumlahan,2026-01-04
20518,11.0,penjumlahan,2026-01-06
20519,11.0,penjumlahan,2026-01-09
20520,11.0,penjumlahan,2026-01-10
20521,11.0,penjumlahan,2026-01-12
20522,11.0,pengurangan,2026-01-15
20523,11.0,pengurangan,2026-01-18
20524,11.0,pengurangan,2026-01-20
20525,11.0,pengurangan,2026-01-21
20526,11.0,pengurangan,2026-01-22
20527,11.0,pengurangan,2026-01-24
20528,11.0,perkalian,2026-01-26
20529,11.0,perkalian,2026-01-29
20530,11.0,perkalian,2026-01-30
20531,11.0,perkalian,2026-01-31
20532,11.0,perkalian,2026-02-03
20533,11.0,perkalian,2026-02-05
20534,11.0,perkalian,2026-02-07
20535,11.0,pembagian,2026-02-10
20536,11.0,pembagian,2026-02-11
20537,11.0,pembagian,2026-02-14
20538,11.0,pembagian,2026-02-16
20539,11.0,pembagian,2026-02-17
20540,11.0,pembagian,2026-02-18
20541,11.0,pembagian,2026-02-19
20542,11.0,pecahan,2026-02-21
20543,11.0,pecahan,2026-02-24
20544,11.0,pecahan,2026-02-26
20545,11.0,pecahan,2026-02-28
20546,11.0,pecahan,2026-03-02
20547,11.0,desimal,2026-03-03
20548,11.0,desimal,2026-03-04
20549,11.0,desimal,2026-03-05
20550,11.0,desimal,2026-03-08
20551,11.0,desimal,2026-03-10
20552,11.0,desimal,2026-03-13
20553,11.0,desimal,2026-03-15
20554,11.0,aljabar,2026-03-16
20555,11.0,aljabar,2026-03-17
20556,11.0,aljabar,2026-03-19
20557,11.0,aljabar,2026-03-21
20558,11.0,aljabar,2026-03-23
20559,11.0,persamaan_linear,2026-03-24
20560,11.0,persamaan_linear,2026-03-27
20561,11.0,persamaan_linear,2026-03-28
20562,11.0,persamaan_linear,2026-03-30
20563,11.0,persamaan_linear,2026-04-02
20564,11.0,persamaan_linear,2026-04-04
20565,11.0,fungsi,2026-04-06
20566,11.0,fungsi,2026-04-09
20567,11.0,fungsi,2026-04-11
20568,11.0,fungsi,2026-04-14
20569,11.0,fungsi,2026-04-17
20570,11.0,fungsi,2026-04-20
20571,11.0,fungsi,2026-04-23
20572,11.0,fungsi,2026-04-25
20573,11.0,limit,2026-04-27
20574,11.0,limit,2026-04-28
20575,11.0,limit,2026-04-30
20576,11.0,limit,2026-05-02
20577,11.0,limit,2026-05-05
20578,11.0,limit,2026-05-06
20579,11.0,limit,2026-05-09
20580,11.0,turunan,2026-05-11
20581,11.0,turunan,2026-05-14
20582,11.0,turunan,2026-05-16
20583,11.0,turunan,2026-05-18
20584,11.0,turunan,2026-05-20
20585,11.0,turunan,2026-05-23
20586,11.0,turunan,2026-05-24
20587,11.0,turunan,2026-05-25
20588,11.0,integral,2026-05-27
20589,11.0,integral,2026-05-29
20590,11.0,integral,2026-05-31
20591,11.0,integral,2026-06-03
20592,11.0,integral,2026-06-05
20593,11.0,integral,2026-06-06
20594,16.0,penjumlahan,2026-01-01
20595,16.0,penjumlahan,2026-01-04
20596,16.0,penjumlahan,2026-01-05
20597,16.0,penjumlahan,2026-01-06
20598,16.0,penjumlahan,2026-01-07
20599,16.0,penjumlahan,2026-01-10
20600,16.0,penjumlahan,2026-01-13
20601,16.0,pengurangan,2026-01-16
20602,16.0,pengurangan,2026-01-17
20603,16.0,pengurangan,2026-01-20
20604,16.0,pengurangan,2026-01-22
20605,16.0,pengurangan,2026-01-23
20606,16.0,pengurangan,2026-01-25
20607,16.0,pengurangan,2026-01-27
20608,16.0,pengurangan,2026-01-30
20609,16.0,pengurangan,2026-02-01
20610,16.0,perkalian,2026-02-02
20611,16.0,perkalian,2026-02-05
20612,16.0,perkalian,2026-02-08
20613,16.0,perkalian,2026-02-11
20614,16.0,perkalian,2026-02-14
20615,16.0,perkalian,2026-02-17
20616,16.0,perkalian,2026-02-19
20617,16.0,perkalian,2026-02-22
20618,16.0,pembagian,2026-02-25
20619,16.0,pembagian,2026-02-28
20620,16.0,pembagian,2026-03-03
20621,16.0,pembagian,2026-03-05
20622,16.0,pembagian,2026-03-06
20623,16.0,pembagian,2026-03-09
20624,16.0,pembagian,2026-03-10
20625,16.0,pembagian,2026-03-11
20626,16.0,pembagian,2026-03-13
20627,16.0,desimal,2026-03-15
20628,16.0,desimal,2026-03-16
20629,16.0,desimal,2026-03-19
20630,16.0,desimal,2026-03-22
20631,16.0,desimal,2026-03-25
20632,16.0,desimal,2026-03-26
20633,16.0,aljabar,2026-03-27
20634,16.0,aljabar,2026-03-28
20635,16.0,aljabar,2026-03-29
20636,16.0,aljabar,2026-03-31
20637,16.0,aljabar,2026-04-02
20638,16.0,aljabar,2026-04-03
20639,16.0,aljabar,2026-04-05
20640,16.0,aljabar,2026-04-07
20641,16.0,limit,2026-04-08
20642,16.0,limit,2026-04-10
20643,16.0,limit,2026-04-11
20644,16.0,limit,2026-04-13
20645,16.0,limit,2026-04-16
20646,16.0,limit,2026-04-18
20647,16.0,limit,2026-04-19
20648,16.0,limit,2026-04-22
20649,16.0,limit,2026-04-25
20650,16.0,turunan,2026-04-27
20651,16.0,turunan,2026-04-29
20652,16.0,turunan,2026-05-01
20653,16.0,turunan,2026-05-04
20654,16.0,turunan,2026-05-05
20655,16.0,turunan,2026-05-08
20656,16.0,turunan,2026-05-10
20657,16.0,integral,2026-05-11
20658,16.0,integral,2026-05-14
20659,16.0,integral,2026-05-17
20660,16.0,integral,2026-05-18
20661,16.0,integral,2026-05-20
20662,16.0,integral,2026-05-23
20663,16.0,integral,2026-05-25
20664,6.0,penjumlahan,2026-01-01
20665,6.0,penjumlahan,2026-01-02
20666,6.0,penjumlahan,2026-01-04
20667,6.0,penjumlahan,2026-01-06
20668,6.0,penjumlahan,2026-01-07
20669,6.0,penjumlahan,2026-01-10
20670,6.0,penjumlahan,2026-01-11
20671,6.0,penjumlahan,2026-01-13
20672,6.0,pengurangan,2026-01-15
20673,6.0,pengurangan,2026-01-17
20674,6.0,pengurangan,2026-01-19
20675,6.0,pengurangan,2026-01-22
20676,6.0,pengurangan,2026-01-24
20677,6.0,pengurangan,2026-01-26
20678,6.0,pengurangan,2026-01-28
20679,6.0,desimal,2026-01-29
20680,6.0,desimal,2026-01-31
20681,6.0,desimal,2026-02-01
20682,6.0,desimal,2026-02-04
20683,6.0,desimal,2026-02-05
20684,6.0,desimal,2026-02-08
20685,6.0,desimal,2026-02-11
20686,6.0,desimal,2026-02-12
20687,6.0,aljabar,2026-02-15
20688,6.0,aljabar,2026-02-16
20689,6.0,aljabar,2026-02-18
20690,6.0,aljabar,2026-02-19
20691,6.0,aljabar,2026-02-22
20692,6.0,aljabar,2026-02-24
20693,6.0,aljabar,2026-02-27
20694,6.0,aljabar,2026-03-02
20695,6.0,persamaan_linear,2026-03-03
20696,6.0,persamaan_linear,2026-03-05
20697,6.0,persamaan_linear,2026-03-06
20698,6.0,persamaan_linear,2026-03-07
20699,6.0,persamaan_linear,2026-03-10
20700,6.0,fungsi,2026-03-12
20701,6.0,fungsi,2026-03-14
20702,6.0,fungsi,2026-03-15
20703,6.0,fungsi,2026-03-18
20704,6.0,fungsi,2026-03-20
20705,6.0,fungsi,2026-03-22
20706,6.0,limit,2026-03-23
20707,6.0,limit,2026-03-25
20708,6.0,limit,2026-03-28
20709,6.0,limit,2026-03-31
20710,6.0,limit,2026-04-02
20711,6.0,limit,2026-04-05
20712,6.0,turunan,2026-04-06
20713,6.0,turunan,2026-04-07
20714,6.0,turunan,2026-04-10
20715,6.0,turunan,2026-04-12
20716,6.0,turunan,2026-04-14
20717,6.0,turunan,2026-04-16
20718,6.0,turunan,2026-04-19
20719,6.0,integral,2026-04-20
20720,6.0,integral,2026-04-21
20721,6.0,integral,2026-04-24
20722,6.0,integral,2026-04-26
20723,6.0,integral,2026-04-28
20724,6.0,integral,2026-04-30
20725,7.0,penjumlahan,2026-01-01
20726,7.0,penjumlahan,2026-01-04
20727,7.0,penjumlahan,2026-01-05
20728,7.0,penjumlahan,2026-01-06
20729,7.0,penjumlahan,2026-01-07
20730,7.0,pengurangan,2026-01-08
20731,7.0,pengurangan,2026-01-09
20732,7.0,pengurangan,2026-01-12
20733,7.0,pengurangan,2026-01-14
20734,7.0,pengurangan,2026-01-17
20735,7.0,pengurangan,2026-01-20
20736,7.0,pengurangan,2026-01-22
20737,7.0,pembagian,2026-01-23
20738,7.0,pembagian,2026-01-25
20739,7.0,pembagian,2026-01-28
20740,7.0,pembagian,2026-01-29
20741,7.0,pembagian,2026-02-01
20742,7.0,pembagian,2026-02-02
20743,7.0,pembagian,2026-02-04
20744,7.0,pembagian,2026-02-05
20745,7.0,pecahan,2026-02-08
20746,7.0,pecahan,2026-02-10
20747,7.0,pecahan,2026-02-12
20748,7.0,pecahan,2026-02-15
20749,7.0,pecahan,2026-02-18
20750,7.0,pecahan,2026-02-21
20751,7.0,pecahan,2026-02-24
20752,7.0,pecahan,2026-02-27
20753,7.0,pecahan,2026-03-02
20754,7.0,desimal,2026-03-03
20755,7.0,desimal,2026-03-05
20756,7.0,desimal,2026-03-07
20757,7.0,desimal,2026-03-10
20758,7.0,desimal,2026-03-13
20759,7.0,desimal,2026-03-14
20760,7.0,aljabar,2026-03-16
20761,7.0,aljabar,2026-03-19
20762,7.0,aljabar,2026-03-21
20763,7.0,aljabar,2026-03-24
20764,7.0,aljabar,2026-03-26
20765,7.0,aljabar,2026-03-29
20766,7.0,fungsi,2026-04-01
20767,7.0,fungsi,2026-04-02
20768,7.0,fungsi,2026-04-03
20769,7.0,fungsi,2026-04-06
20770,7.0,fungsi,2026-04-07
20771,7.0,limit,2026-04-08
20772,7.0,limit,2026-04-10
20773,7.0,limit,2026-04-13
20774,7.0,limit,2026-04-14
20775,7.0,limit,2026-04-16
20776,7.0,turunan,2026-04-18
20777,7.0,turunan,2026-04-21
20778,7.0,turunan,2026-04-22
20779,7.0,turunan,2026-04-25
20780,7.0,turunan,2026-04-26
20781,7.0,integral,2026-04-27
20782,7.0,integral,2026-04-30
20783,7.0,integral,2026-05-01
20784,7.0,integral,2026-05-02
20785,7.0,integral,2026-05-04
20786,9.0,penjumlahan,2026-01-01
20787,9.0,penjumlahan,2026-01-03
20788,9.0,penjumlahan,2026-01-06
20789,9.0,penjumlahan,2026-01-08
20790,9.0,penjumlahan,2026-01-09
20791,9.0,penjumlahan,2026-01-11
20792,9.0,pengurangan,2026-01-13
20793,9.0,pengurangan,2026-01-14
20794,9.0,pengurangan,2026-01-15
20795,9.0,pengurangan,2026-01-18
20796,9.0,pengurangan,2026-01-21
20797,9.0,pengurangan,2026-01-24
20798,9.0,pengurangan,2026-01-27
20799,9.0,pengurangan,2026-01-29
20800,9.0,pengurangan,2026-01-30
20801,9.0,perkalian,2026-02-02
20802,9.0,perkalian,2026-02-05
20803,9.0,perkalian,2026-02-08
20804,9.0,perkalian,2026-02-09
20805,9.0,perkalian,2026-02-11
20806,9.0,perkalian,2026-02-14
20807,9.0,perkalian,2026-02-15
20808,9.0,perkalian,2026-02-17
20809,9.0,perkalian,2026-02-18
20810,9.0,pembagian,2026-02-19
20811,9.0,pembagian,2026-02-20
20812,9.0,pembagian,2026-02-22
20813,9.0,pembagian,2026-02-23
20814,9.0,pembagian,2026-02-24
20815,9.0,pecahan,2026-02-27
20816,9.0,pecahan,2026-03-01
20817,9.0,pecahan,2026-03-02
20818,9.0,pecahan,2026-03-03
20819,9.0,pecahan,2026-03-06
20820,9.0,pecahan,2026-03-08
20821,9.0,desimal,2026-03-09
20822,9.0,desimal,2026-03-12
20823,9.0,desimal,2026-03-13
20824,9.0,desimal,2026-03-14
20825,9.0,desimal,2026-03-16
20826,9.0,aljabar,2026-03-17
20827,9.0,aljabar,2026-03-19
20828,9.0,aljabar,2026-03-20
20829,9.0,aljabar,2026-03-23
20830,9.0,aljabar,2026-03-25
20831,9.0,aljabar,2026-03-28
20832,9.0,aljabar,2026-03-31
20833,9.0,persamaan_linear,2026-04-02
20834,9.0,persamaan_linear,2026-04-03
20835,9.0,persamaan_linear,2026-04-06
20836,9.0,persamaan_linear,2026-04-09
20837,9.0,persamaan_linear,2026-04-10
20838,9.0,persamaan_linear,2026-04-13
20839,9.0,fungsi,2026-04-16
20840,9.0,fungsi,2026-04-17
20841,9.0,fungsi,2026-04-19
20842,9.0,fungsi,2026-04-21
20843,9.0,fungsi,2026-04-22
20844,9.0,integral,2026-04-25
20845,9.0,integral,2026-04-26
20846,9.0,integral,2026-04-29
20847,9.0,integral,2026-04-30
20848,9.0,integral,2026-05-01
20849,9.0,penjumlahan,2026-01-01
20850,9.0,penjumlahan,2026-01-04
20851,9.0,penjumlahan,2026-01-06
20852,9.0,penjumlahan,2026-01-08
20853,9.0,penjumlahan,2026-01-09
20854,9.0,penjumlahan,2026-01-12
20855,9.0,penjumlahan,2026-01-14
20856,9.0,pengurangan,2026-01-17
20857,9.0,pengurangan,2026-01-19
20858,9.0,pengurangan,2026-01-21
20859,9.0,pengurangan,2026-01-24
20860,9.0,pengurangan,2026-01-26
20861,9.0,pengurangan,2026-01-28
20862,9.0,pengurangan,2026-01-30
20863,9.0,pengurangan,2026-01-31
20864,9.0,pengurangan,2026-02-02
20865,9.0,perkalian,2026-02-05
20866,9.0,perkalian,2026-02-08
20867,9.0,perkalian,2026-02-11
20868,9.0,perkalian,2026-02-13
20869,9.0,perkalian,2026-02-16
20870,9.0,perkalian,2026-02-19
20871,9.0,perkalian,2026-02-20
20872,9.0,perkalian,2026-02-21
20873,9.0,perkalian,2026-02-24
20874,9.0,pembagian,2026-02-26
20875,9.0,pembagian,2026-03-01
20876,9.0,pembagian,2026-03-03
20877,9.0,pembagian,2026-03-06
20878,9.0,pembagian,2026-03-09
20879,9.0,pembagian,2026-03-11
20880,9.0,pecahan,2026-03-14
20881,9.0,pecahan,2026-03-16
20882,9.0,pecahan,2026-03-17
20883,9.0,pecahan,2026-03-19
20884,9.0,pecahan,2026-03-22
20885,9.0,pecahan,2026-03-25
20886,9.0,pecahan,2026-03-28
20887,9.0,pecahan,2026-03-30
20888,9.0,pecahan,2026-03-31
20889,9.0,aljabar,2026-04-01
20890,9.0,aljabar,2026-04-02
20891,9.0,aljabar,2026-04-04
20892,9.0,aljabar,2026-04-07
20893,9.0,aljabar,2026-04-08
20894,9.0,aljabar,2026-04-11
20895,9.0,aljabar,2026-04-13
20896,9.0,persamaan_linear,2026-04-14
20897,9.0,persamaan_linear,2026-04-17
20898,9.0,persamaan_linear,2026-04-18
20899,9.0,persamaan_linear,2026-04-21
20900,9.0,persamaan_linear,2026-04-23
20901,9.0,persamaan_linear,2026-04-26
20902,9.0,persamaan_linear,2026-04-27
20903,9.0,fungsi,2026-04-29
20904,9.0,fungsi,2026-04-30
20905,9.0,fungsi,2026-05-03
20906,9.0,fungsi,2026-05-05
20907,9.0,fungsi,2026-05-06
20908,9.0,fungsi,2026-05-09
20909,9.0,fungsi,2026-05-11
20910,9.0,fungsi,2026-05-12
20911,9.0,turunan,2026-05-14
20912,9.0,turunan,2026-05-15
20913,9.0,turunan,2026-05-17
20914,9.0,turunan,2026-05-20
20915,9.0,turunan,2026-05-23
20916,9.0,turunan,2026-05-25
20917,9.0,integral,2026-05-27
20918,9.0,integral,2026-05-28
20919,9.0,integral,2026-05-31
20920,9.0,integral,2026-06-02
20921,9.0,integral,2026-06-03
20922,18.0,penjumlahan,2026-01-01
20923,18.0,penjumlahan,2026-01-03
20924,18.0,penjumlahan,2026-01-06
20925,18.0,penjumlahan,2026-01-09
20926,18.0,penjumlahan,2026-01-12
20927,18.0,penjumlahan,2026-01-13
20928,18.0,penjumlahan,2026-01-16
20929,18.0,penjumlahan,2026-01-19
20930,18.0,penjumlahan,2026-01-22
20931,18.0,pengurangan,2026-01-24
20932,18.0,pengurangan,2026-01-25
20933,18.0,pengurangan,2026-01-28
20934,18.0,pengurangan,2026-01-30
20935,18.0,pengurangan,2026-02-01
20936,18.0,pengurangan,2026-02-04
20937,18.0,perkalian,2026-02-07
20938,18.0,perkalian,2026-02-10
20939,18.0,perkalian,2026-02-11
20940,18.0,perkalian,2026-02-12
20941,18.0,perkalian,2026-02-14
20942,18.0,perkalian,2026-02-16
20943,18.0,perkalian,2026-02-18
20944,18.0,pembagian,2026-02-21
20945,18.0,pembagian,2026-02-23
20946,18.0,pembagian,2026-02-26
20947,18.0,pembagian,2026-02-27
20948,18.0,pembagian,2026-03-01
20949,18.0,pecahan,2026-03-04
20950,18.0,pecahan,2026-03-05
20951,18.0,pecahan,2026-03-07
20952,18.0,pecahan,2026-03-08
20953,18.0,pecahan,2026-03-11
20954,18.0,pecahan,2026-03-14
20955,18.0,desimal,2026-03-17
20956,18.0,desimal,2026-03-19
20957,18.0,desimal,2026-03-21
20958,18.0,desimal,2026-03-24
20959,18.0,desimal,2026-03-25
20960,18.0,desimal,2026-03-28
20961,18.0,aljabar,2026-03-29
20962,18.0,aljabar,2026-04-01
20963,18.0,aljabar,2026-04-04
20964,18.0,aljabar,2026-04-07
20965,18.0,aljabar,2026-04-09
20966,18.0,aljabar,2026-04-10
20967,18.0,aljabar,2026-04-11
20968,18.0,aljabar,2026-04-12
20969,18.0,persamaan_linear,2026-04-14
20970,18.0,persamaan_linear,2026-04-16
20971,18.0,persamaan_linear,2026-04-19
20972,18.0,persamaan_linear,2026-04-20
20973,18.0,persamaan_linear,2026-04-21
20974,18.0,persamaan_linear,2026-04-23
20975,18.0,persamaan_linear,2026-04-26
20976,18.0,persamaan_linear,2026-04-28
20977,18.0,persamaan_linear,2026-04-29
20978,18.0,fungsi,2026-05-02
20979,18.0,fungsi,2026-05-04
20980,18.0,fungsi,2026-05-05
20981,18.0,fungsi,2026-05-08
20982,18.0,fungsi,2026-05-11
20983,18.0,fungsi,2026-05-13
20984,18.0,fungsi,2026-05-14
20985,18.0,fungsi,2026-05-16
20986,18.0,limit,2026-05-19
20987,18.0,limit,2026-05-21
20988,18.0,limit,2026-05-23
20989,18.0,limit,2026-05-26
20990,18.0,limit,2026-05-28
20991,18.0,limit,2026-05-29
20992,18.0,limit,2026-05-30
20993,18.0,limit,2026-06-01
20994,18.0,limit,2026-06-04
20995,18.0,turunan,2026-06-07
20996,18.0,turunan,2026-06-10
20997,18.0,turunan,2026-06-13
20998,18.0,turunan,2026-06-14
20999,18.0,turunan,2026-06-16
21000,18.0,integral,2026-06-19
21001,18.0,integral,2026-06-20
21002,18.0,integral,2026-06-22
21003,18.0,integral,2026-06-25
21004,18.0,integral,2026-06-28
21005,18.0,integral,2026-06-29
21006,17.0,penjumlahan,2026-01-01
21007,17.0,penjumlahan,2026-01-03
21008,17.0,penjumlahan,2026-01-05
21009,17.0,penjumlahan,2026-01-08
21010,17.0,penjumlahan,2026-01-09
21011,17.0,pengurangan,2026-01-12
21012,17.0,pengurangan,2026-01-14
21013,17.0,pengurangan,2026-01-17
21014,17.0,pengurangan,2026-01-19
21015,17.0,pengurangan,2026-01-20
21016,17.0,pengurangan,2026-01-21
21017,17.0,perkalian,2026-01-22
21018,17.0,perkalian,2026-01-25
21019,17.0,perkalian,2026-01-27
21020,17.0,perkalian,2026-01-28
21021,17.0,perkalian,2026-01-30
21022,17.0,perkalian,2026-01-31
21023,17.0,pecahan,2026-02-01
21024,17.0,pecahan,2026-02-04
21025,17.0,pecahan,2026-02-07
21026,17.0,pecahan,2026-02-10
21027,17.0,pecahan,2026-02-13
21028,17.0,pecahan,2026-02-14
21029,17.0,pecahan,2026-02-17
21030,17.0,pecahan,2026-02-18
21031,17.0,desimal,2026-02-21
21032,17.0,desimal,2026-02-23
21033,17.0,desimal,2026-02-24
21034,17.0,desimal,2026-02-26
21035,17.0,desimal,2026-03-01
21036,17.0,desimal,2026-03-02
21037,17.0,desimal,2026-03-04
21038,17.0,desimal,2026-03-05
21039,17.0,desimal,2026-03-08
21040,17.0,aljabar,2026-03-10
21041,17.0,aljabar,2026-03-11
21042,17.0,aljabar,2026-03-12
21043,17.0,aljabar,2026-03-13
21044,17.0,aljabar,2026-03-14
21045,17.0,aljabar,2026-03-16
21046,17.0,aljabar,2026-03-19
21047,17.0,persamaan_linear,2026-03-22
21048,17.0,persamaan_linear,2026-03-24
21049,17.0,persamaan_linear,2026-03-25
21050,17.0,persamaan_linear,2026-03-26
21051,17.0,persamaan_linear,2026-03-28
21052,17.0,persamaan_linear,2026-03-30
21053,17.0,persamaan_linear,2026-04-02
21054,17.0,persamaan_linear,2026-04-05
21055,17.0,persamaan_linear,2026-04-06
21056,17.0,fungsi,2026-04-08
21057,17.0,fungsi,2026-04-11
21058,17.0,fungsi,2026-04-13
21059,17.0,fungsi,2026-04-14
21060,17.0,fungsi,2026-04-16
21061,17.0,fungsi,2026-04-17
21062,17.0,fungsi,2026-04-18
21063,17.0,fungsi,2026-04-20
21064,17.0,turunan,2026-04-23
21065,17.0,turunan,2026-04-24
21066,17.0,turunan,2026-04-27
21067,17.0,turunan,2026-04-30
21068,17.0,turunan,2026-05-01
21069,17.0,turunan,2026-05-03
21070,17.0,turunan,2026-05-05
21071,3.0,penjumlahan,2026-01-01
21072,3.0,penjumlahan,2026-01-03
21073,3.0,penjumlahan,2026-01-06
21074,3.0,penjumlahan,2026-01-09
21075,3.0,penjumlahan,2026-01-12
21076,3.0,pengurangan,2026-01-14
21077,3.0,pengurangan,2026-01-16
21078,3.0,pengurangan,2026-01-17
21079,3.0,pengurangan,2026-01-20
21080,3.0,pengurangan,2026-01-22
21081,3.0,pengurangan,2026-01-25
21082,3.0,pengurangan,2026-01-27
21083,3.0,perkalian,2026-01-30
21084,3.0,perkalian,2026-02-01
21085,3.0,perkalian,2026-02-04
21086,3.0,perkalian,2026-02-06
21087,3.0,perkalian,2026-02-09
21088,3.0,perkalian,2026-02-11
21089,3.0,perkalian,2026-02-14
21090,3.0,pembagian,2026-02-15
21091,3.0,pembagian,2026-02-18
21092,3.0,pembagian,2026-02-21
21093,3.0,pembagian,2026-02-22
21094,3.0,pembagian,2026-02-23
21095,3.0,pembagian,2026-02-26
21096,3.0,pembagian,2026-02-27
21097,3.0,pembagian,2026-02-28
21098,3.0,aljabar,2026-03-03
21099,3.0,aljabar,2026-03-05
21100,3.0,aljabar,2026-03-07
21101,3.0,aljabar,2026-03-09
21102,3.0,aljabar,2026-03-12
21103,3.0,aljabar,2026-03-14
21104,3.0,aljabar,2026-03-15
21105,3.0,aljabar,2026-03-16
21106,3.0,aljabar,2026-03-18
21107,3.0,persamaan_linear,2026-03-19
21108,3.0,persamaan_linear,2026-03-20
21109,3.0,persamaan_linear,2026-03-22
21110,3.0,persamaan_linear,2026-03-23
21111,3.0,persamaan_linear,2026-03-26
21112,3.0,persamaan_linear,2026-03-27
21113,3.0,limit,2026-03-28
21114,3.0,limit,2026-03-30
21115,3.0,limit,2026-04-01
21116,3.0,limit,2026-04-03
21117,3.0,limit,2026-04-04
21118,3.0,limit,2026-04-07
21119,3.0,limit,2026-04-09
21120,3.0,limit,2026-04-11
21121,3.0,limit,2026-04-13
21122,3.0,turunan,2026-04-15
21123,3.0,turunan,2026-04-16
21124,3.0,turunan,2026-04-19
21125,3.0,turunan,2026-04-21
21126,3.0,turunan,2026-04-23
21127,3.0,turunan,2026-04-26
21128,3.0,turunan,2026-04-27
21129,3.0,turunan,2026-04-30
21130,3.0,integral,2026-05-02
21131,3.0,integral,2026-05-05
21132,3.0,integral,2026-05-06
21133,3.0,integral,2026-05-09
21134,3.0,integral,2026-05-11
21135,14.0,penjumlahan,2026-01-01
21136,14.0,penjumlahan,2026-01-04
21137,14.0,penjumlahan,2026-01-06
21138,14.0,penjumlahan,2026-01-08
21139,14.0,penjumlahan,2026-01-11
21140,14.0,penjumlahan,2026-01-14
21141,14.0,penjumlahan,2026-01-15
21142,14.0,pengurangan,2026-01-18
21143,14.0,pengurangan,2026-01-21
21144,14.0,pengurangan,2026-01-23
21145,14.0,pengurangan,2026-01-26
21146,14.0,pengurangan,2026-01-29
21147,14.0,pengurangan,2026-01-30
21148,14.0,pengurangan,2026-02-01
21149,14.0,pengurangan,2026-02-03
21150,14.0,pengurangan,2026-02-04
21151,14.0,perkalian,2026-02-07
21152,14.0,perkalian,2026-02-08
21153,14.0,perkalian,2026-02-10
21154,14.0,perkalian,2026-02-12
21155,14.0,perkalian,2026-02-15
21156,14.0,pembagian,2026-02-16
21157,14.0,pembagian,2026-02-19
21158,14.0,pembagian,2026-02-22
21159,14.0,pembagian,2026-02-25
21160,14.0,pembagian,2026-02-26
21161,14.0,pembagian,2026-02-27
21162,14.0,pecahan,2026-03-01
21163,14.0,pecahan,2026-03-02
21164,14.0,pecahan,2026-03-05
21165,14.0,pecahan,2026-03-06
21166,14.0,pecahan,2026-03-08
21167,14.0,desimal,2026-03-10
21168,14.0,desimal,2026-03-11
21169,14.0,desimal,2026-03-12
21170,14.0,desimal,2026-03-14
21171,14.0,desimal,2026-03-16
21172,14.0,persamaan_linear,2026-03-18
21173,14.0,persamaan_linear,2026-03-21
21174,14.0,persamaan_linear,2026-03-22
21175,14.0,persamaan_linear,2026-03-24
21176,14.0,persamaan_linear,2026-03-25
21177,14.0,fungsi,2026-03-26
21178,14.0,fungsi,2026-03-27
21179,14.0,fungsi,2026-03-30
21180,14.0,fungsi,2026-03-31
21181,14.0,fungsi,2026-04-01
21182,14.0,fungsi,2026-04-03
21183,14.0,turunan,2026-04-05
21184,14.0,turunan,2026-04-06
21185,14.0,turunan,2026-04-07
21186,14.0,turunan,2026-04-09
21187,14.0,turunan,2026-04-10
21188,14.0,turunan,2026-04-12
21189,14.0,turunan,2026-04-15
21190,14.0,integral,2026-04-16
21191,14.0,integral,2026-04-19
21192,14.0,integral,2026-04-20
21193,14.0,integral,2026-04-23
21194,14.0,integral,2026-04-25
21195,14.0,integral,2026-04-26
21196,18.0,penjumlahan,2026-01-01
21197,18.0,penjumlahan,2026-01-04
21198,18.0,penjumlahan,2026-01-05
21199,18.0,penjumlahan,2026-01-08
21200,18.0,penjumlahan,2026-01-10
21201,18.0,penjumlahan,2026-01-12
21202,18.0,penjumlahan,2026-01-13
21203,18.0,pengurangan,2026-01-14
21204,18.0,pengurangan,2026-01-15
21205,18.0,pengurangan,2026-01-16
21206,18.0,pengurangan,2026-01-19
21207,18.0,pengurangan,2026-01-21
21208,18.0,pengurangan,2026-01-22
21209,18.0,perkalian,2026-01-25
21210,18.0,perkalian,2026-01-26
21211,18.0,perkalian,2026-01-29
21212,18.0,perkalian,2026-01-30
21213,18.0,perkalian,2026-02-01
21214,18.0,perkalian,2026-02-04
21215,18.0,perkalian,2026-02-06
21216,18.0,perkalian,2026-02-09
21217,18.0,pembagian,2026-02-12
21218,18.0,pembagian,2026-02-13
21219,18.0,pembagian,2026-02-16
21220,18.0,pembagian,2026-02-17
21221,18.0,pembagian,2026-02-20
21222,18.0,desimal,2026-02-21
21223,18.0,desimal,2026-02-22
21224,18.0,desimal,2026-02-23
21225,18.0,desimal,2026-02-24
21226,18.0,desimal,2026-02-27
21227,18.0,aljabar,2026-02-28
21228,18.0,aljabar,2026-03-02
21229,18.0,aljabar,2026-03-05
21230,18.0,aljabar,2026-03-08
21231,18.0,aljabar,2026-03-09
21232,18.0,aljabar,2026-03-11
21233,18.0,persamaan_linear,2026-03-12
21234,18.0,persamaan_linear,2026-03-14
21235,18.0,persamaan_linear,2026-03-17
21236,18.0,persamaan_linear,2026-03-19
21237,18.0,persamaan_linear,2026-03-22
21238,18.0,persamaan_linear,2026-03-25
21239,18.0,persamaan_linear,2026-03-27
21240,18.0,fungsi,2026-03-30
21241,18.0,fungsi,2026-03-31
21242,18.0,fungsi,2026-04-02
21243,18.0,fungsi,2026-04-04
21244,18.0,fungsi,2026-04-05
21245,18.0,fungsi,2026-04-08
21246,18.0,fungsi,2026-04-09
21247,18.0,fungsi,2026-04-12
21248,18.0,fungsi,2026-04-14
21249,18.0,integral,2026-04-16
21250,18.0,integral,2026-04-19
21251,18.0,integral,2026-04-22
21252,18.0,integral,2026-04-23
21253,18.0,integral,2026-04-24
21254,18.0,integral,2026-04-26
21255,18.0,integral,2026-04-29
21256,18.0,integral,2026-05-01
21257,18.0,integral,2026-05-03
21258,16.0,penjumlahan,2026-01-01
21259,16.0,penjumlahan,2026-01-02
21260,16.0,penjumlahan,2026-01-03
21261,16.0,penjumlahan,2026-01-06
21262,16.0,penjumlahan,2026-01-07
21263,16.0,penjumlahan,2026-01-09
21264,16.0,pengurangan,2026-01-10
21265,16.0,pengurangan,2026-01-13
21266,16.0,pengurangan,2026-01-15
21267,16.0,pengurangan,2026-01-17
21268,16.0,pengurangan,2026-01-20
21269,16.0,pengurangan,2026-01-22
21270,16.0,pengurangan,2026-01-24
21271,16.0,pengurangan,2026-01-25
21272,16.0,pengurangan,2026-01-27
21273,16.0,perkalian,2026-01-29
21274,16.0,perkalian,2026-02-01
21275,16.0,perkalian,2026-02-03
21276,16.0,perkalian,2026-02-05
21277,16.0,perkalian,2026-02-07
21278,16.0,perkalian,2026-02-10
21279,16.0,perkalian,2026-02-12
21280,16.0,perkalian,2026-02-15
21281,16.0,perkalian,2026-02-18
21282,16.0,pembagian,2026-02-20
21283,16.0,pembagian,2026-02-23
21284,16.0,pembagian,2026-02-24
21285,16.0,pembagian,2026-02-26
21286,16.0,pembagian,2026-02-27
21287,16.0,pembagian,2026-03-01
21288,16.0,pembagian,2026-03-04
21289,16.0,pembagian,2026-03-07
21290,16.0,pecahan,2026-03-10
21291,16.0,pecahan,2026-03-13
21292,16.0,pecahan,2026-03-15
21293,16.0,pecahan,2026-03-16
21294,16.0,pecahan,2026-03-17
21295,16.0,desimal,2026-03-18
21296,16.0,desimal,2026-03-21
21297,16.0,desimal,2026-03-24
21298,16.0,desimal,2026-03-25
21299,16.0,desimal,2026-03-27
21300,16.0,desimal,2026-03-28
21301,16.0,aljabar,2026-03-30
21302,16.0,aljabar,2026-04-01
21303,16.0,aljabar,2026-04-02
21304,16.0,aljabar,2026-04-05
21305,16.0,aljabar,2026-04-08
21306,16.0,aljabar,2026-04-09
21307,16.0,aljabar,2026-04-11
21308,16.0,aljabar,2026-04-14
21309,16.0,persamaan_linear,2026-04-16
21310,16.0,persamaan_linear,2026-04-18
21311,16.0,persamaan_linear,2026-04-21
21312,16.0,persamaan_linear,2026-04-24
21313,16.0,persamaan_linear,2026-04-27
21314,16.0,persamaan_linear,2026-04-28
21315,16.0,fungsi,2026-05-01
21316,16.0,fungsi,2026-05-04
21317,16.0,fungsi,2026-05-07
21318,16.0,fungsi,2026-05-10
21319,16.0,fungsi,2026-05-13
21320,16.0,fungsi,2026-05-16
21321,16.0,fungsi,2026-05-18
21322,16.0,fungsi,2026-05-19
21323,16.0,limit,2026-05-22
21324,16.0,limit,2026-05-24
21325,16.0,limit,2026-05-27
21326,16.0,limit,2026-05-29
21327,16.0,limit,2026-06-01
21328,16.0,turunan,2026-06-03
21329,16.0,turunan,2026-06-06
21330,16.0,turunan,2026-06-09
21331,16.0,turunan,2026-06-10
21332,16.0,turunan,2026-06-11
21333,16.0,turunan,2026-06-14
21334,16.0,turunan,2026-06-15
21335,16.0,integral,2026-06-17
21336,16.0,integral,2026-06-18
21337,16.0,integral,2026-06-20
21338,16.0,integral,2026-06-21
21339,16.0,integral,2026-06-23
21340,16.0,integral,2026-06-26
21341,15.0,penjumlahan,2026-01-01
21342,15.0,penjumlahan,2026-01-03
21343,15.0,penjumlahan,2026-01-06
21344,15.0,penjumlahan,2026-01-07
21345,15.0,penjumlahan,2026-01-10
21346,15.0,penjumlahan,2026-01-12
21347,15.0,pengurangan,2026-01-15
21348,15.0,pengurangan,2026-01-17
21349,15.0,pengurangan,2026-01-18
21350,15.0,pengurangan,2026-01-19
21351,15.0,pengurangan,2026-01-22
21352,15.0,pengurangan,2026-01-23
21353,15.0,pengurangan,2026-01-26
21354,15.0,pengurangan,2026-01-28
21355,15.0,pengurangan,2026-01-30
21356,15.0,pembagian,2026-02-02
21357,15.0,pembagian,2026-02-04
21358,15.0,pembagian,2026-02-07
21359,15.0,pembagian,2026-02-09
21360,15.0,pembagian,2026-02-11
21361,15.0,pembagian,2026-02-12
21362,15.0,pembagian,2026-02-15
21363,15.0,pembagian,2026-02-17
21364,15.0,pecahan,2026-02-18
21365,15.0,pecahan,2026-02-19
21366,15.0,pecahan,2026-02-22
21367,15.0,pecahan,2026-02-24
21368,15.0,pecahan,2026-02-25
21369,15.0,pecahan,2026-02-26
21370,15.0,pecahan,2026-02-27
21371,15.0,pecahan,2026-03-01
21372,15.0,aljabar,2026-03-04
21373,15.0,aljabar,2026-03-07
21374,15.0,aljabar,2026-03-08
21375,15.0,aljabar,2026-03-09
21376,15.0,aljabar,2026-03-10
21377,15.0,aljabar,2026-03-12
21378,15.0,aljabar,2026-03-14
21379,15.0,aljabar,2026-03-16
21380,15.0,aljabar,2026-03-19
21381,15.0,persamaan_linear,2026-03-21
21382,15.0,persamaan_linear,2026-03-24
21383,15.0,persamaan_linear,2026-03-25
21384,15.0,persamaan_linear,2026-03-27
21385,15.0,persamaan_linear,2026-03-29
21386,15.0,fungsi,2026-03-31
21387,15.0,fungsi,2026-04-03
21388,15.0,fungsi,2026-04-05
21389,15.0,fungsi,2026-04-06
21390,15.0,fungsi,2026-04-07
21391,15.0,fungsi,2026-04-08
21392,15.0,fungsi,2026-04-10
21393,15.0,limit,2026-04-13
21394,15.0,limit,2026-04-16
21395,15.0,limit,2026-04-18
21396,15.0,limit,2026-04-21
21397,15.0,limit,2026-04-23
21398,15.0,limit,2026-04-24
21399,15.0,limit,2026-04-27
21400,15.0,turunan,2026-04-29
21401,15.0,turunan,2026-04-30
21402,15.0,turunan,2026-05-01
21403,15.0,turunan,2026-05-04
21404,15.0,turunan,2026-05-05
21405,15.0,turunan,2026-05-06
21406,3.0,penjumlahan,2026-01-01
21407,3.0,penjumlahan,2026-01-04
21408,3.0,penjumlahan,2026-01-06
21409,3.0,penjumlahan,2026-01-09
21410,3.0,penjumlahan,2026-01-10
21411,3.0,penjumlahan,2026-01-11
21412,3.0,penjumlahan,2026-01-12
21413,3.0,penjumlahan,2026-01-15
21414,3.0,penjumlahan,2026-01-17
21415,3.0,pengurangan,2026-01-20
21416,3.0,pengurangan,2026-01-23
21417,3.0,pengurangan,2026-01-24
21418,3.0,pengurangan,2026-01-27
21419,3.0,pengurangan,2026-01-28
21420,3.0,pengurangan,2026-01-30
21421,3.0,pembagian,2026-02-02
21422,3.0,pembagian,2026-02-03
21423,3.0,pembagian,2026-02-06
21424,3.0,pembagian,2026-02-07
21425,3.0,pembagian,2026-02-09
21426,3.0,pembagian,2026-02-11
21427,3.0,pembagian,2026-02-13
21428,3.0,pembagian,2026-02-16
21429,3.0,pembagian,2026-02-18
21430,3.0,pecahan,2026-02-19
21431,3.0,pecahan,2026-02-20
21432,3.0,pecahan,2026-02-22
21433,3.0,pecahan,2026-02-25
21434,3.0,pecahan,2026-02-26
21435,3.0,pecahan,2026-02-27
21436,3.0,pecahan,2026-03-02
21437,3.0,pecahan,2026-03-04
21438,3.0,desimal,2026-03-07
21439,3.0,desimal,2026-03-08
21440,3.0,desimal,2026-03-11
21441,3.0,desimal,2026-03-13
21442,3.0,desimal,2026-03-16
21443,3.0,desimal,2026-03-18
21444,3.0,desimal,2026-03-19
21445,3.0,aljabar,2026-03-21
21446,3.0,aljabar,2026-03-23
21447,3.0,aljabar,2026-03-26
21448,3.0,aljabar,2026-03-29
21449,3.0,aljabar,2026-04-01
21450,3.0,aljabar,2026-04-04
21451,3.0,aljabar,2026-04-05
21452,3.0,fungsi,2026-04-08
21453,3.0,fungsi,2026-04-09
21454,3.0,fungsi,2026-04-11
21455,3.0,fungsi,2026-04-12
21456,3.0,fungsi,2026-04-15
21457,3.0,fungsi,2026-04-16
21458,3.0,fungsi,2026-04-18
21459,3.0,fungsi,2026-04-19
21460,3.0,fungsi,2026-04-22
21461,3.0,limit,2026-04-23
21462,3.0,limit,2026-04-26
21463,3.0,limit,2026-04-29
21464,3.0,limit,2026-05-02
21465,3.0,limit,2026-05-04
21466,3.0,limit,2026-05-05
21467,3.0,limit,2026-05-06
21468,3.0,limit,2026-05-07
21469,3.0,limit,2026-05-09
21470,3.0,integral,2026-05-11
21471,3.0,integral,2026-05-13
21472,3.0,integral,2026-05-16
21473,3.0,integral,2026-05-18
21474,3.0,integral,2026-05-19
21475,3.0,integral,2026-05-20
21476,3.0,integral,2026-05-23
21477,3.0,integral,2026-05-25
21478,3.0,integral,2026-05-27
21479,8.0,penjumlahan,2026-01-01
21480,8.0,penjumlahan,2026-01-04
21481,8.0,penjumlahan,2026-01-05
21482,8.0,penjumlahan,2026-01-06
21483,8.0,penjumlahan,2026-01-07
21484,8.0,penjumlahan,2026-01-08
21485,8.0,penjumlahan,2026-01-09
21486,8.0,penjumlahan,2026-01-12
21487,8.0,pengurangan,2026-01-13
21488,8.0,pengurangan,2026-01-15
21489,8.0,pengurangan,2026-01-16
21490,8.0,pengurangan,2026-01-19
21491,8.0,pengurangan,2026-01-21
21492,8.0,pengurangan,2026-01-22
21493,8.0,pengurangan,2026-01-23
21494,8.0,pengurangan,2026-01-24
21495,8.0,pengurangan,2026-01-25
21496,8.0,perkalian,2026-01-26
21497,8.0,perkalian,2026-01-28
21498,8.0,perkalian,2026-01-31
21499,8.0,perkalian,2026-02-03
21500,8.0,perkalian,2026-02-06
21501,8.0,pembagian,2026-02-08
21502,8.0,pembagian,2026-02-09
21503,8.0,pembagian,2026-02-12
21504,8.0,pembagian,2026-02-14
21505,8.0,pembagian,2026-02-17
21506,8.0,pembagian,2026-02-18
21507,8.0,pembagian,2026-02-20
21508,8.0,pecahan,2026-02-21
21509,8.0,pecahan,2026-02-23
21510,8.0,pecahan,2026-02-25
21511,8.0,pecahan,2026-02-27
21512,8.0,pecahan,2026-02-28
21513,8.0,desimal,2026-03-01
21514,8.0,desimal,2026-03-03
21515,8.0,desimal,2026-03-06
21516,8.0,desimal,2026-03-09
21517,8.0,desimal,2026-03-12
21518,8.0,persamaan_linear,2026-03-13
21519,8.0,persamaan_linear,2026-03-14
21520,8.0,persamaan_linear,2026-03-16
21521,8.0,persamaan_linear,2026-03-18
21522,8.0,persamaan_linear,2026-03-21
21523,8.0,persamaan_linear,2026-03-22
21524,8.0,persamaan_linear,2026-03-25
21525,8.0,persamaan_linear,2026-03-26
21526,8.0,limit,2026-03-28
21527,8.0,limit,2026-03-29
21528,8.0,limit,2026-03-30
21529,8.0,limit,2026-04-01
21530,8.0,limit,2026-04-03
21531,8.0,limit,2026-04-05
21532,8.0,limit,2026-04-06
21533,8.0,turunan,2026-04-09
21534,8.0,turunan,2026-04-12
21535,8.0,turunan,2026-04-14
21536,8.0,turunan,2026-04-17
21537,8.0,turunan,2026-04-19
21538,8.0,turunan,2026-04-21
21539,8.0,turunan,2026-04-24
21540,8.0,turunan,2026-04-25
21541,8.0,turunan,2026-04-28
21542,8.0,penjumlahan,2026-01-01
21543,8.0,penjumlahan,2026-01-04
21544,8.0,penjumlahan,2026-01-06
21545,8.0,penjumlahan,2026-01-09
21546,8.0,penjumlahan,2026-01-12
21547,8.0,pengurangan,2026-01-14
21548,8.0,pengurangan,2026-01-15
21549,8.0,pengurangan,2026-01-16
21550,8.0,pengurangan,2026-01-17
21551,8.0,pengurangan,2026-01-19
21552,8.0,pengurangan,2026-01-20
21553,8.0,pengurangan,2026-01-21
21554,8.0,pengurangan,2026-01-24
21555,8.0,perkalian,2026-01-25
21556,8.0,perkalian,2026-01-27
21557,8.0,perkalian,2026-01-29
21558,8.0,perkalian,2026-01-31
21559,8.0,perkalian,2026-02-02
21560,8.0,perkalian,2026-02-04
21561,8.0,perkalian,2026-02-06
21562,8.0,perkalian,2026-02-09
21563,8.0,pembagian,2026-02-12
21564,8.0,pembagian,2026-02-14
21565,8.0,pembagian,2026-02-16
21566,8.0,pembagian,2026-02-19
21567,8.0,pembagian,2026-02-22
21568,8.0,pembagian,2026-02-24
21569,8.0,pembagian,2026-02-27
21570,8.0,aljabar,2026-03-01
21571,8.0,aljabar,2026-03-03
21572,8.0,aljabar,2026-03-04
21573,8.0,aljabar,2026-03-06
21574,8.0,aljabar,2026-03-08
21575,8.0,aljabar,2026-03-10
21576,8.0,aljabar,2026-03-11
21577,8.0,aljabar,2026-03-13
21578,8.0,aljabar,2026-03-14
21579,8.0,persamaan_linear,2026-03-16
21580,8.0,persamaan_linear,2026-03-18
21581,8.0,persamaan_linear,2026-03-21
21582,8.0,persamaan_linear,2026-03-24
21583,8.0,persamaan_linear,2026-03-26
21584,8.0,persamaan_linear,2026-03-29
21585,8.0,persamaan_linear,2026-03-30
21586,8.0,persamaan_linear,2026-04-01
21587,8.0,persamaan_linear,2026-04-02
21588,8.0,limit,2026-04-03
21589,8.0,limit,2026-04-06
21590,8.0,limit,2026-04-07
21591,8.0,limit,2026-04-10
21592,8.0,limit,2026-04-11
21593,8.0,limit,2026-04-13
21594,8.0,limit,2026-04-14
21595,8.0,limit,2026-04-17
21596,8.0,limit,2026-04-18
21597,8.0,turunan,2026-04-19
21598,8.0,turunan,2026-04-21
21599,8.0,turunan,2026-04-22
21600,8.0,turunan,2026-04-23
21601,8.0,turunan,2026-04-26
21602,8.0,turunan,2026-04-28
21603,8.0,turunan,2026-05-01
21604,8.0,turunan,2026-05-02
21605,19.0,penjumlahan,2026-01-01
21606,19.0,penjumlahan,2026-01-02
21607,19.0,penjumlahan,2026-01-04
21608,19.0,penjumlahan,2026-01-06
21609,19.0,penjumlahan,2026-01-08
21610,19.0,penjumlahan,2026-01-11
21611,19.0,penjumlahan,2026-01-12
21612,19.0,penjumlahan,2026-01-13
21613,19.0,penjumlahan,2026-01-14
21614,19.0,pengurangan,2026-01-15
21615,19.0,pengurangan,2026-01-16
21616,19.0,pengurangan,2026-01-17
21617,19.0,pengurangan,2026-01-18
21618,19.0,pengurangan,2026-01-19
21619,19.0,perkalian,2026-01-21
21620,19.0,perkalian,2026-01-22
21621,19.0,perkalian,2026-01-24
21622,19.0,perkalian,2026-01-27
21623,19.0,perkalian,2026-01-29
21624,19.0,perkalian,2026-01-31
21625,19.0,perkalian,2026-02-03
21626,19.0,perkalian,2026-02-06
21627,19.0,perkalian,2026-02-09
21628,19.0,desimal,2026-02-10
21629,19.0,desimal,2026-02-12
21630,19.0,desimal,2026-02-14
21631,19.0,desimal,2026-02-15
21632,19.0,desimal,2026-02-18
21633,19.0,desimal,2026-02-19
21634,19.0,desimal,2026-02-20
21635,19.0,desimal,2026-02-23
21636,19.0,desimal,2026-02-25
21637,19.0,aljabar,2026-02-28
21638,19.0,aljabar,2026-03-01
21639,19.0,aljabar,2026-03-03
21640,19.0,aljabar,2026-03-05
21641,19.0,aljabar,2026-03-06
21642,19.0,aljabar,2026-03-07
21643,19.0,aljabar,2026-03-08
21644,19.0,aljabar,2026-03-09
21645,19.0,aljabar,2026-03-10
21646,19.0,persamaan_linear,2026-03-12
21647,19.0,persamaan_linear,2026-03-15
21648,19.0,persamaan_linear,2026-03-17
21649,19.0,persamaan_linear,2026-03-18
21650,19.0,persamaan_linear,2026-03-19
21651,19.0,persamaan_linear,2026-03-20
21652,19.0,fungsi,2026-03-21
21653,19.0,fungsi,2026-03-24
21654,19.0,fungsi,2026-03-26
21655,19.0,fungsi,2026-03-27
21656,19.0,fungsi,2026-03-29
21657,19.0,limit,2026-04-01
21658,19.0,limit,2026-04-03
21659,19.0,limit,2026-04-05
21660,19.0,limit,2026-04-07
21661,19.0,limit,2026-04-10
21662,19.0,turunan,2026-04-12
21663,19.0,turunan,2026-04-14
21664,19.0,turunan,2026-04-17
21665,19.0,turunan,2026-04-20
21666,19.0,turunan,2026-04-21
21667,19.0,turunan,2026-04-22
21668,19.0,turunan,2026-04-23
21669,19.0,integral,2026-04-25
21670,19.0,integral,2026-04-27
21671,19.0,integral,2026-04-28
21672,19.0,integral,2026-05-01
21673,19.0,integral,2026-05-02
21674,19.0,integral,2026-05-04
21675,19.0,integral,2026-05-05
21676,19.0,integral,2026-05-06
21677,16.0,penjumlahan,2026-01-01
21678,16.0,penjumlahan,2026-01-02
21679,16.0,penjumlahan,2026-01-04
21680,16.0,penjumlahan,2026-01-06
21681,16.0,penjumlahan,2026-01-07
21682,16.0,pengurangan,2026-01-10
21683,16.0,pengurangan,2026-01-13
21684,16.0,pengurangan,2026-01-14
21685,16.0,pengurangan,2026-01-16
21686,16.0,pengurangan,2026-01-19
21687,16.0,pengurangan,2026-01-20
21688,16.0,pengurangan,2026-01-23
21689,16.0,pengurangan,2026-01-25
21690,16.0,pengurangan,2026-01-27
21691,16.0,pembagian,2026-01-28
21692,16.0,pembagian,2026-01-31
21693,16.0,pembagian,2026-02-01
21694,16.0,pembagian,2026-02-04
21695,16.0,pembagian,2026-02-07
21696,16.0,pembagian,2026-02-09
21697,16.0,pembagian,2026-02-12
21698,16.0,pecahan,2026-02-15
21699,16.0,pecahan,2026-02-18
21700,16.0,pecahan,2026-02-21
21701,16.0,pecahan,2026-02-22
21702,16.0,pecahan,2026-02-23
21703,16.0,aljabar,2026-02-26
21704,16.0,aljabar,2026-02-27
21705,16.0,aljabar,2026-02-28
21706,16.0,aljabar,2026-03-02
21707,16.0,aljabar,2026-03-03
21708,16.0,persamaan_linear,2026-03-06
21709,16.0,persamaan_linear,2026-03-07
21710,16.0,persamaan_linear,2026-03-09
21711,16.0,persamaan_linear,2026-03-12
21712,16.0,persamaan_linear,2026-03-14
21713,16.0,persamaan_linear,2026-03-17
21714,16.0,persamaan_linear,2026-03-19
21715,16.0,persamaan_linear,2026-03-22
21716,16.0,persamaan_linear,2026-03-25
21717,16.0,fungsi,2026-03-28
21718,16.0,fungsi,2026-03-29
21719,16.0,fungsi,2026-03-30
21720,16.0,fungsi,2026-03-31
21721,16.0,fungsi,2026-04-02
21722,16.0,fungsi,2026-04-03
21723,16.0,fungsi,2026-04-06
21724,16.0,limit,2026-04-07
21725,16.0,limit,2026-04-10
21726,16.0,limit,2026-04-12
21727,16.0,limit,2026-04-15
21728,16.0,limit,2026-04-18
21729,16.0,integral,2026-04-19
21730,16.0,integral,2026-04-21
21731,16.0,integral,2026-04-24
21732,16.0,integral,2026-04-26
21733,16.0,integral,2026-04-28
21734,16.0,integral,2026-04-29
21735,14.0,penjumlahan,2026-01-01
21736,14.0,penjumlahan,2026-01-03
21737,14.0,penjumlahan,2026-01-06
21738,14.0,penjumlahan,2026-01-07
21739,14.0,penjumlahan,2026-01-09
21740,14.0,penjumlahan,2026-01-10
21741,14.0,penjumlahan,2026-01-13
21742,14.0,pengurangan,2026-01-15
21743,14.0,pengurangan,2026-01-17
21744,14.0,pengurangan,2026-01-20
21745,14.0,pengurangan,2026-01-21
21746,14.0,pengurangan,2026-01-22
21747,14.0,pengurangan,2026-01-25
21748,14.0,pengurangan,2026-01-26
21749,14.0,pengurangan,2026-01-29
21750,14.0,perkalian,2026-02-01
21751,14.0,perkalian,2026-02-02
21752,14.0,perkalian,2026-02-05
21753,14.0,perkalian,2026-02-08
21754,14.0,perkalian,2026-02-10
21755,14.0,perkalian,2026-02-11
21756,14.0,perkalian,2026-02-14
21757,14.0,perkalian,2026-02-16
21758,14.0,perkalian,2026-02-17
21759,14.0,pembagian,2026-02-19
21760,14.0,pembagian,2026-02-21
21761,14.0,pembagian,2026-02-24
21762,14.0,pembagian,2026-02-27
21763,14.0,pembagian,2026-03-02
21764,14.0,pembagian,2026-03-03
21765,14.0,pembagian,2026-03-04
21766,14.0,pecahan,2026-03-07
21767,14.0,pecahan,2026-03-08
21768,14.0,pecahan,2026-03-10
21769,14.0,pecahan,2026-03-12
21770,14.0,pecahan,2026-03-14
21771,14.0,desimal,2026-03-15
21772,14.0,desimal,2026-03-17
21773,14.0,desimal,2026-03-19
21774,14.0,desimal,2026-03-20
21775,14.0,desimal,2026-03-22
21776,14.0,aljabar,2026-03-24
21777,14.0,aljabar,2026-03-27
21778,14.0,aljabar,2026-03-30
21779,14.0,aljabar,2026-04-01
21780,14.0,aljabar,2026-04-02
21781,14.0,aljabar,2026-04-04
21782,14.0,persamaan_linear,2026-04-05
21783,14.0,persamaan_linear,2026-04-08
21784,14.0,persamaan_linear,2026-04-11
21785,14.0,persamaan_linear,2026-04-12
21786,14.0,persamaan_linear,2026-04-13
21787,14.0,persamaan_linear,2026-04-16
21788,14.0,persamaan_linear,2026-04-17
21789,14.0,fungsi,2026-04-18
21790,14.0,fungsi,2026-04-20
21791,14.0,fungsi,2026-04-21
21792,14.0,fungsi,2026-04-22
21793,14.0,fungsi,2026-04-25
21794,14.0,fungsi,2026-04-27
21795,14.0,fungsi,2026-04-29
21796,14.0,fungsi,2026-05-01
21797,14.0,fungsi,2026-05-03
21798,14.0,limit,2026-05-05
21799,14.0,limit,2026-05-07
21800,14.0,limit,2026-05-09
21801,14.0,limit,2026-05-10
21802,14.0,limit,2026-05-13
21803,14.0,limit,2026-05-14
21804,14.0,limit,2026-05-17
21805,14.0,limit,2026-05-20
21806,14.0,turunan,2026-05-23
21807,14.0,turunan,2026-05-25
21808,14.0,turunan,2026-05-26
21809,14.0,turunan,2026-05-27
21810,14.0,turunan,2026-05-29
21811,14.0,turunan,2026-05-31
21812,14.0,turunan,2026-06-02
21813,14.0,integral,2026-06-05
21814,14.0,integral,2026-06-06
21815,14.0,integral,2026-06-09
21816,14.0,integral,2026-06-12
21817,14.0,integral,2026-06-14
21818,12.0,penjumlahan,2026-01-01
21819,12.0,penjumlahan,2026-01-04
21820,12.0,penjumlahan,2026-01-05
21821,12.0,penjumlahan,2026-01-07
21822,12.0,penjumlahan,2026-01-10
21823,12.0,penjumlahan,2026-01-11
21824,12.0,penjumlahan,2026-01-12
21825,12.0,penjumlahan,2026-01-13
21826,12.0,pengurangan,2026-01-15
21827,12.0,pengurangan,2026-01-17
21828,12.0,pengurangan,2026-01-18
21829,12.0,pengurangan,2026-01-20
21830,12.0,pengurangan,2026-01-21
21831,12.0,pengurangan,2026-01-24
21832,12.0,perkalian,2026-01-27
21833,12.0,perkalian,2026-01-28
21834,12.0,perkalian,2026-01-30
21835,12.0,perkalian,2026-02-02
21836,12.0,perkalian,2026-02-03
21837,12.0,perkalian,2026-02-04
21838,12.0,perkalian,2026-02-06
21839,12.0,perkalian,2026-02-09
21840,12.0,perkalian,2026-02-12
21841,12.0,pembagian,2026-02-15
21842,12.0,pembagian,2026-02-17
21843,12.0,pembagian,2026-02-19
21844,12.0,pembagian,2026-02-22
21845,12.0,pembagian,2026-02-25
21846,12.0,pembagian,2026-02-27
21847,12.0,desimal,2026-03-01
21848,12.0,desimal,2026-03-03
21849,12.0,desimal,2026-03-06
21850,12.0,desimal,2026-03-09
21851,12.0,desimal,2026-03-10
21852,12.0,desimal,2026-03-12
21853,12.0,persamaan_linear,2026-03-15
21854,12.0,persamaan_linear,2026-03-16
21855,12.0,persamaan_linear,2026-03-19
21856,12.0,persamaan_linear,2026-03-20
21857,12.0,persamaan_linear,2026-03-23
21858,12.0,persamaan_linear,2026-03-26
21859,12.0,persamaan_linear,2026-03-29
21860,12.0,fungsi,2026-04-01
21861,12.0,fungsi,2026-04-02
21862,12.0,fungsi,2026-04-04
21863,12.0,fungsi,2026-04-05
21864,12.0,fungsi,2026-04-06
21865,12.0,limit,2026-04-07
21866,12.0,limit,2026-04-10
21867,12.0,limit,2026-04-13
21868,12.0,limit,2026-04-16
21869,12.0,limit,2026-04-19
21870,12.0,limit,2026-04-22
21871,12.0,limit,2026-04-25
21872,12.0,turunan,2026-04-27
21873,12.0,turunan,2026-04-30
21874,12.0,turunan,2026-05-03
21875,12.0,turunan,2026-05-05
21876,12.0,turunan,2026-05-08
21877,12.0,turunan,2026-05-10
21878,12.0,turunan,2026-05-11
21879,12.0,integral,2026-05-12
21880,12.0,integral,2026-05-15
21881,12.0,integral,2026-05-18
21882,12.0,integral,2026-05-19
21883,12.0,integral,2026-05-21
21884,12.0,integral,2026-05-23
21885,12.0,integral,2026-05-25
21886,12.0,integral,2026-05-27
21887,12.0,integral,2026-05-30
21888,9.0,penjumlahan,2026-01-01
21889,9.0,penjumlahan,2026-01-03
21890,9.0,penjumlahan,2026-01-04
21891,9.0,penjumlahan,2026-01-07
21892,9.0,penjumlahan,2026-01-09
21893,9.0,penjumlahan,2026-01-10
21894,9.0,pengurangan,2026-01-12
21895,9.0,pengurangan,2026-01-15
21896,9.0,pengurangan,2026-01-17
21897,9.0,pengurangan,2026-01-19
21898,9.0,pengurangan,2026-01-21
21899,9.0,pengurangan,2026-01-23
21900,9.0,pengurangan,2026-01-24
21901,9.0,perkalian,2026-01-26
21902,9.0,perkalian,2026-01-27
21903,9.0,perkalian,2026-01-29
21904,9.0,perkalian,2026-02-01
21905,9.0,perkalian,2026-02-02
21906,9.0,perkalian,2026-02-05
21907,9.0,perkalian,2026-02-06
21908,9.0,pembagian,2026-02-08
21909,9.0,pembagian,2026-02-09
21910,9.0,pembagian,2026-02-12
21911,9.0,pembagian,2026-02-15
21912,9.0,pembagian,2026-02-17
21913,9.0,pembagian,2026-02-19
21914,9.0,pembagian,2026-02-21
21915,9.0,pembagian,2026-02-22
21916,9.0,pembagian,2026-02-23
21917,9.0,desimal,2026-02-24
21918,9.0,desimal,2026-02-26
21919,9.0,desimal,2026-02-27
21920,9.0,desimal,2026-02-28
21921,9.0,desimal,2026-03-01
21922,9.0,desimal,2026-03-04
21923,9.0,aljabar,2026-03-06
21924,9.0,aljabar,2026-03-08
21925,9.0,aljabar,2026-03-11
21926,9.0,aljabar,2026-03-12
21927,9.0,aljabar,2026-03-14
21928,9.0,persamaan_linear,2026-03-17
21929,9.0,persamaan_linear,2026-03-19
21930,9.0,persamaan_linear,2026-03-22
21931,9.0,persamaan_linear,2026-03-25
21932,9.0,persamaan_linear,2026-03-27
21933,9.0,persamaan_linear,2026-03-29
21934,9.0,fungsi,2026-04-01
21935,9.0,fungsi,2026-04-04
21936,9.0,fungsi,2026-04-05
21937,9.0,fungsi,2026-04-06
21938,9.0,fungsi,2026-04-09
21939,9.0,fungsi,2026-04-11
21940,9.0,fungsi,2026-04-12
21941,9.0,limit,2026-04-14
21942,9.0,limit,2026-04-17
21943,9.0,limit,2026-04-18
21944,9.0,limit,2026-04-19
21945,9.0,limit,2026-04-22
21946,9.0,limit,2026-04-23
21947,9.0,limit,2026-04-26
21948,9.0,turunan,2026-04-28
21949,9.0,turunan,2026-04-29
21950,9.0,turunan,2026-05-02
21951,9.0,turunan,2026-05-04
21952,9.0,turunan,2026-05-05
21953,9.0,turunan,2026-05-07
21954,9.0,integral,2026-05-09
21955,9.0,integral,2026-05-10
21956,9.0,integral,2026-05-13
21957,9.0,integral,2026-05-15
21958,9.0,integral,2026-05-16
21959,9.0,integral,2026-05-17
21960,9.0,integral,2026-05-20
21961,9.0,integral,2026-05-23
21962,9.0,integral,2026-05-26
21963,9.0,penjumlahan,2026-01-01
21964,9.0,penjumlahan,2026-01-03
21965,9.0,penjumlahan,2026-01-05
21966,9.0,penjumlahan,2026-01-08
21967,9.0,penjumlahan,2026-01-11
21968,9.0,penjumlahan,2026-01-13
21969,9.0,pengurangan,2026-01-14
21970,9.0,pengurangan,2026-01-15
21971,9.0,pengurangan,2026-01-18
21972,9.0,pengurangan,2026-01-20
21973,9.0,pengurangan,2026-01-22
21974,9.0,desimal,2026-01-24
21975,9.0,desimal,2026-01-26
21976,9.0,desimal,2026-01-27
21977,9.0,desimal,2026-01-29
21978,9.0,desimal,2026-02-01
21979,9.0,aljabar,2026-02-04
21980,9.0,aljabar,2026-02-05
21981,9.0,aljabar,2026-02-06
21982,9.0,aljabar,2026-02-09
21983,9.0,aljabar,2026-02-11
21984,9.0,fungsi,2026-02-14
21985,9.0,fungsi,2026-02-16
21986,9.0,fungsi,2026-02-17
21987,9.0,fungsi,2026-02-20
21988,9.0,fungsi,2026-02-22
21989,9.0,limit,2026-02-23
21990,9.0,limit,2026-02-24
21991,9.0,limit,2026-02-25
21992,9.0,limit,2026-02-28
21993,9.0,limit,2026-03-02
21994,9.0,integral,2026-03-05
21995,9.0,integral,2026-03-07
21996,9.0,integral,2026-03-08
21997,9.0,integral,2026-03-10
21998,9.0,integral,2026-03-12
21999,9.0,integral,2026-03-13
22000,9.0,integral,2026-03-16
22001,4.0,penjumlahan,2026-01-01
22002,4.0,penjumlahan,2026-01-04
22003,4.0,penjumlahan,2026-01-07
22004,4.0,penjumlahan,2026-01-09
22005,4.0,penjumlahan,2026-01-10
22006,4.0,penjumlahan,2026-01-11
22007,4.0,penjumlahan,2026-01-12
22008,4.0,pengurangan,2026-01-13
22009,4.0,pengurangan,2026-01-16
22010,4.0,pengurangan,2026-01-19
22011,4.0,pengurangan,2026-01-22
22012,4.0,pengurangan,2026-01-23
22013,4.0,pengurangan,2026-01-26
22014,4.0,pengurangan,2026-01-28
22015,4.0,perkalian,2026-01-31
22016,4.0,perkalian,2026-02-03
22017,4.0,perkalian,2026-02-04
22018,4.0,perkalian,2026-02-07
22019,4.0,perkalian,2026-02-10
22020,4.0,perkalian,2026-02-13
22021,4.0,perkalian,2026-02-16
22022,4.0,pembagian,2026-02-19
22023,4.0,pembagian,2026-02-22
22024,4.0,pembagian,2026-02-25
22025,4.0,pembagian,2026-02-28
22026,4.0,pembagian,2026-03-03
22027,4.0,pembagian,2026-03-04
22028,4.0,pembagian,2026-03-06
22029,4.0,pembagian,2026-03-07
22030,4.0,pembagian,2026-03-09
22031,4.0,pecahan,2026-03-12
22032,4.0,pecahan,2026-03-13
22033,4.0,pecahan,2026-03-16
22034,4.0,pecahan,2026-03-19
22035,4.0,pecahan,2026-03-20
22036,4.0,pecahan,2026-03-21
22037,4.0,desimal,2026-03-22
22038,4.0,desimal,2026-03-23
22039,4.0,desimal,2026-03-24
22040,4.0,desimal,2026-03-25
22041,4.0,desimal,2026-03-28
22042,4.0,desimal,2026-03-29
22043,4.0,aljabar,2026-04-01
22044,4.0,aljabar,2026-04-04
22045,4.0,aljabar,2026-04-05
22046,4.0,aljabar,2026-04-07
22047,4.0,aljabar,2026-04-10
22048,4.0,aljabar,2026-04-12
22049,4.0,persamaan_linear,2026-04-15
22050,4.0,persamaan_linear,2026-04-18
22051,4.0,persamaan_linear,2026-04-19
22052,4.0,persamaan_linear,2026-04-21
22053,4.0,persamaan_linear,2026-04-22
22054,4.0,persamaan_linear,2026-04-23
22055,4.0,persamaan_linear,2026-04-24
22056,4.0,persamaan_linear,2026-04-25
22057,4.0,persamaan_linear,2026-04-26
22058,4.0,fungsi,2026-04-27
22059,4.0,fungsi,2026-04-30
22060,4.0,fungsi,2026-05-01
22061,4.0,fungsi,2026-05-04
22062,4.0,fungsi,2026-05-05
22063,4.0,limit,2026-05-06
22064,4.0,limit,2026-05-07
22065,4.0,limit,2026-05-08
22066,4.0,limit,2026-05-10
22067,4.0,limit,2026-05-13
22068,4.0,limit,2026-05-16
22069,4.0,limit,2026-05-18
22070,4.0,limit,2026-05-19
22071,4.0,limit,2026-05-22
22072,4.0,turunan,2026-05-25
22073,4.0,turunan,2026-05-26
22074,4.0,turunan,2026-05-29
22075,4.0,turunan,2026-05-30
22076,4.0,turunan,2026-05-31
22077,4.0,turunan,2026-06-02
22078,4.0,turunan,2026-06-04
22079,4.0,turunan,2026-06-05
22080,4.0,turunan,2026-06-08
22081,4.0,integral,2026-06-10
22082,4.0,integral,2026-06-12
22083,4.0,integral,2026-06-15
22084,4.0,integral,2026-06-16
22085,4.0,integral,2026-06-19
22086,4.0,integral,2026-06-20
22087,4.0,integral,2026-06-21
22088,11.0,penjumlahan,2026-01-01
22089,11.0,penjumlahan,2026-01-02
22090,11.0,penjumlahan,2026-01-04
22091,11.0,penjumlahan,2026-01-05
22092,11.0,penjumlahan,2026-01-07
22093,11.0,penjumlahan,2026-01-10
22094,11.0,pengurangan,2026-01-12
22095,11.0,pengurangan,2026-01-15
22096,11.0,pengurangan,2026-01-18
22097,11.0,pengurangan,2026-01-19
22098,11.0,pengurangan,2026-01-22
22099,11.0,pengurangan,2026-01-23
22100,11.0,pengurangan,2026-01-24
22101,11.0,pengurangan,2026-01-27
22102,11.0,pengurangan,2026-01-30
22103,11.0,perkalian,2026-02-01
22104,11.0,perkalian,2026-02-03
22105,11.0,perkalian,2026-02-06
22106,11.0,perkalian,2026-02-08
22107,11.0,perkalian,2026-02-11
22108,11.0,pecahan,2026-02-13
22109,11.0,pecahan,2026-02-16
22110,11.0,pecahan,2026-02-17
22111,11.0,pecahan,2026-02-20
22112,11.0,pecahan,2026-02-22
22113,11.0,aljabar,2026-02-25
22114,11.0,aljabar,2026-02-28
22115,11.0,aljabar,2026-03-01
22116,11.0,aljabar,2026-03-03
22117,11.0,aljabar,2026-03-05
22118,11.0,persamaan_linear,2026-03-08
22119,11.0,persamaan_linear,2026-03-10
22120,11.0,persamaan_linear,2026-03-12
22121,11.0,persamaan_linear,2026-03-13
22122,11.0,persamaan_linear,2026-03-14
22123,11.0,persamaan_linear,2026-03-15
22124,11.0,persamaan_linear,2026-03-18
22125,11.0,persamaan_linear,2026-03-20
22126,11.0,persamaan_linear,2026-03-21
22127,11.0,fungsi,2026-03-23
22128,11.0,fungsi,2026-03-25
22129,11.0,fungsi,2026-03-26
22130,11.0,fungsi,2026-03-27
22131,11.0,fungsi,2026-03-29
22132,11.0,fungsi,2026-03-30
22133,11.0,fungsi,2026-03-31
22134,11.0,turunan,2026-04-01
22135,11.0,turunan,2026-04-04
22136,11.0,turunan,2026-04-07
22137,11.0,turunan,2026-04-09
22138,11.0,turunan,2026-04-12
22139,11.0,turunan,2026-04-14
22140,11.0,turunan,2026-04-16
22141,11.0,turunan,2026-04-17
22142,11.0,turunan,2026-04-20
22143,11.0,integral,2026-04-23
22144,11.0,integral,2026-04-25
22145,11.0,integral,2026-04-26
22146,11.0,integral,2026-04-27
22147,11.0,integral,2026-04-29
22148,11.0,integral,2026-04-30
22149,11.0,integral,2026-05-01
22150,18.0,penjumlahan,2026-01-01
22151,18.0,penjumlahan,2026-01-03
22152,18.0,penjumlahan,2026-01-05
22153,18.0,penjumlahan,2026-01-07
22154,18.0,penjumlahan,2026-01-10
22155,18.0,pengurangan,2026-01-12
22156,18.0,pengurangan,2026-01-14
22157,18.0,pengurangan,2026-01-15
22158,18.0,pengurangan,2026-01-16
22159,18.0,pengurangan,2026-01-18
22160,18.0,pengurangan,2026-01-21
22161,18.0,pengurangan,2026-01-24
22162,18.0,pembagian,2026-01-27
22163,18.0,pembagian,2026-01-30
22164,18.0,pembagian,2026-02-02
22165,18.0,pembagian,2026-02-04
22166,18.0,pembagian,2026-02-07
22167,18.0,pembagian,2026-02-09
22168,18.0,pembagian,2026-02-11
22169,18.0,pecahan,2026-02-13
22170,18.0,pecahan,2026-02-14
22171,18.0,pecahan,2026-02-16
22172,18.0,pecahan,2026-02-18
22173,18.0,pecahan,2026-02-21
22174,18.0,pecahan,2026-02-22
22175,18.0,pecahan,2026-02-25
22176,18.0,pecahan,2026-02-26
22177,18.0,pecahan,2026-02-27
22178,18.0,desimal,2026-03-02
22179,18.0,desimal,2026-03-05
22180,18.0,desimal,2026-03-08
22181,18.0,desimal,2026-03-10
22182,18.0,desimal,2026-03-12
22183,18.0,aljabar,2026-03-15
22184,18.0,aljabar,2026-03-18
22185,18.0,aljabar,2026-03-21
22186,18.0,aljabar,2026-03-24
22187,18.0,aljabar,2026-03-25
22188,18.0,aljabar,2026-03-27
22189,18.0,integral,2026-03-28
22190,18.0,integral,2026-03-29
22191,18.0,integral,2026-04-01
22192,18.0,integral,2026-04-03
22193,18.0,integral,2026-04-04
22194,18.0,integral,2026-04-05
22195,18.0,integral,2026-04-07
22196,18.0,integral,2026-04-08
22197,7.0,penjumlahan,2026-01-01
22198,7.0,penjumlahan,2026-01-02
22199,7.0,penjumlahan,2026-01-05
22200,7.0,penjumlahan,2026-01-07
22201,7.0,penjumlahan,2026-01-09
22202,7.0,penjumlahan,2026-01-12
22203,7.0,penjumlahan,2026-01-14
22204,7.0,pengurangan,2026-01-17
22205,7.0,pengurangan,2026-01-18
22206,7.0,pengurangan,2026-01-21
22207,7.0,pengurangan,2026-01-22
22208,7.0,pengurangan,2026-01-23
22209,7.0,pengurangan,2026-01-25
22210,7.0,perkalian,2026-01-27
22211,7.0,perkalian,2026-01-28
22212,7.0,perkalian,2026-01-30
22213,7.0,perkalian,2026-02-02
22214,7.0,perkalian,2026-02-03
22215,7.0,perkalian,2026-02-04
22216,7.0,perkalian,2026-02-05
22217,7.0,pembagian,2026-02-08
22218,7.0,pembagian,2026-02-11
22219,7.0,pembagian,2026-02-14
22220,7.0,pembagian,2026-02-15
22221,7.0,pembagian,2026-02-17
22222,7.0,fungsi,2026-02-19
22223,7.0,fungsi,2026-02-21
22224,7.0,fungsi,2026-02-24
22225,7.0,fungsi,2026-02-25
22226,7.0,fungsi,2026-02-27
22227,7.0,fungsi,2026-03-02
22228,7.0,fungsi,2026-03-05
22229,7.0,fungsi,2026-03-07
22230,7.0,fungsi,2026-03-09
22231,7.0,limit,2026-03-10
22232,7.0,limit,2026-03-13
22233,7.0,limit,2026-03-14
22234,7.0,limit,2026-03-15
22235,7.0,limit,2026-03-18
22236,7.0,limit,2026-03-21
22237,7.0,turunan,2026-03-23
22238,7.0,turunan,2026-03-25
22239,7.0,turunan,2026-03-27
22240,7.0,turunan,2026-03-30
22241,7.0,turunan,2026-03-31
22242,7.0,turunan,2026-04-01
22243,7.0,turunan,2026-04-04
22244,16.0,penjumlahan,2026-01-01
22245,16.0,penjumlahan,2026-01-03
22246,16.0,penjumlahan,2026-01-05
22247,16.0,penjumlahan,2026-01-08
22248,16.0,penjumlahan,2026-01-10
22249,16.0,pengurangan,2026-01-13
22250,16.0,pengurangan,2026-01-15
22251,16.0,pengurangan,2026-01-16
22252,16.0,pengurangan,2026-01-18
22253,16.0,pengurangan,2026-01-19
22254,16.0,pengurangan,2026-01-21
22255,16.0,pengurangan,2026-01-22
22256,16.0,pengurangan,2026-01-25
22257,16.0,pengurangan,2026-01-27
22258,16.0,pecahan,2026-01-29
22259,16.0,pecahan,2026-01-30
22260,16.0,pecahan,2026-01-31
22261,16.0,pecahan,2026-02-02
22262,16.0,pecahan,2026-02-04
22263,16.0,pecahan,2026-02-07
22264,16.0,pecahan,2026-02-10
22265,16.0,pecahan,2026-02-11
22266,16.0,pecahan,2026-02-14
22267,16.0,persamaan_linear,2026-02-15
22268,16.0,persamaan_linear,2026-02-17
22269,16.0,persamaan_linear,2026-02-18
22270,16.0,persamaan_linear,2026-02-19
22271,16.0,persamaan_linear,2026-02-20
22272,16.0,persamaan_linear,2026-02-23
22273,16.0,persamaan_linear,2026-02-26
22274,16.0,persamaan_linear,2026-02-27
22275,16.0,persamaan_linear,2026-03-01
22276,16.0,fungsi,2026-03-02
22277,16.0,fungsi,2026-03-03
22278,16.0,fungsi,2026-03-05
22279,16.0,fungsi,2026-03-06
22280,16.0,fungsi,2026-03-09
22281,16.0,limit,2026-03-10
22282,16.0,limit,2026-03-13
22283,16.0,limit,2026-03-15
22284,16.0,limit,2026-03-17
22285,16.0,limit,2026-03-19
22286,16.0,limit,2026-03-22
22287,16.0,limit,2026-03-23
22288,16.0,limit,2026-03-25
22289,16.0,limit,2026-03-26
22290,16.0,turunan,2026-03-28
22291,16.0,turunan,2026-03-31
22292,16.0,turunan,2026-04-02
22293,16.0,turunan,2026-04-03
22294,16.0,turunan,2026-04-04
22295,16.0,turunan,2026-04-06
22296,16.0,turunan,2026-04-09
22297,16.0,turunan,2026-04-10
22298,16.0,integral,2026-04-11
22299,16.0,integral,2026-04-13
22300,16.0,integral,2026-04-14
22301,16.0,integral,2026-04-15
22302,16.0,integral,2026-04-18
22303,19.0,penjumlahan,2026-01-01
22304,19.0,penjumlahan,2026-01-02
22305,19.0,penjumlahan,2026-01-05
22306,19.0,penjumlahan,2026-01-08
22307,19.0,penjumlahan,2026-01-10
22308,19.0,penjumlahan,2026-01-11
22309,19.0,penjumlahan,2026-01-13
22310,19.0,penjumlahan,2026-01-16
22311,19.0,pengurangan,2026-01-19
22312,19.0,pengurangan,2026-01-20
22313,19.0,pengurangan,2026-01-23
22314,19.0,pengurangan,2026-01-26
22315,19.0,pengurangan,2026-01-29
22316,19.0,pengurangan,2026-01-30
22317,19.0,pecahan,2026-02-02
22318,19.0,pecahan,2026-02-04
22319,19.0,pecahan,2026-02-07
22320,19.0,pecahan,2026-02-09
22321,19.0,pecahan,2026-02-10
22322,19.0,pecahan,2026-02-12
22323,19.0,desimal,2026-02-13
22324,19.0,desimal,2026-02-14
22325,19.0,desimal,2026-02-17
22326,19.0,desimal,2026-02-18
22327,19.0,desimal,2026-02-21
22328,19.0,desimal,2026-02-24
22329,19.0,desimal,2026-02-25
22330,19.0,aljabar,2026-02-26
22331,19.0,aljabar,2026-02-27
22332,19.0,aljabar,2026-02-28
22333,19.0,aljabar,2026-03-01
22334,19.0,aljabar,2026-03-02
22335,19.0,aljabar,2026-03-04
22336,19.0,persamaan_linear,2026-03-06
22337,19.0,persamaan_linear,2026-03-07
22338,19.0,persamaan_linear,2026-03-09
22339,19.0,persamaan_linear,2026-03-10
22340,19.0,persamaan_linear,2026-03-11
22341,19.0,fungsi,2026-03-12
22342,19.0,fungsi,2026-03-13
22343,19.0,fungsi,2026-03-16
22344,19.0,fungsi,2026-03-17
22345,19.0,fungsi,2026-03-19
22346,19.0,limit,2026-03-21
22347,19.0,limit,2026-03-22
22348,19.0,limit,2026-03-24
22349,19.0,limit,2026-03-27
22350,19.0,limit,2026-03-29
22351,19.0,limit,2026-03-30
22352,19.0,limit,2026-04-02
22353,19.0,limit,2026-04-03
22354,19.0,turunan,2026-04-06
22355,19.0,turunan,2026-04-08
22356,19.0,turunan,2026-04-11
22357,19.0,turunan,2026-04-12
22358,19.0,turunan,2026-04-13
22359,19.0,integral,2026-04-14
22360,19.0,integral,2026-04-16
22361,19.0,integral,2026-04-18
22362,19.0,integral,2026-04-19
22363,19.0,integral,2026-04-22
22364,4.0,penjumlahan,2026-01-01
22365,4.0,penjumlahan,2026-01-04
22366,4.0,penjumlahan,2026-01-06
22367,4.0,penjumlahan,2026-01-07
22368,4.0,penjumlahan,2026-01-09
22369,4.0,penjumlahan,2026-01-11
22370,4.0,penjumlahan,2026-01-12
22371,4.0,pengurangan,2026-01-15
22372,4.0,pengurangan,2026-01-17
22373,4.0,pengurangan,2026-01-19
22374,4.0,pengurangan,2026-01-22
22375,4.0,pengurangan,2026-01-24
22376,4.0,pengurangan,2026-01-27
22377,4.0,pengurangan,2026-01-30
22378,4.0,pengurangan,2026-02-01
22379,4.0,pengurangan,2026-02-03
22380,4.0,pembagian,2026-02-06
22381,4.0,pembagian,2026-02-08
22382,4.0,pembagian,2026-02-10
22383,4.0,pembagian,2026-02-13
22384,4.0,pembagian,2026-02-16
22385,4.0,pembagian,2026-02-17
22386,4.0,pembagian,2026-02-18
22387,4.0,aljabar,2026-02-21
22388,4.0,aljabar,2026-02-24
22389,4.0,aljabar,2026-02-26
22390,4.0,aljabar,2026-02-28
22391,4.0,aljabar,2026-03-02
22392,4.0,aljabar,2026-03-04
22393,4.0,aljabar,2026-03-07
22394,4.0,aljabar,2026-03-10
22395,4.0,persamaan_linear,2026-03-12
22396,4.0,persamaan_linear,2026-03-14
22397,4.0,persamaan_linear,2026-03-17
22398,4.0,persamaan_linear,2026-03-20
22399,4.0,persamaan_linear,2026-03-22
22400,4.0,persamaan_linear,2026-03-25
22401,4.0,fungsi,2026-03-26
22402,4.0,fungsi,2026-03-27
22403,4.0,fungsi,2026-03-28
22404,4.0,fungsi,2026-03-31
22405,4.0,fungsi,2026-04-01
22406,4.0,fungsi,2026-04-03
22407,4.0,fungsi,2026-04-06
22408,4.0,fungsi,2026-04-07
22409,4.0,fungsi,2026-04-10
22410,4.0,limit,2026-04-11
22411,4.0,limit,2026-04-13
22412,4.0,limit,2026-04-15
22413,4.0,limit,2026-04-16
22414,4.0,limit,2026-04-18
22415,4.0,limit,2026-04-21
22416,4.0,limit,2026-04-22
22417,4.0,limit,2026-04-24
22418,4.0,limit,2026-04-26
22419,10.0,penjumlahan,2026-01-01
22420,10.0,penjumlahan,2026-01-04
22421,10.0,penjumlahan,2026-01-07
22422,10.0,penjumlahan,2026-01-08
22423,10.0,penjumlahan,2026-01-11
22424,10.0,penjumlahan,2026-01-14
22425,10.0,penjumlahan,2026-01-17
22426,10.0,pengurangan,2026-01-18
22427,10.0,pengurangan,2026-01-20
22428,10.0,pengurangan,2026-01-21
22429,10.0,pengurangan,2026-01-24
22430,10.0,pengurangan,2026-01-27
22431,10.0,pengurangan,2026-01-30
22432,10.0,pengurangan,2026-02-02
22433,10.0,pengurangan,2026-02-05
22434,10.0,pengurangan,2026-02-07
22435,10.0,desimal,2026-02-09
22436,10.0,desimal,2026-02-10
22437,10.0,desimal,2026-02-13
22438,10.0,desimal,2026-02-15
22439,10.0,desimal,2026-02-18
22440,10.0,desimal,2026-02-19
22441,10.0,desimal,2026-02-20
22442,10.0,persamaan_linear,2026-02-22
22443,10.0,persamaan_linear,2026-02-24
22444,10.0,persamaan_linear,2026-02-25
22445,10.0,persamaan_linear,2026-02-27
22446,10.0,persamaan_linear,2026-03-01
22447,10.0,persamaan_linear,2026-03-02
22448,10.0,persamaan_linear,2026-03-05
22449,10.0,persamaan_linear,2026-03-07
22450,10.0,persamaan_linear,2026-03-09
22451,10.0,fungsi,2026-03-11
22452,10.0,fungsi,2026-03-12
22453,10.0,fungsi,2026-03-15
22454,10.0,fungsi,2026-03-16
22455,10.0,fungsi,2026-03-19
22456,10.0,fungsi,2026-03-21
22457,10.0,turunan,2026-03-22
22458,10.0,turunan,2026-03-23
22459,10.0,turunan,2026-03-24
22460,10.0,turunan,2026-03-27
22461,10.0,turunan,2026-03-29
22462,10.0,turunan,2026-03-31
22463,10.0,turunan,2026-04-02
22464,10.0,turunan,2026-04-05
22465,10.0,turunan,2026-04-06
22466,10.0,integral,2026-04-08
22467,10.0,integral,2026-04-10
22468,10.0,integral,2026-04-13
22469,10.0,integral,2026-04-14
22470,10.0,integral,2026-04-15
22471,10.0,integral,2026-04-17
22472,10.0,integral,2026-04-20
22473,10.0,integral,2026-04-21
22474,10.0,integral,2026-04-23
22475,12.0,penjumlahan,2026-01-01
22476,12.0,penjumlahan,2026-01-02
22477,12.0,penjumlahan,2026-01-03
22478,12.0,penjumlahan,2026-01-04
22479,12.0,penjumlahan,2026-01-05
22480,12.0,penjumlahan,2026-01-06
22481,12.0,penjumlahan,2026-01-08
22482,12.0,pengurangan,2026-01-09
22483,12.0,pengurangan,2026-01-11
22484,12.0,pengurangan,2026-01-13
22485,12.0,pengurangan,2026-01-14
22486,12.0,pengurangan,2026-01-16
22487,12.0,pengurangan,2026-01-18
22488,12.0,pengurangan,2026-01-21
22489,12.0,pengurangan,2026-01-24
22490,12.0,pengurangan,2026-01-25
22491,12.0,pecahan,2026-01-28
22492,12.0,pecahan,2026-01-30
22493,12.0,pecahan,2026-02-01
22494,12.0,pecahan,2026-02-04
22495,12.0,pecahan,2026-02-07
22496,12.0,pecahan,2026-02-09
22497,12.0,pecahan,2026-02-11
22498,12.0,desimal,2026-02-13
22499,12.0,desimal,2026-02-16
22500,12.0,desimal,2026-02-19
22501,12.0,desimal,2026-02-22
22502,12.0,desimal,2026-02-25
22503,12.0,desimal,2026-02-28
22504,12.0,desimal,2026-03-02
22505,12.0,aljabar,2026-03-05
22506,12.0,aljabar,2026-03-06
22507,12.0,aljabar,2026-03-07
22508,12.0,aljabar,2026-03-09
22509,12.0,aljabar,2026-03-11
22510,12.0,fungsi,2026-03-13
22511,12.0,fungsi,2026-03-14
22512,12.0,fungsi,2026-03-15
22513,12.0,fungsi,2026-03-18
22514,12.0,fungsi,2026-03-20
22515,12.0,fungsi,2026-03-21
22516,12.0,fungsi,2026-03-24
22517,12.0,fungsi,2026-03-26
22518,12.0,fungsi,2026-03-27
22519,12.0,turunan,2026-03-28
22520,12.0,turunan,2026-03-30
22521,12.0,turunan,2026-04-02
22522,12.0,turunan,2026-04-04
22523,12.0,turunan,2026-04-05
22524,12.0,turunan,2026-04-08
22525,12.0,turunan,2026-04-11
22526,10.0,penjumlahan,2026-01-01
22527,10.0,penjumlahan,2026-01-04
22528,10.0,penjumlahan,2026-01-07
22529,10.0,penjumlahan,2026-01-09
22530,10.0,penjumlahan,2026-01-11
22531,10.0,penjumlahan,2026-01-14
22532,10.0,penjumlahan,2026-01-17
22533,10.0,penjumlahan,2026-01-20
22534,10.0,penjumlahan,2026-01-21
22535,10.0,pengurangan,2026-01-24
22536,10.0,pengurangan,2026-01-26
22537,10.0,pengurangan,2026-01-27
22538,10.0,pengurangan,2026-01-29
22539,10.0,pengurangan,2026-01-30
22540,10.0,pengurangan,2026-02-01
22541,10.0,pengurangan,2026-02-04
22542,10.0,pembagian,2026-02-06
22543,10.0,pembagian,2026-02-07
22544,10.0,pembagian,2026-02-10
22545,10.0,pembagian,2026-02-12
22546,10.0,pembagian,2026-02-15
22547,10.0,pembagian,2026-02-17
22548,10.0,pembagian,2026-02-19
22549,10.0,pembagian,2026-02-22
22550,10.0,pembagian,2026-02-25
22551,10.0,pecahan,2026-02-26
22552,10.0,pecahan,2026-03-01
22553,10.0,pecahan,2026-03-04
22554,10.0,pecahan,2026-03-07
22555,10.0,pecahan,2026-03-08
22556,10.0,pecahan,2026-03-10
22557,10.0,desimal,2026-03-12
22558,10.0,desimal,2026-03-14
22559,10.0,desimal,2026-03-16
22560,10.0,desimal,2026-03-18
22561,10.0,desimal,2026-03-21
22562,10.0,desimal,2026-03-22
22563,10.0,desimal,2026-03-23
22564,10.0,desimal,2026-03-24
22565,10.0,aljabar,2026-03-25
22566,10.0,aljabar,2026-03-27
22567,10.0,aljabar,2026-03-30
22568,10.0,aljabar,2026-03-31
22569,10.0,aljabar,2026-04-01
22570,10.0,aljabar,2026-04-02
22571,10.0,aljabar,2026-04-05
22572,10.0,aljabar,2026-04-08
22573,10.0,persamaan_linear,2026-04-09
22574,10.0,persamaan_linear,2026-04-10
22575,10.0,persamaan_linear,2026-04-11
22576,10.0,persamaan_linear,2026-04-14
22577,10.0,persamaan_linear,2026-04-15
22578,10.0,fungsi,2026-04-18
22579,10.0,fungsi,2026-04-21
22580,10.0,fungsi,2026-04-23
22581,10.0,fungsi,2026-04-26
22582,10.0,fungsi,2026-04-28
22583,10.0,fungsi,2026-04-29
22584,10.0,fungsi,2026-05-01
22585,10.0,fungsi,2026-05-03
22586,10.0,limit,2026-05-05
22587,10.0,limit,2026-05-06
22588,10.0,limit,2026-05-08
22589,10.0,limit,2026-05-10
22590,10.0,limit,2026-05-12
22591,10.0,limit,2026-05-13
22592,10.0,limit,2026-05-14
22593,10.0,turunan,2026-05-16
22594,10.0,turunan,2026-05-19
22595,10.0,turunan,2026-05-21
22596,10.0,turunan,2026-05-23
22597,10.0,turunan,2026-05-26
22598,10.0,turunan,2026-05-28
22599,10.0,turunan,2026-05-29
22600,10.0,turunan,2026-05-30
22601,10.0,integral,2026-06-02
22602,10.0,integral,2026-06-05
22603,10.0,integral,2026-06-08
22604,10.0,integral,2026-06-09
22605,10.0,integral,2026-06-11
22606,10.0,integral,2026-06-14
22607,18.0,penjumlahan,2026-01-01
22608,18.0,penjumlahan,2026-01-03
22609,18.0,penjumlahan,2026-01-04
22610,18.0,penjumlahan,2026-01-06
22611,18.0,penjumlahan,2026-01-07
22612,18.0,penjumlahan,2026-01-08
22613,18.0,penjumlahan,2026-01-11
22614,18.0,penjumlahan,2026-01-12
22615,18.0,pengurangan,2026-01-13
22616,18.0,pengurangan,2026-01-14
22617,18.0,pengurangan,2026-01-17
22618,18.0,pengurangan,2026-01-19
22619,18.0,pengurangan,2026-01-20
22620,18.0,pengurangan,2026-01-21
22621,18.0,pengurangan,2026-01-24
22622,18.0,pengurangan,2026-01-26
22623,18.0,pengurangan,2026-01-28
22624,18.0,perkalian,2026-01-29
22625,18.0,perkalian,2026-01-30
22626,18.0,perkalian,2026-02-02
22627,18.0,perkalian,2026-02-05
22628,18.0,perkalian,2026-02-06
22629,18.0,pecahan,2026-02-09
22630,18.0,pecahan,2026-02-12
22631,18.0,pecahan,2026-02-14
22632,18.0,pecahan,2026-02-16
22633,18.0,pecahan,2026-02-17
22634,18.0,pecahan,2026-02-20
22635,18.0,pecahan,2026-02-21
22636,18.0,persamaan_linear,2026-02-24
22637,18.0,persamaan_linear,2026-02-27
22638,18.0,persamaan_linear,2026-02-28
22639,18.0,persamaan_linear,2026-03-01
22640,18.0,persamaan_linear,2026-03-03
22641,18.0,persamaan_linear,2026-03-06
22642,18.0,persamaan_linear,2026-03-08
22643,18.0,turunan,2026-03-09
22644,18.0,turunan,2026-03-12
22645,18.0,turunan,2026-03-15
22646,18.0,turunan,2026-03-17
22647,18.0,turunan,2026-03-19
22648,18.0,turunan,2026-03-21
22649,18.0,turunan,2026-03-22
22650,18.0,integral,2026-03-24
22651,18.0,integral,2026-03-25
22652,18.0,integral,2026-03-27
22653,18.0,integral,2026-03-30
22654,18.0,integral,2026-04-02
22655,9.0,penjumlahan,2026-01-01
22656,9.0,penjumlahan,2026-01-02
22657,9.0,penjumlahan,2026-01-04
22658,9.0,penjumlahan,2026-01-07
22659,9.0,penjumlahan,2026-01-10
22660,9.0,penjumlahan,2026-01-12
22661,9.0,penjumlahan,2026-01-13
22662,9.0,pengurangan,2026-01-14
22663,9.0,pengurangan,2026-01-15
22664,9.0,pengurangan,2026-01-17
22665,9.0,pengurangan,2026-01-19
22666,9.0,pengurangan,2026-01-21
22667,9.0,pengurangan,2026-01-23
22668,9.0,pengurangan,2026-01-25
22669,9.0,pengurangan,2026-01-28
22670,9.0,pengurangan,2026-01-29
22671,9.0,perkalian,2026-01-30
22672,9.0,perkalian,2026-01-31
22673,9.0,perkalian,2026-02-01
22674,9.0,perkalian,2026-02-04
22675,9.0,perkalian,2026-02-07
22676,9.0,perkalian,2026-02-09
22677,9.0,perkalian,2026-02-11
22678,9.0,desimal,2026-02-12
22679,9.0,desimal,2026-02-14
22680,9.0,desimal,2026-02-17
22681,9.0,desimal,2026-02-18
22682,9.0,desimal,2026-02-20
22683,9.0,desimal,2026-02-22
22684,9.0,desimal,2026-02-25
22685,9.0,aljabar,2026-02-27
22686,9.0,aljabar,2026-02-28
22687,9.0,aljabar,2026-03-01
22688,9.0,aljabar,2026-03-03
22689,9.0,aljabar,2026-03-05
22690,9.0,persamaan_linear,2026-03-06
22691,9.0,persamaan_linear,2026-03-08
22692,9.0,persamaan_linear,2026-03-09
22693,9.0,persamaan_linear,2026-03-11
22694,9.0,persamaan_linear,2026-03-12
22695,9.0,persamaan_linear,2026-03-15
22696,9.0,persamaan_linear,2026-03-18
22697,9.0,persamaan_linear,2026-03-21
22698,9.0,limit,2026-03-24
22699,9.0,limit,2026-03-27
22700,9.0,limit,2026-03-29
22701,9.0,limit,2026-03-30
22702,9.0,limit,2026-03-31
22703,9.0,limit,2026-04-03
22704,9.0,limit,2026-04-04
22705,9.0,limit,2026-04-06
22706,9.0,turunan,2026-04-08
22707,9.0,turunan,2026-04-11
22708,9.0,turunan,2026-04-12
22709,9.0,turunan,2026-04-14
22710,9.0,turunan,2026-04-17
22711,9.0,turunan,2026-04-18
22712,9.0,turunan,2026-04-20
22713,9.0,turunan,2026-04-23
22714,9.0,turunan,2026-04-24
22715,2.0,penjumlahan,2026-01-01
22716,2.0,penjumlahan,2026-01-02
22717,2.0,penjumlahan,2026-01-03
22718,2.0,penjumlahan,2026-01-06
22719,2.0,penjumlahan,2026-01-07
22720,2.0,penjumlahan,2026-01-10
22721,2.0,pengurangan,2026-01-12
22722,2.0,pengurangan,2026-01-14
22723,2.0,pengurangan,2026-01-16
22724,2.0,pengurangan,2026-01-18
22725,2.0,pengurangan,2026-01-19
22726,2.0,pengurangan,2026-01-21
22727,2.0,perkalian,2026-01-23
22728,2.0,perkalian,2026-01-25
22729,2.0,perkalian,2026-01-28
22730,2.0,perkalian,2026-01-31
22731,2.0,perkalian,2026-02-02
22732,2.0,perkalian,2026-02-04
22733,2.0,perkalian,2026-02-05
22734,2.0,perkalian,2026-02-06
22735,2.0,pembagian,2026-02-08
22736,2.0,pembagian,2026-02-10
22737,2.0,pembagian,2026-02-13
22738,2.0,pembagian,2026-02-16
22739,2.0,pembagian,2026-02-19
22740,2.0,pembagian,2026-02-20
22741,2.0,pembagian,2026-02-23
22742,2.0,pembagian,2026-02-26
22743,2.0,pecahan,2026-02-27
22744,2.0,pecahan,2026-02-28
22745,2.0,pecahan,2026-03-03
22746,2.0,pecahan,2026-03-06
22747,2.0,pecahan,2026-03-07
22748,2.0,pecahan,2026-03-08
22749,2.0,aljabar,2026-03-09
22750,2.0,aljabar,2026-03-12
22751,2.0,aljabar,2026-03-14
22752,2.0,aljabar,2026-03-15
22753,2.0,aljabar,2026-03-18
22754,2.0,persamaan_linear,2026-03-19
22755,2.0,persamaan_linear,2026-03-20
22756,2.0,persamaan_linear,2026-03-22
22757,2.0,persamaan_linear,2026-03-23
22758,2.0,persamaan_linear,2026-03-26
22759,2.0,persamaan_linear,2026-03-29
22760,2.0,persamaan_linear,2026-03-31
22761,2.0,persamaan_linear,2026-04-01
22762,2.0,fungsi,2026-04-03
22763,2.0,fungsi,2026-04-04
22764,2.0,fungsi,2026-04-06
22765,2.0,fungsi,2026-04-08
22766,2.0,fungsi,2026-04-09
22767,2.0,fungsi,2026-04-12
22768,2.0,limit,2026-04-13
22769,2.0,limit,2026-04-15
22770,2.0,limit,2026-04-16
22771,2.0,limit,2026-04-17
22772,2.0,limit,2026-04-19
22773,2.0,limit,2026-04-22
22774,2.0,limit,2026-04-25
22775,2.0,limit,2026-04-28
22776,2.0,limit,2026-05-01
22777,2.0,turunan,2026-05-02
22778,2.0,turunan,2026-05-03
22779,2.0,turunan,2026-05-04
22780,2.0,turunan,2026-05-07
22781,2.0,turunan,2026-05-09
22782,2.0,turunan,2026-05-11
22783,2.0,turunan,2026-05-12
22784,2.0,integral,2026-05-15
22785,2.0,integral,2026-05-18
22786,2.0,integral,2026-05-21
22787,2.0,integral,2026-05-22
22788,2.0,integral,2026-05-23
22789,2.0,integral,2026-05-25
22790,2.0,integral,2026-05-27
22791,5.0,penjumlahan,2026-01-01
22792,5.0,penjumlahan,2026-01-03
22793,5.0,penjumlahan,2026-01-06
22794,5.0,penjumlahan,2026-01-08
22795,5.0,penjumlahan,2026-01-11
22796,5.0,penjumlahan,2026-01-12
22797,5.0,penjumlahan,2026-01-15
22798,5.0,pengurangan,2026-01-18
22799,5.0,pengurangan,2026-01-20
22800,5.0,pengurangan,2026-01-22
22801,5.0,pengurangan,2026-01-24
22802,5.0,pengurangan,2026-01-25
22803,5.0,pengurangan,2026-01-28
22804,5.0,pengurangan,2026-01-29
22805,5.0,pengurangan,2026-02-01
22806,5.0,perkalian,2026-02-04
22807,5.0,perkalian,2026-02-05
22808,5.0,perkalian,2026-02-07
22809,5.0,perkalian,2026-02-08
22810,5.0,perkalian,2026-02-11
22811,5.0,perkalian,2026-02-14
22812,5.0,perkalian,2026-02-17
22813,5.0,perkalian,2026-02-20
22814,5.0,desimal,2026-02-23
22815,5.0,desimal,2026-02-26
22816,5.0,desimal,2026-02-28
22817,5.0,desimal,2026-03-02
22818,5.0,desimal,2026-03-03
22819,5.0,aljabar,2026-03-05
22820,5.0,aljabar,2026-03-08
22821,5.0,aljabar,2026-03-10
22822,5.0,aljabar,2026-03-13
22823,5.0,aljabar,2026-03-15
22824,5.0,aljabar,2026-03-17
22825,5.0,aljabar,2026-03-18
22826,5.0,aljabar,2026-03-20
22827,5.0,fungsi,2026-03-21
22828,5.0,fungsi,2026-03-24
22829,5.0,fungsi,2026-03-25
22830,5.0,fungsi,2026-03-28
22831,5.0,fungsi,2026-03-29
22832,5.0,fungsi,2026-03-30
22833,5.0,fungsi,2026-03-31
22834,5.0,fungsi,2026-04-01
22835,5.0,fungsi,2026-04-02
22836,5.0,limit,2026-04-03
22837,5.0,limit,2026-04-06
22838,5.0,limit,2026-04-07
22839,5.0,limit,2026-04-10
22840,5.0,limit,2026-04-11
22841,5.0,limit,2026-04-12
22842,5.0,limit,2026-04-13
22843,5.0,limit,2026-04-14
22844,5.0,limit,2026-04-17
22845,5.0,turunan,2026-04-18
22846,5.0,turunan,2026-04-20
22847,5.0,turunan,2026-04-21
22848,5.0,turunan,2026-04-24
22849,5.0,turunan,2026-04-25
22850,5.0,turunan,2026-04-28
22851,5.0,integral,2026-04-29
22852,5.0,integral,2026-05-02
22853,5.0,integral,2026-05-04
22854,5.0,integral,2026-05-07
22855,5.0,integral,2026-05-08
22856,5.0,integral,2026-05-11
22857,4.0,penjumlahan,2026-01-01
22858,4.0,penjumlahan,2026-01-03
22859,4.0,penjumlahan,2026-01-06
22860,4.0,penjumlahan,2026-01-07
22861,4.0,penjumlahan,2026-01-10
22862,4.0,penjumlahan,2026-01-13
22863,4.0,penjumlahan,2026-01-16
22864,4.0,penjumlahan,2026-01-17
22865,4.0,penjumlahan,2026-01-19
22866,4.0,pengurangan,2026-01-20
22867,4.0,pengurangan,2026-01-23
22868,4.0,pengurangan,2026-01-25
22869,4.0,pengurangan,2026-01-27
22870,4.0,pengurangan,2026-01-29
22871,4.0,pengurangan,2026-02-01
22872,4.0,pengurangan,2026-02-02
22873,4.0,perkalian,2026-02-03
22874,4.0,perkalian,2026-02-04
22875,4.0,perkalian,2026-02-07
22876,4.0,perkalian,2026-02-09
22877,4.0,perkalian,2026-02-12
22878,4.0,pembagian,2026-02-14
22879,4.0,pembagian,2026-02-17
22880,4.0,pembagian,2026-02-19
22881,4.0,pembagian,2026-02-22
22882,4.0,pembagian,2026-02-23
22883,4.0,pembagian,2026-02-26
22884,4.0,pembagian,2026-03-01
22885,4.0,pecahan,2026-03-03
22886,4.0,pecahan,2026-03-04
22887,4.0,pecahan,2026-03-05
22888,4.0,pecahan,2026-03-07
22889,4.0,pecahan,2026-03-10
22890,4.0,pecahan,2026-03-11
22891,4.0,pecahan,2026-03-12
22892,4.0,pecahan,2026-03-15
22893,4.0,pecahan,2026-03-16
22894,4.0,persamaan_linear,2026-03-19
22895,4.0,persamaan_linear,2026-03-20
22896,4.0,persamaan_linear,2026-03-21
22897,4.0,persamaan_linear,2026-03-24
22898,4.0,persamaan_linear,2026-03-25
22899,4.0,fungsi,2026-03-28
22900,4.0,fungsi,2026-03-31
22901,4.0,fungsi,2026-04-02
22902,4.0,fungsi,2026-04-03
22903,4.0,fungsi,2026-04-04
22904,4.0,limit,2026-04-07
22905,4.0,limit,2026-04-09
22906,4.0,limit,2026-04-11
22907,4.0,limit,2026-04-12
22908,4.0,limit,2026-04-13
22909,4.0,limit,2026-04-14
22910,4.0,limit,2026-04-15
22911,4.0,turunan,2026-04-17
22912,4.0,turunan,2026-04-18
22913,4.0,turunan,2026-04-20
22914,4.0,turunan,2026-04-21
22915,4.0,turunan,2026-04-22
22916,4.0,turunan,2026-04-25
22917,4.0,turunan,2026-04-26
22918,4.0,turunan,2026-04-28
22919,4.0,turunan,2026-05-01
22920,4.0,integral,2026-05-04
22921,4.0,integral,2026-05-07
22922,4.0,integral,2026-05-10
22923,4.0,integral,2026-05-12
22924,4.0,integral,2026-05-14
22925,19.0,penjumlahan,2026-01-01
22926,19.0,penjumlahan,2026-01-03
22927,19.0,penjumlahan,2026-01-06
22928,19.0,penjumlahan,2026-01-09
22929,19.0,penjumlahan,2026-01-10
22930,19.0,pengurangan,2026-01-11
22931,19.0,pengurangan,2026-01-14
22932,19.0,pengurangan,2026-01-16
22933,19.0,pengurangan,2026-01-18
22934,19.0,pengurangan,2026-01-20
22935,19.0,pengurangan,2026-01-21
22936,19.0,pengurangan,2026-01-22
22937,19.0,pengurangan,2026-01-23
22938,19.0,perkalian,2026-01-25
22939,19.0,perkalian,2026-01-27
22940,19.0,perkalian,2026-01-28
22941,19.0,perkalian,2026-01-31
22942,19.0,perkalian,2026-02-02
22943,19.0,perkalian,2026-02-03
22944,19.0,perkalian,2026-02-06
22945,19.0,pembagian,2026-02-07
22946,19.0,pembagian,2026-02-09
22947,19.0,pembagian,2026-02-12
22948,19.0,pembagian,2026-02-15
22949,19.0,pembagian,2026-02-16
22950,19.0,pecahan,2026-02-18
22951,19.0,pecahan,2026-02-21
22952,19.0,pecahan,2026-02-24
22953,19.0,pecahan,2026-02-25
22954,19.0,pecahan,2026-02-27
22955,19.0,desimal,2026-03-02
22956,19.0,desimal,2026-03-04
22957,19.0,desimal,2026-03-06
22958,19.0,desimal,2026-03-07
22959,19.0,desimal,2026-03-10
22960,19.0,desimal,2026-03-13
22961,19.0,desimal,2026-03-14
22962,19.0,desimal,2026-03-15
22963,19.0,desimal,2026-03-16
22964,19.0,persamaan_linear,2026-03-18
22965,19.0,persamaan_linear,2026-03-19
22966,19.0,persamaan_linear,2026-03-20
22967,19.0,persamaan_linear,2026-03-23
22968,19.0,persamaan_linear,2026-03-26
22969,19.0,persamaan_linear,2026-03-27
22970,19.0,persamaan_linear,2026-03-30
22971,19.0,fungsi,2026-04-02
22972,19.0,fungsi,2026-04-05
22973,19.0,fungsi,2026-04-08
22974,19.0,fungsi,2026-04-09
22975,19.0,fungsi,2026-04-10
22976,19.0,turunan,2026-04-13
22977,19.0,turunan,2026-04-14
22978,19.0,turunan,2026-04-17
22979,19.0,turunan,2026-04-18
22980,19.0,turunan,2026-04-20
22981,19.0,turunan,2026-04-22
22982,19.0,turunan,2026-04-23
22983,16.0,penjumlahan,2026-01-01
22984,16.0,penjumlahan,2026-01-04
22985,16.0,penjumlahan,2026-01-05
22986,16.0,penjumlahan,2026-01-07
22987,16.0,penjumlahan,2026-01-08
22988,16.0,penjumlahan,2026-01-10
22989,16.0,penjumlahan,2026-01-12
22990,16.0,penjumlahan,2026-01-15
22991,16.0,penjumlahan,2026-01-18
22992,16.0,pengurangan,2026-01-20
22993,16.0,pengurangan,2026-01-21
22994,16.0,pengurangan,2026-01-23
22995,16.0,pengurangan,2026-01-26
22996,16.0,pengurangan,2026-01-28
22997,16.0,pengurangan,2026-01-30
22998,16.0,pengurangan,2026-01-31
22999,16.0,pengurangan,2026-02-01
23000,16.0,pengurangan,2026-02-03
23001,16.0,pembagian,2026-02-04
23002,16.0,pembagian,2026-02-07
23003,16.0,pembagian,2026-02-10
23004,16.0,pembagian,2026-02-13
23005,16.0,pembagian,2026-02-14
23006,16.0,pembagian,2026-02-17
23007,16.0,pecahan,2026-02-20
23008,16.0,pecahan,2026-02-23
23009,16.0,pecahan,2026-02-24
23010,16.0,pecahan,2026-02-27
23011,16.0,pecahan,2026-03-02
23012,16.0,pecahan,2026-03-04
23013,16.0,pecahan,2026-03-05
23014,16.0,desimal,2026-03-06
23015,16.0,desimal,2026-03-07
23016,16.0,desimal,2026-03-08
23017,16.0,desimal,2026-03-11
23018,16.0,desimal,2026-03-12
23019,16.0,desimal,2026-03-13
23020,16.0,desimal,2026-03-16
23021,16.0,desimal,2026-03-17
23022,16.0,desimal,2026-03-18
23023,16.0,aljabar,2026-03-20
23024,16.0,aljabar,2026-03-21
23025,16.0,aljabar,2026-03-24
23026,16.0,aljabar,2026-03-26
23027,16.0,aljabar,2026-03-27
23028,16.0,aljabar,2026-03-30
23029,16.0,persamaan_linear,2026-04-01
23030,16.0,persamaan_linear,2026-04-03
23031,16.0,persamaan_linear,2026-04-06
23032,16.0,persamaan_linear,2026-04-07
23033,16.0,persamaan_linear,2026-04-08
23034,16.0,fungsi,2026-04-11
23035,16.0,fungsi,2026-04-13
23036,16.0,fungsi,2026-04-14
23037,16.0,fungsi,2026-04-16
23038,16.0,fungsi,2026-04-18
23039,16.0,fungsi,2026-04-20
23040,16.0,fungsi,2026-04-22
23041,16.0,fungsi,2026-04-25
23042,16.0,limit,2026-04-26
23043,16.0,limit,2026-04-27
23044,16.0,limit,2026-04-28
23045,16.0,limit,2026-04-30
23046,16.0,limit,2026-05-02
23047,16.0,limit,2026-05-03
23048,16.0,limit,2026-05-05
23049,16.0,limit,2026-05-06
23050,16.0,integral,2026-05-08
23051,16.0,integral,2026-05-10
23052,16.0,integral,2026-05-11
23053,16.0,integral,2026-05-13
23054,16.0,integral,2026-05-15
23055,16.0,integral,2026-05-18
23056,16.0,integral,2026-05-19
23057,15.0,penjumlahan,2026-01-01
23058,15.0,penjumlahan,2026-01-04
23059,15.0,penjumlahan,2026-01-05
23060,15.0,penjumlahan,2026-01-06
23061,15.0,penjumlahan,2026-01-09
23062,15.0,pengurangan,2026-01-12
23063,15.0,pengurangan,2026-01-14
23064,15.0,pengurangan,2026-01-15
23065,15.0,pengurangan,2026-01-18
23066,15.0,pengurangan,2026-01-19
23067,15.0,pengurangan,2026-01-21
23068,15.0,pengurangan,2026-01-24
23069,15.0,pengurangan,2026-01-27
23070,15.0,perkalian,2026-01-28
23071,15.0,perkalian,2026-01-31
23072,15.0,perkalian,2026-02-01
23073,15.0,perkalian,2026-02-03
23074,15.0,perkalian,2026-02-06
23075,15.0,pembagian,2026-02-09
23076,15.0,pembagian,2026-02-10
23077,15.0,pembagian,2026-02-13
23078,15.0,pembagian,2026-02-15
23079,15.0,pembagian,2026-02-17
23080,15.0,pembagian,2026-02-19
23081,15.0,pembagian,2026-02-22
23082,15.0,pembagian,2026-02-24
23083,15.0,pecahan,2026-02-25
23084,15.0,pecahan,2026-02-27
23085,15.0,pecahan,2026-03-02
23086,15.0,pecahan,2026-03-03
23087,15.0,pecahan,2026-03-04
23088,15.0,desimal,2026-03-05
23089,15.0,desimal,2026-03-06
23090,15.0,desimal,2026-03-07
23091,15.0,desimal,2026-03-10
23092,15.0,desimal,2026-03-12
23093,15.0,desimal,2026-03-15
23094,15.0,desimal,2026-03-18
23095,15.0,desimal,2026-03-20
23096,15.0,desimal,2026-03-22
23097,15.0,aljabar,2026-03-23
23098,15.0,aljabar,2026-03-24
23099,15.0,aljabar,2026-03-25
23100,15.0,aljabar,2026-03-28
23101,15.0,aljabar,2026-03-29
23102,15.0,aljabar,2026-03-31
23103,15.0,aljabar,2026-04-01
23104,15.0,aljabar,2026-04-03
23105,15.0,aljabar,2026-04-05
23106,15.0,persamaan_linear,2026-04-07
23107,15.0,persamaan_linear,2026-04-08
23108,15.0,persamaan_linear,2026-04-11
23109,15.0,persamaan_linear,2026-04-14
23110,15.0,persamaan_linear,2026-04-17
23111,15.0,persamaan_linear,2026-04-20
23112,15.0,persamaan_linear,2026-04-21
23113,15.0,persamaan_linear,2026-04-22
23114,15.0,limit,2026-04-23
23115,15.0,limit,2026-04-24
23116,15.0,limit,2026-04-27
23117,15.0,limit,2026-04-30
23118,15.0,limit,2026-05-03
23119,15.0,limit,2026-05-06
23120,15.0,limit,2026-05-09
23121,15.0,turunan,2026-05-12
23122,15.0,turunan,2026-05-13
23123,15.0,turunan,2026-05-14
23124,15.0,turunan,2026-05-17
23125,15.0,turunan,2026-05-18
23126,15.0,turunan,2026-05-20
23127,15.0,turunan,2026-05-23
23128,15.0,integral,2026-05-26
23129,15.0,integral,2026-05-28
23130,15.0,integral,2026-05-31
23131,15.0,integral,2026-06-02
23132,15.0,integral,2026-06-03
23133,15.0,integral,2026-06-06
23134,15.0,integral,2026-06-09
23135,6.0,penjumlahan,2026-01-01
23136,6.0,penjumlahan,2026-01-02
23137,6.0,penjumlahan,2026-01-05
23138,6.0,penjumlahan,2026-01-08
23139,6.0,penjumlahan,2026-01-09
23140,6.0,penjumlahan,2026-01-10
23141,6.0,pengurangan,2026-01-11
23142,6.0,pengurangan,2026-01-12
23143,6.0,pengurangan,2026-01-13
23144,6.0,pengurangan,2026-01-16
23145,6.0,pengurangan,2026-01-19
23146,6.0,perkalian,2026-01-22
23147,6.0,perkalian,2026-01-25
23148,6.0,perkalian,2026-01-28
23149,6.0,perkalian,2026-01-29
23150,6.0,perkalian,2026-02-01
23151,6.0,pembagian,2026-02-04
23152,6.0,pembagian,2026-02-07
23153,6.0,pembagian,2026-02-10
23154,6.0,pembagian,2026-02-13
23155,6.0,pembagian,2026-02-14
23156,6.0,pembagian,2026-02-15
23157,6.0,pembagian,2026-02-17
23158,6.0,pembagian,2026-02-19
23159,6.0,pembagian,2026-02-21
23160,6.0,persamaan_linear,2026-02-22
23161,6.0,persamaan_linear,2026-02-25
23162,6.0,persamaan_linear,2026-02-27
23163,6.0,persamaan_linear,2026-03-01
23164,6.0,persamaan_linear,2026-03-03
23165,6.0,persamaan_linear,2026-03-04
23166,6.0,fungsi,2026-03-07
23167,6.0,fungsi,2026-03-10
23168,6.0,fungsi,2026-03-13
23169,6.0,fungsi,2026-03-14
23170,6.0,fungsi,2026-03-15
23171,6.0,fungsi,2026-03-17
23172,6.0,limit,2026-03-19
23173,6.0,limit,2026-03-22
23174,6.0,limit,2026-03-23
23175,6.0,limit,2026-03-25
23176,6.0,limit,2026-03-26
23177,6.0,integral,2026-03-29
23178,6.0,integral,2026-03-30
23179,6.0,integral,2026-04-01
23180,6.0,integral,2026-04-04
23181,6.0,integral,2026-04-06
23182,6.0,integral,2026-04-08
23183,6.0,integral,2026-04-11
23184,6.0,integral,2026-04-12
23185,9.0,penjumlahan,2026-01-01
23186,9.0,penjumlahan,2026-01-02
23187,9.0,penjumlahan,2026-01-05
23188,9.0,penjumlahan,2026-01-06
23189,9.0,penjumlahan,2026-01-08
23190,9.0,penjumlahan,2026-01-10
23191,9.0,penjumlahan,2026-01-13
23192,9.0,penjumlahan,2026-01-14
23193,9.0,pengurangan,2026-01-17
23194,9.0,pengurangan,2026-01-19
23195,9.0,pengurangan,2026-01-20
23196,9.0,pengurangan,2026-01-21
23197,9.0,pengurangan,2026-01-23
23198,9.0,pembagian,2026-01-26
23199,9.0,pembagian,2026-01-27
23200,9.0,pembagian,2026-01-29
23201,9.0,pembagian,2026-02-01
23202,9.0,pembagian,2026-02-02
23203,9.0,pembagian,2026-02-03
23204,9.0,pembagian,2026-02-04
23205,9.0,pembagian,2026-02-06
23206,9.0,pembagian,2026-02-08
23207,9.0,aljabar,2026-02-10
23208,9.0,aljabar,2026-02-11
23209,9.0,aljabar,2026-02-13
23210,9.0,aljabar,2026-02-16
23211,9.0,aljabar,2026-02-19
23212,9.0,aljabar,2026-02-21
23213,9.0,aljabar,2026-02-24
23214,9.0,aljabar,2026-02-27
23215,9.0,persamaan_linear,2026-03-02
23216,9.0,persamaan_linear,2026-03-04
23217,9.0,persamaan_linear,2026-03-07
23218,9.0,persamaan_linear,2026-03-08
23219,9.0,persamaan_linear,2026-03-09
23220,9.0,persamaan_linear,2026-03-11
23221,9.0,limit,2026-03-14
23222,9.0,limit,2026-03-15
23223,9.0,limit,2026-03-18
23224,9.0,limit,2026-03-19
23225,9.0,limit,2026-03-21
23226,9.0,limit,2026-03-22
23227,9.0,limit,2026-03-25
23228,4.0,penjumlahan,2026-01-01
23229,4.0,penjumlahan,2026-01-02
23230,4.0,penjumlahan,2026-01-03
23231,4.0,penjumlahan,2026-01-05
23232,4.0,penjumlahan,2026-01-06
23233,4.0,penjumlahan,2026-01-07
23234,4.0,penjumlahan,2026-01-08
23235,4.0,pengurangan,2026-01-10
23236,4.0,pengurangan,2026-01-11
23237,4.0,pengurangan,2026-01-14
23238,4.0,pengurangan,2026-01-16
23239,4.0,pengurangan,2026-01-18
23240,4.0,pengurangan,2026-01-20
23241,4.0,pengurangan,2026-01-22
23242,4.0,pengurangan,2026-01-23
23243,4.0,pembagian,2026-01-24
23244,4.0,pembagian,2026-01-25
23245,4.0,pembagian,2026-01-28
23246,4.0,pembagian,2026-01-31
23247,4.0,pembagian,2026-02-02
23248,4.0,pembagian,2026-02-04
23249,4.0,pecahan,2026-02-05
23250,4.0,pecahan,2026-02-06
23251,4.0,pecahan,2026-02-09
23252,4.0,pecahan,2026-02-11
23253,4.0,pecahan,2026-02-14
23254,4.0,pecahan,2026-02-15
23255,4.0,pecahan,2026-02-17
23256,4.0,pecahan,2026-02-18
23257,4.0,desimal,2026-02-19
23258,4.0,desimal,2026-02-22
23259,4.0,desimal,2026-02-25
23260,4.0,desimal,2026-02-27
23261,4.0,desimal,2026-03-02
23262,4.0,desimal,2026-03-03
23263,4.0,desimal,2026-03-06
23264,4.0,persamaan_linear,2026-03-07
23265,4.0,persamaan_linear,2026-03-08
23266,4.0,persamaan_linear,2026-03-10
23267,4.0,persamaan_linear,2026-03-13
23268,4.0,persamaan_linear,2026-03-14
23269,4.0,persamaan_linear,2026-03-17
23270,4.0,persamaan_linear,2026-03-18
23271,4.0,limit,2026-03-21
23272,4.0,limit,2026-03-22
23273,4.0,limit,2026-03-23
23274,4.0,limit,2026-03-26
23275,4.0,limit,2026-03-27
23276,4.0,turunan,2026-03-29
23277,4.0,turunan,2026-04-01
23278,4.0,turunan,2026-04-03
23279,4.0,turunan,2026-04-06
23280,4.0,turunan,2026-04-08
23281,4.0,turunan,2026-04-10
23282,13.0,penjumlahan,2026-01-01
23283,13.0,penjumlahan,2026-01-04
23284,13.0,penjumlahan,2026-01-06
23285,13.0,penjumlahan,2026-01-07
23286,13.0,penjumlahan,2026-01-10
23287,13.0,penjumlahan,2026-01-12
23288,13.0,penjumlahan,2026-01-14
23289,13.0,penjumlahan,2026-01-15
23290,13.0,penjumlahan,2026-01-16
23291,13.0,pengurangan,2026-01-19
23292,13.0,pengurangan,2026-01-20
23293,13.0,pengurangan,2026-01-23
23294,13.0,pengurangan,2026-01-25
23295,13.0,pengurangan,2026-01-27
23296,13.0,pengurangan,2026-01-29
23297,13.0,desimal,2026-02-01
23298,13.0,desimal,2026-02-04
23299,13.0,desimal,2026-02-07
23300,13.0,desimal,2026-02-10
23301,13.0,desimal,2026-02-12
23302,13.0,desimal,2026-02-15
23303,13.0,aljabar,2026-02-16
23304,13.0,aljabar,2026-02-18
23305,13.0,aljabar,2026-02-19
23306,13.0,aljabar,2026-02-20
23307,13.0,aljabar,2026-02-21
23308,13.0,aljabar,2026-02-22
23309,13.0,aljabar,2026-02-23
23310,13.0,persamaan_linear,2026-02-26
23311,13.0,persamaan_linear,2026-02-28
23312,13.0,persamaan_linear,2026-03-02
23313,13.0,persamaan_linear,2026-03-03
23314,13.0,persamaan_linear,2026-03-04
23315,13.0,persamaan_linear,2026-03-07
23316,13.0,persamaan_linear,2026-03-09
23317,13.0,persamaan_linear,2026-03-11
23318,13.0,fungsi,2026-03-14
23319,13.0,fungsi,2026-03-16
23320,13.0,fungsi,2026-03-17
23321,13.0,fungsi,2026-03-18
23322,13.0,fungsi,2026-03-21
23323,13.0,fungsi,2026-03-22
23324,13.0,fungsi,2026-03-23
23325,13.0,limit,2026-03-26
23326,13.0,limit,2026-03-27
23327,13.0,limit,2026-03-29
23328,13.0,limit,2026-03-31
23329,13.0,limit,2026-04-03
23330,13.0,limit,2026-04-04
23331,13.0,limit,2026-04-07
23332,13.0,limit,2026-04-09
23333,13.0,limit,2026-04-12
23334,13.0,turunan,2026-04-15
23335,13.0,turunan,2026-04-16
23336,13.0,turunan,2026-04-19
23337,13.0,turunan,2026-04-21
23338,13.0,turunan,2026-04-22
23339,13.0,turunan,2026-04-23
23340,13.0,turunan,2026-04-26
23341,3.0,penjumlahan,2026-01-01
23342,3.0,penjumlahan,2026-01-04
23343,3.0,penjumlahan,2026-01-05
23344,3.0,penjumlahan,2026-01-08
23345,3.0,penjumlahan,2026-01-11
23346,3.0,penjumlahan,2026-01-12
23347,3.0,penjumlahan,2026-01-15
23348,3.0,penjumlahan,2026-01-18
23349,3.0,pengurangan,2026-01-19
23350,3.0,pengurangan,2026-01-20
23351,3.0,pengurangan,2026-01-23
23352,3.0,pengurangan,2026-01-25
23353,3.0,pengurangan,2026-01-27
23354,3.0,perkalian,2026-01-30
23355,3.0,perkalian,2026-02-02
23356,3.0,perkalian,2026-02-04
23357,3.0,perkalian,2026-02-05
23358,3.0,perkalian,2026-02-07
23359,3.0,perkalian,2026-02-08
23360,3.0,perkalian,2026-02-11
23361,3.0,perkalian,2026-02-12
23362,3.0,pembagian,2026-02-13
23363,3.0,pembagian,2026-02-14
23364,3.0,pembagian,2026-02-17
23365,3.0,pembagian,2026-02-20
23366,3.0,pembagian,2026-02-21
23367,3.0,pembagian,2026-02-23
23368,3.0,pembagian,2026-02-25
23369,3.0,pembagian,2026-02-28
23370,3.0,pecahan,2026-03-01
23371,3.0,pecahan,2026-03-04
23372,3.0,pecahan,2026-03-05
23373,3.0,pecahan,2026-03-07
23374,3.0,pecahan,2026-03-08
23375,3.0,aljabar,2026-03-11
23376,3.0,aljabar,2026-03-13
23377,3.0,aljabar,2026-03-16
23378,3.0,aljabar,2026-03-18
23379,3.0,aljabar,2026-03-19
23380,3.0,aljabar,2026-03-21
23381,3.0,aljabar,2026-03-24
23382,3.0,aljabar,2026-03-26
23383,3.0,limit,2026-03-29
23384,3.0,limit,2026-03-30
23385,3.0,limit,2026-04-02
23386,3.0,limit,2026-04-05
23387,3.0,limit,2026-04-08
23388,3.0,limit,2026-04-09
23389,3.0,limit,2026-04-11
23390,3.0,turunan,2026-04-14
23391,3.0,turunan,2026-04-15
23392,3.0,turunan,2026-04-16
23393,3.0,turunan,2026-04-17
23394,3.0,turunan,2026-04-18
23395,3.0,turunan,2026-04-19
23396,3.0,integral,2026-04-21
23397,3.0,integral,2026-04-24
23398,3.0,integral,2026-04-26
23399,3.0,integral,2026-04-29
23400,3.0,integral,2026-04-30
23401,3.0,integral,2026-05-03
23402,3.0,integral,2026-05-05
23403,3.0,integral,2026-05-07
23404,3.0,integral,2026-05-08
23405,5.0,penjumlahan,2026-01-01
23406,5.0,penjumlahan,2026-01-03
23407,5.0,penjumlahan,2026-01-06
23408,5.0,penjumlahan,2026-01-09
23409,5.0,penjumlahan,2026-01-12
23410,5.0,penjumlahan,2026-01-15
23411,5.0,penjumlahan,2026-01-16
23412,5.0,penjumlahan,2026-01-19
23413,5.0,penjumlahan,2026-01-22
23414,5.0,pengurangan,2026-01-25
23415,5.0,pengurangan,2026-01-27
23416,5.0,pengurangan,2026-01-30
23417,5.0,pengurangan,2026-02-02
23418,5.0,pengurangan,2026-02-04
23419,5.0,perkalian,2026-02-06
23420,5.0,perkalian,2026-02-08
23421,5.0,perkalian,2026-02-09
23422,5.0,perkalian,2026-02-10
23423,5.0,perkalian,2026-02-11
23424,5.0,pembagian,2026-02-14
23425,5.0,pembagian,2026-02-15
23426,5.0,pembagian,2026-02-18
23427,5.0,pembagian,2026-02-19
23428,5.0,pembagian,2026-02-22
23429,5.0,pembagian,2026-02-25
23430,5.0,pembagian,2026-02-27
23431,5.0,pembagian,2026-03-02
23432,5.0,pembagian,2026-03-04
23433,5.0,desimal,2026-03-06
23434,5.0,desimal,2026-03-09
23435,5.0,desimal,2026-03-11
23436,5.0,desimal,2026-03-13
23437,5.0,desimal,2026-03-16
23438,5.0,desimal,2026-03-19
23439,5.0,desimal,2026-03-20
23440,5.0,desimal,2026-03-21
23441,5.0,desimal,2026-03-23
23442,5.0,aljabar,2026-03-26
23443,5.0,aljabar,2026-03-28
23444,5.0,aljabar,2026-03-30
23445,5.0,aljabar,2026-03-31
23446,5.0,aljabar,2026-04-03
23447,5.0,aljabar,2026-04-05
23448,5.0,aljabar,2026-04-07
23449,5.0,aljabar,2026-04-10
23450,5.0,fungsi,2026-04-12
23451,5.0,fungsi,2026-04-14
23452,5.0,fungsi,2026-04-17
23453,5.0,fungsi,2026-04-20
23454,5.0,fungsi,2026-04-21
23455,5.0,fungsi,2026-04-23
23456,5.0,fungsi,2026-04-25
23457,5.0,turunan,2026-04-26
23458,5.0,turunan,2026-04-29
23459,5.0,turunan,2026-05-02
23460,5.0,turunan,2026-05-03
23461,5.0,turunan,2026-05-06
23462,5.0,turunan,2026-05-08
23463,5.0,turunan,2026-05-11
23464,5.0,turunan,2026-05-12
23465,5.0,turunan,2026-05-14
23466,19.0,penjumlahan,2026-01-01
23467,19.0,penjumlahan,2026-01-02
23468,19.0,penjumlahan,2026-01-03
23469,19.0,penjumlahan,2026-01-05
23470,19.0,penjumlahan,2026-01-08
23471,19.0,penjumlahan,2026-01-09
23472,19.0,penjumlahan,2026-01-12
23473,19.0,pengurangan,2026-01-13
23474,19.0,pengurangan,2026-01-16
23475,19.0,pengurangan,2026-01-19
23476,19.0,pengurangan,2026-01-22
23477,19.0,pengurangan,2026-01-24
23478,19.0,pengurangan,2026-01-26
23479,19.0,pengurangan,2026-01-27
23480,19.0,pengurangan,2026-01-30
23481,19.0,pengurangan,2026-01-31
23482,19.0,perkalian,2026-02-01
23483,19.0,perkalian,2026-02-02
23484,19.0,perkalian,2026-02-04
23485,19.0,perkalian,2026-02-06
23486,19.0,perkalian,2026-02-08
23487,19.0,perkalian,2026-02-09
23488,19.0,perkalian,2026-02-10
23489,19.0,pecahan,2026-02-12
23490,19.0,pecahan,2026-02-13
23491,19.0,pecahan,2026-02-14
23492,19.0,pecahan,2026-02-16
23493,19.0,pecahan,2026-02-17
23494,19.0,pecahan,2026-02-19
23495,19.0,pecahan,2026-02-22
23496,19.0,pecahan,2026-02-24
23497,19.0,pecahan,2026-02-25
23498,19.0,aljabar,2026-02-26
23499,19.0,aljabar,2026-03-01
23500,19.0,aljabar,2026-03-04
23501,19.0,aljabar,2026-03-05
23502,19.0,aljabar,2026-03-07
23503,19.0,persamaan_linear,2026-03-08
23504,19.0,persamaan_linear,2026-03-10
23505,19.0,persamaan_linear,2026-03-12
23506,19.0,persamaan_linear,2026-03-14
23507,19.0,persamaan_linear,2026-03-16
23508,19.0,persamaan_linear,2026-03-17
23509,19.0,fungsi,2026-03-20
23510,19.0,fungsi,2026-03-23
23511,19.0,fungsi,2026-03-24
23512,19.0,fungsi,2026-03-26
23513,19.0,fungsi,2026-03-27
23514,19.0,fungsi,2026-03-30
23515,19.0,fungsi,2026-04-01
23516,19.0,fungsi,2026-04-04
23517,19.0,limit,2026-04-07
23518,19.0,limit,2026-04-08
23519,19.0,limit,2026-04-10
23520,19.0,limit,2026-04-13
23521,19.0,limit,2026-04-15
23522,19.0,integral,2026-04-18
23523,19.0,integral,2026-04-19
23524,19.0,integral,2026-04-20
23525,19.0,integral,2026-04-21
23526,19.0,integral,2026-04-22
23527,19.0,integral,2026-04-24
23528,19.0,integral,2026-04-25
23529,3.0,penjumlahan,2026-01-01
23530,3.0,penjumlahan,2026-01-04
23531,3.0,penjumlahan,2026-01-05
23532,3.0,penjumlahan,2026-01-07
23533,3.0,penjumlahan,2026-01-08
23534,3.0,penjumlahan,2026-01-11
23535,3.0,pengurangan,2026-01-14
23536,3.0,pengurangan,2026-01-16
23537,3.0,pengurangan,2026-01-17
23538,3.0,pengurangan,2026-01-19
23539,3.0,pengurangan,2026-01-21
23540,3.0,pengurangan,2026-01-22
23541,3.0,pengurangan,2026-01-24
23542,3.0,perkalian,2026-01-27
23543,3.0,perkalian,2026-01-28
23544,3.0,perkalian,2026-01-31
23545,3.0,perkalian,2026-02-01
23546,3.0,perkalian,2026-02-04
23547,3.0,perkalian,2026-02-05
23548,3.0,perkalian,2026-02-08
23549,3.0,perkalian,2026-02-10
23550,3.0,perkalian,2026-02-13
23551,3.0,pecahan,2026-02-15
23552,3.0,pecahan,2026-02-16
23553,3.0,pecahan,2026-02-19
23554,3.0,pecahan,2026-02-21
23555,3.0,pecahan,2026-02-24
23556,3.0,pecahan,2026-02-25
23557,3.0,pecahan,2026-02-28
23558,3.0,persamaan_linear,2026-03-02
23559,3.0,persamaan_linear,2026-03-04
23560,3.0,persamaan_linear,2026-03-06
23561,3.0,persamaan_linear,2026-03-08
23562,3.0,persamaan_linear,2026-03-10
23563,3.0,fungsi,2026-03-12
23564,3.0,fungsi,2026-03-13
23565,3.0,fungsi,2026-03-15
23566,3.0,fungsi,2026-03-17
23567,3.0,fungsi,2026-03-19
23568,3.0,fungsi,2026-03-20
23569,3.0,fungsi,2026-03-21
23570,3.0,fungsi,2026-03-24
23571,3.0,fungsi,2026-03-27
23572,3.0,turunan,2026-03-28
23573,3.0,turunan,2026-03-30
23574,3.0,turunan,2026-03-31
23575,3.0,turunan,2026-04-03
23576,3.0,turunan,2026-04-06
23577,3.0,integral,2026-04-09
23578,3.0,integral,2026-04-11
23579,3.0,integral,2026-04-14
23580,3.0,integral,2026-04-15
23581,3.0,integral,2026-04-17
23582,3.0,integral,2026-04-20
23583,4.0,penjumlahan,2026-01-01
23584,4.0,penjumlahan,2026-01-04
23585,4.0,penjumlahan,2026-01-07
23586,4.0,penjumlahan,2026-01-08
23587,4.0,penjumlahan,2026-01-09
23588,4.0,penjumlahan,2026-01-12
23589,4.0,penjumlahan,2026-01-15
23590,4.0,penjumlahan,2026-01-18
23591,4.0,penjumlahan,2026-01-21
23592,4.0,pengurangan,2026-01-23
23593,4.0,pengurangan,2026-01-25
23594,4.0,pengurangan,2026-01-27
23595,4.0,pengurangan,2026-01-30
23596,4.0,pengurangan,2026-02-02
23597,4.0,pengurangan,2026-02-05
23598,4.0,pengurangan,2026-02-08
23599,4.0,perkalian,2026-02-11
23600,4.0,perkalian,2026-02-13
23601,4.0,perkalian,2026-02-14
23602,4.0,perkalian,2026-02-17
23603,4.0,perkalian,2026-02-20
23604,4.0,perkalian,2026-02-21
23605,4.0,perkalian,2026-02-24
23606,4.0,pembagian,2026-02-26
23607,4.0,pembagian,2026-02-27
23608,4.0,pembagian,2026-03-02
23609,4.0,pembagian,2026-03-04
23610,4.0,pembagian,2026-03-06
23611,4.0,pecahan,2026-03-09
23612,4.0,pecahan,2026-03-10
23613,4.0,pecahan,2026-03-12
23614,4.0,pecahan,2026-03-14
23615,4.0,pecahan,2026-03-16
23616,4.0,pecahan,2026-03-17
23617,4.0,pecahan,2026-03-18
23618,4.0,aljabar,2026-03-21
23619,4.0,aljabar,2026-03-22
23620,4.0,aljabar,2026-03-23
23621,4.0,aljabar,2026-03-26
23622,4.0,aljabar,2026-03-28
23623,4.0,persamaan_linear,2026-03-29
23624,4.0,persamaan_linear,2026-03-30
23625,4.0,persamaan_linear,2026-04-01
23626,4.0,persamaan_linear,2026-04-03
23627,4.0,persamaan_linear,2026-04-04
23628,4.0,persamaan_linear,2026-04-06
23629,4.0,persamaan_linear,2026-04-09
23630,4.0,persamaan_linear,2026-04-11
23631,4.0,persamaan_linear,2026-04-13
23632,20.0,penjumlahan,2026-01-01
23633,20.0,penjumlahan,2026-01-04
23634,20.0,penjumlahan,2026-01-06
23635,20.0,penjumlahan,2026-01-09
23636,20.0,penjumlahan,2026-01-10
23637,20.0,penjumlahan,2026-01-13
23638,20.0,penjumlahan,2026-01-14
23639,20.0,penjumlahan,2026-01-16
23640,20.0,penjumlahan,2026-01-18
23641,20.0,pengurangan,2026-01-20
23642,20.0,pengurangan,2026-01-23
23643,20.0,pengurangan,2026-01-26
23644,20.0,pengurangan,2026-01-28
23645,20.0,pengurangan,2026-01-30
23646,20.0,pengurangan,2026-01-31
23647,20.0,pengurangan,2026-02-03
23648,20.0,pengurangan,2026-02-04
23649,20.0,pembagian,2026-02-07
23650,20.0,pembagian,2026-02-09
23651,20.0,pembagian,2026-02-11
23652,20.0,pembagian,2026-02-13
23653,20.0,pembagian,2026-02-15
23654,20.0,pembagian,2026-02-17
23655,20.0,aljabar,2026-02-19
23656,20.0,aljabar,2026-02-20
23657,20.0,aljabar,2026-02-22
23658,20.0,aljabar,2026-02-25
23659,20.0,aljabar,2026-02-27
23660,20.0,aljabar,2026-02-28
23661,20.0,limit,2026-03-01
23662,20.0,limit,2026-03-04
23663,20.0,limit,2026-03-07
23664,20.0,limit,2026-03-08
23665,20.0,limit,2026-03-10
23666,20.0,turunan,2026-03-12
23667,20.0,turunan,2026-03-13
23668,20.0,turunan,2026-03-15
23669,20.0,turunan,2026-03-18
23670,20.0,turunan,2026-03-20
23671,20.0,turunan,2026-03-23
23672,20.0,turunan,2026-03-24
23673,20.0,turunan,2026-03-25
23674,20.0,integral,2026-03-27
23675,20.0,integral,2026-03-28
23676,20.0,integral,2026-03-30
23677,20.0,integral,2026-03-31
23678,20.0,integral,2026-04-02
23679,20.0,integral,2026-04-03
23680,20.0,integral,2026-04-04
23681,20.0,integral,2026-04-05
23682,20.0,integral,2026-04-06
23683,17.0,penjumlahan,2026-01-01
23684,17.0,penjumlahan,2026-01-02
23685,17.0,penjumlahan,2026-01-04
23686,17.0,penjumlahan,2026-01-07
23687,17.0,penjumlahan,2026-01-08
23688,17.0,penjumlahan,2026-01-11
23689,17.0,penjumlahan,2026-01-14
23690,17.0,penjumlahan,2026-01-17
23691,17.0,penjumlahan,2026-01-18
23692,17.0,pengurangan,2026-01-21
23693,17.0,pengurangan,2026-01-24
23694,17.0,pengurangan,2026-01-26
23695,17.0,pengurangan,2026-01-29
23696,17.0,pengurangan,2026-01-31
23697,17.0,pengurangan,2026-02-01
23698,17.0,pengurangan,2026-02-02
23699,17.0,perkalian,2026-02-04
23700,17.0,perkalian,2026-02-07
23701,17.0,perkalian,2026-02-10
23702,17.0,perkalian,2026-02-12
23703,17.0,perkalian,2026-02-13
23704,17.0,perkalian,2026-02-15
23705,17.0,perkalian,2026-02-17
23706,17.0,pembagian,2026-02-20
23707,17.0,pembagian,2026-02-22
23708,17.0,pembagian,2026-02-24
23709,17.0,pembagian,2026-02-27
23710,17.0,pembagian,2026-03-02
23711,17.0,pembagian,2026-03-05
23712,17.0,aljabar,2026-03-08
23713,17.0,aljabar,2026-03-09
23714,17.0,aljabar,2026-03-11
23715,17.0,aljabar,2026-03-14
23716,17.0,aljabar,2026-03-16
23717,17.0,aljabar,2026-03-18
23718,17.0,persamaan_linear,2026-03-20
23719,17.0,persamaan_linear,2026-03-23
23720,17.0,persamaan_linear,2026-03-24
23721,17.0,persamaan_linear,2026-03-27
23722,17.0,persamaan_linear,2026-03-28
23723,17.0,persamaan_linear,2026-03-30
23724,17.0,persamaan_linear,2026-03-31
23725,17.0,persamaan_linear,2026-04-01
23726,17.0,fungsi,2026-04-03
23727,17.0,fungsi,2026-04-04
23728,17.0,fungsi,2026-04-07
23729,17.0,fungsi,2026-04-09
23730,17.0,fungsi,2026-04-11
23731,17.0,fungsi,2026-04-13
23732,17.0,fungsi,2026-04-14
23733,17.0,fungsi,2026-04-15
23734,17.0,fungsi,2026-04-16
23735,17.0,limit,2026-04-18
23736,17.0,limit,2026-04-21
23737,17.0,limit,2026-04-22
23738,17.0,limit,2026-04-24
23739,17.0,limit,2026-04-26
23740,17.0,limit,2026-04-27
23741,17.0,turunan,2026-04-28
23742,17.0,turunan,2026-04-29
23743,17.0,turunan,2026-05-01
23744,17.0,turunan,2026-05-04
23745,17.0,turunan,2026-05-05
23746,17.0,turunan,2026-05-07
23747,17.0,turunan,2026-05-10
23748,17.0,turunan,2026-05-11
23749,17.0,turunan,2026-05-12
23750,15.0,penjumlahan,2026-01-01
23751,15.0,penjumlahan,2026-01-04
23752,15.0,penjumlahan,2026-01-05
23753,15.0,penjumlahan,2026-01-06
23754,15.0,penjumlahan,2026-01-09
23755,15.0,penjumlahan,2026-01-10
23756,15.0,pengurangan,2026-01-11
23757,15.0,pengurangan,2026-01-12
23758,15.0,pengurangan,2026-01-13
23759,15.0,pengurangan,2026-01-14
23760,15.0,pengurangan,2026-01-16
23761,15.0,pengurangan,2026-01-18
23762,15.0,pengurangan,2026-01-21
23763,15.0,perkalian,2026-01-23
23764,15.0,perkalian,2026-01-26
23765,15.0,perkalian,2026-01-27
23766,15.0,perkalian,2026-01-28
23767,15.0,perkalian,2026-01-31
23768,15.0,perkalian,2026-02-01
23769,15.0,perkalian,2026-02-03
23770,15.0,perkalian,2026-02-05
23771,15.0,aljabar,2026-02-06
23772,15.0,aljabar,2026-02-08
23773,15.0,aljabar,2026-02-09
23774,15.0,aljabar,2026-02-10
23775,15.0,aljabar,2026-02-11
23776,15.0,aljabar,2026-02-14
23777,15.0,aljabar,2026-02-15
23778,15.0,aljabar,2026-02-17
23779,15.0,fungsi,2026-02-19
23780,15.0,fungsi,2026-02-21
23781,15.0,fungsi,2026-02-22
23782,15.0,fungsi,2026-02-23
23783,15.0,fungsi,2026-02-26
23784,15.0,fungsi,2026-03-01
23785,15.0,fungsi,2026-03-04
23786,15.0,limit,2026-03-06
23787,15.0,limit,2026-03-08
23788,15.0,limit,2026-03-11
23789,15.0,limit,2026-03-14
23790,15.0,limit,2026-03-17
23791,15.0,limit,2026-03-19
23792,10.0,penjumlahan,2026-01-01
23793,10.0,penjumlahan,2026-01-02
23794,10.0,penjumlahan,2026-01-04
23795,10.0,penjumlahan,2026-01-07
23796,10.0,penjumlahan,2026-01-09
23797,10.0,penjumlahan,2026-01-12
23798,10.0,pengurangan,2026-01-14
23799,10.0,pengurangan,2026-01-17
23800,10.0,pengurangan,2026-01-20
23801,10.0,pengurangan,2026-01-23
23802,10.0,pengurangan,2026-01-25
23803,10.0,pengurangan,2026-01-28
23804,10.0,perkalian,2026-01-29
23805,10.0,perkalian,2026-01-30
23806,10.0,perkalian,2026-02-01
23807,10.0,perkalian,2026-02-03
23808,10.0,perkalian,2026-02-06
23809,10.0,perkalian,2026-02-08
23810,10.0,perkalian,2026-02-10
23811,10.0,pecahan,2026-02-12
23812,10.0,pecahan,2026-02-13
23813,10.0,pecahan,2026-02-15
23814,10.0,pecahan,2026-02-17
23815,10.0,pecahan,2026-02-20
23816,10.0,pecahan,2026-02-23
23817,10.0,pecahan,2026-02-25
23818,10.0,pecahan,2026-02-27
23819,10.0,desimal,2026-03-02
23820,10.0,desimal,2026-03-05
23821,10.0,desimal,2026-03-06
23822,10.0,desimal,2026-03-07
23823,10.0,desimal,2026-03-10
23824,10.0,desimal,2026-03-11
23825,10.0,desimal,2026-03-14
23826,10.0,desimal,2026-03-15
23827,10.0,desimal,2026-03-17
23828,10.0,aljabar,2026-03-20
23829,10.0,aljabar,2026-03-23
23830,10.0,aljabar,2026-03-25
23831,10.0,aljabar,2026-03-28
23832,10.0,aljabar,2026-03-29
23833,10.0,aljabar,2026-03-30
23834,10.0,persamaan_linear,2026-04-01
23835,10.0,persamaan_linear,2026-04-03
23836,10.0,persamaan_linear,2026-04-04
23837,10.0,persamaan_linear,2026-04-07
23838,10.0,persamaan_linear,2026-04-09
23839,10.0,persamaan_linear,2026-04-12
23840,10.0,persamaan_linear,2026-04-14
23841,10.0,persamaan_linear,2026-04-17
23842,10.0,persamaan_linear,2026-04-19
23843,10.0,fungsi,2026-04-21
23844,10.0,fungsi,2026-04-22
23845,10.0,fungsi,2026-04-24
23846,10.0,fungsi,2026-04-27
23847,10.0,fungsi,2026-04-30
23848,10.0,turunan,2026-05-01
23849,10.0,turunan,2026-05-03
23850,10.0,turunan,2026-05-05
23851,10.0,turunan,2026-05-08
23852,10.0,turunan,2026-05-10
23853,10.0,turunan,2026-05-13
23854,10.0,integral,2026-05-14
23855,10.0,integral,2026-05-17
23856,10.0,integral,2026-05-20
23857,10.0,integral,2026-05-21
23858,10.0,integral,2026-05-22
23859,10.0,penjumlahan,2026-01-01
23860,10.0,penjumlahan,2026-01-04
23861,10.0,penjumlahan,2026-01-05
23862,10.0,penjumlahan,2026-01-08
23863,10.0,penjumlahan,2026-01-10
23864,10.0,penjumlahan,2026-01-13
23865,10.0,penjumlahan,2026-01-14
23866,10.0,pengurangan,2026-01-15
23867,10.0,pengurangan,2026-01-16
23868,10.0,pengurangan,2026-01-17
23869,10.0,pengurangan,2026-01-20
23870,10.0,pengurangan,2026-01-23
23871,10.0,pengurangan,2026-01-25
23872,10.0,pengurangan,2026-01-27
23873,10.0,perkalian,2026-01-28
23874,10.0,perkalian,2026-01-29
23875,10.0,perkalian,2026-02-01
23876,10.0,perkalian,2026-02-02
23877,10.0,perkalian,2026-02-05
23878,10.0,perkalian,2026-02-08
23879,10.0,perkalian,2026-02-10
23880,10.0,perkalian,2026-02-13
23881,10.0,pembagian,2026-02-16
23882,10.0,pembagian,2026-02-19
23883,10.0,pembagian,2026-02-21
23884,10.0,pembagian,2026-02-24
23885,10.0,pembagian,2026-02-25
23886,10.0,pembagian,2026-02-27
23887,10.0,aljabar,2026-03-01
23888,10.0,aljabar,2026-03-04
23889,10.0,aljabar,2026-03-07
23890,10.0,aljabar,2026-03-09
23891,10.0,aljabar,2026-03-12
23892,10.0,aljabar,2026-03-13
23893,10.0,aljabar,2026-03-15
23894,10.0,aljabar,2026-03-18
23895,10.0,fungsi,2026-03-21
23896,10.0,fungsi,2026-03-24
23897,10.0,fungsi,2026-03-26
23898,10.0,fungsi,2026-03-29
23899,10.0,fungsi,2026-04-01
23900,10.0,fungsi,2026-04-02
23901,10.0,limit,2026-04-05
23902,10.0,limit,2026-04-07
23903,10.0,limit,2026-04-09
23904,10.0,limit,2026-04-12
23905,10.0,limit,2026-04-14
23906,10.0,limit,2026-04-17
23907,10.0,turunan,2026-04-18
23908,10.0,turunan,2026-04-21
23909,10.0,turunan,2026-04-23
23910,10.0,turunan,2026-04-25
23911,10.0,turunan,2026-04-26
23912,10.0,turunan,2026-04-27
23913,10.0,turunan,2026-04-30
23914,10.0,turunan,2026-05-02
23915,10.0,integral,2026-05-04
23916,10.0,integral,2026-05-05
23917,10.0,integral,2026-05-07
23918,10.0,integral,2026-05-10
23919,10.0,integral,2026-05-13
23920,20.0,penjumlahan,2026-01-01
23921,20.0,penjumlahan,2026-01-03
23922,20.0,penjumlahan,2026-01-04
23923,20.0,penjumlahan,2026-01-05
23924,20.0,penjumlahan,2026-01-08
23925,20.0,penjumlahan,2026-01-09
23926,20.0,penjumlahan,2026-01-12
23927,20.0,pengurangan,2026-01-14
23928,20.0,pengurangan,2026-01-16
23929,20.0,pengurangan,2026-01-19
23930,20.0,pengurangan,2026-01-21
23931,20.0,pengurangan,2026-01-23
23932,20.0,pengurangan,2026-01-24
23933,20.0,perkalian,2026-01-25
23934,20.0,perkalian,2026-01-27
23935,20.0,perkalian,2026-01-30
23936,20.0,perkalian,2026-02-02
23937,20.0,perkalian,2026-02-03
23938,20.0,perkalian,2026-02-06
23939,20.0,perkalian,2026-02-09
23940,20.0,perkalian,2026-02-10
23941,20.0,perkalian,2026-02-11
23942,20.0,pecahan,2026-02-12
23943,20.0,pecahan,2026-02-15
23944,20.0,pecahan,2026-02-18
23945,20.0,pecahan,2026-02-21
23946,20.0,pecahan,2026-02-23
23947,20.0,pecahan,2026-02-26
23948,20.0,pecahan,2026-03-01
23949,20.0,aljabar,2026-03-04
23950,20.0,aljabar,2026-03-05
23951,20.0,aljabar,2026-03-08
23952,20.0,aljabar,2026-03-11
23953,20.0,aljabar,2026-03-13
23954,20.0,aljabar,2026-03-16
23955,20.0,aljabar,2026-03-18
23956,20.0,aljabar,2026-03-20
23957,20.0,persamaan_linear,2026-03-21
23958,20.0,persamaan_linear,2026-03-22
23959,20.0,persamaan_linear,2026-03-23
23960,20.0,persamaan_linear,2026-03-24
23961,20.0,persamaan_linear,2026-03-27
23962,20.0,persamaan_linear,2026-03-28
23963,20.0,persamaan_linear,2026-03-31
23964,20.0,persamaan_linear,2026-04-01
23965,20.0,persamaan_linear,2026-04-03
23966,20.0,fungsi,2026-04-04
23967,20.0,fungsi,2026-04-05
23968,20.0,fungsi,2026-04-07
23969,20.0,fungsi,2026-04-09
23970,20.0,fungsi,2026-04-12
23971,20.0,integral,2026-04-15
23972,20.0,integral,2026-04-16
23973,20.0,integral,2026-04-18
23974,20.0,integral,2026-04-19
23975,20.0,integral,2026-04-20
23976,20.0,integral,2026-04-23
23977,20.0,integral,2026-04-24
23978,20.0,integral,2026-04-25
23979,20.0,integral,2026-04-28
23980,7.0,penjumlahan,2026-01-01
23981,7.0,penjumlahan,2026-01-04
23982,7.0,penjumlahan,2026-01-06
23983,7.0,penjumlahan,2026-01-09
23984,7.0,penjumlahan,2026-01-10
23985,7.0,penjumlahan,2026-01-13
23986,7.0,penjumlahan,2026-01-14
23987,7.0,penjumlahan,2026-01-16
23988,7.0,penjumlahan,2026-01-18
23989,7.0,pengurangan,2026-01-21
23990,7.0,pengurangan,2026-01-23
23991,7.0,pengurangan,2026-01-24
23992,7.0,pengurangan,2026-01-25
23993,7.0,pengurangan,2026-01-27
23994,7.0,pengurangan,2026-01-29
23995,7.0,pengurangan,2026-01-30
23996,7.0,pengurangan,2026-01-31
23997,7.0,perkalian,2026-02-02
23998,7.0,perkalian,2026-02-05
23999,7.0,perkalian,2026-02-07
24000,7.0,perkalian,2026-02-10
24001,7.0,perkalian,2026-02-11
24002,7.0,perkalian,2026-02-14
24003,7.0,perkalian,2026-02-15
24004,7.0,perkalian,2026-02-16
24005,7.0,perkalian,2026-02-19
24006,7.0,pecahan,2026-02-22
24007,7.0,pecahan,2026-02-24
24008,7.0,pecahan,2026-02-26
24009,7.0,pecahan,2026-02-28
24010,7.0,pecahan,2026-03-01
24011,7.0,pecahan,2026-03-03
24012,7.0,desimal,2026-03-05
24013,7.0,desimal,2026-03-08
24014,7.0,desimal,2026-03-10
24015,7.0,desimal,2026-03-12
24016,7.0,desimal,2026-03-14
24017,7.0,desimal,2026-03-16
24018,7.0,desimal,2026-03-17
24019,7.0,desimal,2026-03-20
24020,7.0,persamaan_linear,2026-03-21
24021,7.0,persamaan_linear,2026-03-22
24022,7.0,persamaan_linear,2026-03-23
24023,7.0,persamaan_linear,2026-03-25
24024,7.0,persamaan_linear,2026-03-27
24025,7.0,persamaan_linear,2026-03-28
24026,7.0,persamaan_linear,2026-03-31
24027,7.0,persamaan_linear,2026-04-03
24028,7.0,persamaan_linear,2026-04-06
24029,7.0,fungsi,2026-04-08
24030,7.0,fungsi,2026-04-11
24031,7.0,fungsi,2026-04-13
24032,7.0,fungsi,2026-04-16
24033,7.0,fungsi,2026-04-17
24034,7.0,fungsi,2026-04-18
24035,7.0,fungsi,2026-04-21
24036,7.0,fungsi,2026-04-23
24037,7.0,integral,2026-04-24
24038,7.0,integral,2026-04-25
24039,7.0,integral,2026-04-26
24040,7.0,integral,2026-04-29
24041,7.0,integral,2026-04-30
24042,9.0,penjumlahan,2026-01-01
24043,9.0,penjumlahan,2026-01-02
24044,9.0,penjumlahan,2026-01-05
24045,9.0,penjumlahan,2026-01-08
24046,9.0,penjumlahan,2026-01-10
24047,9.0,penjumlahan,2026-01-13
24048,9.0,pengurangan,2026-01-14
24049,9.0,pengurangan,2026-01-15
24050,9.0,pengurangan,2026-01-17
24051,9.0,pengurangan,2026-01-20
24052,9.0,pengurangan,2026-01-22
24053,9.0,pengurangan,2026-01-25
24054,9.0,pengurangan,2026-01-28
24055,9.0,pengurangan,2026-01-29
24056,9.0,pembagian,2026-02-01
24057,9.0,pembagian,2026-02-02
24058,9.0,pembagian,2026-02-05
24059,9.0,pembagian,2026-02-08
24060,9.0,pembagian,2026-02-11
24061,9.0,pecahan,2026-02-12
24062,9.0,pecahan,2026-02-15
24063,9.0,pecahan,2026-02-16
24064,9.0,pecahan,2026-02-19
24065,9.0,pecahan,2026-02-21
24066,9.0,pecahan,2026-02-23
24067,9.0,desimal,2026-02-24
24068,9.0,desimal,2026-02-26
24069,9.0,desimal,2026-02-28
24070,9.0,desimal,2026-03-02
24071,9.0,desimal,2026-03-05
24072,9.0,desimal,2026-03-06
24073,9.0,desimal,2026-03-09
24074,9.0,aljabar,2026-03-10
24075,9.0,aljabar,2026-03-13
24076,9.0,aljabar,2026-03-16
24077,9.0,aljabar,2026-03-17
24078,9.0,aljabar,2026-03-20
24079,9.0,aljabar,2026-03-23
24080,9.0,aljabar,2026-03-24
24081,9.0,aljabar,2026-03-27
24082,9.0,aljabar,2026-03-29
24083,9.0,persamaan_linear,2026-03-30
24084,9.0,persamaan_linear,2026-03-31
24085,9.0,persamaan_linear,2026-04-02
24086,9.0,persamaan_linear,2026-04-04
24087,9.0,persamaan_linear,2026-04-06
24088,9.0,fungsi,2026-04-09
24089,9.0,fungsi,2026-04-12
24090,9.0,fungsi,2026-04-15
24091,9.0,fungsi,2026-04-18
24092,9.0,fungsi,2026-04-21
24093,9.0,fungsi,2026-04-22
24094,9.0,fungsi,2026-04-25
24095,9.0,turunan,2026-04-27
24096,9.0,turunan,2026-04-29
24097,9.0,turunan,2026-05-02
24098,9.0,turunan,2026-05-03
24099,9.0,turunan,2026-05-05
24100,6.0,penjumlahan,2026-01-01
24101,6.0,penjumlahan,2026-01-02
24102,6.0,penjumlahan,2026-01-05
24103,6.0,penjumlahan,2026-01-07
24104,6.0,penjumlahan,2026-01-08
24105,6.0,penjumlahan,2026-01-10
24106,6.0,penjumlahan,2026-01-13
24107,6.0,penjumlahan,2026-01-15
24108,6.0,penjumlahan,2026-01-16
24109,6.0,pengurangan,2026-01-19
24110,6.0,pengurangan,2026-01-20
24111,6.0,pengurangan,2026-01-21
24112,6.0,pengurangan,2026-01-22
24113,6.0,pengurangan,2026-01-23
24114,6.0,perkalian,2026-01-24
24115,6.0,perkalian,2026-01-25
24116,6.0,perkalian,2026-01-27
24117,6.0,perkalian,2026-01-30
24118,6.0,perkalian,2026-02-01
24119,6.0,perkalian,2026-02-02
24120,6.0,perkalian,2026-02-05
24121,6.0,pembagian,2026-02-06
24122,6.0,pembagian,2026-02-07
24123,6.0,pembagian,2026-02-10
24124,6.0,pembagian,2026-02-12
24125,6.0,pembagian,2026-02-14
24126,6.0,pecahan,2026-02-17
24127,6.0,pecahan,2026-02-20
24128,6.0,pecahan,2026-02-23
24129,6.0,pecahan,2026-02-26
24130,6.0,pecahan,2026-02-28
24131,6.0,pecahan,2026-03-02
24132,6.0,pecahan,2026-03-03
24133,6.0,pecahan,2026-03-04
24134,6.0,aljabar,2026-03-07
24135,6.0,aljabar,2026-03-10
24136,6.0,aljabar,2026-03-13
24137,6.0,aljabar,2026-03-15
24138,6.0,aljabar,2026-03-18
24139,6.0,aljabar,2026-03-21
24140,6.0,aljabar,2026-03-22
24141,6.0,aljabar,2026-03-23
24142,6.0,aljabar,2026-03-24
24143,6.0,persamaan_linear,2026-03-27
24144,6.0,persamaan_linear,2026-03-28
24145,6.0,persamaan_linear,2026-03-30
24146,6.0,persamaan_linear,2026-04-01
24147,6.0,persamaan_linear,2026-04-02
24148,6.0,persamaan_linear,2026-04-05
24149,6.0,persamaan_linear,2026-04-08
24150,6.0,limit,2026-04-09
24151,6.0,limit,2026-04-12
24152,6.0,limit,2026-04-13
24153,6.0,limit,2026-04-14
24154,6.0,limit,2026-04-16
24155,6.0,turunan,2026-04-17
24156,6.0,turunan,2026-04-20
24157,6.0,turunan,2026-04-23
24158,6.0,turunan,2026-04-25
24159,6.0,turunan,2026-04-26
24160,6.0,penjumlahan,2026-01-01
24161,6.0,penjumlahan,2026-01-02
24162,6.0,penjumlahan,2026-01-03
24163,6.0,penjumlahan,2026-01-04
24164,6.0,penjumlahan,2026-01-06
24165,6.0,penjumlahan,2026-01-09
24166,6.0,penjumlahan,2026-01-11
24167,6.0,pengurangan,2026-01-13
24168,6.0,pengurangan,2026-01-14
24169,6.0,pengurangan,2026-01-15
24170,6.0,pengurangan,2026-01-17
24171,6.0,pengurangan,2026-01-20
24172,6.0,pengurangan,2026-01-22
24173,6.0,pecahan,2026-01-23
24174,6.0,pecahan,2026-01-26
24175,6.0,pecahan,2026-01-29
24176,6.0,pecahan,2026-01-30
24177,6.0,pecahan,2026-01-31
24178,6.0,pecahan,2026-02-02
24179,6.0,aljabar,2026-02-05
24180,6.0,aljabar,2026-02-08
24181,6.0,aljabar,2026-02-10
24182,6.0,aljabar,2026-02-12
24183,6.0,aljabar,2026-02-14
24184,6.0,persamaan_linear,2026-02-15
24185,6.0,persamaan_linear,2026-02-16
24186,6.0,persamaan_linear,2026-02-18
24187,6.0,persamaan_linear,2026-02-21
24188,6.0,persamaan_linear,2026-02-22
24189,6.0,persamaan_linear,2026-02-24
24190,6.0,persamaan_linear,2026-02-27
24191,6.0,persamaan_linear,2026-03-02
24192,6.0,persamaan_linear,2026-03-04
24193,6.0,fungsi,2026-03-06
24194,6.0,fungsi,2026-03-09
24195,6.0,fungsi,2026-03-12
24196,6.0,fungsi,2026-03-14
24197,6.0,fungsi,2026-03-17
24198,6.0,fungsi,2026-03-19
24199,6.0,limit,2026-03-22
24200,6.0,limit,2026-03-23
24201,6.0,limit,2026-03-24
24202,6.0,limit,2026-03-26
24203,6.0,limit,2026-03-27
24204,6.0,limit,2026-03-29
24205,6.0,integral,2026-03-30
24206,6.0,integral,2026-04-02
24207,6.0,integral,2026-04-04
24208,6.0,integral,2026-04-05
24209,6.0,integral,2026-04-07
24210,6.0,integral,2026-04-10
24211,6.0,integral,2026-04-11
24212,6.0,integral,2026-04-14
24213,6.0,penjumlahan,2026-01-01
24214,6.0,penjumlahan,2026-01-04
24215,6.0,penjumlahan,2026-01-05
24216,6.0,penjumlahan,2026-01-06
24217,6.0,penjumlahan,2026-01-08
24218,6.0,penjumlahan,2026-01-10
24219,6.0,pengurangan,2026-01-12
24220,6.0,pengurangan,2026-01-15
24221,6.0,pengurangan,2026-01-16
24222,6.0,pengurangan,2026-01-19
24223,6.0,pengurangan,2026-01-20
24224,6.0,perkalian,2026-01-21
24225,6.0,perkalian,2026-01-24
24226,6.0,perkalian,2026-01-25
24227,6.0,perkalian,2026-01-28
24228,6.0,perkalian,2026-01-29
24229,6.0,perkalian,2026-01-31
24230,6.0,pembagian,2026-02-02
24231,6.0,pembagian,2026-02-05
24232,6.0,pembagian,2026-02-08
24233,6.0,pembagian,2026-02-09
24234,6.0,pembagian,2026-02-10
24235,6.0,pecahan,2026-02-13
24236,6.0,pecahan,2026-02-14
24237,6.0,pecahan,2026-02-16
24238,6.0,pecahan,2026-02-19
24239,6.0,pecahan,2026-02-21
24240,6.0,pecahan,2026-02-22
24241,6.0,pecahan,2026-02-24
24242,6.0,pecahan,2026-02-27
24243,6.0,desimal,2026-03-02
24244,6.0,desimal,2026-03-03
24245,6.0,desimal,2026-03-06
24246,6.0,desimal,2026-03-08
24247,6.0,desimal,2026-03-09
24248,6.0,desimal,2026-03-11
24249,6.0,aljabar,2026-03-12
24250,6.0,aljabar,2026-03-14
24251,6.0,aljabar,2026-03-15
24252,6.0,aljabar,2026-03-18
24253,6.0,aljabar,2026-03-21
24254,6.0,aljabar,2026-03-23
24255,6.0,aljabar,2026-03-25
24256,6.0,aljabar,2026-03-27
24257,6.0,aljabar,2026-03-28
24258,6.0,persamaan_linear,2026-03-31
24259,6.0,persamaan_linear,2026-04-01
24260,6.0,persamaan_linear,2026-04-02
24261,6.0,persamaan_linear,2026-04-04
24262,6.0,persamaan_linear,2026-04-07
24263,6.0,persamaan_linear,2026-04-09
24264,6.0,persamaan_linear,2026-04-12
24265,6.0,persamaan_linear,2026-04-15
24266,6.0,persamaan_linear,2026-04-18
24267,6.0,turunan,2026-04-21
24268,6.0,turunan,2026-04-23
24269,6.0,turunan,2026-04-24
24270,6.0,turunan,2026-04-26
24271,6.0,turunan,2026-04-29
24272,6.0,turunan,2026-04-30
24273,6.0,turunan,2026-05-01
24274,6.0,turunan,2026-05-02
24275,6.0,turunan,2026-05-05
24276,14.0,penjumlahan,2026-01-01
24277,14.0,penjumlahan,2026-01-02
24278,14.0,penjumlahan,2026-01-04
24279,14.0,penjumlahan,2026-01-07
24280,14.0,penjumlahan,2026-01-08
24281,14.0,penjumlahan,2026-01-10
24282,14.0,penjumlahan,2026-01-12
24283,14.0,penjumlahan,2026-01-15
24284,14.0,penjumlahan,2026-01-18
24285,14.0,pengurangan,2026-01-21
24286,14.0,pengurangan,2026-01-22
24287,14.0,pengurangan,2026-01-23
24288,14.0,pengurangan,2026-01-26
24289,14.0,pengurangan,2026-01-28
24290,14.0,perkalian,2026-01-29
24291,14.0,perkalian,2026-02-01
24292,14.0,perkalian,2026-02-03
24293,14.0,perkalian,2026-02-04
24294,14.0,perkalian,2026-02-05
24295,14.0,perkalian,2026-02-08
24296,14.0,perkalian,2026-02-09
24297,14.0,perkalian,2026-02-12
24298,14.0,perkalian,2026-02-13
24299,14.0,pembagian,2026-02-15
24300,14.0,pembagian,2026-02-16
24301,14.0,pembagian,2026-02-19
24302,14.0,pembagian,2026-02-20
24303,14.0,pembagian,2026-02-23
24304,14.0,pecahan,2026-02-25
24305,14.0,pecahan,2026-02-28
24306,14.0,pecahan,2026-03-02
24307,14.0,pecahan,2026-03-04
24308,14.0,pecahan,2026-03-06
24309,14.0,pecahan,2026-03-09
24310,14.0,pecahan,2026-03-11
24311,14.0,pecahan,2026-03-14
24312,14.0,pecahan,2026-03-16
24313,14.0,desimal,2026-03-19
24314,14.0,desimal,2026-03-21
24315,14.0,desimal,2026-03-23
24316,14.0,desimal,2026-03-26
24317,14.0,desimal,2026-03-27
24318,14.0,desimal,2026-03-28
24319,14.0,desimal,2026-03-29
24320,14.0,persamaan_linear,2026-03-31
24321,14.0,persamaan_linear,2026-04-03
24322,14.0,persamaan_linear,2026-04-05
24323,14.0,persamaan_linear,2026-04-06
24324,14.0,persamaan_linear,2026-04-09
24325,14.0,persamaan_linear,2026-04-10
24326,14.0,persamaan_linear,2026-04-11
24327,14.0,persamaan_linear,2026-04-12
24328,14.0,persamaan_linear,2026-04-13
24329,14.0,fungsi,2026-04-15
24330,14.0,fungsi,2026-04-17
24331,14.0,fungsi,2026-04-20
24332,14.0,fungsi,2026-04-21
24333,14.0,fungsi,2026-04-24
24334,14.0,fungsi,2026-04-26
24335,14.0,fungsi,2026-04-29
24336,14.0,fungsi,2026-05-01
24337,14.0,limit,2026-05-03
24338,14.0,limit,2026-05-05
24339,14.0,limit,2026-05-08
24340,14.0,limit,2026-05-11
24341,14.0,limit,2026-05-13
24342,14.0,turunan,2026-05-14
24343,14.0,turunan,2026-05-15
24344,14.0,turunan,2026-05-17
24345,14.0,turunan,2026-05-18
24346,14.0,turunan,2026-05-20
24347,14.0,turunan,2026-05-22
24348,14.0,turunan,2026-05-23
24349,14.0,turunan,2026-05-25
24350,14.0,integral,2026-05-28
24351,14.0,integral,2026-05-30
24352,14.0,integral,2026-06-01
24353,14.0,integral,2026-06-04
24354,14.0,integral,2026-06-05
24355,14.0,integral,2026-06-07
24356,14.0,integral,2026-06-09
24357,14.0,integral,2026-06-11
24358,14.0,integral,2026-06-13
24359,20.0,penjumlahan,2026-01-01
24360,20.0,penjumlahan,2026-01-04
24361,20.0,penjumlahan,2026-01-05
24362,20.0,penjumlahan,2026-01-08
24363,20.0,penjumlahan,2026-01-09
24364,20.0,penjumlahan,2026-01-12
24365,20.0,penjumlahan,2026-01-14
24366,20.0,penjumlahan,2026-01-17
24367,20.0,penjumlahan,2026-01-18
24368,20.0,pengurangan,2026-01-19
24369,20.0,pengurangan,2026-01-21
24370,20.0,pengurangan,2026-01-23
24371,20.0,pengurangan,2026-01-26
24372,20.0,pengurangan,2026-01-27
24373,20.0,perkalian,2026-01-29
24374,20.0,perkalian,2026-01-30
24375,20.0,perkalian,2026-01-31
24376,20.0,perkalian,2026-02-01
24377,20.0,perkalian,2026-02-03
24378,20.0,perkalian,2026-02-05
24379,20.0,perkalian,2026-02-07
24380,20.0,perkalian,2026-02-08
24381,20.0,pembagian,2026-02-10
24382,20.0,pembagian,2026-02-13
24383,20.0,pembagian,2026-02-14
24384,20.0,pembagian,2026-02-17
24385,20.0,pembagian,2026-02-18
24386,20.0,pembagian,2026-02-21
24387,20.0,pembagian,2026-02-23
24388,20.0,pecahan,2026-02-25
24389,20.0,pecahan,2026-02-28
24390,20.0,pecahan,2026-03-02
24391,20.0,pecahan,2026-03-04
24392,20.0,pecahan,2026-03-07
24393,20.0,pecahan,2026-03-08
24394,20.0,aljabar,2026-03-10
24395,20.0,aljabar,2026-03-11
24396,20.0,aljabar,2026-03-14
24397,20.0,aljabar,2026-03-16
24398,20.0,aljabar,2026-03-17
24399,20.0,aljabar,2026-03-18
24400,20.0,aljabar,2026-03-19
24401,20.0,aljabar,2026-03-22
24402,20.0,aljabar,2026-03-24
24403,20.0,persamaan_linear,2026-03-26
24404,20.0,persamaan_linear,2026-03-27
24405,20.0,persamaan_linear,2026-03-28
24406,20.0,persamaan_linear,2026-03-30
24407,20.0,persamaan_linear,2026-04-01
24408,20.0,persamaan_linear,2026-04-04
24409,20.0,persamaan_linear,2026-04-05
24410,20.0,fungsi,2026-04-08
24411,20.0,fungsi,2026-04-11
24412,20.0,fungsi,2026-04-14
24413,20.0,fungsi,2026-04-17
24414,20.0,fungsi,2026-04-18
24415,20.0,fungsi,2026-04-21
24416,20.0,fungsi,2026-04-23
24417,20.0,fungsi,2026-04-24
24418,20.0,turunan,2026-04-26
24419,20.0,turunan,2026-04-27
24420,20.0,turunan,2026-04-28
24421,20.0,turunan,2026-05-01
24422,20.0,turunan,2026-05-04
24423,20.0,turunan,2026-05-07
24424,20.0,turunan,2026-05-08
24425,20.0,turunan,2026-05-10
24426,20.0,turunan,2026-05-11
24427,10.0,penjumlahan,2026-01-01
24428,10.0,penjumlahan,2026-01-03
24429,10.0,penjumlahan,2026-01-04
24430,10.0,penjumlahan,2026-01-06
24431,10.0,penjumlahan,2026-01-08
24432,10.0,pengurangan,2026-01-10
24433,10.0,pengurangan,2026-01-11
24434,10.0,pengurangan,2026-01-14
24435,10.0,pengurangan,2026-01-16
24436,10.0,pengurangan,2026-01-19
24437,10.0,pengurangan,2026-01-20
24438,10.0,pengurangan,2026-01-22
24439,10.0,pengurangan,2026-01-25
24440,10.0,pengurangan,2026-01-28
24441,10.0,perkalian,2026-01-29
24442,10.0,perkalian,2026-01-31
24443,10.0,perkalian,2026-02-01
24444,10.0,perkalian,2026-02-04
24445,10.0,perkalian,2026-02-05
24446,10.0,perkalian,2026-02-07
24447,10.0,desimal,2026-02-09
24448,10.0,desimal,2026-02-11
24449,10.0,desimal,2026-02-14
24450,10.0,desimal,2026-02-17
24451,10.0,desimal,2026-02-19
24452,10.0,desimal,2026-02-21
24453,10.0,desimal,2026-02-24
24454,10.0,desimal,2026-02-27
24455,10.0,persamaan_linear,2026-03-02
24456,10.0,persamaan_linear,2026-03-03
24457,10.0,persamaan_linear,2026-03-06
24458,10.0,persamaan_linear,2026-03-08
24459,10.0,persamaan_linear,2026-03-10
24460,10.0,persamaan_linear,2026-03-12
24461,10.0,limit,2026-03-14
24462,10.0,limit,2026-03-16
24463,10.0,limit,2026-03-19
24464,10.0,limit,2026-03-20
24465,10.0,limit,2026-03-21
24466,8.0,penjumlahan,2026-01-01
24467,8.0,penjumlahan,2026-01-03
24468,8.0,penjumlahan,2026-01-06
24469,8.0,penjumlahan,2026-01-09
24470,8.0,penjumlahan,2026-01-12
24471,8.0,pengurangan,2026-01-14
24472,8.0,pengurangan,2026-01-15
24473,8.0,pengurangan,2026-01-16
24474,8.0,pengurangan,2026-01-18
24475,8.0,pengurangan,2026-01-19
24476,8.0,pengurangan,2026-01-22
24477,8.0,pengurangan,2026-01-23
24478,8.0,pengurangan,2026-01-26
24479,8.0,pengurangan,2026-01-27
24480,8.0,pembagian,2026-01-30
24481,8.0,pembagian,2026-01-31
24482,8.0,pembagian,2026-02-02
24483,8.0,pembagian,2026-02-04
24484,8.0,pembagian,2026-02-06
24485,8.0,pembagian,2026-02-08
24486,8.0,pembagian,2026-02-10
24487,8.0,pecahan,2026-02-12
24488,8.0,pecahan,2026-02-15
24489,8.0,pecahan,2026-02-16
24490,8.0,pecahan,2026-02-17
24491,8.0,pecahan,2026-02-20
24492,8.0,pecahan,2026-02-21
24493,8.0,desimal,2026-02-23
24494,8.0,desimal,2026-02-26
24495,8.0,desimal,2026-03-01
24496,8.0,desimal,2026-03-03
24497,8.0,desimal,2026-03-04
24498,8.0,desimal,2026-03-05
24499,8.0,desimal,2026-03-07
24500,8.0,aljabar,2026-03-08
24501,8.0,aljabar,2026-03-09
24502,8.0,aljabar,2026-03-10
24503,8.0,aljabar,2026-03-11
24504,8.0,aljabar,2026-03-13
24505,8.0,aljabar,2026-03-14
24506,8.0,persamaan_linear,2026-03-15
24507,8.0,persamaan_linear,2026-03-16
24508,8.0,persamaan_linear,2026-03-18
24509,8.0,persamaan_linear,2026-03-20
24510,8.0,persamaan_linear,2026-03-23
24511,8.0,persamaan_linear,2026-03-25
24512,8.0,fungsi,2026-03-27
24513,8.0,fungsi,2026-03-30
24514,8.0,fungsi,2026-04-02
24515,8.0,fungsi,2026-04-04
24516,8.0,fungsi,2026-04-06
24517,8.0,fungsi,2026-04-09
24518,8.0,fungsi,2026-04-12
24519,8.0,limit,2026-04-13
24520,8.0,limit,2026-04-16
24521,8.0,limit,2026-04-19
24522,8.0,limit,2026-04-21
24523,8.0,limit,2026-04-22
24524,10.0,penjumlahan,2026-01-01
24525,10.0,penjumlahan,2026-01-02
24526,10.0,penjumlahan,2026-01-05
24527,10.0,penjumlahan,2026-01-08
24528,10.0,penjumlahan,2026-01-09
24529,10.0,penjumlahan,2026-01-11
24530,10.0,pengurangan,2026-01-12
24531,10.0,pengurangan,2026-01-14
24532,10.0,pengurangan,2026-01-17
24533,10.0,pengurangan,2026-01-18
24534,10.0,pengurangan,2026-01-19
24535,10.0,pengurangan,2026-01-22
24536,10.0,pengurangan,2026-01-24
24537,10.0,pengurangan,2026-01-26
24538,10.0,perkalian,2026-01-27
24539,10.0,perkalian,2026-01-28
24540,10.0,perkalian,2026-01-29
24541,10.0,perkalian,2026-01-30
24542,10.0,perkalian,2026-01-31
24543,10.0,perkalian,2026-02-02
24544,10.0,pembagian,2026-02-04
24545,10.0,pembagian,2026-02-06
24546,10.0,pembagian,2026-02-07
24547,10.0,pembagian,2026-02-08
24548,10.0,pembagian,2026-02-10
24549,10.0,pembagian,2026-02-12
24550,10.0,pembagian,2026-02-14
24551,10.0,aljabar,2026-02-17
24552,10.0,aljabar,2026-02-18
24553,10.0,aljabar,2026-02-19
24554,10.0,aljabar,2026-02-21
24555,10.0,aljabar,2026-02-24
24556,10.0,persamaan_linear,2026-02-26
24557,10.0,persamaan_linear,2026-03-01
24558,10.0,persamaan_linear,2026-03-04
24559,10.0,persamaan_linear,2026-03-06
24560,10.0,persamaan_linear,2026-03-08
24561,10.0,persamaan_linear,2026-03-09
24562,10.0,persamaan_linear,2026-03-11
24563,10.0,persamaan_linear,2026-03-13
24564,10.0,fungsi,2026-03-15
24565,10.0,fungsi,2026-03-16
24566,10.0,fungsi,2026-03-19
24567,10.0,fungsi,2026-03-21
24568,10.0,fungsi,2026-03-24
24569,10.0,fungsi,2026-03-26
24570,10.0,fungsi,2026-03-27
24571,10.0,fungsi,2026-03-30
24572,10.0,limit,2026-04-01
24573,10.0,limit,2026-04-04
24574,10.0,limit,2026-04-05
24575,10.0,limit,2026-04-06
24576,10.0,limit,2026-04-08
24577,10.0,limit,2026-04-10
24578,10.0,turunan,2026-04-13
24579,10.0,turunan,2026-04-16
24580,10.0,turunan,2026-04-18
24581,10.0,turunan,2026-04-21
24582,10.0,turunan,2026-04-22
24583,10.0,integral,2026-04-25
24584,10.0,integral,2026-04-26
24585,10.0,integral,2026-04-28
24586,10.0,integral,2026-05-01
24587,10.0,integral,2026-05-02
24588,10.0,integral,2026-05-03
24589,10.0,integral,2026-05-05
24590,10.0,integral,2026-05-07
24591,3.0,penjumlahan,2026-01-01
24592,3.0,penjumlahan,2026-01-04
24593,3.0,penjumlahan,2026-01-07
24594,3.0,penjumlahan,2026-01-10
24595,3.0,penjumlahan,2026-01-12
24596,3.0,penjumlahan,2026-01-14
24597,3.0,penjumlahan,2026-01-16
24598,3.0,penjumlahan,2026-01-18
24599,3.0,pengurangan,2026-01-20
24600,3.0,pengurangan,2026-01-23
24601,3.0,pengurangan,2026-01-26
24602,3.0,pengurangan,2026-01-27
24603,3.0,pengurangan,2026-01-30
24604,3.0,pengurangan,2026-02-02
24605,3.0,perkalian,2026-02-03
24606,3.0,perkalian,2026-02-04
24607,3.0,perkalian,2026-02-06
24608,3.0,perkalian,2026-02-07
24609,3.0,perkalian,2026-02-08
24610,3.0,perkalian,2026-02-11
24611,3.0,perkalian,2026-02-13
24612,3.0,pembagian,2026-02-16
24613,3.0,pembagian,2026-02-17
24614,3.0,pembagian,2026-02-19
24615,3.0,pembagian,2026-02-22
24616,3.0,pembagian,2026-02-23
24617,3.0,pembagian,2026-02-25
24618,3.0,pembagian,2026-02-28
24619,3.0,pembagian,2026-03-01
24620,3.0,desimal,2026-03-04
24621,3.0,desimal,2026-03-07
24622,3.0,desimal,2026-03-08
24623,3.0,desimal,2026-03-11
24624,3.0,desimal,2026-03-14
24625,3.0,persamaan_linear,2026-03-15
24626,3.0,persamaan_linear,2026-03-17
24627,3.0,persamaan_linear,2026-03-19
24628,3.0,persamaan_linear,2026-03-22
24629,3.0,persamaan_linear,2026-03-23
24630,3.0,persamaan_linear,2026-03-26
24631,3.0,fungsi,2026-03-29
24632,3.0,fungsi,2026-04-01
24633,3.0,fungsi,2026-04-02
24634,3.0,fungsi,2026-04-05
24635,3.0,fungsi,2026-04-07
24636,3.0,fungsi,2026-04-08
24637,3.0,integral,2026-04-09
24638,3.0,integral,2026-04-11
24639,3.0,integral,2026-04-13
24640,3.0,integral,2026-04-15
24641,3.0,integral,2026-04-17
24642,3.0,integral,2026-04-18
24643,3.0,integral,2026-04-20
24644,3.0,integral,2026-04-22
24645,3.0,integral,2026-04-24
24646,9.0,penjumlahan,2026-01-01
24647,9.0,penjumlahan,2026-01-02
24648,9.0,penjumlahan,2026-01-04
24649,9.0,penjumlahan,2026-01-06
24650,9.0,penjumlahan,2026-01-08
24651,9.0,penjumlahan,2026-01-09
24652,9.0,penjumlahan,2026-01-10
24653,9.0,pengurangan,2026-01-12
24654,9.0,pengurangan,2026-01-14
24655,9.0,pengurangan,2026-01-17
24656,9.0,pengurangan,2026-01-20
24657,9.0,pengurangan,2026-01-21
24658,9.0,pengurangan,2026-01-22
24659,9.0,pengurangan,2026-01-24
24660,9.0,pembagian,2026-01-25
24661,9.0,pembagian,2026-01-26
24662,9.0,pembagian,2026-01-27
24663,9.0,pembagian,2026-01-28
24664,9.0,pembagian,2026-01-29
24665,9.0,pembagian,2026-01-31
24666,9.0,pembagian,2026-02-02
24667,9.0,pembagian,2026-02-04
24668,9.0,pembagian,2026-02-07
24669,9.0,desimal,2026-02-08
24670,9.0,desimal,2026-02-11
24671,9.0,desimal,2026-02-12
24672,9.0,desimal,2026-02-15
24673,9.0,desimal,2026-02-18
24674,9.0,desimal,2026-02-19
24675,9.0,persamaan_linear,2026-02-22
24676,9.0,persamaan_linear,2026-02-25
24677,9.0,persamaan_linear,2026-02-27
24678,9.0,persamaan_linear,2026-03-02
24679,9.0,persamaan_linear,2026-03-04
24680,9.0,persamaan_linear,2026-03-07
24681,9.0,persamaan_linear,2026-03-08
24682,9.0,persamaan_linear,2026-03-09
24683,9.0,persamaan_linear,2026-03-12
24684,9.0,fungsi,2026-03-15
24685,9.0,fungsi,2026-03-17
24686,9.0,fungsi,2026-03-18
24687,9.0,fungsi,2026-03-19
24688,9.0,fungsi,2026-03-20
24689,9.0,fungsi,2026-03-21
24690,9.0,fungsi,2026-03-23
24691,9.0,fungsi,2026-03-26
24692,9.0,turunan,2026-03-29
24693,9.0,turunan,2026-04-01
24694,9.0,turunan,2026-04-04
24695,9.0,turunan,2026-04-06
24696,9.0,turunan,2026-04-08
24697,9.0,turunan,2026-04-11
24698,9.0,integral,2026-04-13
24699,9.0,integral,2026-04-16
24700,9.0,integral,2026-04-17
24701,9.0,integral,2026-04-20
24702,9.0,integral,2026-04-23
24703,9.0,integral,2026-04-24
24704,14.0,penjumlahan,2026-01-01
24705,14.0,penjumlahan,2026-01-02
24706,14.0,penjumlahan,2026-01-04
24707,14.0,penjumlahan,2026-01-07
24708,14.0,penjumlahan,2026-01-09
24709,14.0,penjumlahan,2026-01-12
24710,14.0,penjumlahan,2026-01-13
24711,14.0,penjumlahan,2026-01-15
24712,14.0,pengurangan,2026-01-17
24713,14.0,pengurangan,2026-01-18
24714,14.0,pengurangan,2026-01-19
24715,14.0,pengurangan,2026-01-20
24716,14.0,pengurangan,2026-01-21
24717,14.0,pecahan,2026-01-23
24718,14.0,pecahan,2026-01-26
24719,14.0,pecahan,2026-01-28
24720,14.0,pecahan,2026-01-31
24721,14.0,pecahan,2026-02-01
24722,14.0,pecahan,2026-02-04
24723,14.0,desimal,2026-02-05
24724,14.0,desimal,2026-02-07
24725,14.0,desimal,2026-02-08
24726,14.0,desimal,2026-02-11
24727,14.0,desimal,2026-02-13
24728,14.0,desimal,2026-02-16
24729,14.0,desimal,2026-02-17
24730,14.0,desimal,2026-02-19
24731,14.0,desimal,2026-02-21
24732,14.0,aljabar,2026-02-24
24733,14.0,aljabar,2026-02-27
24734,14.0,aljabar,2026-03-02
24735,14.0,aljabar,2026-03-04
24736,14.0,aljabar,2026-03-05
24737,14.0,aljabar,2026-03-08
24738,14.0,persamaan_linear,2026-03-09
24739,14.0,persamaan_linear,2026-03-11
24740,14.0,persamaan_linear,2026-03-13
24741,14.0,persamaan_linear,2026-03-16
24742,14.0,persamaan_linear,2026-03-18
24743,14.0,persamaan_linear,2026-03-21
24744,14.0,persamaan_linear,2026-03-22
24745,14.0,fungsi,2026-03-25
24746,14.0,fungsi,2026-03-27
24747,14.0,fungsi,2026-03-30
24748,14.0,fungsi,2026-04-01
24749,14.0,fungsi,2026-04-02
24750,14.0,limit,2026-04-05
24751,14.0,limit,2026-04-07
24752,14.0,limit,2026-04-10
24753,14.0,limit,2026-04-11
24754,14.0,limit,2026-04-14
24755,14.0,limit,2026-04-16
24756,14.0,limit,2026-04-19
24757,14.0,limit,2026-04-20
24758,14.0,turunan,2026-04-21
24759,14.0,turunan,2026-04-22
24760,14.0,turunan,2026-04-23
24761,14.0,turunan,2026-04-24
24762,14.0,turunan,2026-04-26
24763,18.0,penjumlahan,2026-01-01
24764,18.0,penjumlahan,2026-01-03
24765,18.0,penjumlahan,2026-01-05
24766,18.0,penjumlahan,2026-01-07
24767,18.0,penjumlahan,2026-01-09
24768,18.0,penjumlahan,2026-01-12
24769,18.0,penjumlahan,2026-01-13
24770,18.0,penjumlahan,2026-01-15
24771,18.0,pengurangan,2026-01-16
24772,18.0,pengurangan,2026-01-17
24773,18.0,pengurangan,2026-01-20
24774,18.0,pengurangan,2026-01-22
24775,18.0,pengurangan,2026-01-24
24776,18.0,pengurangan,2026-01-26
24777,18.0,pengurangan,2026-01-28
24778,18.0,pengurangan,2026-01-29
24779,18.0,pengurangan,2026-02-01
24780,18.0,perkalian,2026-02-04
24781,18.0,perkalian,2026-02-07
24782,18.0,perkalian,2026-02-10
24783,18.0,perkalian,2026-02-13
24784,18.0,perkalian,2026-02-15
24785,18.0,perkalian,2026-02-17
24786,18.0,pembagian,2026-02-20
24787,18.0,pembagian,2026-02-22
24788,18.0,pembagian,2026-02-23
24789,18.0,pembagian,2026-02-24
24790,18.0,pembagian,2026-02-25
24791,18.0,pembagian,2026-02-27
24792,18.0,pembagian,2026-03-02
24793,18.0,pembagian,2026-03-03
24794,18.0,pembagian,2026-03-04
24795,18.0,aljabar,2026-03-06
24796,18.0,aljabar,2026-03-08
24797,18.0,aljabar,2026-03-11
24798,18.0,aljabar,2026-03-13
24799,18.0,aljabar,2026-03-16
24800,18.0,aljabar,2026-03-18
24801,18.0,aljabar,2026-03-21
24802,18.0,persamaan_linear,2026-03-24
24803,18.0,persamaan_linear,2026-03-26
24804,18.0,persamaan_linear,2026-03-27
24805,18.0,persamaan_linear,2026-03-28
24806,18.0,persamaan_linear,2026-03-29
24807,18.0,persamaan_linear,2026-03-30
24808,18.0,persamaan_linear,2026-03-31
24809,18.0,turunan,2026-04-03
24810,18.0,turunan,2026-04-06
24811,18.0,turunan,2026-04-09
24812,18.0,turunan,2026-04-10
24813,18.0,turunan,2026-04-12
24814,18.0,turunan,2026-04-13
24815,5.0,penjumlahan,2026-01-01
24816,5.0,penjumlahan,2026-01-04
24817,5.0,penjumlahan,2026-01-05
24818,5.0,penjumlahan,2026-01-08
24819,5.0,penjumlahan,2026-01-10
24820,5.0,penjumlahan,2026-01-13
24821,5.0,pengurangan,2026-01-14
24822,5.0,pengurangan,2026-01-17
24823,5.0,pengurangan,2026-01-19
24824,5.0,pengurangan,2026-01-20
24825,5.0,pengurangan,2026-01-23
24826,5.0,pengurangan,2026-01-26
24827,5.0,perkalian,2026-01-29
24828,5.0,perkalian,2026-02-01
24829,5.0,perkalian,2026-02-03
24830,5.0,perkalian,2026-02-06
24831,5.0,perkalian,2026-02-09
24832,5.0,perkalian,2026-02-12
24833,5.0,perkalian,2026-02-14
24834,5.0,pembagian,2026-02-15
24835,5.0,pembagian,2026-02-17
24836,5.0,pembagian,2026-02-19
24837,5.0,pembagian,2026-02-21
24838,5.0,pembagian,2026-02-24
24839,5.0,pecahan,2026-02-26
24840,5.0,pecahan,2026-02-28
24841,5.0,pecahan,2026-03-01
24842,5.0,pecahan,2026-03-02
24843,5.0,pecahan,2026-03-05
24844,5.0,pecahan,2026-03-07
24845,5.0,desimal,2026-03-10
24846,5.0,desimal,2026-03-11
24847,5.0,desimal,2026-03-12
24848,5.0,desimal,2026-03-13
24849,5.0,desimal,2026-03-15
24850,5.0,desimal,2026-03-16
24851,5.0,desimal,2026-03-18
24852,5.0,desimal,2026-03-19
24853,5.0,aljabar,2026-03-22
24854,5.0,aljabar,2026-03-24
24855,5.0,aljabar,2026-03-26
24856,5.0,aljabar,2026-03-29
24857,5.0,aljabar,2026-04-01
24858,5.0,aljabar,2026-04-04
24859,5.0,aljabar,2026-04-05
24860,5.0,aljabar,2026-04-06
24861,5.0,aljabar,2026-04-08
24862,5.0,persamaan_linear,2026-04-10
24863,5.0,persamaan_linear,2026-04-11
24864,5.0,persamaan_linear,2026-04-12
24865,5.0,persamaan_linear,2026-04-14
24866,5.0,persamaan_linear,2026-04-15
24867,5.0,persamaan_linear,2026-04-16
24868,5.0,turunan,2026-04-19
24869,5.0,turunan,2026-04-20
24870,5.0,turunan,2026-04-21
24871,5.0,turunan,2026-04-23
24872,5.0,turunan,2026-04-24
24873,5.0,integral,2026-04-25
24874,5.0,integral,2026-04-26
24875,5.0,integral,2026-04-28
24876,5.0,integral,2026-04-30
24877,5.0,integral,2026-05-02
24878,5.0,integral,2026-05-05
24879,5.0,penjumlahan,2026-01-01
24880,5.0,penjumlahan,2026-01-03
24881,5.0,penjumlahan,2026-01-04
24882,5.0,penjumlahan,2026-01-05
24883,5.0,penjumlahan,2026-01-08
24884,5.0,penjumlahan,2026-01-10
24885,5.0,penjumlahan,2026-01-12
24886,5.0,penjumlahan,2026-01-15
24887,5.0,pengurangan,2026-01-16
24888,5.0,pengurangan,2026-01-19
24889,5.0,pengurangan,2026-01-21
24890,5.0,pengurangan,2026-01-24
24891,5.0,pengurangan,2026-01-26
24892,5.0,pengurangan,2026-01-28
24893,5.0,pengurangan,2026-01-30
24894,5.0,pembagian,2026-02-01
24895,5.0,pembagian,2026-02-02
24896,5.0,pembagian,2026-02-04
24897,5.0,pembagian,2026-02-05
24898,5.0,pembagian,2026-02-07
24899,5.0,pembagian,2026-02-10
24900,5.0,pembagian,2026-02-12
24901,5.0,pembagian,2026-02-13
24902,5.0,pecahan,2026-02-14
24903,5.0,pecahan,2026-02-17
24904,5.0,pecahan,2026-02-19
24905,5.0,pecahan,2026-02-21
24906,5.0,pecahan,2026-02-23
24907,5.0,pecahan,2026-02-24
24908,5.0,pecahan,2026-02-26
24909,5.0,aljabar,2026-03-01
24910,5.0,aljabar,2026-03-04
24911,5.0,aljabar,2026-03-06
24912,5.0,aljabar,2026-03-09
24913,5.0,aljabar,2026-03-11
24914,5.0,aljabar,2026-03-14
24915,5.0,aljabar,2026-03-15
24916,5.0,fungsi,2026-03-17
24917,5.0,fungsi,2026-03-18
24918,5.0,fungsi,2026-03-19
24919,5.0,fungsi,2026-03-20
24920,5.0,fungsi,2026-03-23
24921,5.0,limit,2026-03-24
24922,5.0,limit,2026-03-27
24923,5.0,limit,2026-03-30
24924,5.0,limit,2026-04-02
24925,5.0,limit,2026-04-04
24926,5.0,limit,2026-04-05
24927,5.0,limit,2026-04-08
24928,5.0,turunan,2026-04-11
24929,5.0,turunan,2026-04-14
24930,5.0,turunan,2026-04-17
24931,5.0,turunan,2026-04-18
24932,5.0,turunan,2026-04-20
24933,5.0,turunan,2026-04-22
24934,5.0,turunan,2026-04-24
24935,5.0,turunan,2026-04-25
24936,5.0,turunan,2026-04-28
24937,5.0,integral,2026-05-01
24938,5.0,integral,2026-05-04
24939,5.0,integral,2026-05-05
24940,5.0,integral,2026-05-07
24941,5.0,integral,2026-05-09
24942,5.0,integral,2026-05-12
24943,5.0,integral,2026-05-14
24944,5.0,integral,2026-05-16
24945,2.0,penjumlahan,2026-01-01
24946,2.0,penjumlahan,2026-01-04
24947,2.0,penjumlahan,2026-01-05
24948,2.0,penjumlahan,2026-01-07
24949,2.0,penjumlahan,2026-01-10
24950,2.0,pengurangan,2026-01-12
24951,2.0,pengurangan,2026-01-13
24952,2.0,pengurangan,2026-01-14
24953,2.0,pengurangan,2026-01-16
24954,2.0,pengurangan,2026-01-19
24955,2.0,pengurangan,2026-01-21
24956,2.0,pembagian,2026-01-22
24957,2.0,pembagian,2026-01-23
24958,2.0,pembagian,2026-01-26
24959,2.0,pembagian,2026-01-29
24960,2.0,pembagian,2026-01-31
24961,2.0,pembagian,2026-02-02
24962,2.0,pembagian,2026-02-03
24963,2.0,pecahan,2026-02-06
24964,2.0,pecahan,2026-02-08
24965,2.0,pecahan,2026-02-11
24966,2.0,pecahan,2026-02-14
24967,2.0,pecahan,2026-02-15
24968,2.0,pecahan,2026-02-18
24969,2.0,desimal,2026-02-21
24970,2.0,desimal,2026-02-22
24971,2.0,desimal,2026-02-24
24972,2.0,desimal,2026-02-25
24973,2.0,desimal,2026-02-28
24974,2.0,desimal,2026-03-03
24975,2.0,aljabar,2026-03-06
24976,2.0,aljabar,2026-03-09
24977,2.0,aljabar,2026-03-12
24978,2.0,aljabar,2026-03-13
24979,2.0,aljabar,2026-03-16
24980,2.0,aljabar,2026-03-18
24981,2.0,persamaan_linear,2026-03-19
24982,2.0,persamaan_linear,2026-03-22
24983,2.0,persamaan_linear,2026-03-24
24984,2.0,persamaan_linear,2026-03-27
24985,2.0,persamaan_linear,2026-03-30
24986,2.0,persamaan_linear,2026-04-01
24987,2.0,limit,2026-04-02
24988,2.0,limit,2026-04-05
24989,2.0,limit,2026-04-06
24990,2.0,limit,2026-04-09
24991,2.0,limit,2026-04-12
24992,2.0,limit,2026-04-15
24993,2.0,limit,2026-04-17
24994,2.0,limit,2026-04-19
24995,2.0,turunan,2026-04-21
24996,2.0,turunan,2026-04-22
24997,2.0,turunan,2026-04-24
24998,2.0,turunan,2026-04-25
24999,2.0,turunan,2026-04-27
25000,2.0,turunan,2026-04-30
25001,2.0,integral,2026-05-02
25002,2.0,integral,2026-05-04
25003,2.0,integral,2026-05-05
25004,2.0,integral,2026-05-07
25005,2.0,integral,2026-05-09
25006,2.0,integral,2026-05-12
25007,2.0,integral,2026-05-15
25008,10.0,penjumlahan,2026-01-01
25009,10.0,penjumlahan,2026-01-04
25010,10.0,penjumlahan,2026-01-06
25011,10.0,penjumlahan,2026-01-08
25012,10.0,penjumlahan,2026-01-09
25013,10.0,pengurangan,2026-01-12
25014,10.0,pengurangan,2026-01-14
25015,10.0,pengurangan,2026-01-16
25016,10.0,pengurangan,2026-01-18
25017,10.0,pengurangan,2026-01-19
25018,10.0,pengurangan,2026-01-20
25019,10.0,pengurangan,2026-01-23
25020,10.0,pengurangan,2026-01-25
25021,10.0,pengurangan,2026-01-27
25022,10.0,desimal,2026-01-28
25023,10.0,desimal,2026-01-31
25024,10.0,desimal,2026-02-01
25025,10.0,desimal,2026-02-02
25026,10.0,desimal,2026-02-05
25027,10.0,desimal,2026-02-08
25028,10.0,desimal,2026-02-09
25029,10.0,desimal,2026-02-12
25030,10.0,aljabar,2026-02-14
25031,10.0,aljabar,2026-02-16
25032,10.0,aljabar,2026-02-17
25033,10.0,aljabar,2026-02-20
25034,10.0,aljabar,2026-02-21
25035,10.0,persamaan_linear,2026-02-23
25036,10.0,persamaan_linear,2026-02-26
25037,10.0,persamaan_linear,2026-02-27
25038,10.0,persamaan_linear,2026-02-28
25039,10.0,persamaan_linear,2026-03-03
25040,10.0,persamaan_linear,2026-03-04
25041,10.0,persamaan_linear,2026-03-05
25042,10.0,persamaan_linear,2026-03-08
25043,10.0,persamaan_linear,2026-03-11
25044,10.0,fungsi,2026-03-14
25045,10.0,fungsi,2026-03-17
25046,10.0,fungsi,2026-03-20
25047,10.0,fungsi,2026-03-22
25048,10.0,fungsi,2026-03-24
25049,10.0,fungsi,2026-03-26
25050,10.0,fungsi,2026-03-29
25051,10.0,integral,2026-03-30
25052,10.0,integral,2026-03-31
25053,10.0,integral,2026-04-03
25054,10.0,integral,2026-04-06
25055,10.0,integral,2026-04-07
25056,15.0,penjumlahan,2026-01-01
25057,15.0,penjumlahan,2026-01-02
25058,15.0,penjumlahan,2026-01-05
25059,15.0,penjumlahan,2026-01-08
25060,15.0,penjumlahan,2026-01-09
25061,15.0,pengurangan,2026-01-11
25062,15.0,pengurangan,2026-01-13
25063,15.0,pengurangan,2026-01-16
25064,15.0,pengurangan,2026-01-19
25065,15.0,pengurangan,2026-01-20
25066,15.0,pengurangan,2026-01-22
25067,15.0,pengurangan,2026-01-23
25068,15.0,perkalian,2026-01-25
25069,15.0,perkalian,2026-01-27
25070,15.0,perkalian,2026-01-29
25071,15.0,perkalian,2026-01-31
25072,15.0,perkalian,2026-02-03
25073,15.0,perkalian,2026-02-04
25074,15.0,pembagian,2026-02-07
25075,15.0,pembagian,2026-02-08
25076,15.0,pembagian,2026-02-11
25077,15.0,pembagian,2026-02-12
25078,15.0,pembagian,2026-02-14
25079,15.0,pembagian,2026-02-15
25080,15.0,pembagian,2026-02-17
25081,15.0,pembagian,2026-02-20
25082,15.0,aljabar,2026-02-23
25083,15.0,aljabar,2026-02-26
25084,15.0,aljabar,2026-03-01
25085,15.0,aljabar,2026-03-03
25086,15.0,aljabar,2026-03-05
25087,15.0,aljabar,2026-03-07
25088,15.0,persamaan_linear,2026-03-09
25089,15.0,persamaan_linear,2026-03-12
25090,15.0,persamaan_linear,2026-03-13
25091,15.0,persamaan_linear,2026-03-14
25092,15.0,persamaan_linear,2026-03-15
25093,15.0,persamaan_linear,2026-03-18
25094,15.0,persamaan_linear,2026-03-20
25095,15.0,persamaan_linear,2026-03-22
25096,15.0,fungsi,2026-03-25
25097,15.0,fungsi,2026-03-27
25098,15.0,fungsi,2026-03-28
25099,15.0,fungsi,2026-03-30
25100,15.0,fungsi,2026-03-31
25101,15.0,fungsi,2026-04-03
25102,15.0,fungsi,2026-04-04
25103,15.0,fungsi,2026-04-06
25104,15.0,limit,2026-04-08
25105,15.0,limit,2026-04-09
25106,15.0,limit,2026-04-12
25107,15.0,limit,2026-04-13
25108,15.0,limit,2026-04-15
25109,15.0,integral,2026-04-18
25110,15.0,integral,2026-04-21
25111,15.0,integral,2026-04-23
25112,15.0,integral,2026-04-24
25113,15.0,integral,2026-04-25
25114,15.0,integral,2026-04-28
25115,15.0,integral,2026-05-01
25116,15.0,penjumlahan,2026-01-01
25117,15.0,penjumlahan,2026-01-02
25118,15.0,penjumlahan,2026-01-03
25119,15.0,penjumlahan,2026-01-06
25120,15.0,penjumlahan,2026-01-07
25121,15.0,penjumlahan,2026-01-10
25122,15.0,penjumlahan,2026-01-11
25123,15.0,penjumlahan,2026-01-12
25124,15.0,penjumlahan,2026-01-13
25125,15.0,pengurangan,2026-01-16
25126,15.0,pengurangan,2026-01-17
25127,15.0,pengurangan,2026-01-19
25128,15.0,pengurangan,2026-01-21
25129,15.0,pengurangan,2026-01-24
25130,15.0,pengurangan,2026-01-25
25131,15.0,pengurangan,2026-01-28
25132,15.0,pengurangan,2026-01-31
25133,15.0,perkalian,2026-02-01
25134,15.0,perkalian,2026-02-03
25135,15.0,perkalian,2026-02-06
25136,15.0,perkalian,2026-02-09
25137,15.0,perkalian,2026-02-10
25138,15.0,perkalian,2026-02-12
25139,15.0,pembagian,2026-02-14
25140,15.0,pembagian,2026-02-17
25141,15.0,pembagian,2026-02-19
25142,15.0,pembagian,2026-02-20
25143,15.0,pembagian,2026-02-21
25144,15.0,pembagian,2026-02-22
25145,15.0,pembagian,2026-02-23
25146,15.0,pembagian,2026-02-24
25147,15.0,pembagian,2026-02-27
25148,15.0,pecahan,2026-03-01
25149,15.0,pecahan,2026-03-02
25150,15.0,pecahan,2026-03-04
25151,15.0,pecahan,2026-03-06
25152,15.0,pecahan,2026-03-07
25153,15.0,pecahan,2026-03-09
25154,15.0,desimal,2026-03-11
25155,15.0,desimal,2026-03-14
25156,15.0,desimal,2026-03-16
25157,15.0,desimal,2026-03-17
25158,15.0,desimal,2026-03-18
25159,15.0,desimal,2026-03-20
25160,15.0,desimal,2026-03-23
25161,15.0,persamaan_linear,2026-03-26
25162,15.0,persamaan_linear,2026-03-28
25163,15.0,persamaan_linear,2026-03-31
25164,15.0,persamaan_linear,2026-04-03
25165,15.0,persamaan_linear,2026-04-06
25166,15.0,persamaan_linear,2026-04-07
25167,13.0,penjumlahan,2026-01-01
25168,13.0,penjumlahan,2026-01-03
25169,13.0,penjumlahan,2026-01-05
25170,13.0,penjumlahan,2026-01-07
25171,13.0,penjumlahan,2026-01-09
25172,13.0,penjumlahan,2026-01-11
25173,13.0,penjumlahan,2026-01-14
25174,13.0,penjumlahan,2026-01-15
25175,13.0,pengurangan,2026-01-16
25176,13.0,pengurangan,2026-01-17
25177,13.0,pengurangan,2026-01-19
25178,13.0,pengurangan,2026-01-21
25179,13.0,pengurangan,2026-01-23
25180,13.0,pembagian,2026-01-26
25181,13.0,pembagian,2026-01-27
25182,13.0,pembagian,2026-01-28
25183,13.0,pembagian,2026-01-30
25184,13.0,pembagian,2026-02-02
25185,13.0,pembagian,2026-02-05
25186,13.0,pembagian,2026-02-06
25187,13.0,pembagian,2026-02-07
25188,13.0,pecahan,2026-02-10
25189,13.0,pecahan,2026-02-12
25190,13.0,pecahan,2026-02-14
25191,13.0,pecahan,2026-02-16
25192,13.0,pecahan,2026-02-17
25193,13.0,pecahan,2026-02-18
25194,13.0,pecahan,2026-02-19
25195,13.0,pecahan,2026-02-20
25196,13.0,desimal,2026-02-23
25197,13.0,desimal,2026-02-25
25198,13.0,desimal,2026-02-26
25199,13.0,desimal,2026-02-27
25200,13.0,desimal,2026-02-28
25201,13.0,desimal,2026-03-02
25202,13.0,desimal,2026-03-05
25203,13.0,desimal,2026-03-07
25204,13.0,aljabar,2026-03-08
25205,13.0,aljabar,2026-03-11
25206,13.0,aljabar,2026-03-12
25207,13.0,aljabar,2026-03-13
25208,13.0,aljabar,2026-03-14
25209,13.0,aljabar,2026-03-15
25210,13.0,aljabar,2026-03-16
25211,13.0,fungsi,2026-03-17
25212,13.0,fungsi,2026-03-19
25213,13.0,fungsi,2026-03-20
25214,13.0,fungsi,2026-03-22
25215,13.0,fungsi,2026-03-24
25216,13.0,limit,2026-03-27
25217,13.0,limit,2026-03-29
25218,13.0,limit,2026-03-30
25219,13.0,limit,2026-04-02
25220,13.0,limit,2026-04-05
25221,13.0,limit,2026-04-07
25222,13.0,limit,2026-04-09
25223,13.0,limit,2026-04-10
25224,13.0,integral,2026-04-12
25225,13.0,integral,2026-04-13
25226,13.0,integral,2026-04-15
25227,13.0,integral,2026-04-16
25228,13.0,integral,2026-04-18
25229,13.0,integral,2026-04-21
25230,13.0,integral,2026-04-24
25231,13.0,integral,2026-04-26
25232,13.0,integral,2026-04-29
25233,17.0,penjumlahan,2026-01-01
25234,17.0,penjumlahan,2026-01-04
25235,17.0,penjumlahan,2026-01-06
25236,17.0,penjumlahan,2026-01-09
25237,17.0,penjumlahan,2026-01-10
25238,17.0,penjumlahan,2026-01-12
25239,17.0,penjumlahan,2026-01-14
25240,17.0,pengurangan,2026-01-15
25241,17.0,pengurangan,2026-01-16
25242,17.0,pengurangan,2026-01-19
25243,17.0,pengurangan,2026-01-20
25244,17.0,pengurangan,2026-01-23
25245,17.0,pengurangan,2026-01-26
25246,17.0,pengurangan,2026-01-28
25247,17.0,pengurangan,2026-01-31
25248,17.0,perkalian,2026-02-01
25249,17.0,perkalian,2026-02-04
25250,17.0,perkalian,2026-02-06
25251,17.0,perkalian,2026-02-08
25252,17.0,perkalian,2026-02-10
25253,17.0,perkalian,2026-02-11
25254,17.0,perkalian,2026-02-14
25255,17.0,perkalian,2026-02-16
25256,17.0,perkalian,2026-02-18
25257,17.0,pembagian,2026-02-19
25258,17.0,pembagian,2026-02-21
25259,17.0,pembagian,2026-02-24
25260,17.0,pembagian,2026-02-26
25261,17.0,pembagian,2026-02-28
25262,17.0,pembagian,2026-03-03
25263,17.0,pembagian,2026-03-05
25264,17.0,pembagian,2026-03-07
25265,17.0,pecahan,2026-03-10
25266,17.0,pecahan,2026-03-11
25267,17.0,pecahan,2026-03-12
25268,17.0,pecahan,2026-03-13
25269,17.0,pecahan,2026-03-14
25270,17.0,pecahan,2026-03-17
25271,17.0,desimal,2026-03-20
25272,17.0,desimal,2026-03-22
25273,17.0,desimal,2026-03-24
25274,17.0,desimal,2026-03-27
25275,17.0,desimal,2026-03-29
25276,17.0,desimal,2026-03-31
25277,17.0,desimal,2026-04-03
25278,17.0,aljabar,2026-04-06
25279,17.0,aljabar,2026-04-07
25280,17.0,aljabar,2026-04-09
25281,17.0,aljabar,2026-04-12
25282,17.0,aljabar,2026-04-15
25283,17.0,fungsi,2026-04-18
25284,17.0,fungsi,2026-04-21
25285,17.0,fungsi,2026-04-24
25286,17.0,fungsi,2026-04-26
25287,17.0,fungsi,2026-04-28
25288,17.0,fungsi,2026-05-01
25289,17.0,fungsi,2026-05-04
25290,17.0,limit,2026-05-06
25291,17.0,limit,2026-05-08
25292,17.0,limit,2026-05-11
25293,17.0,limit,2026-05-14
25294,17.0,limit,2026-05-16
25295,17.0,integral,2026-05-17
25296,17.0,integral,2026-05-20
25297,17.0,integral,2026-05-23
25298,17.0,integral,2026-05-26
25299,17.0,integral,2026-05-29
25300,17.0,integral,2026-05-30
25301,17.0,integral,2026-06-02
25302,17.0,integral,2026-06-04
25303,15.0,penjumlahan,2026-01-01
25304,15.0,penjumlahan,2026-01-04
25305,15.0,penjumlahan,2026-01-06
25306,15.0,penjumlahan,2026-01-08
25307,15.0,penjumlahan,2026-01-11
25308,15.0,penjumlahan,2026-01-14
25309,15.0,penjumlahan,2026-01-15
25310,15.0,pengurangan,2026-01-16
25311,15.0,pengurangan,2026-01-18
25312,15.0,pengurangan,2026-01-21
25313,15.0,pengurangan,2026-01-23
25314,15.0,pengurangan,2026-01-24
25315,15.0,perkalian,2026-01-27
25316,15.0,perkalian,2026-01-29
25317,15.0,perkalian,2026-01-31
25318,15.0,perkalian,2026-02-02
25319,15.0,perkalian,2026-02-03
25320,15.0,perkalian,2026-02-05
25321,15.0,perkalian,2026-02-06
25322,15.0,perkalian,2026-02-07
25323,15.0,perkalian,2026-02-10
25324,15.0,pembagian,2026-02-12
25325,15.0,pembagian,2026-02-15
25326,15.0,pembagian,2026-02-16
25327,15.0,pembagian,2026-02-18
25328,15.0,pembagian,2026-02-21
25329,15.0,pecahan,2026-02-23
25330,15.0,pecahan,2026-02-24
25331,15.0,pecahan,2026-02-26
25332,15.0,pecahan,2026-03-01
25333,15.0,pecahan,2026-03-03
25334,15.0,pecahan,2026-03-04
25335,15.0,pecahan,2026-03-06
25336,15.0,persamaan_linear,2026-03-08
25337,15.0,persamaan_linear,2026-03-11
25338,15.0,persamaan_linear,2026-03-13
25339,15.0,persamaan_linear,2026-03-14
25340,15.0,persamaan_linear,2026-03-17
25341,15.0,persamaan_linear,2026-03-18
25342,15.0,limit,2026-03-21
25343,15.0,limit,2026-03-23
25344,15.0,limit,2026-03-24
25345,15.0,limit,2026-03-27
25346,15.0,limit,2026-03-29
25347,15.0,limit,2026-03-30
25348,15.0,turunan,2026-04-01
25349,15.0,turunan,2026-04-02
25350,15.0,turunan,2026-04-04
25351,15.0,turunan,2026-04-07
25352,15.0,turunan,2026-04-10
25353,15.0,turunan,2026-04-11
25354,15.0,turunan,2026-04-12
25355,20.0,penjumlahan,2026-01-01
25356,20.0,penjumlahan,2026-01-04
25357,20.0,penjumlahan,2026-01-07
25358,20.0,penjumlahan,2026-01-10
25359,20.0,penjumlahan,2026-01-12
25360,20.0,pengurangan,2026-01-15
25361,20.0,pengurangan,2026-01-17
25362,20.0,pengurangan,2026-01-20
25363,20.0,pengurangan,2026-01-22
25364,20.0,pengurangan,2026-01-25
25365,20.0,pengurangan,2026-01-27
25366,20.0,perkalian,2026-01-28
25367,20.0,perkalian,2026-01-29
25368,20.0,perkalian,2026-01-31
25369,20.0,perkalian,2026-02-01
25370,20.0,perkalian,2026-02-04
25371,20.0,perkalian,2026-02-05
25372,20.0,perkalian,2026-02-06
25373,20.0,pembagian,2026-02-08
25374,20.0,pembagian,2026-02-09
25375,20.0,pembagian,2026-02-12
25376,20.0,pembagian,2026-02-13
25377,20.0,pembagian,2026-02-15
25378,20.0,pembagian,2026-02-18
25379,20.0,pecahan,2026-02-20
25380,20.0,pecahan,2026-02-23
25381,20.0,pecahan,2026-02-26
25382,20.0,pecahan,2026-03-01
25383,20.0,pecahan,2026-03-02
25384,20.0,pecahan,2026-03-05
25385,20.0,persamaan_linear,2026-03-07
25386,20.0,persamaan_linear,2026-03-09
25387,20.0,persamaan_linear,2026-03-10
25388,20.0,persamaan_linear,2026-03-13
25389,20.0,persamaan_linear,2026-03-14
25390,20.0,persamaan_linear,2026-03-15
25391,20.0,persamaan_linear,2026-03-16
25392,20.0,limit,2026-03-17
25393,20.0,limit,2026-03-18
25394,20.0,limit,2026-03-21
25395,20.0,limit,2026-03-22
25396,20.0,limit,2026-03-25
25397,20.0,limit,2026-03-26
25398,14.0,penjumlahan,2026-01-01
25399,14.0,penjumlahan,2026-01-02
25400,14.0,penjumlahan,2026-01-05
25401,14.0,penjumlahan,2026-01-08
25402,14.0,penjumlahan,2026-01-09
25403,14.0,penjumlahan,2026-01-10
25404,14.0,pengurangan,2026-01-11
25405,14.0,pengurangan,2026-01-14
25406,14.0,pengurangan,2026-01-17
25407,14.0,pengurangan,2026-01-18
25408,14.0,pengurangan,2026-01-19
25409,14.0,perkalian,2026-01-22
25410,14.0,perkalian,2026-01-24
25411,14.0,perkalian,2026-01-25
25412,14.0,perkalian,2026-01-27
25413,14.0,perkalian,2026-01-30
25414,14.0,perkalian,2026-01-31
25415,14.0,pembagian,2026-02-02
25416,14.0,pembagian,2026-02-04
25417,14.0,pembagian,2026-02-06
25418,14.0,pembagian,2026-02-07
25419,14.0,pembagian,2026-02-09
25420,14.0,pembagian,2026-02-11
25421,14.0,pembagian,2026-02-12
25422,14.0,pembagian,2026-02-14
25423,14.0,pembagian,2026-02-16
25424,14.0,desimal,2026-02-19
25425,14.0,desimal,2026-02-20
25426,14.0,desimal,2026-02-22
25427,14.0,desimal,2026-02-24
25428,14.0,desimal,2026-02-27
25429,14.0,desimal,2026-03-01
25430,14.0,desimal,2026-03-03
25431,14.0,desimal,2026-03-05
25432,14.0,desimal,2026-03-08
25433,14.0,aljabar,2026-03-11
25434,14.0,aljabar,2026-03-12
25435,14.0,aljabar,2026-03-13
25436,14.0,aljabar,2026-03-14
25437,14.0,aljabar,2026-03-16
25438,14.0,aljabar,2026-03-18
25439,14.0,aljabar,2026-03-21
25440,14.0,aljabar,2026-03-22
25441,14.0,aljabar,2026-03-23
25442,14.0,persamaan_linear,2026-03-26
25443,14.0,persamaan_linear,2026-03-27
25444,14.0,persamaan_linear,2026-03-29
25445,14.0,persamaan_linear,2026-03-30
25446,14.0,persamaan_linear,2026-04-02
25447,14.0,fungsi,2026-04-05
25448,14.0,fungsi,2026-04-08
25449,14.0,fungsi,2026-04-10
25450,14.0,fungsi,2026-04-11
25451,14.0,fungsi,2026-04-12
25452,14.0,fungsi,2026-04-14
25453,14.0,fungsi,2026-04-15
25454,14.0,fungsi,2026-04-16
25455,14.0,limit,2026-04-17
25456,14.0,limit,2026-04-18
25457,14.0,limit,2026-04-20
25458,14.0,limit,2026-04-22
25459,14.0,limit,2026-04-24
25460,14.0,turunan,2026-04-27
25461,14.0,turunan,2026-04-30
25462,14.0,turunan,2026-05-03
25463,14.0,turunan,2026-05-04
25464,14.0,turunan,2026-05-06
25465,14.0,turunan,2026-05-09
25466,14.0,turunan,2026-05-11
25467,14.0,integral,2026-05-13
25468,14.0,integral,2026-05-16
25469,14.0,integral,2026-05-19
25470,14.0,integral,2026-05-21
25471,14.0,integral,2026-05-22
25472,14.0,integral,2026-05-23
25473,14.0,integral,2026-05-26
25474,14.0,integral,2026-05-27
25475,20.0,penjumlahan,2026-01-01
25476,20.0,penjumlahan,2026-01-04
25477,20.0,penjumlahan,2026-01-06
25478,20.0,penjumlahan,2026-01-07
25479,20.0,penjumlahan,2026-01-09
25480,20.0,penjumlahan,2026-01-10
25481,20.0,penjumlahan,2026-01-13
25482,20.0,penjumlahan,2026-01-14
25483,20.0,pengurangan,2026-01-17
25484,20.0,pengurangan,2026-01-20
25485,20.0,pengurangan,2026-01-21
25486,20.0,pengurangan,2026-01-23
25487,20.0,pengurangan,2026-01-25
25488,20.0,perkalian,2026-01-26
25489,20.0,perkalian,2026-01-28
25490,20.0,perkalian,2026-01-29
25491,20.0,perkalian,2026-02-01
25492,20.0,perkalian,2026-02-02
25493,20.0,perkalian,2026-02-03
25494,20.0,perkalian,2026-02-04
25495,20.0,perkalian,2026-02-06
25496,20.0,perkalian,2026-02-07
25497,20.0,pecahan,2026-02-08
25498,20.0,pecahan,2026-02-10
25499,20.0,pecahan,2026-02-12
25500,20.0,pecahan,2026-02-14
25501,20.0,pecahan,2026-02-17
25502,20.0,pecahan,2026-02-19
25503,20.0,pecahan,2026-02-20
25504,20.0,pecahan,2026-02-22
25505,20.0,desimal,2026-02-25
25506,20.0,desimal,2026-02-26
25507,20.0,desimal,2026-03-01
25508,20.0,desimal,2026-03-03
25509,20.0,desimal,2026-03-04
25510,20.0,desimal,2026-03-07
25511,20.0,desimal,2026-03-10
25512,20.0,desimal,2026-03-13
25513,20.0,persamaan_linear,2026-03-14
25514,20.0,persamaan_linear,2026-03-15
25515,20.0,persamaan_linear,2026-03-18
25516,20.0,persamaan_linear,2026-03-21
25517,20.0,persamaan_linear,2026-03-23
25518,20.0,persamaan_linear,2026-03-26
25519,20.0,persamaan_linear,2026-03-28
25520,20.0,fungsi,2026-03-31
25521,20.0,fungsi,2026-04-02
25522,20.0,fungsi,2026-04-04
25523,20.0,fungsi,2026-04-07
25524,20.0,fungsi,2026-04-09
25525,20.0,fungsi,2026-04-12
25526,20.0,limit,2026-04-14
25527,20.0,limit,2026-04-15
25528,20.0,limit,2026-04-18
25529,20.0,limit,2026-04-19
25530,20.0,limit,2026-04-21
25531,20.0,limit,2026-04-22
25532,20.0,limit,2026-04-24
25533,20.0,limit,2026-04-25
25534,20.0,limit,2026-04-28
25535,20.0,turunan,2026-04-29
25536,20.0,turunan,2026-05-02
25537,20.0,turunan,2026-05-05
25538,20.0,turunan,2026-05-07
25539,20.0,turunan,2026-05-09
25540,20.0,turunan,2026-05-11
25541,20.0,turunan,2026-05-14
25542,1.0,penjumlahan,2026-01-01
25543,1.0,penjumlahan,2026-01-03
25544,1.0,penjumlahan,2026-01-04
25545,1.0,penjumlahan,2026-01-07
25546,1.0,penjumlahan,2026-01-08
25547,1.0,penjumlahan,2026-01-11
25548,1.0,penjumlahan,2026-01-14
25549,1.0,penjumlahan,2026-01-16
25550,1.0,pengurangan,2026-01-19
25551,1.0,pengurangan,2026-01-20
25552,1.0,pengurangan,2026-01-23
25553,1.0,pengurangan,2026-01-25
25554,1.0,pengurangan,2026-01-27
25555,1.0,pengurangan,2026-01-28
25556,1.0,pengurangan,2026-01-31
25557,1.0,pengurangan,2026-02-02
25558,1.0,pengurangan,2026-02-05
25559,1.0,perkalian,2026-02-06
25560,1.0,perkalian,2026-02-07
25561,1.0,perkalian,2026-02-09
25562,1.0,perkalian,2026-02-10
25563,1.0,perkalian,2026-02-12
25564,1.0,desimal,2026-02-15
25565,1.0,desimal,2026-02-17
25566,1.0,desimal,2026-02-19
25567,1.0,desimal,2026-02-22
25568,1.0,desimal,2026-02-23
25569,1.0,desimal,2026-02-26
25570,1.0,aljabar,2026-03-01
25571,1.0,aljabar,2026-03-03
25572,1.0,aljabar,2026-03-04
25573,1.0,aljabar,2026-03-05
25574,1.0,aljabar,2026-03-07
25575,1.0,persamaan_linear,2026-03-10
25576,1.0,persamaan_linear,2026-03-11
25577,1.0,persamaan_linear,2026-03-13
25578,1.0,persamaan_linear,2026-03-16
25579,1.0,persamaan_linear,2026-03-19
25580,1.0,persamaan_linear,2026-03-21
25581,1.0,persamaan_linear,2026-03-24
25582,1.0,fungsi,2026-03-26
25583,1.0,fungsi,2026-03-29
25584,1.0,fungsi,2026-03-31
25585,1.0,fungsi,2026-04-03
25586,1.0,fungsi,2026-04-06
25587,1.0,turunan,2026-04-08
25588,1.0,turunan,2026-04-11
25589,1.0,turunan,2026-04-14
25590,1.0,turunan,2026-04-17
25591,1.0,turunan,2026-04-18
25592,1.0,turunan,2026-04-20
25593,1.0,turunan,2026-04-21
25594,8.0,penjumlahan,2026-01-01
25595,8.0,penjumlahan,2026-01-02
25596,8.0,penjumlahan,2026-01-05
25597,8.0,penjumlahan,2026-01-08
25598,8.0,penjumlahan,2026-01-09
25599,8.0,pengurangan,2026-01-10
25600,8.0,pengurangan,2026-01-11
25601,8.0,pengurangan,2026-01-14
25602,8.0,pengurangan,2026-01-16
25603,8.0,pengurangan,2026-01-17
25604,8.0,pengurangan,2026-01-18
25605,8.0,pengurangan,2026-01-21
25606,8.0,pengurangan,2026-01-24
25607,8.0,perkalian,2026-01-27
25608,8.0,perkalian,2026-01-29
25609,8.0,perkalian,2026-02-01
25610,8.0,perkalian,2026-02-03
25611,8.0,perkalian,2026-02-05
25612,8.0,perkalian,2026-02-06
25613,8.0,perkalian,2026-02-08
25614,8.0,perkalian,2026-02-09
25615,8.0,persamaan_linear,2026-02-12
25616,8.0,persamaan_linear,2026-02-15
25617,8.0,persamaan_linear,2026-02-18
25618,8.0,persamaan_linear,2026-02-21
25619,8.0,persamaan_linear,2026-02-22
25620,8.0,persamaan_linear,2026-02-25
25621,8.0,persamaan_linear,2026-02-26
25622,8.0,fungsi,2026-02-27
25623,8.0,fungsi,2026-03-02
25624,8.0,fungsi,2026-03-04
25625,8.0,fungsi,2026-03-07
25626,8.0,fungsi,2026-03-10
25627,8.0,fungsi,2026-03-13
25628,8.0,fungsi,2026-03-14
25629,8.0,fungsi,2026-03-17
25630,8.0,limit,2026-03-20
25631,8.0,limit,2026-03-23
25632,8.0,limit,2026-03-24
25633,8.0,limit,2026-03-26
25634,8.0,limit,2026-03-29
25635,8.0,limit,2026-04-01
25636,8.0,turunan,2026-04-02
25637,8.0,turunan,2026-04-05
25638,8.0,turunan,2026-04-06
25639,8.0,turunan,2026-04-09
25640,8.0,turunan,2026-04-12
25641,8.0,turunan,2026-04-13
25642,8.0,turunan,2026-04-15
25643,8.0,integral,2026-04-16
25644,8.0,integral,2026-04-18
25645,8.0,integral,2026-04-20
25646,8.0,integral,2026-04-23
25647,8.0,integral,2026-04-26
25648,8.0,integral,2026-04-28
25649,8.0,integral,2026-04-29
25650,9.0,penjumlahan,2026-01-01
25651,9.0,penjumlahan,2026-01-02
25652,9.0,penjumlahan,2026-01-03
25653,9.0,penjumlahan,2026-01-04
25654,9.0,penjumlahan,2026-01-07
25655,9.0,penjumlahan,2026-01-10
25656,9.0,penjumlahan,2026-01-12
25657,9.0,pengurangan,2026-01-14
25658,9.0,pengurangan,2026-01-16
25659,9.0,pengurangan,2026-01-18
25660,9.0,pengurangan,2026-01-21
25661,9.0,pengurangan,2026-01-22
25662,9.0,pembagian,2026-01-25
25663,9.0,pembagian,2026-01-27
25664,9.0,pembagian,2026-01-29
25665,9.0,pembagian,2026-01-31
25666,9.0,pembagian,2026-02-02
25667,9.0,pecahan,2026-02-03
25668,9.0,pecahan,2026-02-05
25669,9.0,pecahan,2026-02-08
25670,9.0,pecahan,2026-02-10
25671,9.0,pecahan,2026-02-11
25672,9.0,pecahan,2026-02-13
25673,9.0,pecahan,2026-02-14
25674,9.0,pecahan,2026-02-15
25675,9.0,aljabar,2026-02-17
25676,9.0,aljabar,2026-02-18
25677,9.0,aljabar,2026-02-21
25678,9.0,aljabar,2026-02-22
25679,9.0,aljabar,2026-02-23
25680,9.0,aljabar,2026-02-24
25681,9.0,aljabar,2026-02-27
25682,9.0,fungsi,2026-02-28
25683,9.0,fungsi,2026-03-01
25684,9.0,fungsi,2026-03-03
25685,9.0,fungsi,2026-03-04
25686,9.0,fungsi,2026-03-06
25687,9.0,fungsi,2026-03-08
25688,9.0,fungsi,2026-03-10
25689,9.0,fungsi,2026-03-13
25690,9.0,fungsi,2026-03-15
25691,9.0,limit,2026-03-16
25692,9.0,limit,2026-03-19
25693,9.0,limit,2026-03-20
25694,9.0,limit,2026-03-22
25695,9.0,limit,2026-03-25
25696,9.0,limit,2026-03-26
25697,9.0,limit,2026-03-28
25698,9.0,limit,2026-03-31
25699,6.0,penjumlahan,2026-01-01
25700,6.0,penjumlahan,2026-01-04
25701,6.0,penjumlahan,2026-01-05
25702,6.0,penjumlahan,2026-01-08
25703,6.0,penjumlahan,2026-01-11
25704,6.0,penjumlahan,2026-01-14
25705,6.0,penjumlahan,2026-01-17
25706,6.0,penjumlahan,2026-01-18
25707,6.0,penjumlahan,2026-01-21
25708,6.0,pengurangan,2026-01-22
25709,6.0,pengurangan,2026-01-25
25710,6.0,pengurangan,2026-01-27
25711,6.0,pengurangan,2026-01-30
25712,6.0,pengurangan,2026-02-02
25713,6.0,pengurangan,2026-02-03
25714,6.0,pengurangan,2026-02-04
25715,6.0,pengurangan,2026-02-06
25716,6.0,perkalian,2026-02-08
25717,6.0,perkalian,2026-02-10
25718,6.0,perkalian,2026-02-13
25719,6.0,perkalian,2026-02-14
25720,6.0,perkalian,2026-02-17
25721,6.0,perkalian,2026-02-20
25722,6.0,perkalian,2026-02-23
25723,6.0,perkalian,2026-02-25
25724,6.0,pembagian,2026-02-27
25725,6.0,pembagian,2026-03-01
25726,6.0,pembagian,2026-03-04
25727,6.0,pembagian,2026-03-07
25728,6.0,pembagian,2026-03-08
25729,6.0,pembagian,2026-03-11
25730,6.0,desimal,2026-03-14
25731,6.0,desimal,2026-03-15
25732,6.0,desimal,2026-03-18
25733,6.0,desimal,2026-03-20
25734,6.0,desimal,2026-03-23
25735,6.0,desimal,2026-03-26
25736,17.0,penjumlahan,2026-01-01
25737,17.0,penjumlahan,2026-01-03
25738,17.0,penjumlahan,2026-01-05
25739,17.0,penjumlahan,2026-01-08
25740,17.0,penjumlahan,2026-01-09
25741,17.0,penjumlahan,2026-01-12
25742,17.0,penjumlahan,2026-01-15
25743,17.0,penjumlahan,2026-01-18
25744,17.0,pengurangan,2026-01-21
25745,17.0,pengurangan,2026-01-22
25746,17.0,pengurangan,2026-01-25
25747,17.0,pengurangan,2026-01-26
25748,17.0,pengurangan,2026-01-29
25749,17.0,pengurangan,2026-01-30
25750,17.0,pengurangan,2026-01-31
25751,17.0,pengurangan,2026-02-01
25752,17.0,perkalian,2026-02-03
25753,17.0,perkalian,2026-02-06
25754,17.0,perkalian,2026-02-09
25755,17.0,perkalian,2026-02-10
25756,17.0,perkalian,2026-02-13
25757,17.0,perkalian,2026-02-15
25758,17.0,perkalian,2026-02-16
25759,17.0,pembagian,2026-02-17
25760,17.0,pembagian,2026-02-19
25761,17.0,pembagian,2026-02-20
25762,17.0,pembagian,2026-02-23
25763,17.0,pembagian,2026-02-24
25764,17.0,pembagian,2026-02-27
25765,17.0,pembagian,2026-03-01
25766,17.0,pembagian,2026-03-04
25767,17.0,desimal,2026-03-07
25768,17.0,desimal,2026-03-09
25769,17.0,desimal,2026-03-12
25770,17.0,desimal,2026-03-14
25771,17.0,desimal,2026-03-16
25772,17.0,aljabar,2026-03-17
25773,17.0,aljabar,2026-03-20
25774,17.0,aljabar,2026-03-21
25775,17.0,aljabar,2026-03-23
25776,17.0,aljabar,2026-03-25
25777,17.0,aljabar,2026-03-27
25778,17.0,aljabar,2026-03-28
25779,17.0,aljabar,2026-03-29
25780,17.0,aljabar,2026-04-01
25781,17.0,persamaan_linear,2026-04-02
25782,17.0,persamaan_linear,2026-04-04
25783,17.0,persamaan_linear,2026-04-06
25784,17.0,persamaan_linear,2026-04-07
25785,17.0,persamaan_linear,2026-04-10
25786,17.0,persamaan_linear,2026-04-12
25787,17.0,persamaan_linear,2026-04-15
25788,17.0,persamaan_linear,2026-04-16
25789,17.0,fungsi,2026-04-18
25790,17.0,fungsi,2026-04-21
25791,17.0,fungsi,2026-04-23
25792,17.0,fungsi,2026-04-25
25793,17.0,fungsi,2026-04-28
25794,17.0,fungsi,2026-05-01
25795,17.0,fungsi,2026-05-02
25796,17.0,fungsi,2026-05-05
25797,17.0,turunan,2026-05-06
25798,17.0,turunan,2026-05-07
25799,17.0,turunan,2026-05-09
25800,17.0,turunan,2026-05-11
25801,17.0,turunan,2026-05-14
25802,17.0,turunan,2026-05-17
25803,17.0,turunan,2026-05-19
25804,17.0,turunan,2026-05-21
25805,17.0,turunan,2026-05-22
25806,9.0,penjumlahan,2026-01-01
25807,9.0,penjumlahan,2026-01-03
25808,9.0,penjumlahan,2026-01-04
25809,9.0,penjumlahan,2026-01-06
25810,9.0,penjumlahan,2026-01-08
25811,9.0,pengurangan,2026-01-09
25812,9.0,pengurangan,2026-01-10
25813,9.0,pengurangan,2026-01-12
25814,9.0,pengurangan,2026-01-15
25815,9.0,pengurangan,2026-01-17
25816,9.0,pengurangan,2026-01-19
25817,9.0,pengurangan,2026-01-21
25818,9.0,pengurangan,2026-01-24
25819,9.0,perkalian,2026-01-27
25820,9.0,perkalian,2026-01-29
25821,9.0,perkalian,2026-02-01
25822,9.0,perkalian,2026-02-04
25823,9.0,perkalian,2026-02-05
25824,9.0,pembagian,2026-02-08
25825,9.0,pembagian,2026-02-10
25826,9.0,pembagian,2026-02-12
25827,9.0,pembagian,2026-02-14
25828,9.0,pembagian,2026-02-15
25829,9.0,pembagian,2026-02-17
25830,9.0,pembagian,2026-02-19
25831,9.0,pecahan,2026-02-22
25832,9.0,pecahan,2026-02-23
25833,9.0,pecahan,2026-02-25
25834,9.0,pecahan,2026-02-26
25835,9.0,pecahan,2026-02-27
25836,9.0,pecahan,2026-03-01
25837,9.0,pecahan,2026-03-04
25838,9.0,desimal,2026-03-06
25839,9.0,desimal,2026-03-08
25840,9.0,desimal,2026-03-09
25841,9.0,desimal,2026-03-10
25842,9.0,desimal,2026-03-13
25843,9.0,desimal,2026-03-15
25844,9.0,desimal,2026-03-17
25845,9.0,desimal,2026-03-18
25846,9.0,aljabar,2026-03-19
25847,9.0,aljabar,2026-03-20
25848,9.0,aljabar,2026-03-23
25849,9.0,aljabar,2026-03-25
25850,9.0,aljabar,2026-03-27
25851,9.0,aljabar,2026-03-30
25852,9.0,aljabar,2026-04-01
25853,9.0,aljabar,2026-04-02
25854,9.0,persamaan_linear,2026-04-05
25855,9.0,persamaan_linear,2026-04-06
25856,9.0,persamaan_linear,2026-04-08
25857,9.0,persamaan_linear,2026-04-11
25858,9.0,persamaan_linear,2026-04-13
25859,9.0,persamaan_linear,2026-04-14
25860,9.0,persamaan_linear,2026-04-15
25861,9.0,persamaan_linear,2026-04-17
25862,9.0,persamaan_linear,2026-04-20
25863,9.0,limit,2026-04-23
25864,9.0,limit,2026-04-26
25865,9.0,limit,2026-04-28
25866,9.0,limit,2026-04-29
25867,9.0,limit,2026-05-01
25868,9.0,limit,2026-05-04
25869,9.0,limit,2026-05-06
25870,9.0,limit,2026-05-07
25871,9.0,limit,2026-05-09
25872,19.0,penjumlahan,2026-01-01
25873,19.0,penjumlahan,2026-01-04
25874,19.0,penjumlahan,2026-01-05
25875,19.0,penjumlahan,2026-01-08
25876,19.0,penjumlahan,2026-01-10
25877,19.0,penjumlahan,2026-01-12
25878,19.0,pengurangan,2026-01-13
25879,19.0,pengurangan,2026-01-16
25880,19.0,pengurangan,2026-01-17
25881,19.0,pengurangan,2026-01-18
25882,19.0,pengurangan,2026-01-21
25883,19.0,pembagian,2026-01-22
25884,19.0,pembagian,2026-01-25
25885,19.0,pembagian,2026-01-27
25886,19.0,pembagian,2026-01-29
25887,19.0,pembagian,2026-01-31
25888,19.0,pembagian,2026-02-01
25889,19.0,pembagian,2026-02-04
25890,19.0,pecahan,2026-02-07
25891,19.0,pecahan,2026-02-10
25892,19.0,pecahan,2026-02-12
25893,19.0,pecahan,2026-02-13
25894,19.0,pecahan,2026-02-16
25895,19.0,pecahan,2026-02-19
25896,19.0,pecahan,2026-02-21
25897,19.0,pecahan,2026-02-22
25898,19.0,pecahan,2026-02-25
25899,19.0,desimal,2026-02-26
25900,19.0,desimal,2026-02-28
25901,19.0,desimal,2026-03-01
25902,19.0,desimal,2026-03-02
25903,19.0,desimal,2026-03-04
25904,19.0,desimal,2026-03-07
25905,19.0,desimal,2026-03-08
25906,19.0,aljabar,2026-03-10
25907,19.0,aljabar,2026-03-11
25908,19.0,aljabar,2026-03-13
25909,19.0,aljabar,2026-03-16
25910,19.0,aljabar,2026-03-19
25911,19.0,aljabar,2026-03-22
25912,19.0,aljabar,2026-03-23
25913,19.0,aljabar,2026-03-25
25914,19.0,aljabar,2026-03-28
25915,19.0,persamaan_linear,2026-03-30
25916,19.0,persamaan_linear,2026-04-02
25917,19.0,persamaan_linear,2026-04-05
25918,19.0,persamaan_linear,2026-04-07
25919,19.0,persamaan_linear,2026-04-08
25920,19.0,persamaan_linear,2026-04-11
25921,19.0,fungsi,2026-04-14
25922,19.0,fungsi,2026-04-16
25923,19.0,fungsi,2026-04-18
25924,19.0,fungsi,2026-04-20
25925,19.0,fungsi,2026-04-22
25926,19.0,fungsi,2026-04-23
25927,19.0,fungsi,2026-04-25
25928,19.0,fungsi,2026-04-26
25929,19.0,fungsi,2026-04-28
25930,19.0,limit,2026-05-01
25931,19.0,limit,2026-05-04
25932,19.0,limit,2026-05-07
25933,19.0,limit,2026-05-09
25934,19.0,limit,2026-05-12
25935,19.0,limit,2026-05-15
25936,19.0,limit,2026-05-18
25937,19.0,integral,2026-05-21
25938,19.0,integral,2026-05-23
25939,19.0,integral,2026-05-25
25940,19.0,integral,2026-05-27
25941,19.0,integral,2026-05-29
25942,19.0,integral,2026-05-30
25943,16.0,penjumlahan,2026-01-01
25944,16.0,penjumlahan,2026-01-04
25945,16.0,penjumlahan,2026-01-06
25946,16.0,penjumlahan,2026-01-08
25947,16.0,penjumlahan,2026-01-10
25948,16.0,pengurangan,2026-01-13
25949,16.0,pengurangan,2026-01-14
25950,16.0,pengurangan,2026-01-17
25951,16.0,pengurangan,2026-01-19
25952,16.0,pengurangan,2026-01-20
25953,16.0,perkalian,2026-01-22
25954,16.0,perkalian,2026-01-24
25955,16.0,perkalian,2026-01-27
25956,16.0,perkalian,2026-01-30
25957,16.0,perkalian,2026-02-01
25958,16.0,perkalian,2026-02-03
25959,16.0,perkalian,2026-02-05
25960,16.0,perkalian,2026-02-06
25961,16.0,perkalian,2026-02-08
25962,16.0,pembagian,2026-02-11
25963,16.0,pembagian,2026-02-12
25964,16.0,pembagian,2026-02-14
25965,16.0,pembagian,2026-02-17
25966,16.0,pembagian,2026-02-18
25967,16.0,pecahan,2026-02-19
25968,16.0,pecahan,2026-02-22
25969,16.0,pecahan,2026-02-25
25970,16.0,pecahan,2026-02-26
25971,16.0,pecahan,2026-03-01
25972,16.0,pecahan,2026-03-02
25973,16.0,pecahan,2026-03-05
25974,16.0,desimal,2026-03-06
25975,16.0,desimal,2026-03-09
25976,16.0,desimal,2026-03-10
25977,16.0,desimal,2026-03-13
25978,16.0,desimal,2026-03-15
25979,16.0,desimal,2026-03-17
25980,16.0,desimal,2026-03-20
25981,16.0,desimal,2026-03-22
25982,16.0,desimal,2026-03-24
25983,16.0,aljabar,2026-03-27
25984,16.0,aljabar,2026-03-28
25985,16.0,aljabar,2026-03-30
25986,16.0,aljabar,2026-04-01
25987,16.0,aljabar,2026-04-02
25988,16.0,aljabar,2026-04-04
25989,16.0,aljabar,2026-04-05
25990,16.0,aljabar,2026-04-06
25991,16.0,aljabar,2026-04-07
25992,16.0,persamaan_linear,2026-04-10
25993,16.0,persamaan_linear,2026-04-12
25994,16.0,persamaan_linear,2026-04-15
25995,16.0,persamaan_linear,2026-04-18
25996,16.0,persamaan_linear,2026-04-20
25997,16.0,persamaan_linear,2026-04-22
25998,16.0,fungsi,2026-04-25
25999,16.0,fungsi,2026-04-28
26000,16.0,fungsi,2026-04-29
26001,16.0,fungsi,2026-05-02
26002,16.0,fungsi,2026-05-03
26003,16.0,fungsi,2026-05-04
26004,16.0,fungsi,2026-05-05
26005,16.0,fungsi,2026-05-08
26006,16.0,fungsi,2026-05-10
26007,16.0,limit,2026-05-12
26008,16.0,limit,2026-05-15
26009,16.0,limit,2026-05-16
26010,16.0,limit,2026-05-18
26011,16.0,limit,2026-05-21
26012,16.0,turunan,2026-05-23
26013,16.0,turunan,2026-05-24
26014,16.0,turunan,2026-05-26
26015,16.0,turunan,2026-05-27
26016,16.0,turunan,2026-05-29
26017,16.0,integral,2026-05-31
26018,16.0,integral,2026-06-03
26019,16.0,integral,2026-06-05
26020,16.0,integral,2026-06-08
26021,16.0,integral,2026-06-09
26022,16.0,penjumlahan,2026-01-01
26023,16.0,penjumlahan,2026-01-02
26024,16.0,penjumlahan,2026-01-04
26025,16.0,penjumlahan,2026-01-05
26026,16.0,penjumlahan,2026-01-08
26027,16.0,penjumlahan,2026-01-10
26028,16.0,penjumlahan,2026-01-12
26029,16.0,pengurangan,2026-01-15
26030,16.0,pengurangan,2026-01-16
26031,16.0,pengurangan,2026-01-19
26032,16.0,pengurangan,2026-01-22
26033,16.0,pengurangan,2026-01-25
26034,16.0,pengurangan,2026-01-27
26035,16.0,pengurangan,2026-01-30
26036,16.0,pengurangan,2026-02-02
26037,16.0,perkalian,2026-02-03
26038,16.0,perkalian,2026-02-06
26039,16.0,perkalian,2026-02-07
26040,16.0,perkalian,2026-02-08
26041,16.0,perkalian,2026-02-10
26042,16.0,perkalian,2026-02-13
26043,16.0,perkalian,2026-02-15
26044,16.0,perkalian,2026-02-18
26045,16.0,perkalian,2026-02-19
26046,16.0,pembagian,2026-02-22
26047,16.0,pembagian,2026-02-25
26048,16.0,pembagian,2026-02-26
26049,16.0,pembagian,2026-03-01
26050,16.0,pembagian,2026-03-02
26051,16.0,pembagian,2026-03-05
26052,16.0,pembagian,2026-03-08
26053,16.0,pecahan,2026-03-11
26054,16.0,pecahan,2026-03-14
26055,16.0,pecahan,2026-03-16
26056,16.0,pecahan,2026-03-17
26057,16.0,pecahan,2026-03-20
26058,16.0,aljabar,2026-03-21
26059,16.0,aljabar,2026-03-24
26060,16.0,aljabar,2026-03-25
26061,16.0,aljabar,2026-03-27
26062,16.0,aljabar,2026-03-29
26063,16.0,aljabar,2026-03-30
26064,16.0,aljabar,2026-04-02
26065,16.0,fungsi,2026-04-05
26066,16.0,fungsi,2026-04-08
26067,16.0,fungsi,2026-04-11
26068,16.0,fungsi,2026-04-12
26069,16.0,fungsi,2026-04-15
26070,16.0,limit,2026-04-18
26071,16.0,limit,2026-04-20
26072,16.0,limit,2026-04-21
26073,16.0,limit,2026-04-24
26074,16.0,limit,2026-04-25
26075,16.0,limit,2026-04-27
26076,16.0,limit,2026-04-29
26077,16.0,limit,2026-05-02
26078,16.0,limit,2026-05-03
26079,16.0,turunan,2026-05-06
26080,16.0,turunan,2026-05-09
26081,16.0,turunan,2026-05-10
26082,16.0,turunan,2026-05-11
26083,16.0,turunan,2026-05-12
26084,16.0,integral,2026-05-13
26085,16.0,integral,2026-05-14
26086,16.0,integral,2026-05-17
26087,16.0,integral,2026-05-18
26088,16.0,integral,2026-05-19
26089,16.0,integral,2026-05-20
26090,14.0,penjumlahan,2026-01-01
26091,14.0,penjumlahan,2026-01-04
26092,14.0,penjumlahan,2026-01-05
26093,14.0,penjumlahan,2026-01-07
26094,14.0,penjumlahan,2026-01-09
26095,14.0,penjumlahan,2026-01-10
26096,14.0,penjumlahan,2026-01-13
26097,14.0,pengurangan,2026-01-14
26098,14.0,pengurangan,2026-01-17
26099,14.0,pengurangan,2026-01-19
26100,14.0,pengurangan,2026-01-20
26101,14.0,pengurangan,2026-01-23
26102,14.0,pengurangan,2026-01-26
26103,14.0,pengurangan,2026-01-28
26104,14.0,pengurangan,2026-01-29
26105,14.0,pengurangan,2026-01-30
26106,14.0,pembagian,2026-02-02
26107,14.0,pembagian,2026-02-04
26108,14.0,pembagian,2026-02-06
26109,14.0,pembagian,2026-02-09
26110,14.0,pembagian,2026-02-10
26111,14.0,pecahan,2026-02-12
26112,14.0,pecahan,2026-02-14
26113,14.0,pecahan,2026-02-15
26114,14.0,pecahan,2026-02-16
26115,14.0,pecahan,2026-02-19
26116,14.0,desimal,2026-02-20
26117,14.0,desimal,2026-02-23
26118,14.0,desimal,2026-02-25
26119,14.0,desimal,2026-02-28
26120,14.0,desimal,2026-03-01
26121,14.0,desimal,2026-03-04
26122,14.0,desimal,2026-03-07
26123,14.0,desimal,2026-03-09
26124,14.0,aljabar,2026-03-11
26125,14.0,aljabar,2026-03-13
26126,14.0,aljabar,2026-03-14
26127,14.0,aljabar,2026-03-16
26128,14.0,aljabar,2026-03-19
26129,14.0,aljabar,2026-03-21
26130,14.0,aljabar,2026-03-22
26131,14.0,aljabar,2026-03-23
26132,14.0,aljabar,2026-03-24
26133,14.0,persamaan_linear,2026-03-27
26134,14.0,persamaan_linear,2026-03-30
26135,14.0,persamaan_linear,2026-04-02
26136,14.0,persamaan_linear,2026-04-05
26137,14.0,persamaan_linear,2026-04-06
26138,14.0,persamaan_linear,2026-04-09
26139,14.0,fungsi,2026-04-10
26140,14.0,fungsi,2026-04-11
26141,14.0,fungsi,2026-04-13
26142,14.0,fungsi,2026-04-16
26143,14.0,fungsi,2026-04-18
26144,14.0,fungsi,2026-04-20
26145,14.0,fungsi,2026-04-23
26146,14.0,fungsi,2026-04-26
26147,14.0,fungsi,2026-04-28
26148,14.0,limit,2026-04-29
26149,14.0,limit,2026-05-01
26150,14.0,limit,2026-05-03
26151,14.0,limit,2026-05-04
26152,14.0,limit,2026-05-05
26153,14.0,limit,2026-05-08
26154,14.0,limit,2026-05-10
26155,14.0,limit,2026-05-13
26156,14.0,limit,2026-05-16
26157,14.0,turunan,2026-05-18
26158,14.0,turunan,2026-05-21
26159,14.0,turunan,2026-05-24
26160,14.0,turunan,2026-05-26
26161,14.0,turunan,2026-05-29
26162,14.0,integral,2026-05-31
26163,14.0,integral,2026-06-02
26164,14.0,integral,2026-06-03
26165,14.0,integral,2026-06-06
26166,14.0,integral,2026-06-09
26167,14.0,integral,2026-06-11
26168,14.0,integral,2026-06-14
26169,14.0,integral,2026-06-15
26170,14.0,integral,2026-06-18
26171,11.0,penjumlahan,2026-01-01
26172,11.0,penjumlahan,2026-01-03
26173,11.0,penjumlahan,2026-01-04
26174,11.0,penjumlahan,2026-01-06
26175,11.0,penjumlahan,2026-01-08
26176,11.0,pengurangan,2026-01-10
26177,11.0,pengurangan,2026-01-12
26178,11.0,pengurangan,2026-01-14
26179,11.0,pengurangan,2026-01-16
26180,11.0,pengurangan,2026-01-19
26181,11.0,pengurangan,2026-01-21
26182,11.0,pengurangan,2026-01-22
26183,11.0,pengurangan,2026-01-24
26184,11.0,pengurangan,2026-01-27
26185,11.0,desimal,2026-01-30
26186,11.0,desimal,2026-02-01
26187,11.0,desimal,2026-02-02
26188,11.0,desimal,2026-02-05
26189,11.0,desimal,2026-02-08
26190,11.0,desimal,2026-02-11
26191,11.0,desimal,2026-02-12
26192,11.0,desimal,2026-02-13
26193,11.0,desimal,2026-02-15
26194,11.0,limit,2026-02-18
26195,11.0,limit,2026-02-20
26196,11.0,limit,2026-02-21
26197,11.0,limit,2026-02-23
26198,11.0,limit,2026-02-24
26199,11.0,turunan,2026-02-25
26200,11.0,turunan,2026-02-27
26201,11.0,turunan,2026-03-02
26202,11.0,turunan,2026-03-03
26203,11.0,turunan,2026-03-06
26204,11.0,turunan,2026-03-08
26205,11.0,turunan,2026-03-11
26206,11.0,turunan,2026-03-13
26207,11.0,turunan,2026-03-15
26208,6.0,penjumlahan,2026-01-01
26209,6.0,penjumlahan,2026-01-03
26210,6.0,penjumlahan,2026-01-06
26211,6.0,penjumlahan,2026-01-09
26212,6.0,penjumlahan,2026-01-12
26213,6.0,pengurangan,2026-01-14
26214,6.0,pengurangan,2026-01-16
26215,6.0,pengurangan,2026-01-18
26216,6.0,pengurangan,2026-01-20
26217,6.0,pengurangan,2026-01-21
26218,6.0,pengurangan,2026-01-22
26219,6.0,perkalian,2026-01-23
26220,6.0,perkalian,2026-01-24
26221,6.0,perkalian,2026-01-27
26222,6.0,perkalian,2026-01-29
26223,6.0,perkalian,2026-01-30
26224,6.0,perkalian,2026-02-02
26225,6.0,perkalian,2026-02-03
26226,6.0,perkalian,2026-02-04
26227,6.0,pecahan,2026-02-07
26228,6.0,pecahan,2026-02-08
26229,6.0,pecahan,2026-02-10
26230,6.0,pecahan,2026-02-11
26231,6.0,pecahan,2026-02-14
26232,6.0,pecahan,2026-02-16
26233,6.0,pecahan,2026-02-18
26234,6.0,pecahan,2026-02-21
26235,14.0,penjumlahan,2026-01-01
26236,14.0,penjumlahan,2026-01-02
26237,14.0,penjumlahan,2026-01-05
26238,14.0,penjumlahan,2026-01-08
26239,14.0,penjumlahan,2026-01-10
26240,14.0,penjumlahan,2026-01-11
26241,14.0,penjumlahan,2026-01-13
26242,14.0,penjumlahan,2026-01-16
26243,14.0,pengurangan,2026-01-17
26244,14.0,pengurangan,2026-01-19
26245,14.0,pengurangan,2026-01-22
26246,14.0,pengurangan,2026-01-25
26247,14.0,pengurangan,2026-01-28
26248,14.0,perkalian,2026-01-31
26249,14.0,perkalian,2026-02-03
26250,14.0,perkalian,2026-02-05
26251,14.0,perkalian,2026-02-07
26252,14.0,perkalian,2026-02-08
26253,14.0,perkalian,2026-02-11
26254,14.0,perkalian,2026-02-12
26255,14.0,perkalian,2026-02-13
26256,14.0,pembagian,2026-02-14
26257,14.0,pembagian,2026-02-15
26258,14.0,pembagian,2026-02-18
26259,14.0,pembagian,2026-02-21
26260,14.0,pembagian,2026-02-22
26261,14.0,pembagian,2026-02-25
26262,14.0,pecahan,2026-02-26
26263,14.0,pecahan,2026-03-01
26264,14.0,pecahan,2026-03-04
26265,14.0,pecahan,2026-03-05
26266,14.0,pecahan,2026-03-06
26267,14.0,desimal,2026-03-07
26268,14.0,desimal,2026-03-08
26269,14.0,desimal,2026-03-11
26270,14.0,desimal,2026-03-14
26271,14.0,desimal,2026-03-15
26272,14.0,aljabar,2026-03-17
26273,14.0,aljabar,2026-03-20
26274,14.0,aljabar,2026-03-21
26275,14.0,aljabar,2026-03-23
26276,14.0,aljabar,2026-03-26
26277,14.0,aljabar,2026-03-28
26278,14.0,aljabar,2026-03-29
26279,14.0,aljabar,2026-04-01
26280,14.0,aljabar,2026-04-03
26281,14.0,persamaan_linear,2026-04-05
26282,14.0,persamaan_linear,2026-04-06
26283,14.0,persamaan_linear,2026-04-09
26284,14.0,persamaan_linear,2026-04-12
26285,14.0,persamaan_linear,2026-04-13
26286,14.0,turunan,2026-04-15
26287,14.0,turunan,2026-04-17
26288,14.0,turunan,2026-04-19
26289,14.0,turunan,2026-04-22
26290,14.0,turunan,2026-04-25
26291,14.0,turunan,2026-04-26
26292,10.0,penjumlahan,2026-01-01
26293,10.0,penjumlahan,2026-01-03
26294,10.0,penjumlahan,2026-01-04
26295,10.0,penjumlahan,2026-01-05
26296,10.0,penjumlahan,2026-01-08
26297,10.0,penjumlahan,2026-01-11
26298,10.0,pengurangan,2026-01-14
26299,10.0,pengurangan,2026-01-16
26300,10.0,pengurangan,2026-01-17
26301,10.0,pengurangan,2026-01-19
26302,10.0,pengurangan,2026-01-22
26303,10.0,pengurangan,2026-01-24
26304,10.0,pengurangan,2026-01-27
26305,10.0,pengurangan,2026-01-29
26306,10.0,perkalian,2026-01-31
26307,10.0,perkalian,2026-02-02
26308,10.0,perkalian,2026-02-05
26309,10.0,perkalian,2026-02-06
26310,10.0,perkalian,2026-02-09
26311,10.0,perkalian,2026-02-11
26312,10.0,perkalian,2026-02-14
26313,10.0,perkalian,2026-02-15
26314,10.0,perkalian,2026-02-18
26315,10.0,pembagian,2026-02-20
26316,10.0,pembagian,2026-02-22
26317,10.0,pembagian,2026-02-25
26318,10.0,pembagian,2026-02-28
26319,10.0,pembagian,2026-03-02
26320,10.0,pembagian,2026-03-04
26321,10.0,pembagian,2026-03-06
26322,10.0,pecahan,2026-03-08
26323,10.0,pecahan,2026-03-11
26324,10.0,pecahan,2026-03-12
26325,10.0,pecahan,2026-03-14
26326,10.0,pecahan,2026-03-17
26327,10.0,desimal,2026-03-18
26328,10.0,desimal,2026-03-20
26329,10.0,desimal,2026-03-21
26330,10.0,desimal,2026-03-22
26331,10.0,desimal,2026-03-23
26332,10.0,desimal,2026-03-25
26333,10.0,aljabar,2026-03-26
26334,10.0,aljabar,2026-03-28
26335,10.0,aljabar,2026-03-30
26336,10.0,aljabar,2026-03-31
26337,10.0,aljabar,2026-04-02
26338,10.0,aljabar,2026-04-05
26339,10.0,aljabar,2026-04-06
26340,10.0,aljabar,2026-04-07
26341,10.0,aljabar,2026-04-10
26342,10.0,persamaan_linear,2026-04-12
26343,10.0,persamaan_linear,2026-04-15
26344,10.0,persamaan_linear,2026-04-17
26345,10.0,persamaan_linear,2026-04-18
26346,10.0,persamaan_linear,2026-04-19
26347,10.0,persamaan_linear,2026-04-21
26348,10.0,persamaan_linear,2026-04-24
26349,10.0,fungsi,2026-04-26
26350,10.0,fungsi,2026-04-28
26351,10.0,fungsi,2026-04-29
26352,10.0,fungsi,2026-05-02
26353,10.0,fungsi,2026-05-05
26354,10.0,fungsi,2026-05-07
26355,10.0,fungsi,2026-05-09
26356,10.0,fungsi,2026-05-10
26357,10.0,fungsi,2026-05-12
26358,10.0,limit,2026-05-15
26359,10.0,limit,2026-05-18
26360,10.0,limit,2026-05-21
26361,10.0,limit,2026-05-23
26362,10.0,limit,2026-05-25
26363,18.0,penjumlahan,2026-01-01
26364,18.0,penjumlahan,2026-01-03
26365,18.0,penjumlahan,2026-01-06
26366,18.0,penjumlahan,2026-01-07
26367,18.0,penjumlahan,2026-01-09
26368,18.0,penjumlahan,2026-01-11
26369,18.0,pengurangan,2026-01-13
26370,18.0,pengurangan,2026-01-14
26371,18.0,pengurangan,2026-01-16
26372,18.0,pengurangan,2026-01-18
26373,18.0,pengurangan,2026-01-21
26374,18.0,pengurangan,2026-01-24
26375,18.0,pengurangan,2026-01-26
26376,18.0,pengurangan,2026-01-27
26377,18.0,pengurangan,2026-01-28
26378,18.0,pecahan,2026-01-31
26379,18.0,pecahan,2026-02-03
26380,18.0,pecahan,2026-02-05
26381,18.0,pecahan,2026-02-06
26382,18.0,pecahan,2026-02-07
26383,18.0,pecahan,2026-02-08
26384,18.0,aljabar,2026-02-09
26385,18.0,aljabar,2026-02-11
26386,18.0,aljabar,2026-02-14
26387,18.0,aljabar,2026-02-15
26388,18.0,aljabar,2026-02-18
26389,18.0,aljabar,2026-02-19
26390,18.0,aljabar,2026-02-21
26391,18.0,aljabar,2026-02-23
26392,18.0,persamaan_linear,2026-02-25
26393,18.0,persamaan_linear,2026-02-27
26394,18.0,persamaan_linear,2026-03-01
26395,18.0,persamaan_linear,2026-03-02
26396,18.0,persamaan_linear,2026-03-05
26397,18.0,persamaan_linear,2026-03-06
26398,18.0,fungsi,2026-03-08
26399,18.0,fungsi,2026-03-09
26400,18.0,fungsi,2026-03-11
26401,18.0,fungsi,2026-03-12
26402,18.0,fungsi,2026-03-13
26403,18.0,fungsi,2026-03-16
26404,18.0,limit,2026-03-18
26405,18.0,limit,2026-03-21
26406,18.0,limit,2026-03-23
26407,18.0,limit,2026-03-25
26408,18.0,limit,2026-03-26
26409,18.0,limit,2026-03-27
26410,18.0,limit,2026-03-28
26411,18.0,limit,2026-03-31
26412,18.0,limit,2026-04-03
26413,18.0,turunan,2026-04-05
26414,18.0,turunan,2026-04-07
26415,18.0,turunan,2026-04-09
26416,18.0,turunan,2026-04-10
26417,18.0,turunan,2026-04-12
26418,18.0,turunan,2026-04-14
26419,18.0,turunan,2026-04-17
26420,18.0,turunan,2026-04-18
26421,18.0,turunan,2026-04-21
26422,18.0,integral,2026-04-23
26423,18.0,integral,2026-04-26
26424,18.0,integral,2026-04-27
26425,18.0,integral,2026-04-30
26426,18.0,integral,2026-05-03
26427,18.0,integral,2026-05-05
26428,15.0,penjumlahan,2026-01-01
26429,15.0,penjumlahan,2026-01-03
26430,15.0,penjumlahan,2026-01-04
26431,15.0,penjumlahan,2026-01-05
26432,15.0,penjumlahan,2026-01-06
26433,15.0,penjumlahan,2026-01-08
26434,15.0,pengurangan,2026-01-09
26435,15.0,pengurangan,2026-01-11
26436,15.0,pengurangan,2026-01-14
26437,15.0,pengurangan,2026-01-17
26438,15.0,pengurangan,2026-01-19
26439,15.0,pengurangan,2026-01-20
26440,15.0,pengurangan,2026-01-23
26441,15.0,pengurangan,2026-01-26
26442,15.0,pengurangan,2026-01-29
26443,15.0,pembagian,2026-01-30
26444,15.0,pembagian,2026-01-31
26445,15.0,pembagian,2026-02-03
26446,15.0,pembagian,2026-02-05
26447,15.0,pembagian,2026-02-08
26448,15.0,pembagian,2026-02-09
26449,15.0,pembagian,2026-02-10
26450,15.0,pembagian,2026-02-11
26451,15.0,pecahan,2026-02-12
26452,15.0,pecahan,2026-02-13
26453,15.0,pecahan,2026-02-16
26454,15.0,pecahan,2026-02-18
26455,15.0,pecahan,2026-02-20
26456,15.0,aljabar,2026-02-21
26457,15.0,aljabar,2026-02-22
26458,15.0,aljabar,2026-02-25
26459,15.0,aljabar,2026-02-27
26460,15.0,aljabar,2026-03-01
26461,15.0,aljabar,2026-03-02
26462,15.0,aljabar,2026-03-04
26463,15.0,aljabar,2026-03-05
26464,15.0,fungsi,2026-03-08
26465,15.0,fungsi,2026-03-09
26466,15.0,fungsi,2026-03-12
26467,15.0,fungsi,2026-03-14
26468,15.0,fungsi,2026-03-15
26469,15.0,limit,2026-03-16
26470,15.0,limit,2026-03-17
26471,15.0,limit,2026-03-18
26472,15.0,limit,2026-03-21
26473,15.0,limit,2026-03-24
26474,15.0,limit,2026-03-27
26475,15.0,limit,2026-03-28
26476,11.0,penjumlahan,2026-01-01
26477,11.0,penjumlahan,2026-01-03
26478,11.0,penjumlahan,2026-01-06
26479,11.0,penjumlahan,2026-01-08
26480,11.0,penjumlahan,2026-01-11
26481,11.0,penjumlahan,2026-01-14
26482,11.0,pengurangan,2026-01-16
26483,11.0,pengurangan,2026-01-17
26484,11.0,pengurangan,2026-01-20
26485,11.0,pengurangan,2026-01-23
26486,11.0,pengurangan,2026-01-26
26487,11.0,pengurangan,2026-01-29
26488,11.0,pengurangan,2026-01-30
26489,11.0,pengurangan,2026-02-01
26490,11.0,pengurangan,2026-02-04
26491,11.0,perkalian,2026-02-06
26492,11.0,perkalian,2026-02-09
26493,11.0,perkalian,2026-02-11
26494,11.0,perkalian,2026-02-14
26495,11.0,perkalian,2026-02-15
26496,11.0,perkalian,2026-02-17
26497,11.0,perkalian,2026-02-20
26498,11.0,pembagian,2026-02-22
26499,11.0,pembagian,2026-02-25
26500,11.0,pembagian,2026-02-27
26501,11.0,pembagian,2026-03-02
26502,11.0,pembagian,2026-03-03
26503,11.0,pembagian,2026-03-06
26504,11.0,aljabar,2026-03-09
26505,11.0,aljabar,2026-03-11
26506,11.0,aljabar,2026-03-13
26507,11.0,aljabar,2026-03-15
26508,11.0,aljabar,2026-03-16
26509,11.0,aljabar,2026-03-19
26510,11.0,aljabar,2026-03-21
26511,11.0,aljabar,2026-03-22
26512,11.0,aljabar,2026-03-25
26513,11.0,fungsi,2026-03-28
26514,11.0,fungsi,2026-03-30
26515,11.0,fungsi,2026-04-01
26516,11.0,fungsi,2026-04-02
26517,11.0,fungsi,2026-04-04
26518,11.0,fungsi,2026-04-05
26519,11.0,limit,2026-04-07
26520,11.0,limit,2026-04-08
26521,11.0,limit,2026-04-09
26522,11.0,limit,2026-04-10
26523,11.0,limit,2026-04-12
26524,11.0,limit,2026-04-14
26525,11.0,limit,2026-04-16
26526,11.0,limit,2026-04-19
26527,11.0,turunan,2026-04-21
26528,11.0,turunan,2026-04-22
26529,11.0,turunan,2026-04-23
26530,11.0,turunan,2026-04-25
26531,11.0,turunan,2026-04-26
26532,11.0,turunan,2026-04-29
26533,11.0,turunan,2026-05-01
26534,11.0,turunan,2026-05-04
26535,11.0,turunan,2026-05-05
26536,11.0,integral,2026-05-06
26537,11.0,integral,2026-05-08
26538,11.0,integral,2026-05-10
26539,11.0,integral,2026-05-11
26540,11.0,integral,2026-05-13
26541,11.0,integral,2026-05-14
26542,11.0,integral,2026-05-17
26543,11.0,integral,2026-05-18
26544,11.0,integral,2026-05-19
26545,11.0,penjumlahan,2026-01-01
26546,11.0,penjumlahan,2026-01-02
26547,11.0,penjumlahan,2026-01-05
26548,11.0,penjumlahan,2026-01-07
26549,11.0,penjumlahan,2026-01-10
26550,11.0,penjumlahan,2026-01-11
26551,11.0,pengurangan,2026-01-13
26552,11.0,pengurangan,2026-01-15
26553,11.0,pengurangan,2026-01-18
26554,11.0,pengurangan,2026-01-21
26555,11.0,pengurangan,2026-01-23
26556,11.0,pengurangan,2026-01-24
26557,11.0,perkalian,2026-01-25
26558,11.0,perkalian,2026-01-26
26559,11.0,perkalian,2026-01-28
26560,11.0,perkalian,2026-01-29
26561,11.0,perkalian,2026-02-01
26562,11.0,perkalian,2026-02-03
26563,11.0,perkalian,2026-02-05
26564,11.0,pembagian,2026-02-06
26565,11.0,pembagian,2026-02-07
26566,11.0,pembagian,2026-02-10
26567,11.0,pembagian,2026-02-11
26568,11.0,pembagian,2026-02-12
26569,11.0,pembagian,2026-02-15
26570,11.0,pecahan,2026-02-16
26571,11.0,pecahan,2026-02-19
26572,11.0,pecahan,2026-02-21
26573,11.0,pecahan,2026-02-24
26574,11.0,pecahan,2026-02-26
26575,11.0,pecahan,2026-03-01
26576,11.0,desimal,2026-03-02
26577,11.0,desimal,2026-03-03
26578,11.0,desimal,2026-03-05
26579,11.0,desimal,2026-03-07
26580,11.0,desimal,2026-03-09
26581,11.0,persamaan_linear,2026-03-11
26582,11.0,persamaan_linear,2026-03-12
26583,11.0,persamaan_linear,2026-03-13
26584,11.0,persamaan_linear,2026-03-16
26585,11.0,persamaan_linear,2026-03-17
26586,11.0,persamaan_linear,2026-03-20
26587,11.0,persamaan_linear,2026-03-22
26588,11.0,limit,2026-03-23
26589,11.0,limit,2026-03-25
26590,11.0,limit,2026-03-28
26591,11.0,limit,2026-03-29
26592,11.0,limit,2026-04-01
26593,11.0,limit,2026-04-04
26594,11.0,integral,2026-04-07
26595,11.0,integral,2026-04-10
26596,11.0,integral,2026-04-13
26597,11.0,integral,2026-04-14
26598,11.0,integral,2026-04-15
26599,11.0,integral,2026-04-16
26600,11.0,integral,2026-04-18
26601,11.0,integral,2026-04-20
26602,13.0,penjumlahan,2026-01-01
26603,13.0,penjumlahan,2026-01-04
26604,13.0,penjumlahan,2026-01-07
26605,13.0,penjumlahan,2026-01-09
26606,13.0,penjumlahan,2026-01-11
26607,13.0,pengurangan,2026-01-14
26608,13.0,pengurangan,2026-01-15
26609,13.0,pengurangan,2026-01-16
26610,13.0,pengurangan,2026-01-18
26611,13.0,pengurangan,2026-01-20
26612,13.0,pengurangan,2026-01-23
26613,13.0,pengurangan,2026-01-24
26614,13.0,perkalian,2026-01-26
26615,13.0,perkalian,2026-01-29
26616,13.0,perkalian,2026-01-30
26617,13.0,perkalian,2026-01-31
26618,13.0,perkalian,2026-02-01
26619,13.0,perkalian,2026-02-03
26620,13.0,perkalian,2026-02-05
26621,13.0,pecahan,2026-02-06
26622,13.0,pecahan,2026-02-09
26623,13.0,pecahan,2026-02-12
26624,13.0,pecahan,2026-02-13
26625,13.0,pecahan,2026-02-15
26626,13.0,pecahan,2026-02-18
26627,13.0,pecahan,2026-02-20
26628,13.0,desimal,2026-02-21
26629,13.0,desimal,2026-02-22
26630,13.0,desimal,2026-02-25
26631,13.0,desimal,2026-02-27
26632,13.0,desimal,2026-02-28
26633,13.0,desimal,2026-03-01
26634,13.0,desimal,2026-03-04
26635,13.0,aljabar,2026-03-06
26636,13.0,aljabar,2026-03-08
26637,13.0,aljabar,2026-03-11
26638,13.0,aljabar,2026-03-14
26639,13.0,aljabar,2026-03-15
26640,13.0,aljabar,2026-03-16
26641,13.0,aljabar,2026-03-19
26642,13.0,persamaan_linear,2026-03-21
26643,13.0,persamaan_linear,2026-03-23
26644,13.0,persamaan_linear,2026-03-25
26645,13.0,persamaan_linear,2026-03-26
26646,13.0,persamaan_linear,2026-03-27
26647,13.0,persamaan_linear,2026-03-29
26648,13.0,persamaan_linear,2026-03-30
26649,13.0,fungsi,2026-03-31
26650,13.0,fungsi,2026-04-02
26651,13.0,fungsi,2026-04-03
26652,13.0,fungsi,2026-04-04
26653,13.0,fungsi,2026-04-07
26654,13.0,fungsi,2026-04-10
26655,13.0,fungsi,2026-04-12
26656,13.0,turunan,2026-04-15
26657,13.0,turunan,2026-04-18
26658,13.0,turunan,2026-04-20
26659,13.0,turunan,2026-04-21
26660,13.0,turunan,2026-04-23
26661,13.0,turunan,2026-04-25
26662,18.0,penjumlahan,2026-01-01
26663,18.0,penjumlahan,2026-01-04
26664,18.0,penjumlahan,2026-01-07
26665,18.0,penjumlahan,2026-01-08
26666,18.0,penjumlahan,2026-01-11
26667,18.0,penjumlahan,2026-01-12
26668,18.0,pengurangan,2026-01-14
26669,18.0,pengurangan,2026-01-16
26670,18.0,pengurangan,2026-01-18
26671,18.0,pengurangan,2026-01-19
26672,18.0,pengurangan,2026-01-20
26673,18.0,pengurangan,2026-01-21
26674,18.0,perkalian,2026-01-23
26675,18.0,perkalian,2026-01-25
26676,18.0,perkalian,2026-01-27
26677,18.0,perkalian,2026-01-28
26678,18.0,perkalian,2026-01-29
26679,18.0,perkalian,2026-01-31
26680,18.0,pecahan,2026-02-03
26681,18.0,pecahan,2026-02-04
26682,18.0,pecahan,2026-02-07
26683,18.0,pecahan,2026-02-09
26684,18.0,pecahan,2026-02-12
26685,18.0,desimal,2026-02-14
26686,18.0,desimal,2026-02-17
26687,18.0,desimal,2026-02-18
26688,18.0,desimal,2026-02-19
26689,18.0,desimal,2026-02-20
26690,18.0,desimal,2026-02-22
26691,18.0,desimal,2026-02-23
26692,18.0,desimal,2026-02-26
26693,18.0,desimal,2026-03-01
26694,18.0,aljabar,2026-03-04
26695,18.0,aljabar,2026-03-07
26696,18.0,aljabar,2026-03-08
26697,18.0,aljabar,2026-03-09
26698,18.0,aljabar,2026-03-10
26699,18.0,aljabar,2026-03-13
26700,18.0,aljabar,2026-03-14
26701,18.0,persamaan_linear,2026-03-17
26702,18.0,persamaan_linear,2026-03-20
26703,18.0,persamaan_linear,2026-03-21
26704,18.0,persamaan_linear,2026-03-23
26705,18.0,persamaan_linear,2026-03-26
26706,18.0,fungsi,2026-03-29
26707,18.0,fungsi,2026-03-31
26708,18.0,fungsi,2026-04-01
26709,18.0,fungsi,2026-04-02
26710,18.0,fungsi,2026-04-04
26711,18.0,fungsi,2026-04-05
26712,18.0,fungsi,2026-04-07
26713,18.0,integral,2026-04-10
26714,18.0,integral,2026-04-12
26715,18.0,integral,2026-04-15
26716,18.0,integral,2026-04-17
26717,18.0,integral,2026-04-20
26718,18.0,integral,2026-04-23
26719,18.0,integral,2026-04-26
26720,14.0,penjumlahan,2026-01-01
26721,14.0,penjumlahan,2026-01-03
26722,14.0,penjumlahan,2026-01-05
26723,14.0,penjumlahan,2026-01-07
26724,14.0,penjumlahan,2026-01-10
26725,14.0,penjumlahan,2026-01-13
26726,14.0,penjumlahan,2026-01-15
26727,14.0,penjumlahan,2026-01-17
26728,14.0,pengurangan,2026-01-20
26729,14.0,pengurangan,2026-01-22
26730,14.0,pengurangan,2026-01-24
26731,14.0,pengurangan,2026-01-26
26732,14.0,pengurangan,2026-01-29
26733,14.0,pengurangan,2026-02-01
26734,14.0,pengurangan,2026-02-03
26735,14.0,pengurangan,2026-02-04
26736,14.0,pengurangan,2026-02-06
26737,14.0,perkalian,2026-02-09
26738,14.0,perkalian,2026-02-11
26739,14.0,perkalian,2026-02-14
26740,14.0,perkalian,2026-02-15
26741,14.0,perkalian,2026-02-16
26742,14.0,perkalian,2026-02-17
26743,14.0,pecahan,2026-02-18
26744,14.0,pecahan,2026-02-21
26745,14.0,pecahan,2026-02-24
26746,14.0,pecahan,2026-02-26
26747,14.0,pecahan,2026-03-01
26748,14.0,pecahan,2026-03-04
26749,14.0,pecahan,2026-03-05
26750,14.0,aljabar,2026-03-08
26751,14.0,aljabar,2026-03-10
26752,14.0,aljabar,2026-03-13
26753,14.0,aljabar,2026-03-15
26754,14.0,aljabar,2026-03-17
26755,14.0,aljabar,2026-03-20
26756,14.0,aljabar,2026-03-23
26757,14.0,persamaan_linear,2026-03-26
26758,14.0,persamaan_linear,2026-03-27
26759,14.0,persamaan_linear,2026-03-28
26760,14.0,persamaan_linear,2026-03-31
26761,14.0,persamaan_linear,2026-04-03
26762,14.0,persamaan_linear,2026-04-06
26763,14.0,fungsi,2026-04-09
26764,14.0,fungsi,2026-04-12
26765,14.0,fungsi,2026-04-13
26766,14.0,fungsi,2026-04-15
26767,14.0,fungsi,2026-04-17
26768,14.0,fungsi,2026-04-20
26769,14.0,fungsi,2026-04-22
26770,14.0,fungsi,2026-04-23
26771,14.0,fungsi,2026-04-24
26772,14.0,integral,2026-04-27
26773,14.0,integral,2026-04-28
26774,14.0,integral,2026-04-29
26775,14.0,integral,2026-04-30
26776,14.0,integral,2026-05-03
26777,14.0,integral,2026-05-04
26778,7.0,penjumlahan,2026-01-01
26779,7.0,penjumlahan,2026-01-03
26780,7.0,penjumlahan,2026-01-05
26781,7.0,penjumlahan,2026-01-08
26782,7.0,penjumlahan,2026-01-10
26783,7.0,penjumlahan,2026-01-13
26784,7.0,penjumlahan,2026-01-14
26785,7.0,penjumlahan,2026-01-17
26786,7.0,penjumlahan,2026-01-20
26787,7.0,pengurangan,2026-01-21
26788,7.0,pengurangan,2026-01-22
26789,7.0,pengurangan,2026-01-25
26790,7.0,pengurangan,2026-01-27
26791,7.0,pengurangan,2026-01-30
26792,7.0,pengurangan,2026-01-31
26793,7.0,pengurangan,2026-02-02
26794,7.0,pengurangan,2026-02-03
26795,7.0,perkalian,2026-02-04
26796,7.0,perkalian,2026-02-06
26797,7.0,perkalian,2026-02-09
26798,7.0,perkalian,2026-02-11
26799,7.0,perkalian,2026-02-13
26800,7.0,perkalian,2026-02-16
26801,7.0,perkalian,2026-02-17
26802,7.0,perkalian,2026-02-20
26803,7.0,pembagian,2026-02-22
26804,7.0,pembagian,2026-02-23
26805,7.0,pembagian,2026-02-26
26806,7.0,pembagian,2026-02-28
26807,7.0,pembagian,2026-03-01
26808,7.0,pembagian,2026-03-02
26809,7.0,pembagian,2026-03-03
26810,7.0,pembagian,2026-03-04
26811,7.0,pembagian,2026-03-05
26812,7.0,pecahan,2026-03-07
26813,7.0,pecahan,2026-03-10
26814,7.0,pecahan,2026-03-11
26815,7.0,pecahan,2026-03-12
26816,7.0,pecahan,2026-03-15
26817,7.0,desimal,2026-03-18
26818,7.0,desimal,2026-03-20
26819,7.0,desimal,2026-03-21
26820,7.0,desimal,2026-03-22
26821,7.0,desimal,2026-03-25
26822,7.0,persamaan_linear,2026-03-28
26823,7.0,persamaan_linear,2026-03-30
26824,7.0,persamaan_linear,2026-04-02
26825,7.0,persamaan_linear,2026-04-05
26826,7.0,persamaan_linear,2026-04-06
26827,7.0,persamaan_linear,2026-04-08
26828,7.0,persamaan_linear,2026-04-11
26829,7.0,limit,2026-04-12
26830,7.0,limit,2026-04-14
26831,7.0,limit,2026-04-15
26832,7.0,limit,2026-04-18
26833,7.0,limit,2026-04-21
26834,7.0,limit,2026-04-23
26835,7.0,limit,2026-04-25
26836,7.0,limit,2026-04-26
26837,7.0,turunan,2026-04-28
26838,7.0,turunan,2026-04-30
26839,7.0,turunan,2026-05-02
26840,7.0,turunan,2026-05-03
26841,7.0,turunan,2026-05-04
26842,7.0,turunan,2026-05-05
26843,7.0,turunan,2026-05-08
26844,7.0,turunan,2026-05-10
26845,20.0,penjumlahan,2026-01-01
26846,20.0,penjumlahan,2026-01-03
26847,20.0,penjumlahan,2026-01-06
26848,20.0,penjumlahan,2026-01-07
26849,20.0,penjumlahan,2026-01-10
26850,20.0,pengurangan,2026-01-12
26851,20.0,pengurangan,2026-01-14
26852,20.0,pengurangan,2026-01-15
26853,20.0,pengurangan,2026-01-18
26854,20.0,pengurangan,2026-01-20
26855,20.0,perkalian,2026-01-23
26856,20.0,perkalian,2026-01-26
26857,20.0,perkalian,2026-01-28
26858,20.0,perkalian,2026-01-30
26859,20.0,perkalian,2026-02-01
26860,20.0,perkalian,2026-02-02
26861,20.0,perkalian,2026-02-04
26862,20.0,perkalian,2026-02-05
26863,20.0,desimal,2026-02-08
26864,20.0,desimal,2026-02-11
26865,20.0,desimal,2026-02-13
26866,20.0,desimal,2026-02-14
26867,20.0,desimal,2026-02-15
26868,20.0,desimal,2026-02-16
26869,20.0,desimal,2026-02-17
26870,20.0,desimal,2026-02-19
26871,20.0,aljabar,2026-02-20
26872,20.0,aljabar,2026-02-23
26873,20.0,aljabar,2026-02-26
26874,20.0,aljabar,2026-02-27
26875,20.0,aljabar,2026-02-28
26876,20.0,aljabar,2026-03-01
26877,20.0,aljabar,2026-03-02
26878,20.0,aljabar,2026-03-04
26879,20.0,aljabar,2026-03-07
26880,20.0,persamaan_linear,2026-03-08
26881,20.0,persamaan_linear,2026-03-10
26882,20.0,persamaan_linear,2026-03-11
26883,20.0,persamaan_linear,2026-03-12
26884,20.0,persamaan_linear,2026-03-13
26885,20.0,persamaan_linear,2026-03-15
26886,20.0,persamaan_linear,2026-03-18
26887,20.0,persamaan_linear,2026-03-20
26888,20.0,limit,2026-03-23
26889,20.0,limit,2026-03-25
26890,20.0,limit,2026-03-26
26891,20.0,limit,2026-03-28
26892,20.0,limit,2026-03-31
26893,20.0,limit,2026-04-01
26894,20.0,limit,2026-04-04
26895,20.0,limit,2026-04-05
26896,20.0,limit,2026-04-08
26897,20.0,turunan,2026-04-11
26898,20.0,turunan,2026-04-13
26899,20.0,turunan,2026-04-14
26900,20.0,turunan,2026-04-15
26901,20.0,turunan,2026-04-18
26902,20.0,turunan,2026-04-21
26903,15.0,penjumlahan,2026-01-01
26904,15.0,penjumlahan,2026-01-04
26905,15.0,penjumlahan,2026-01-07
26906,15.0,penjumlahan,2026-01-08
26907,15.0,penjumlahan,2026-01-11
26908,15.0,penjumlahan,2026-01-14
26909,15.0,penjumlahan,2026-01-15
26910,15.0,penjumlahan,2026-01-17
26911,15.0,penjumlahan,2026-01-19
26912,15.0,pengurangan,2026-01-21
26913,15.0,pengurangan,2026-01-22
26914,15.0,pengurangan,2026-01-23
26915,15.0,pengurangan,2026-01-25
26916,15.0,pengurangan,2026-01-28
26917,15.0,pengurangan,2026-01-31
26918,15.0,perkalian,2026-02-03
26919,15.0,perkalian,2026-02-04
26920,15.0,perkalian,2026-02-06
26921,15.0,perkalian,2026-02-07
26922,15.0,perkalian,2026-02-09
26923,15.0,perkalian,2026-02-10
26924,15.0,perkalian,2026-02-12
26925,15.0,pembagian,2026-02-14
26926,15.0,pembagian,2026-02-16
26927,15.0,pembagian,2026-02-19
26928,15.0,pembagian,2026-02-21
26929,15.0,pembagian,2026-02-22
26930,15.0,pembagian,2026-02-24
26931,15.0,pembagian,2026-02-27
26932,15.0,pembagian,2026-02-28
26933,15.0,pecahan,2026-03-01
26934,15.0,pecahan,2026-03-02
26935,15.0,pecahan,2026-03-05
26936,15.0,pecahan,2026-03-06
26937,15.0,pecahan,2026-03-08
26938,15.0,pecahan,2026-03-11
26939,15.0,pecahan,2026-03-14
26940,15.0,pecahan,2026-03-17
26941,15.0,pecahan,2026-03-20
26942,15.0,desimal,2026-03-23
26943,15.0,desimal,2026-03-26
26944,15.0,desimal,2026-03-29
26945,15.0,desimal,2026-04-01
26946,15.0,desimal,2026-04-04
26947,15.0,aljabar,2026-04-05
26948,15.0,aljabar,2026-04-06
26949,15.0,aljabar,2026-04-08
26950,15.0,aljabar,2026-04-11
26951,15.0,aljabar,2026-04-13
26952,15.0,aljabar,2026-04-16
26953,15.0,aljabar,2026-04-17
26954,15.0,aljabar,2026-04-20
26955,15.0,aljabar,2026-04-22
26956,15.0,limit,2026-04-23
26957,15.0,limit,2026-04-26
26958,15.0,limit,2026-04-28
26959,15.0,limit,2026-05-01
26960,15.0,limit,2026-05-02
26961,15.0,limit,2026-05-04
26962,15.0,limit,2026-05-06
26963,15.0,limit,2026-05-08
26964,15.0,turunan,2026-05-10
26965,15.0,turunan,2026-05-12
26966,15.0,turunan,2026-05-13
26967,15.0,turunan,2026-05-14
26968,15.0,turunan,2026-05-15
26969,15.0,integral,2026-05-16
26970,15.0,integral,2026-05-18
26971,15.0,integral,2026-05-20
26972,15.0,integral,2026-05-21
26973,15.0,integral,2026-05-24
26974,15.0,integral,2026-05-26
26975,15.0,integral,2026-05-28
26976,15.0,integral,2026-05-31
26977,15.0,integral,2026-06-01
26978,7.0,penjumlahan,2026-01-01
26979,7.0,penjumlahan,2026-01-03
26980,7.0,penjumlahan,2026-01-06
26981,7.0,penjumlahan,2026-01-08
26982,7.0,penjumlahan,2026-01-10
26983,7.0,penjumlahan,2026-01-13
26984,7.0,pengurangan,2026-01-16
26985,7.0,pengurangan,2026-01-17
26986,7.0,pengurangan,2026-01-20
26987,7.0,pengurangan,2026-01-23
26988,7.0,pengurangan,2026-01-24
26989,7.0,pengurangan,2026-01-27
26990,7.0,pengurangan,2026-01-28
26991,7.0,pengurangan,2026-01-31
26992,7.0,pengurangan,2026-02-03
26993,7.0,perkalian,2026-02-05
26994,7.0,perkalian,2026-02-06
26995,7.0,perkalian,2026-02-08
26996,7.0,perkalian,2026-02-09
26997,7.0,perkalian,2026-02-12
26998,7.0,pembagian,2026-02-14
26999,7.0,pembagian,2026-02-16
27000,7.0,pembagian,2026-02-18
27001,7.0,pembagian,2026-02-20
27002,7.0,pembagian,2026-02-22
27003,7.0,pembagian,2026-02-25
27004,7.0,persamaan_linear,2026-02-27
27005,7.0,persamaan_linear,2026-02-28
27006,7.0,persamaan_linear,2026-03-03
27007,7.0,persamaan_linear,2026-03-06
27008,7.0,persamaan_linear,2026-03-07
27009,7.0,persamaan_linear,2026-03-08
27010,7.0,persamaan_linear,2026-03-10
27011,7.0,persamaan_linear,2026-03-12
27012,7.0,persamaan_linear,2026-03-14
27013,7.0,fungsi,2026-03-16
27014,7.0,fungsi,2026-03-18
27015,7.0,fungsi,2026-03-19
27016,7.0,fungsi,2026-03-22
27017,7.0,fungsi,2026-03-23
27018,7.0,fungsi,2026-03-25
27019,7.0,fungsi,2026-03-27
27020,7.0,fungsi,2026-03-30
27021,7.0,fungsi,2026-04-01
27022,7.0,limit,2026-04-02
27023,7.0,limit,2026-04-04
27024,7.0,limit,2026-04-07
27025,7.0,limit,2026-04-10
27026,7.0,limit,2026-04-11
27027,7.0,limit,2026-04-13
27028,7.0,limit,2026-04-15
27029,7.0,limit,2026-04-17
27030,7.0,limit,2026-04-19
27031,7.0,turunan,2026-04-22
27032,7.0,turunan,2026-04-25
27033,7.0,turunan,2026-04-27
27034,7.0,turunan,2026-04-28
27035,7.0,turunan,2026-04-30
27036,7.0,integral,2026-05-02
27037,7.0,integral,2026-05-04
27038,7.0,integral,2026-05-06
27039,7.0,integral,2026-05-07
27040,7.0,integral,2026-05-08
27041,7.0,integral,2026-05-11
27042,18.0,penjumlahan,2026-01-01
27043,18.0,penjumlahan,2026-01-03
27044,18.0,penjumlahan,2026-01-06
27045,18.0,penjumlahan,2026-01-07
27046,18.0,penjumlahan,2026-01-10
27047,18.0,penjumlahan,2026-01-13
27048,18.0,penjumlahan,2026-01-15
27049,18.0,penjumlahan,2026-01-17
27050,18.0,penjumlahan,2026-01-19
27051,18.0,pengurangan,2026-01-21
27052,18.0,pengurangan,2026-01-24
27053,18.0,pengurangan,2026-01-26
27054,18.0,pengurangan,2026-01-27
27055,18.0,pengurangan,2026-01-28
27056,18.0,pembagian,2026-01-29
27057,18.0,pembagian,2026-01-31
27058,18.0,pembagian,2026-02-03
27059,18.0,pembagian,2026-02-05
27060,18.0,pembagian,2026-02-06
27061,18.0,pembagian,2026-02-09
27062,18.0,pembagian,2026-02-10
27063,18.0,pembagian,2026-02-13
27064,18.0,pembagian,2026-02-14
27065,18.0,pecahan,2026-02-15
27066,18.0,pecahan,2026-02-17
27067,18.0,pecahan,2026-02-20
27068,18.0,pecahan,2026-02-22
27069,18.0,pecahan,2026-02-23
27070,18.0,pecahan,2026-02-25
27071,18.0,pecahan,2026-02-26
27072,18.0,desimal,2026-02-27
27073,18.0,desimal,2026-02-28
27074,18.0,desimal,2026-03-02
27075,18.0,desimal,2026-03-04
27076,18.0,desimal,2026-03-05
27077,18.0,desimal,2026-03-07
27078,18.0,desimal,2026-03-09
27079,18.0,aljabar,2026-03-12
27080,18.0,aljabar,2026-03-14
27081,18.0,aljabar,2026-03-16
27082,18.0,aljabar,2026-03-18
27083,18.0,aljabar,2026-03-20
27084,18.0,aljabar,2026-03-21
27085,18.0,aljabar,2026-03-24
27086,18.0,aljabar,2026-03-27
27087,18.0,fungsi,2026-03-30
27088,18.0,fungsi,2026-04-02
27089,18.0,fungsi,2026-04-05
27090,18.0,fungsi,2026-04-06
27091,18.0,fungsi,2026-04-09
27092,18.0,fungsi,2026-04-10
27093,18.0,fungsi,2026-04-12
27094,18.0,fungsi,2026-04-15
27095,18.0,fungsi,2026-04-18
27096,18.0,limit,2026-04-19
27097,18.0,limit,2026-04-22
27098,18.0,limit,2026-04-23
27099,18.0,limit,2026-04-25
27100,18.0,limit,2026-04-28
27101,18.0,limit,2026-04-29
27102,18.0,limit,2026-04-30
27103,18.0,limit,2026-05-03
27104,18.0,turunan,2026-05-04
27105,18.0,turunan,2026-05-05
27106,18.0,turunan,2026-05-06
27107,18.0,turunan,2026-05-09
27108,18.0,turunan,2026-05-11
27109,18.0,turunan,2026-05-13
27110,10.0,penjumlahan,2026-01-01
27111,10.0,penjumlahan,2026-01-03
27112,10.0,penjumlahan,2026-01-05
27113,10.0,penjumlahan,2026-01-08
27114,10.0,penjumlahan,2026-01-09
27115,10.0,penjumlahan,2026-01-10
27116,10.0,penjumlahan,2026-01-13
27117,10.0,pengurangan,2026-01-14
27118,10.0,pengurangan,2026-01-17
27119,10.0,pengurangan,2026-01-19
27120,10.0,pengurangan,2026-01-21
27121,10.0,pengurangan,2026-01-23
27122,10.0,pengurangan,2026-01-26
27123,10.0,perkalian,2026-01-29
27124,10.0,perkalian,2026-01-30
27125,10.0,perkalian,2026-02-02
27126,10.0,perkalian,2026-02-03
27127,10.0,perkalian,2026-02-04
27128,10.0,perkalian,2026-02-05
27129,10.0,pembagian,2026-02-06
27130,10.0,pembagian,2026-02-09
27131,10.0,pembagian,2026-02-12
27132,10.0,pembagian,2026-02-14
27133,10.0,pembagian,2026-02-16
27134,10.0,pembagian,2026-02-18
27135,10.0,pembagian,2026-02-20
27136,10.0,pembagian,2026-02-22
27137,10.0,pembagian,2026-02-24
27138,10.0,pecahan,2026-02-26
27139,10.0,pecahan,2026-03-01
27140,10.0,pecahan,2026-03-02
27141,10.0,pecahan,2026-03-04
27142,10.0,pecahan,2026-03-07
27143,10.0,desimal,2026-03-09
27144,10.0,desimal,2026-03-10
27145,10.0,desimal,2026-03-12
27146,10.0,desimal,2026-03-15
27147,10.0,desimal,2026-03-16
27148,10.0,desimal,2026-03-17
27149,10.0,aljabar,2026-03-18
27150,10.0,aljabar,2026-03-19
27151,10.0,aljabar,2026-03-20
27152,10.0,aljabar,2026-03-22
27153,10.0,aljabar,2026-03-24
27154,10.0,fungsi,2026-03-27
27155,10.0,fungsi,2026-03-28
27156,10.0,fungsi,2026-03-31
27157,10.0,fungsi,2026-04-01
27158,10.0,fungsi,2026-04-02
27159,10.0,fungsi,2026-04-04
27160,10.0,fungsi,2026-04-06
27161,10.0,fungsi,2026-04-09
27162,10.0,fungsi,2026-04-12
27163,10.0,turunan,2026-04-13
27164,10.0,turunan,2026-04-15
27165,10.0,turunan,2026-04-16
27166,10.0,turunan,2026-04-18
27167,10.0,turunan,2026-04-21
27168,10.0,turunan,2026-04-22
27169,10.0,turunan,2026-04-24
27170,10.0,integral,2026-04-25
27171,10.0,integral,2026-04-27
27172,10.0,integral,2026-04-28
27173,10.0,integral,2026-05-01
27174,10.0,integral,2026-05-04
27175,10.0,integral,2026-05-06
27176,10.0,integral,2026-05-09
27177,10.0,integral,2026-05-11
27178,10.0,integral,2026-05-14
27179,16.0,penjumlahan,2026-01-01
27180,16.0,penjumlahan,2026-01-03
27181,16.0,penjumlahan,2026-01-04
27182,16.0,penjumlahan,2026-01-06
27183,16.0,penjumlahan,2026-01-07
27184,16.0,penjumlahan,2026-01-09
27185,16.0,pengurangan,2026-01-11
27186,16.0,pengurangan,2026-01-14
27187,16.0,pengurangan,2026-01-17
27188,16.0,pengurangan,2026-01-20
27189,16.0,pengurangan,2026-01-23
27190,16.0,pembagian,2026-01-26
27191,16.0,pembagian,2026-01-28
27192,16.0,pembagian,2026-01-29
27193,16.0,pembagian,2026-01-31
27194,16.0,pembagian,2026-02-03
27195,16.0,pembagian,2026-02-04
27196,16.0,pembagian,2026-02-07
27197,16.0,pembagian,2026-02-08
27198,16.0,pembagian,2026-02-10
27199,16.0,pecahan,2026-02-11
27200,16.0,pecahan,2026-02-12
27201,16.0,pecahan,2026-02-15
27202,16.0,pecahan,2026-02-16
27203,16.0,pecahan,2026-02-19
27204,16.0,aljabar,2026-02-20
27205,16.0,aljabar,2026-02-22
27206,16.0,aljabar,2026-02-23
27207,16.0,aljabar,2026-02-25
27208,16.0,aljabar,2026-02-26
27209,16.0,aljabar,2026-02-28
27210,16.0,aljabar,2026-03-02
27211,16.0,fungsi,2026-03-04
27212,16.0,fungsi,2026-03-05
27213,16.0,fungsi,2026-03-08
27214,16.0,fungsi,2026-03-11
27215,16.0,fungsi,2026-03-12
27216,16.0,fungsi,2026-03-14
27217,16.0,fungsi,2026-03-16
27218,16.0,limit,2026-03-18
27219,16.0,limit,2026-03-19
27220,16.0,limit,2026-03-22
27221,16.0,limit,2026-03-23
27222,16.0,limit,2026-03-24
27223,16.0,limit,2026-03-27
27224,16.0,limit,2026-03-29
27225,16.0,limit,2026-03-30
27226,16.0,limit,2026-03-31
27227,16.0,turunan,2026-04-02
27228,16.0,turunan,2026-04-03
27229,16.0,turunan,2026-04-04
27230,16.0,turunan,2026-04-05
27231,16.0,turunan,2026-04-08
27232,16.0,turunan,2026-04-10
27233,16.0,turunan,2026-04-13
27234,16.0,turunan,2026-04-15
27235,1.0,penjumlahan,2026-01-01
27236,1.0,penjumlahan,2026-01-02
27237,1.0,penjumlahan,2026-01-05
27238,1.0,penjumlahan,2026-01-08
27239,1.0,penjumlahan,2026-01-11
27240,1.0,penjumlahan,2026-01-13
27241,1.0,penjumlahan,2026-01-16
27242,1.0,pengurangan,2026-01-18
27243,1.0,pengurangan,2026-01-19
27244,1.0,pengurangan,2026-01-21
27245,1.0,pengurangan,2026-01-22
27246,1.0,pengurangan,2026-01-24
27247,1.0,pengurangan,2026-01-25
27248,1.0,pengurangan,2026-01-27
27249,1.0,perkalian,2026-01-28
27250,1.0,perkalian,2026-01-31
27251,1.0,perkalian,2026-02-02
27252,1.0,perkalian,2026-02-04
27253,1.0,perkalian,2026-02-06
27254,1.0,pembagian,2026-02-07
27255,1.0,pembagian,2026-02-08
27256,1.0,pembagian,2026-02-11
27257,1.0,pembagian,2026-02-13
27258,1.0,pembagian,2026-02-14
27259,1.0,pembagian,2026-02-16
27260,1.0,pembagian,2026-02-17
27261,1.0,aljabar,2026-02-20
27262,1.0,aljabar,2026-02-22
27263,1.0,aljabar,2026-02-23
27264,1.0,aljabar,2026-02-26
27265,1.0,aljabar,2026-03-01
27266,1.0,aljabar,2026-03-03
27267,1.0,persamaan_linear,2026-03-06
27268,1.0,persamaan_linear,2026-03-08
27269,1.0,persamaan_linear,2026-03-10
27270,1.0,persamaan_linear,2026-03-12
27271,1.0,persamaan_linear,2026-03-14
27272,1.0,persamaan_linear,2026-03-16
27273,1.0,persamaan_linear,2026-03-18
27274,1.0,persamaan_linear,2026-03-19
27275,1.0,persamaan_linear,2026-03-21
27276,1.0,fungsi,2026-03-22
27277,1.0,fungsi,2026-03-24
27278,1.0,fungsi,2026-03-25
27279,1.0,fungsi,2026-03-27
27280,1.0,fungsi,2026-03-30
27281,1.0,fungsi,2026-03-31
27282,1.0,limit,2026-04-03
27283,1.0,limit,2026-04-04
27284,1.0,limit,2026-04-07
27285,1.0,limit,2026-04-09
27286,1.0,limit,2026-04-12
27287,1.0,integral,2026-04-15
27288,1.0,integral,2026-04-18
27289,1.0,integral,2026-04-20
27290,1.0,integral,2026-04-22
27291,1.0,integral,2026-04-25
27292,1.0,integral,2026-04-26
27293,1.0,integral,2026-04-27
27294,1.0,integral,2026-04-29
27295,1.0,integral,2026-04-30
27296,6.0,penjumlahan,2026-01-01
27297,6.0,penjumlahan,2026-01-02
27298,6.0,penjumlahan,2026-01-05
27299,6.0,penjumlahan,2026-01-08
27300,6.0,penjumlahan,2026-01-11
27301,6.0,penjumlahan,2026-01-14
27302,6.0,penjumlahan,2026-01-16
27303,6.0,penjumlahan,2026-01-17
27304,6.0,pengurangan,2026-01-19
27305,6.0,pengurangan,2026-01-20
27306,6.0,pengurangan,2026-01-23
27307,6.0,pengurangan,2026-01-26
27308,6.0,pengurangan,2026-01-27
27309,6.0,pengurangan,2026-01-28
27310,6.0,perkalian,2026-01-30
27311,6.0,perkalian,2026-01-31
27312,6.0,perkalian,2026-02-03
27313,6.0,perkalian,2026-02-05
27314,6.0,perkalian,2026-02-08
27315,6.0,perkalian,2026-02-10
27316,6.0,perkalian,2026-02-13
27317,6.0,pembagian,2026-02-16
27318,6.0,pembagian,2026-02-18
27319,6.0,pembagian,2026-02-19
27320,6.0,pembagian,2026-02-21
27321,6.0,pembagian,2026-02-22
27322,6.0,pembagian,2026-02-23
27323,6.0,pembagian,2026-02-25
27324,6.0,desimal,2026-02-27
27325,6.0,desimal,2026-02-28
27326,6.0,desimal,2026-03-01
27327,6.0,desimal,2026-03-02
27328,6.0,desimal,2026-03-03
27329,6.0,desimal,2026-03-05
27330,6.0,desimal,2026-03-06
27331,6.0,desimal,2026-03-07
27332,6.0,desimal,2026-03-08
27333,6.0,aljabar,2026-03-11
27334,6.0,aljabar,2026-03-14
27335,6.0,aljabar,2026-03-15
27336,6.0,aljabar,2026-03-17
27337,6.0,aljabar,2026-03-20
27338,6.0,aljabar,2026-03-21
27339,6.0,aljabar,2026-03-22
27340,6.0,aljabar,2026-03-23
27341,6.0,aljabar,2026-03-24
27342,6.0,fungsi,2026-03-26
27343,6.0,fungsi,2026-03-28
27344,6.0,fungsi,2026-03-30
27345,6.0,fungsi,2026-03-31
27346,6.0,fungsi,2026-04-01
27347,6.0,fungsi,2026-04-03
27348,6.0,fungsi,2026-04-06
27349,6.0,fungsi,2026-04-09
27350,6.0,fungsi,2026-04-10
27351,6.0,limit,2026-04-12
27352,6.0,limit,2026-04-14
27353,6.0,limit,2026-04-16
27354,6.0,limit,2026-04-17
27355,6.0,limit,2026-04-20
27356,6.0,turunan,2026-04-21
27357,6.0,turunan,2026-04-22
27358,6.0,turunan,2026-04-23
27359,6.0,turunan,2026-04-25
27360,6.0,turunan,2026-04-26
27361,6.0,turunan,2026-04-27
27362,6.0,turunan,2026-04-29
27363,18.0,penjumlahan,2026-01-01
27364,18.0,penjumlahan,2026-01-03
27365,18.0,penjumlahan,2026-01-06
27366,18.0,penjumlahan,2026-01-09
27367,18.0,penjumlahan,2026-01-12
27368,18.0,penjumlahan,2026-01-15
27369,18.0,penjumlahan,2026-01-17
27370,18.0,penjumlahan,2026-01-18
27371,18.0,penjumlahan,2026-01-19
27372,18.0,pengurangan,2026-01-22
27373,18.0,pengurangan,2026-01-23
27374,18.0,pengurangan,2026-01-25
27375,18.0,pengurangan,2026-01-26
27376,18.0,pengurangan,2026-01-28
27377,18.0,perkalian,2026-01-31
27378,18.0,perkalian,2026-02-01
27379,18.0,perkalian,2026-02-04
27380,18.0,perkalian,2026-02-07
27381,18.0,perkalian,2026-02-09
27382,18.0,perkalian,2026-02-10
27383,18.0,perkalian,2026-02-12
27384,18.0,pembagian,2026-02-13
27385,18.0,pembagian,2026-02-16
27386,18.0,pembagian,2026-02-17
27387,18.0,pembagian,2026-02-18
27388,18.0,pembagian,2026-02-21
27389,18.0,pembagian,2026-02-24
27390,18.0,pembagian,2026-02-26
27391,18.0,pecahan,2026-02-27
27392,18.0,pecahan,2026-03-01
27393,18.0,pecahan,2026-03-03
27394,18.0,pecahan,2026-03-06
27395,18.0,pecahan,2026-03-09
27396,18.0,desimal,2026-03-10
27397,18.0,desimal,2026-03-12
27398,18.0,desimal,2026-03-13
27399,18.0,desimal,2026-03-14
27400,18.0,desimal,2026-03-16
27401,18.0,desimal,2026-03-17
27402,18.0,desimal,2026-03-19
27403,18.0,desimal,2026-03-22
27404,18.0,desimal,2026-03-25
27405,18.0,aljabar,2026-03-26
27406,18.0,aljabar,2026-03-28
27407,18.0,aljabar,2026-03-31
27408,18.0,aljabar,2026-04-02
27409,18.0,aljabar,2026-04-05
27410,18.0,aljabar,2026-04-08
27411,18.0,aljabar,2026-04-11
27412,18.0,aljabar,2026-04-12
27413,18.0,persamaan_linear,2026-04-13
27414,18.0,persamaan_linear,2026-04-15
27415,18.0,persamaan_linear,2026-04-18
27416,18.0,persamaan_linear,2026-04-19
27417,18.0,persamaan_linear,2026-04-21
27418,18.0,persamaan_linear,2026-04-22
27419,18.0,limit,2026-04-24
27420,18.0,limit,2026-04-26
27421,18.0,limit,2026-04-27
27422,18.0,limit,2026-04-30
27423,18.0,limit,2026-05-01
27424,18.0,limit,2026-05-03
27425,18.0,turunan,2026-05-05
27426,18.0,turunan,2026-05-06
27427,18.0,turunan,2026-05-09
27428,18.0,turunan,2026-05-11
27429,18.0,turunan,2026-05-12
27430,18.0,turunan,2026-05-15
27431,18.0,turunan,2026-05-17
27432,18.0,turunan,2026-05-19
27433,18.0,integral,2026-05-22
27434,18.0,integral,2026-05-25
27435,18.0,integral,2026-05-26
27436,18.0,integral,2026-05-27
27437,18.0,integral,2026-05-30
27438,18.0,penjumlahan,2026-01-01
27439,18.0,penjumlahan,2026-01-04
27440,18.0,penjumlahan,2026-01-05
27441,18.0,penjumlahan,2026-01-06
27442,18.0,penjumlahan,2026-01-08
27443,18.0,penjumlahan,2026-01-09
27444,18.0,penjumlahan,2026-01-11
27445,18.0,penjumlahan,2026-01-14
27446,18.0,penjumlahan,2026-01-15
27447,18.0,pengurangan,2026-01-18
27448,18.0,pengurangan,2026-01-20
27449,18.0,pengurangan,2026-01-23
27450,18.0,pengurangan,2026-01-26
27451,18.0,pengurangan,2026-01-29
27452,18.0,pengurangan,2026-01-31
27453,18.0,pengurangan,2026-02-02
27454,18.0,perkalian,2026-02-05
27455,18.0,perkalian,2026-02-06
27456,18.0,perkalian,2026-02-08
27457,18.0,perkalian,2026-02-11
27458,18.0,perkalian,2026-02-12
27459,18.0,pecahan,2026-02-15
27460,18.0,pecahan,2026-02-17
27461,18.0,pecahan,2026-02-18
27462,18.0,pecahan,2026-02-20
27463,18.0,pecahan,2026-02-22
27464,18.0,aljabar,2026-02-25
27465,18.0,aljabar,2026-02-26
27466,18.0,aljabar,2026-02-27
27467,18.0,aljabar,2026-03-01
27468,18.0,aljabar,2026-03-04
27469,18.0,aljabar,2026-03-07
27470,18.0,aljabar,2026-03-08
27471,18.0,aljabar,2026-03-11
27472,18.0,persamaan_linear,2026-03-12
27473,18.0,persamaan_linear,2026-03-14
27474,18.0,persamaan_linear,2026-03-17
27475,18.0,persamaan_linear,2026-03-18
27476,18.0,persamaan_linear,2026-03-19
27477,18.0,limit,2026-03-21
27478,18.0,limit,2026-03-22
27479,18.0,limit,2026-03-24
27480,18.0,limit,2026-03-26
27481,18.0,limit,2026-03-29
27482,18.0,turunan,2026-03-31
27483,18.0,turunan,2026-04-01
27484,18.0,turunan,2026-04-04
27485,18.0,turunan,2026-04-06
27486,18.0,turunan,2026-04-07
27487,18.0,turunan,2026-04-09
27488,18.0,turunan,2026-04-10
27489,18.0,integral,2026-04-12
27490,18.0,integral,2026-04-13
27491,18.0,integral,2026-04-14
27492,18.0,integral,2026-04-15
27493,18.0,integral,2026-04-18
27494,3.0,penjumlahan,2026-01-01
27495,3.0,penjumlahan,2026-01-02
27496,3.0,penjumlahan,2026-01-05
27497,3.0,penjumlahan,2026-01-08
27498,3.0,penjumlahan,2026-01-10
27499,3.0,penjumlahan,2026-01-11
27500,3.0,pengurangan,2026-01-14
27501,3.0,pengurangan,2026-01-16
27502,3.0,pengurangan,2026-01-17
27503,3.0,pengurangan,2026-01-18
27504,3.0,pengurangan,2026-01-21
27505,3.0,desimal,2026-01-24
27506,3.0,desimal,2026-01-26
27507,3.0,desimal,2026-01-29
27508,3.0,desimal,2026-01-31
27509,3.0,desimal,2026-02-02
27510,3.0,desimal,2026-02-04
27511,3.0,desimal,2026-02-06
27512,3.0,desimal,2026-02-08
27513,3.0,desimal,2026-02-09
27514,3.0,fungsi,2026-02-12
27515,3.0,fungsi,2026-02-15
27516,3.0,fungsi,2026-02-17
27517,3.0,fungsi,2026-02-20
27518,3.0,fungsi,2026-02-21
27519,3.0,fungsi,2026-02-23
27520,3.0,fungsi,2026-02-25
27521,3.0,fungsi,2026-02-27
27522,3.0,limit,2026-03-02
27523,3.0,limit,2026-03-05
27524,3.0,limit,2026-03-07
27525,3.0,limit,2026-03-10
27526,3.0,limit,2026-03-11
27527,3.0,limit,2026-03-13
27528,3.0,turunan,2026-03-16
27529,3.0,turunan,2026-03-18
27530,3.0,turunan,2026-03-19
27531,3.0,turunan,2026-03-21
27532,3.0,turunan,2026-03-22
27533,3.0,turunan,2026-03-24
27534,3.0,turunan,2026-03-26
27535,3.0,turunan,2026-03-29
27536,3.0,integral,2026-03-31
27537,3.0,integral,2026-04-03
27538,3.0,integral,2026-04-04
27539,3.0,integral,2026-04-06
27540,3.0,integral,2026-04-07
27541,3.0,integral,2026-04-08
27542,3.0,integral,2026-04-11
27543,3.0,integral,2026-04-12
27544,3.0,integral,2026-04-15
27545,4.0,penjumlahan,2026-01-01
27546,4.0,penjumlahan,2026-01-03
27547,4.0,penjumlahan,2026-01-06
27548,4.0,penjumlahan,2026-01-08
27549,4.0,penjumlahan,2026-01-09
27550,4.0,pengurangan,2026-01-12
27551,4.0,pengurangan,2026-01-13
27552,4.0,pengurangan,2026-01-14
27553,4.0,pengurangan,2026-01-16
27554,4.0,pengurangan,2026-01-18
27555,4.0,perkalian,2026-01-20
27556,4.0,perkalian,2026-01-23
27557,4.0,perkalian,2026-01-26
27558,4.0,perkalian,2026-01-28
27559,4.0,perkalian,2026-01-31
27560,4.0,perkalian,2026-02-02
27561,4.0,pecahan,2026-02-03
27562,4.0,pecahan,2026-02-06
27563,4.0,pecahan,2026-02-07
27564,4.0,pecahan,2026-02-08
27565,4.0,pecahan,2026-02-09
27566,4.0,pecahan,2026-02-10
27567,4.0,desimal,2026-02-12
27568,4.0,desimal,2026-02-15
27569,4.0,desimal,2026-02-17
27570,4.0,desimal,2026-02-18
27571,4.0,desimal,2026-02-19
27572,4.0,desimal,2026-02-20
27573,4.0,desimal,2026-02-21
27574,4.0,desimal,2026-02-23
27575,4.0,aljabar,2026-02-24
27576,4.0,aljabar,2026-02-26
27577,4.0,aljabar,2026-02-27
27578,4.0,aljabar,2026-03-02
27579,4.0,aljabar,2026-03-04
27580,4.0,persamaan_linear,2026-03-06
27581,4.0,persamaan_linear,2026-03-07
27582,4.0,persamaan_linear,2026-03-09
27583,4.0,persamaan_linear,2026-03-11
27584,4.0,persamaan_linear,2026-03-12
27585,4.0,persamaan_linear,2026-03-15
27586,4.0,persamaan_linear,2026-03-16
27587,4.0,persamaan_linear,2026-03-19
27588,4.0,fungsi,2026-03-20
27589,4.0,fungsi,2026-03-23
27590,4.0,fungsi,2026-03-26
27591,4.0,fungsi,2026-03-28
27592,4.0,fungsi,2026-03-30
27593,4.0,fungsi,2026-04-02
27594,4.0,fungsi,2026-04-03
27595,4.0,fungsi,2026-04-04
27596,4.0,limit,2026-04-06
27597,4.0,limit,2026-04-08
27598,4.0,limit,2026-04-11
27599,4.0,limit,2026-04-14
27600,4.0,limit,2026-04-16
27601,4.0,limit,2026-04-18
27602,4.0,limit,2026-04-20
27603,4.0,limit,2026-04-22
27604,4.0,limit,2026-04-24
27605,4.0,integral,2026-04-27
27606,4.0,integral,2026-04-29
27607,4.0,integral,2026-05-01
27608,4.0,integral,2026-05-03
27609,4.0,integral,2026-05-06
27610,4.0,integral,2026-05-07
27611,4.0,integral,2026-05-09
27612,4.0,integral,2026-05-10
27613,4.0,penjumlahan,2026-01-01
27614,4.0,penjumlahan,2026-01-03
27615,4.0,penjumlahan,2026-01-04
27616,4.0,penjumlahan,2026-01-05
27617,4.0,penjumlahan,2026-01-08
27618,4.0,penjumlahan,2026-01-09
27619,4.0,penjumlahan,2026-01-10
27620,4.0,pengurangan,2026-01-12
27621,4.0,pengurangan,2026-01-13
27622,4.0,pengurangan,2026-01-16
27623,4.0,pengurangan,2026-01-18
27624,4.0,pengurangan,2026-01-20
27625,4.0,pengurangan,2026-01-23
27626,4.0,pengurangan,2026-01-25
27627,4.0,pengurangan,2026-01-27
27628,4.0,pengurangan,2026-01-29
27629,4.0,perkalian,2026-01-30
27630,4.0,perkalian,2026-02-02
27631,4.0,perkalian,2026-02-05
27632,4.0,perkalian,2026-02-06
27633,4.0,perkalian,2026-02-08
27634,4.0,perkalian,2026-02-10
27635,4.0,perkalian,2026-02-11
27636,4.0,desimal,2026-02-12
27637,4.0,desimal,2026-02-14
27638,4.0,desimal,2026-02-16
27639,4.0,desimal,2026-02-19
27640,4.0,desimal,2026-02-20
27641,4.0,aljabar,2026-02-21
27642,4.0,aljabar,2026-02-23
27643,4.0,aljabar,2026-02-24
27644,4.0,aljabar,2026-02-27
27645,4.0,aljabar,2026-03-02
27646,4.0,aljabar,2026-03-05
27647,4.0,persamaan_linear,2026-03-07
27648,4.0,persamaan_linear,2026-03-08
27649,4.0,persamaan_linear,2026-03-10
27650,4.0,persamaan_linear,2026-03-12
27651,4.0,persamaan_linear,2026-03-13
27652,4.0,persamaan_linear,2026-03-16
27653,4.0,persamaan_linear,2026-03-19
27654,4.0,persamaan_linear,2026-03-21
27655,4.0,fungsi,2026-03-23
27656,4.0,fungsi,2026-03-24
27657,4.0,fungsi,2026-03-25
27658,4.0,fungsi,2026-03-28
27659,4.0,fungsi,2026-03-30
27660,4.0,turunan,2026-03-31
27661,4.0,turunan,2026-04-03
27662,4.0,turunan,2026-04-05
27663,4.0,turunan,2026-04-08
27664,4.0,turunan,2026-04-10
27665,4.0,turunan,2026-04-13
27666,4.0,turunan,2026-04-16
27667,4.0,turunan,2026-04-17
27668,4.0,integral,2026-04-20
27669,4.0,integral,2026-04-23
27670,4.0,integral,2026-04-25
27671,4.0,integral,2026-04-28
27672,4.0,integral,2026-05-01
27673,16.0,penjumlahan,2026-01-01
27674,16.0,penjumlahan,2026-01-03
27675,16.0,penjumlahan,2026-01-04
27676,16.0,penjumlahan,2026-01-05
27677,16.0,penjumlahan,2026-01-08
27678,16.0,penjumlahan,2026-01-11
27679,16.0,penjumlahan,2026-01-13
27680,16.0,pengurangan,2026-01-16
27681,16.0,pengurangan,2026-01-18
27682,16.0,pengurangan,2026-01-20
27683,16.0,pengurangan,2026-01-22
27684,16.0,pengurangan,2026-01-25
27685,16.0,perkalian,2026-01-27
27686,16.0,perkalian,2026-01-30
27687,16.0,perkalian,2026-01-31
27688,16.0,perkalian,2026-02-01
27689,16.0,perkalian,2026-02-02
27690,16.0,perkalian,2026-02-05
27691,16.0,perkalian,2026-02-07
27692,16.0,perkalian,2026-02-10
27693,16.0,desimal,2026-02-13
27694,16.0,desimal,2026-02-16
27695,16.0,desimal,2026-02-19
27696,16.0,desimal,2026-02-21
27697,16.0,desimal,2026-02-23
27698,16.0,desimal,2026-02-25
27699,16.0,desimal,2026-02-27
27700,16.0,aljabar,2026-03-01
27701,16.0,aljabar,2026-03-03
27702,16.0,aljabar,2026-03-05
27703,16.0,aljabar,2026-03-08
27704,16.0,aljabar,2026-03-11
27705,16.0,aljabar,2026-03-14
27706,16.0,aljabar,2026-03-15
27707,16.0,aljabar,2026-03-17
27708,16.0,persamaan_linear,2026-03-20
27709,16.0,persamaan_linear,2026-03-22
27710,16.0,persamaan_linear,2026-03-23
27711,16.0,persamaan_linear,2026-03-25
27712,16.0,persamaan_linear,2026-03-27
27713,16.0,persamaan_linear,2026-03-30
27714,16.0,fungsi,2026-04-02
27715,16.0,fungsi,2026-04-05
27716,16.0,fungsi,2026-04-07
27717,16.0,fungsi,2026-04-10
27718,16.0,fungsi,2026-04-12
27719,16.0,fungsi,2026-04-14
27720,16.0,fungsi,2026-04-15
27721,16.0,limit,2026-04-18
27722,16.0,limit,2026-04-19
27723,16.0,limit,2026-04-22
27724,16.0,limit,2026-04-24
27725,16.0,limit,2026-04-25
27726,16.0,limit,2026-04-26
27727,16.0,limit,2026-04-29
27728,16.0,limit,2026-05-02
27729,16.0,turunan,2026-05-04
27730,16.0,turunan,2026-05-07
27731,16.0,turunan,2026-05-08
27732,16.0,turunan,2026-05-11
27733,16.0,turunan,2026-05-14
27734,16.0,turunan,2026-05-16
27735,17.0,penjumlahan,2026-01-01
27736,17.0,penjumlahan,2026-01-04
27737,17.0,penjumlahan,2026-01-05
27738,17.0,penjumlahan,2026-01-07
27739,17.0,penjumlahan,2026-01-09
27740,17.0,pengurangan,2026-01-12
27741,17.0,pengurangan,2026-01-14
27742,17.0,pengurangan,2026-01-15
27743,17.0,pengurangan,2026-01-18
27744,17.0,pengurangan,2026-01-21
27745,17.0,pengurangan,2026-01-23
27746,17.0,pembagian,2026-01-25
27747,17.0,pembagian,2026-01-26
27748,17.0,pembagian,2026-01-28
27749,17.0,pembagian,2026-01-29
27750,17.0,pembagian,2026-02-01
27751,17.0,pembagian,2026-02-03
27752,17.0,desimal,2026-02-05
27753,17.0,desimal,2026-02-08
27754,17.0,desimal,2026-02-09
27755,17.0,desimal,2026-02-10
27756,17.0,desimal,2026-02-12
27757,17.0,desimal,2026-02-15
27758,17.0,desimal,2026-02-18
27759,17.0,desimal,2026-02-20
27760,17.0,desimal,2026-02-23
27761,17.0,aljabar,2026-02-25
27762,17.0,aljabar,2026-02-27
27763,17.0,aljabar,2026-03-01
27764,17.0,aljabar,2026-03-03
27765,17.0,aljabar,2026-03-04
27766,17.0,aljabar,2026-03-05
27767,17.0,aljabar,2026-03-06
27768,17.0,aljabar,2026-03-08
27769,17.0,persamaan_linear,2026-03-10
27770,17.0,persamaan_linear,2026-03-13
27771,17.0,persamaan_linear,2026-03-14
27772,17.0,persamaan_linear,2026-03-16
27773,17.0,persamaan_linear,2026-03-17
27774,17.0,limit,2026-03-19
27775,17.0,limit,2026-03-22
27776,17.0,limit,2026-03-25
27777,17.0,limit,2026-03-27
27778,17.0,limit,2026-03-28
27779,17.0,limit,2026-03-31
27780,17.0,limit,2026-04-03
27781,17.0,turunan,2026-04-06
27782,17.0,turunan,2026-04-08
27783,17.0,turunan,2026-04-10
27784,17.0,turunan,2026-04-11
27785,17.0,turunan,2026-04-14
27786,17.0,turunan,2026-04-16
27787,14.0,penjumlahan,2026-01-01
27788,14.0,penjumlahan,2026-01-02
27789,14.0,penjumlahan,2026-01-05
27790,14.0,penjumlahan,2026-01-06
27791,14.0,penjumlahan,2026-01-07
27792,14.0,penjumlahan,2026-01-09
27793,14.0,penjumlahan,2026-01-11
27794,14.0,penjumlahan,2026-01-13
27795,14.0,pengurangan,2026-01-15
27796,14.0,pengurangan,2026-01-18
27797,14.0,pengurangan,2026-01-19
27798,14.0,pengurangan,2026-01-21
27799,14.0,pengurangan,2026-01-23
27800,14.0,pengurangan,2026-01-24
27801,14.0,pengurangan,2026-01-26
27802,14.0,pengurangan,2026-01-27
27803,14.0,perkalian,2026-01-29
27804,14.0,perkalian,2026-01-31
27805,14.0,perkalian,2026-02-01
27806,14.0,perkalian,2026-02-03
27807,14.0,perkalian,2026-02-05
27808,14.0,perkalian,2026-02-07
27809,14.0,perkalian,2026-02-10
27810,14.0,perkalian,2026-02-12
27811,14.0,pembagian,2026-02-13
27812,14.0,pembagian,2026-02-16
27813,14.0,pembagian,2026-02-18
27814,14.0,pembagian,2026-02-20
27815,14.0,pembagian,2026-02-21
27816,14.0,pembagian,2026-02-24
27817,14.0,pembagian,2026-02-26
27818,14.0,pembagian,2026-02-27
27819,14.0,desimal,2026-02-28
27820,14.0,desimal,2026-03-02
27821,14.0,desimal,2026-03-05
27822,14.0,desimal,2026-03-08
27823,14.0,desimal,2026-03-11
27824,14.0,aljabar,2026-03-12
27825,14.0,aljabar,2026-03-13
27826,14.0,aljabar,2026-03-16
27827,14.0,aljabar,2026-03-17
27828,14.0,aljabar,2026-03-18
27829,14.0,aljabar,2026-03-20
27830,14.0,persamaan_linear,2026-03-22
27831,14.0,persamaan_linear,2026-03-25
27832,14.0,persamaan_linear,2026-03-28
27833,14.0,persamaan_linear,2026-03-31
27834,14.0,persamaan_linear,2026-04-02
27835,14.0,persamaan_linear,2026-04-03
27836,14.0,persamaan_linear,2026-04-06
27837,14.0,persamaan_linear,2026-04-09
27838,14.0,persamaan_linear,2026-04-10
27839,14.0,fungsi,2026-04-11
27840,14.0,fungsi,2026-04-12
27841,14.0,fungsi,2026-04-13
27842,14.0,fungsi,2026-04-15
27843,14.0,fungsi,2026-04-17
27844,14.0,fungsi,2026-04-20
27845,14.0,fungsi,2026-04-21
27846,14.0,fungsi,2026-04-22
27847,14.0,fungsi,2026-04-23
27848,14.0,limit,2026-04-26
27849,14.0,limit,2026-04-28
27850,14.0,limit,2026-05-01
27851,14.0,limit,2026-05-03
27852,14.0,limit,2026-05-05
27853,14.0,turunan,2026-05-07
27854,14.0,turunan,2026-05-10
27855,14.0,turunan,2026-05-12
27856,14.0,turunan,2026-05-14
27857,14.0,turunan,2026-05-17
27858,14.0,turunan,2026-05-20
27859,14.0,turunan,2026-05-23
27860,14.0,integral,2026-05-24
27861,14.0,integral,2026-05-25
27862,14.0,integral,2026-05-26
27863,14.0,integral,2026-05-28
27864,14.0,integral,2026-05-30
27865,14.0,integral,2026-06-01
27866,14.0,integral,2026-06-03
27867,14.0,integral,2026-06-06
27868,16.0,penjumlahan,2026-01-01
27869,16.0,penjumlahan,2026-01-04
27870,16.0,penjumlahan,2026-01-06
27871,16.0,penjumlahan,2026-01-07
27872,16.0,penjumlahan,2026-01-10
27873,16.0,penjumlahan,2026-01-11
27874,16.0,pengurangan,2026-01-12
27875,16.0,pengurangan,2026-01-15
27876,16.0,pengurangan,2026-01-17
27877,16.0,pengurangan,2026-01-19
27878,16.0,pengurangan,2026-01-20
27879,16.0,pengurangan,2026-01-22
27880,16.0,pengurangan,2026-01-24
27881,16.0,perkalian,2026-01-25
27882,16.0,perkalian,2026-01-28
27883,16.0,perkalian,2026-01-29
27884,16.0,perkalian,2026-01-31
27885,16.0,perkalian,2026-02-02
27886,16.0,perkalian,2026-02-03
27887,16.0,pecahan,2026-02-04
27888,16.0,pecahan,2026-02-05
27889,16.0,pecahan,2026-02-08
27890,16.0,pecahan,2026-02-10
27891,16.0,pecahan,2026-02-13
27892,16.0,pecahan,2026-02-16
27893,16.0,desimal,2026-02-17
27894,16.0,desimal,2026-02-18
27895,16.0,desimal,2026-02-21
27896,16.0,desimal,2026-02-23
27897,16.0,desimal,2026-02-26
27898,16.0,desimal,2026-03-01
27899,16.0,desimal,2026-03-03
27900,16.0,desimal,2026-03-04
27901,16.0,persamaan_linear,2026-03-06
27902,16.0,persamaan_linear,2026-03-08
27903,16.0,persamaan_linear,2026-03-10
27904,16.0,persamaan_linear,2026-03-13
27905,16.0,persamaan_linear,2026-03-16
27906,16.0,persamaan_linear,2026-03-18
27907,16.0,persamaan_linear,2026-03-20
27908,16.0,fungsi,2026-03-21
27909,16.0,fungsi,2026-03-23
27910,16.0,fungsi,2026-03-26
27911,16.0,fungsi,2026-03-29
27912,16.0,fungsi,2026-04-01
27913,16.0,fungsi,2026-04-02
27914,16.0,fungsi,2026-04-05
27915,16.0,integral,2026-04-06
27916,16.0,integral,2026-04-09
27917,16.0,integral,2026-04-12
27918,16.0,integral,2026-04-14
27919,16.0,integral,2026-04-16
27920,16.0,integral,2026-04-18
27921,15.0,penjumlahan,2026-01-01
27922,15.0,penjumlahan,2026-01-02
27923,15.0,penjumlahan,2026-01-05
27924,15.0,penjumlahan,2026-01-08
27925,15.0,penjumlahan,2026-01-09
27926,15.0,penjumlahan,2026-01-11
27927,15.0,penjumlahan,2026-01-12
27928,15.0,penjumlahan,2026-01-15
27929,15.0,penjumlahan,2026-01-18
27930,15.0,pengurangan,2026-01-21
27931,15.0,pengurangan,2026-01-22
27932,15.0,pengurangan,2026-01-23
27933,15.0,pengurangan,2026-01-24
27934,15.0,pengurangan,2026-01-26
27935,15.0,pengurangan,2026-01-29
27936,15.0,pembagian,2026-02-01
27937,15.0,pembagian,2026-02-02
27938,15.0,pembagian,2026-02-05
27939,15.0,pembagian,2026-02-07
27940,15.0,pembagian,2026-02-10
27941,15.0,pembagian,2026-02-12
27942,15.0,pecahan,2026-02-13
27943,15.0,pecahan,2026-02-16
27944,15.0,pecahan,2026-02-18
27945,15.0,pecahan,2026-02-20
27946,15.0,pecahan,2026-02-22
27947,15.0,pecahan,2026-02-25
27948,15.0,pecahan,2026-02-26
27949,15.0,desimal,2026-02-28
27950,15.0,desimal,2026-03-01
27951,15.0,desimal,2026-03-04
27952,15.0,desimal,2026-03-05
27953,15.0,desimal,2026-03-08
27954,15.0,aljabar,2026-03-09
27955,15.0,aljabar,2026-03-10
27956,15.0,aljabar,2026-03-13
27957,15.0,aljabar,2026-03-15
27958,15.0,aljabar,2026-03-17
27959,15.0,aljabar,2026-03-19
27960,15.0,aljabar,2026-03-22
27961,15.0,aljabar,2026-03-25
27962,15.0,persamaan_linear,2026-03-27
27963,15.0,persamaan_linear,2026-03-29
27964,15.0,persamaan_linear,2026-03-30
27965,15.0,persamaan_linear,2026-04-02
27966,15.0,persamaan_linear,2026-04-04
27967,15.0,limit,2026-04-07
27968,15.0,limit,2026-04-10
27969,15.0,limit,2026-04-12
27970,15.0,limit,2026-04-15
27971,15.0,limit,2026-04-16
27972,15.0,limit,2026-04-18
27973,15.0,limit,2026-04-21
27974,15.0,turunan,2026-04-24
27975,15.0,turunan,2026-04-26
27976,15.0,turunan,2026-04-29
27977,15.0,turunan,2026-05-02
27978,15.0,turunan,2026-05-05
27979,15.0,turunan,2026-05-08
27980,15.0,turunan,2026-05-09
27981,15.0,turunan,2026-05-10
27982,15.0,integral,2026-05-12
27983,15.0,integral,2026-05-15
27984,15.0,integral,2026-05-17
27985,15.0,integral,2026-05-19
27986,15.0,integral,2026-05-21
27987,15.0,integral,2026-05-24
27988,13.0,penjumlahan,2026-01-01
27989,13.0,penjumlahan,2026-01-04
27990,13.0,penjumlahan,2026-01-06
27991,13.0,penjumlahan,2026-01-08
27992,13.0,penjumlahan,2026-01-11
27993,13.0,penjumlahan,2026-01-12
27994,13.0,penjumlahan,2026-01-13
27995,13.0,penjumlahan,2026-01-16
27996,13.0,pengurangan,2026-01-18
27997,13.0,pengurangan,2026-01-20
27998,13.0,pengurangan,2026-01-23
27999,13.0,pengurangan,2026-01-24
28000,13.0,pengurangan,2026-01-27
28001,13.0,pengurangan,2026-01-28
28002,13.0,pengurangan,2026-01-31
28003,13.0,perkalian,2026-02-03
28004,13.0,perkalian,2026-02-05
28005,13.0,perkalian,2026-02-07
28006,13.0,perkalian,2026-02-10
28007,13.0,perkalian,2026-02-12
28008,13.0,perkalian,2026-02-14
28009,13.0,pembagian,2026-02-17
28010,13.0,pembagian,2026-02-20
28011,13.0,pembagian,2026-02-23
28012,13.0,pembagian,2026-02-24
28013,13.0,pembagian,2026-02-26
28014,13.0,pembagian,2026-02-28
28015,13.0,pembagian,2026-03-02
28016,13.0,pembagian,2026-03-03
28017,13.0,pecahan,2026-03-06
28018,13.0,pecahan,2026-03-09
28019,13.0,pecahan,2026-03-12
28020,13.0,pecahan,2026-03-13
28021,13.0,pecahan,2026-03-14
28022,13.0,aljabar,2026-03-17
28023,13.0,aljabar,2026-03-19
28024,13.0,aljabar,2026-03-21
28025,13.0,aljabar,2026-03-23
28026,13.0,aljabar,2026-03-25
28027,13.0,persamaan_linear,2026-03-27
28028,13.0,persamaan_linear,2026-03-28
28029,13.0,persamaan_linear,2026-03-31
28030,13.0,persamaan_linear,2026-04-03
28031,13.0,persamaan_linear,2026-04-05
28032,13.0,persamaan_linear,2026-04-07
28033,13.0,persamaan_linear,2026-04-09
28034,13.0,persamaan_linear,2026-04-11
28035,13.0,limit,2026-04-12
28036,13.0,limit,2026-04-14
28037,13.0,limit,2026-04-16
28038,13.0,limit,2026-04-17
28039,13.0,limit,2026-04-19
28040,13.0,limit,2026-04-22
28041,13.0,limit,2026-04-24
28042,20.0,penjumlahan,2026-01-01
28043,20.0,penjumlahan,2026-01-02
28044,20.0,penjumlahan,2026-01-03
28045,20.0,penjumlahan,2026-01-04
28046,20.0,penjumlahan,2026-01-05
28047,20.0,penjumlahan,2026-01-06
28048,20.0,penjumlahan,2026-01-09
28049,20.0,pengurangan,2026-01-10
28050,20.0,pengurangan,2026-01-12
28051,20.0,pengurangan,2026-01-13
28052,20.0,pengurangan,2026-01-15
28053,20.0,pengurangan,2026-01-16
28054,20.0,pengurangan,2026-01-19
28055,20.0,pengurangan,2026-01-21
28056,20.0,pengurangan,2026-01-22
28057,20.0,pengurangan,2026-01-23
28058,20.0,pembagian,2026-01-25
28059,20.0,pembagian,2026-01-27
28060,20.0,pembagian,2026-01-30
28061,20.0,pembagian,2026-02-01
28062,20.0,pembagian,2026-02-02
28063,20.0,pembagian,2026-02-05
28064,20.0,pembagian,2026-02-07
28065,20.0,pecahan,2026-02-09
28066,20.0,pecahan,2026-02-11
28067,20.0,pecahan,2026-02-13
28068,20.0,pecahan,2026-02-16
28069,20.0,pecahan,2026-02-18
28070,20.0,pecahan,2026-02-20
28071,20.0,pecahan,2026-02-22
28072,20.0,pecahan,2026-02-25
28073,20.0,desimal,2026-02-27
28074,20.0,desimal,2026-03-02
28075,20.0,desimal,2026-03-03
28076,20.0,desimal,2026-03-05
28077,20.0,desimal,2026-03-06
28078,20.0,desimal,2026-03-09
28079,20.0,aljabar,2026-03-11
28080,20.0,aljabar,2026-03-12
28081,20.0,aljabar,2026-03-13
28082,20.0,aljabar,2026-03-14
28083,20.0,aljabar,2026-03-15
28084,20.0,aljabar,2026-03-17
28085,20.0,aljabar,2026-03-20
28086,20.0,aljabar,2026-03-21
28087,20.0,persamaan_linear,2026-03-24
28088,20.0,persamaan_linear,2026-03-25
28089,20.0,persamaan_linear,2026-03-27
28090,20.0,persamaan_linear,2026-03-30
28091,20.0,persamaan_linear,2026-04-01
28092,20.0,persamaan_linear,2026-04-02
28093,20.0,persamaan_linear,2026-04-05
28094,20.0,persamaan_linear,2026-04-08
28095,20.0,persamaan_linear,2026-04-09
28096,20.0,fungsi,2026-04-10
28097,20.0,fungsi,2026-04-13
28098,20.0,fungsi,2026-04-14
28099,20.0,fungsi,2026-04-17
28100,20.0,fungsi,2026-04-19
28101,20.0,fungsi,2026-04-22
28102,20.0,fungsi,2026-04-23
28103,20.0,fungsi,2026-04-26
28104,20.0,limit,2026-04-28
28105,20.0,limit,2026-04-30
28106,20.0,limit,2026-05-02
28107,20.0,limit,2026-05-03
28108,20.0,limit,2026-05-05
28109,20.0,limit,2026-05-06
28110,20.0,limit,2026-05-09
28111,20.0,limit,2026-05-10
28112,20.0,limit,2026-05-12
28113,20.0,turunan,2026-05-14
28114,20.0,turunan,2026-05-17
28115,20.0,turunan,2026-05-19
28116,20.0,turunan,2026-05-20
28117,20.0,turunan,2026-05-23
28118,20.0,turunan,2026-05-26
28119,20.0,turunan,2026-05-28
28120,20.0,turunan,2026-05-31
28121,20.0,integral,2026-06-02
28122,20.0,integral,2026-06-05
28123,20.0,integral,2026-06-06
28124,20.0,integral,2026-06-07
28125,20.0,integral,2026-06-08
28126,20.0,integral,2026-06-11
28127,20.0,integral,2026-06-13
28128,20.0,integral,2026-06-16
28129,20.0,integral,2026-06-18
28130,3.0,penjumlahan,2026-01-01
28131,3.0,penjumlahan,2026-01-02
28132,3.0,penjumlahan,2026-01-05
28133,3.0,penjumlahan,2026-01-06
28134,3.0,penjumlahan,2026-01-09
28135,3.0,penjumlahan,2026-01-12
28136,3.0,penjumlahan,2026-01-13
28137,3.0,penjumlahan,2026-01-16
28138,3.0,penjumlahan,2026-01-18
28139,3.0,pengurangan,2026-01-20
28140,3.0,pengurangan,2026-01-21
28141,3.0,pengurangan,2026-01-22
28142,3.0,pengurangan,2026-01-25
28143,3.0,pengurangan,2026-01-28
28144,3.0,pengurangan,2026-01-29
28145,3.0,pengurangan,2026-02-01
28146,3.0,pengurangan,2026-02-04
28147,3.0,perkalian,2026-02-07
28148,3.0,perkalian,2026-02-09
28149,3.0,perkalian,2026-02-10
28150,3.0,perkalian,2026-02-13
28151,3.0,perkalian,2026-02-14
28152,3.0,perkalian,2026-02-15
28153,3.0,perkalian,2026-02-17
28154,3.0,pecahan,2026-02-18
28155,3.0,pecahan,2026-02-20
28156,3.0,pecahan,2026-02-21
28157,3.0,pecahan,2026-02-23
28158,3.0,pecahan,2026-02-26
28159,3.0,pecahan,2026-03-01
28160,3.0,pecahan,2026-03-04
28161,3.0,pecahan,2026-03-05
28162,3.0,pecahan,2026-03-07
28163,3.0,desimal,2026-03-09
28164,3.0,desimal,2026-03-11
28165,3.0,desimal,2026-03-12
28166,3.0,desimal,2026-03-15
28167,3.0,desimal,2026-03-17
28168,3.0,persamaan_linear,2026-03-19
28169,3.0,persamaan_linear,2026-03-20
28170,3.0,persamaan_linear,2026-03-23
28171,3.0,persamaan_linear,2026-03-25
28172,3.0,persamaan_linear,2026-03-28
28173,3.0,persamaan_linear,2026-03-29
28174,3.0,fungsi,2026-03-30
28175,3.0,fungsi,2026-04-02
28176,3.0,fungsi,2026-04-04
28177,3.0,fungsi,2026-04-05
28178,3.0,fungsi,2026-04-07
28179,3.0,fungsi,2026-04-09
28180,3.0,limit,2026-04-10
28181,3.0,limit,2026-04-12
28182,3.0,limit,2026-04-14
28183,3.0,limit,2026-04-17
28184,3.0,limit,2026-04-20
28185,3.0,limit,2026-04-21
28186,3.0,limit,2026-04-24
28187,3.0,limit,2026-04-27
28188,3.0,limit,2026-04-29
28189,3.0,turunan,2026-04-30
28190,3.0,turunan,2026-05-02
28191,3.0,turunan,2026-05-04
28192,3.0,turunan,2026-05-06
28193,3.0,turunan,2026-05-07
28194,3.0,turunan,2026-05-08
28195,3.0,turunan,2026-05-09
28196,3.0,turunan,2026-05-10
28197,3.0,turunan,2026-05-11
28198,3.0,integral,2026-05-13
28199,3.0,integral,2026-05-16
28200,3.0,integral,2026-05-19
28201,3.0,integral,2026-05-22
28202,3.0,integral,2026-05-25
28203,3.0,integral,2026-05-26
28204,3.0,integral,2026-05-27
28205,3.0,integral,2026-05-28
28206,3.0,integral,2026-05-30
28207,14.0,penjumlahan,2026-01-01
28208,14.0,penjumlahan,2026-01-02
28209,14.0,penjumlahan,2026-01-03
28210,14.0,penjumlahan,2026-01-04
28211,14.0,penjumlahan,2026-01-07
28212,14.0,penjumlahan,2026-01-10
28213,14.0,penjumlahan,2026-01-12
28214,14.0,penjumlahan,2026-01-14
28215,14.0,penjumlahan,2026-01-16
28216,14.0,pengurangan,2026-01-17
28217,14.0,pengurangan,2026-01-19
28218,14.0,pengurangan,2026-01-22
28219,14.0,pengurangan,2026-01-24
28220,14.0,pengurangan,2026-01-27
28221,14.0,pengurangan,2026-01-28
28222,14.0,pengurangan,2026-01-29
28223,14.0,pengurangan,2026-01-31
28224,14.0,perkalian,2026-02-02
28225,14.0,perkalian,2026-02-03
28226,14.0,perkalian,2026-02-04
28227,14.0,perkalian,2026-02-07
28228,14.0,perkalian,2026-02-08
28229,14.0,perkalian,2026-02-10
28230,14.0,pembagian,2026-02-13
28231,14.0,pembagian,2026-02-16
28232,14.0,pembagian,2026-02-18
28233,14.0,pembagian,2026-02-21
28234,14.0,pembagian,2026-02-22
28235,14.0,pembagian,2026-02-24
28236,14.0,pembagian,2026-02-26
28237,14.0,pembagian,2026-02-28
28238,14.0,pembagian,2026-03-02
28239,14.0,desimal,2026-03-03
28240,14.0,desimal,2026-03-06
28241,14.0,desimal,2026-03-09
28242,14.0,desimal,2026-03-11
28243,14.0,desimal,2026-03-14
28244,14.0,desimal,2026-03-17
28245,14.0,desimal,2026-03-19
28246,14.0,aljabar,2026-03-20
28247,14.0,aljabar,2026-03-21
28248,14.0,aljabar,2026-03-22
28249,14.0,aljabar,2026-03-24
28250,14.0,aljabar,2026-03-25
28251,14.0,aljabar,2026-03-26
28252,14.0,aljabar,2026-03-28
28253,14.0,persamaan_linear,2026-03-31
28254,14.0,persamaan_linear,2026-04-02
28255,14.0,persamaan_linear,2026-04-03
28256,14.0,persamaan_linear,2026-04-04
28257,14.0,persamaan_linear,2026-04-05
28258,14.0,persamaan_linear,2026-04-07
28259,14.0,turunan,2026-04-09
28260,14.0,turunan,2026-04-12
28261,14.0,turunan,2026-04-14
28262,14.0,turunan,2026-04-15
28263,14.0,turunan,2026-04-16
28264,14.0,turunan,2026-04-17
28265,14.0,turunan,2026-04-20
28266,17.0,penjumlahan,2026-01-01
28267,17.0,penjumlahan,2026-01-03
28268,17.0,penjumlahan,2026-01-05
28269,17.0,penjumlahan,2026-01-07
28270,17.0,penjumlahan,2026-01-09
28271,17.0,penjumlahan,2026-01-11
28272,17.0,pengurangan,2026-01-13
28273,17.0,pengurangan,2026-01-16
28274,17.0,pengurangan,2026-01-18
28275,17.0,pengurangan,2026-01-20
28276,17.0,pengurangan,2026-01-22
28277,17.0,pengurangan,2026-01-23
28278,17.0,pengurangan,2026-01-24
28279,17.0,perkalian,2026-01-27
28280,17.0,perkalian,2026-01-28
28281,17.0,perkalian,2026-01-30
28282,17.0,perkalian,2026-01-31
28283,17.0,perkalian,2026-02-02
28284,17.0,perkalian,2026-02-05
28285,17.0,pembagian,2026-02-07
28286,17.0,pembagian,2026-02-10
28287,17.0,pembagian,2026-02-11
28288,17.0,pembagian,2026-02-12
28289,17.0,pembagian,2026-02-14
28290,17.0,pecahan,2026-02-17
28291,17.0,pecahan,2026-02-18
28292,17.0,pecahan,2026-02-19
28293,17.0,pecahan,2026-02-20
28294,17.0,pecahan,2026-02-22
28295,17.0,pecahan,2026-02-24
28296,17.0,pecahan,2026-02-27
28297,17.0,pecahan,2026-02-28
28298,17.0,pecahan,2026-03-01
28299,17.0,desimal,2026-03-02
28300,17.0,desimal,2026-03-03
28301,17.0,desimal,2026-03-04
28302,17.0,desimal,2026-03-05
28303,17.0,desimal,2026-03-07
28304,17.0,desimal,2026-03-10
28305,17.0,desimal,2026-03-13
28306,17.0,aljabar,2026-03-14
28307,17.0,aljabar,2026-03-16
28308,17.0,aljabar,2026-03-17
28309,17.0,aljabar,2026-03-18
28310,17.0,aljabar,2026-03-19
28311,17.0,persamaan_linear,2026-03-20
28312,17.0,persamaan_linear,2026-03-21
28313,17.0,persamaan_linear,2026-03-22
28314,17.0,persamaan_linear,2026-03-24
28315,17.0,persamaan_linear,2026-03-27
28316,17.0,persamaan_linear,2026-03-29
28317,17.0,fungsi,2026-03-31
28318,17.0,fungsi,2026-04-01
28319,17.0,fungsi,2026-04-02
28320,17.0,fungsi,2026-04-03
28321,17.0,fungsi,2026-04-05
28322,17.0,fungsi,2026-04-07
28323,17.0,fungsi,2026-04-09
28324,17.0,limit,2026-04-12
28325,17.0,limit,2026-04-14
28326,17.0,limit,2026-04-17
28327,17.0,limit,2026-04-18
28328,17.0,limit,2026-04-20
28329,17.0,integral,2026-04-22
28330,17.0,integral,2026-04-25
28331,17.0,integral,2026-04-27
28332,17.0,integral,2026-04-28
28333,17.0,integral,2026-05-01
28334,17.0,integral,2026-05-04
28335,17.0,integral,2026-05-07
28336,17.0,integral,2026-05-08
28337,1.0,penjumlahan,2026-01-01
28338,1.0,penjumlahan,2026-01-03
28339,1.0,penjumlahan,2026-01-05
28340,1.0,penjumlahan,2026-01-06
28341,1.0,penjumlahan,2026-01-09
28342,1.0,penjumlahan,2026-01-10
28343,1.0,penjumlahan,2026-01-13
28344,1.0,penjumlahan,2026-01-16
28345,1.0,pengurangan,2026-01-17
28346,1.0,pengurangan,2026-01-20
28347,1.0,pengurangan,2026-01-21
28348,1.0,pengurangan,2026-01-24
28349,1.0,pengurangan,2026-01-26
28350,1.0,pengurangan,2026-01-27
28351,1.0,pengurangan,2026-01-28
28352,1.0,pengurangan,2026-01-30
28353,1.0,pembagian,2026-02-02
28354,1.0,pembagian,2026-02-05
28355,1.0,pembagian,2026-02-07
28356,1.0,pembagian,2026-02-08
28357,1.0,pembagian,2026-02-09
28358,1.0,pecahan,2026-02-11
28359,1.0,pecahan,2026-02-13
28360,1.0,pecahan,2026-02-16
28361,1.0,pecahan,2026-02-18
28362,1.0,pecahan,2026-02-19
28363,1.0,pecahan,2026-02-20
28364,1.0,pecahan,2026-02-23
28365,1.0,pecahan,2026-02-26
28366,1.0,aljabar,2026-03-01
28367,1.0,aljabar,2026-03-03
28368,1.0,aljabar,2026-03-06
28369,1.0,aljabar,2026-03-09
28370,1.0,aljabar,2026-03-12
28371,1.0,aljabar,2026-03-14
28372,1.0,aljabar,2026-03-17
28373,1.0,aljabar,2026-03-18
28374,1.0,persamaan_linear,2026-03-19
28375,1.0,persamaan_linear,2026-03-20
28376,1.0,persamaan_linear,2026-03-21
28377,1.0,persamaan_linear,2026-03-24
28378,1.0,persamaan_linear,2026-03-25
28379,1.0,fungsi,2026-03-26
28380,1.0,fungsi,2026-03-28
28381,1.0,fungsi,2026-03-30
28382,1.0,fungsi,2026-04-02
28383,1.0,fungsi,2026-04-04
28384,1.0,fungsi,2026-04-06
28385,1.0,fungsi,2026-04-08
28386,1.0,fungsi,2026-04-10
28387,1.0,fungsi,2026-04-11
28388,1.0,limit,2026-04-12
28389,1.0,limit,2026-04-13
28390,1.0,limit,2026-04-14
28391,1.0,limit,2026-04-17
28392,1.0,limit,2026-04-20
28393,1.0,limit,2026-04-22
28394,1.0,limit,2026-04-25
28395,1.0,turunan,2026-04-26
28396,1.0,turunan,2026-04-28
28397,1.0,turunan,2026-05-01
28398,1.0,turunan,2026-05-04
28399,1.0,turunan,2026-05-05
28400,1.0,turunan,2026-05-07
28401,1.0,turunan,2026-05-08
28402,1.0,turunan,2026-05-11
28403,10.0,penjumlahan,2026-01-01
28404,10.0,penjumlahan,2026-01-04
28405,10.0,penjumlahan,2026-01-06
28406,10.0,penjumlahan,2026-01-09
28407,10.0,penjumlahan,2026-01-12
28408,10.0,penjumlahan,2026-01-15
28409,10.0,penjumlahan,2026-01-16
28410,10.0,pengurangan,2026-01-17
28411,10.0,pengurangan,2026-01-20
28412,10.0,pengurangan,2026-01-23
28413,10.0,pengurangan,2026-01-26
28414,10.0,pengurangan,2026-01-28
28415,10.0,pengurangan,2026-01-29
28416,10.0,pengurangan,2026-01-30
28417,10.0,pengurangan,2026-01-31
28418,10.0,pengurangan,2026-02-01
28419,10.0,pembagian,2026-02-03
28420,10.0,pembagian,2026-02-05
28421,10.0,pembagian,2026-02-07
28422,10.0,pembagian,2026-02-09
28423,10.0,pembagian,2026-02-11
28424,10.0,pembagian,2026-02-14
28425,10.0,pembagian,2026-02-17
28426,10.0,pembagian,2026-02-20
28427,10.0,pembagian,2026-02-21
28428,10.0,desimal,2026-02-24
28429,10.0,desimal,2026-02-27
28430,10.0,desimal,2026-03-02
28431,10.0,desimal,2026-03-04
28432,10.0,desimal,2026-03-05
28433,10.0,desimal,2026-03-07
28434,10.0,desimal,2026-03-09
28435,10.0,aljabar,2026-03-12
28436,10.0,aljabar,2026-03-15
28437,10.0,aljabar,2026-03-16
28438,10.0,aljabar,2026-03-17
28439,10.0,aljabar,2026-03-20
28440,10.0,aljabar,2026-03-21
28441,10.0,aljabar,2026-03-23
28442,10.0,aljabar,2026-03-25
28443,10.0,persamaan_linear,2026-03-26
28444,10.0,persamaan_linear,2026-03-27
28445,10.0,persamaan_linear,2026-03-30
28446,10.0,persamaan_linear,2026-04-01
28447,10.0,persamaan_linear,2026-04-03
28448,10.0,fungsi,2026-04-04
28449,10.0,fungsi,2026-04-06
28450,10.0,fungsi,2026-04-08
28451,10.0,fungsi,2026-04-09
28452,10.0,fungsi,2026-04-11
28453,10.0,limit,2026-04-13
28454,10.0,limit,2026-04-14
28455,10.0,limit,2026-04-15
28456,10.0,limit,2026-04-18
28457,10.0,limit,2026-04-19
28458,10.0,limit,2026-04-21
28459,10.0,limit,2026-04-22
28460,10.0,limit,2026-04-23
28461,5.0,penjumlahan,2026-01-01
28462,5.0,penjumlahan,2026-01-04
28463,5.0,penjumlahan,2026-01-06
28464,5.0,penjumlahan,2026-01-08
28465,5.0,penjumlahan,2026-01-11
28466,5.0,pengurangan,2026-01-12
28467,5.0,pengurangan,2026-01-13
28468,5.0,pengurangan,2026-01-16
28469,5.0,pengurangan,2026-01-18
28470,5.0,pengurangan,2026-01-20
28471,5.0,pengurangan,2026-01-21
28472,5.0,perkalian,2026-01-22
28473,5.0,perkalian,2026-01-25
28474,5.0,perkalian,2026-01-27
28475,5.0,perkalian,2026-01-29
28476,5.0,perkalian,2026-01-31
28477,5.0,perkalian,2026-02-01
28478,5.0,pembagian,2026-02-04
28479,5.0,pembagian,2026-02-07
28480,5.0,pembagian,2026-02-08
28481,5.0,pembagian,2026-02-11
28482,5.0,pembagian,2026-02-12
28483,5.0,pembagian,2026-02-15
28484,5.0,pembagian,2026-02-16
28485,5.0,pembagian,2026-02-17
28486,5.0,pembagian,2026-02-18
28487,5.0,pecahan,2026-02-21
28488,5.0,pecahan,2026-02-22
28489,5.0,pecahan,2026-02-25
28490,5.0,pecahan,2026-02-27
28491,5.0,pecahan,2026-03-01
28492,5.0,desimal,2026-03-02
28493,5.0,desimal,2026-03-04
28494,5.0,desimal,2026-03-05
28495,5.0,desimal,2026-03-06
28496,5.0,desimal,2026-03-07
28497,5.0,desimal,2026-03-09
28498,5.0,desimal,2026-03-11
28499,5.0,aljabar,2026-03-14
28500,5.0,aljabar,2026-03-17
28501,5.0,aljabar,2026-03-18
28502,5.0,aljabar,2026-03-21
28503,5.0,aljabar,2026-03-24
28504,5.0,aljabar,2026-03-27
28505,5.0,persamaan_linear,2026-03-30
28506,5.0,persamaan_linear,2026-04-02
28507,5.0,persamaan_linear,2026-04-05
28508,5.0,persamaan_linear,2026-04-07
28509,5.0,persamaan_linear,2026-04-10
28510,5.0,persamaan_linear,2026-04-12
28511,5.0,fungsi,2026-04-14
28512,5.0,fungsi,2026-04-17
28513,5.0,fungsi,2026-04-18
28514,5.0,fungsi,2026-04-19
28515,5.0,fungsi,2026-04-21
28516,5.0,fungsi,2026-04-24
28517,5.0,turunan,2026-04-26
28518,5.0,turunan,2026-04-28
28519,5.0,turunan,2026-05-01
28520,5.0,turunan,2026-05-03
28521,5.0,turunan,2026-05-06
28522,5.0,turunan,2026-05-09
28523,5.0,turunan,2026-05-10
28524,5.0,turunan,2026-05-13
28525,5.0,integral,2026-05-15
28526,5.0,integral,2026-05-16
28527,5.0,integral,2026-05-17
28528,5.0,integral,2026-05-20
28529,5.0,integral,2026-05-22
28530,5.0,integral,2026-05-25
28531,5.0,integral,2026-05-26
28532,18.0,penjumlahan,2026-01-01
28533,18.0,penjumlahan,2026-01-04
28534,18.0,penjumlahan,2026-01-06
28535,18.0,penjumlahan,2026-01-09
28536,18.0,penjumlahan,2026-01-11
28537,18.0,penjumlahan,2026-01-13
28538,18.0,penjumlahan,2026-01-14
28539,18.0,pengurangan,2026-01-15
28540,18.0,pengurangan,2026-01-17
28541,18.0,pengurangan,2026-01-20
28542,18.0,pengurangan,2026-01-22
28543,18.0,pengurangan,2026-01-23
28544,18.0,pengurangan,2026-01-26
28545,18.0,pengurangan,2026-01-29
28546,18.0,perkalian,2026-02-01
28547,18.0,perkalian,2026-02-04
28548,18.0,perkalian,2026-02-07
28549,18.0,perkalian,2026-02-08
28550,18.0,perkalian,2026-02-09
28551,18.0,perkalian,2026-02-12
28552,18.0,pecahan,2026-02-13
28553,18.0,pecahan,2026-02-14
28554,18.0,pecahan,2026-02-16
28555,18.0,pecahan,2026-02-17
28556,18.0,pecahan,2026-02-20
28557,18.0,pecahan,2026-02-23
28558,18.0,aljabar,2026-02-24
28559,18.0,aljabar,2026-02-26
28560,18.0,aljabar,2026-02-28
28561,18.0,aljabar,2026-03-03
28562,18.0,aljabar,2026-03-06
28563,18.0,persamaan_linear,2026-03-08
28564,18.0,persamaan_linear,2026-03-11
28565,18.0,persamaan_linear,2026-03-14
28566,18.0,persamaan_linear,2026-03-16
28567,18.0,persamaan_linear,2026-03-18
28568,18.0,persamaan_linear,2026-03-21
28569,18.0,fungsi,2026-03-24
28570,18.0,fungsi,2026-03-26
28571,18.0,fungsi,2026-03-28
28572,18.0,fungsi,2026-03-29
28573,18.0,fungsi,2026-04-01
28574,18.0,limit,2026-04-03
28575,18.0,limit,2026-04-06
28576,18.0,limit,2026-04-08
28577,18.0,limit,2026-04-10
28578,18.0,limit,2026-04-13
28579,18.0,limit,2026-04-14
28580,18.0,limit,2026-04-17
28581,18.0,integral,2026-04-20
28582,18.0,integral,2026-04-23
28583,18.0,integral,2026-04-24
28584,18.0,integral,2026-04-27
28585,18.0,integral,2026-04-28
28586,12.0,penjumlahan,2026-01-01
28587,12.0,penjumlahan,2026-01-03
28588,12.0,penjumlahan,2026-01-04
28589,12.0,penjumlahan,2026-01-07
28590,12.0,penjumlahan,2026-01-09
28591,12.0,penjumlahan,2026-01-12
28592,12.0,penjumlahan,2026-01-15
28593,12.0,penjumlahan,2026-01-16
28594,12.0,pengurangan,2026-01-18
28595,12.0,pengurangan,2026-01-21
28596,12.0,pengurangan,2026-01-22
28597,12.0,pengurangan,2026-01-23
28598,12.0,pengurangan,2026-01-24
28599,12.0,pengurangan,2026-01-25
28600,12.0,perkalian,2026-01-28
28601,12.0,perkalian,2026-01-29
28602,12.0,perkalian,2026-02-01
28603,12.0,perkalian,2026-02-04
28604,12.0,perkalian,2026-02-07
28605,12.0,pecahan,2026-02-08
28606,12.0,pecahan,2026-02-10
28607,12.0,pecahan,2026-02-11
28608,12.0,pecahan,2026-02-12
28609,12.0,pecahan,2026-02-14
28610,12.0,desimal,2026-02-17
28611,12.0,desimal,2026-02-19
28612,12.0,desimal,2026-02-20
28613,12.0,desimal,2026-02-22
28614,12.0,desimal,2026-02-24
28615,12.0,desimal,2026-02-27
28616,12.0,desimal,2026-03-01
28617,12.0,desimal,2026-03-02
28618,12.0,aljabar,2026-03-04
28619,12.0,aljabar,2026-03-07
28620,12.0,aljabar,2026-03-08
28621,12.0,aljabar,2026-03-10
28622,12.0,aljabar,2026-03-12
28623,12.0,persamaan_linear,2026-03-15
28624,12.0,persamaan_linear,2026-03-16
28625,12.0,persamaan_linear,2026-03-17
28626,12.0,persamaan_linear,2026-03-20
28627,12.0,persamaan_linear,2026-03-23
28628,12.0,persamaan_linear,2026-03-24
28629,12.0,fungsi,2026-03-25
28630,12.0,fungsi,2026-03-26
28631,12.0,fungsi,2026-03-29
28632,12.0,fungsi,2026-03-30
28633,12.0,fungsi,2026-03-31
28634,12.0,fungsi,2026-04-01
28635,12.0,limit,2026-04-03
28636,12.0,limit,2026-04-05
28637,12.0,limit,2026-04-06
28638,12.0,limit,2026-04-09
28639,12.0,limit,2026-04-10
28640,12.0,limit,2026-04-12
28641,12.0,limit,2026-04-14
28642,12.0,limit,2026-04-15
28643,12.0,turunan,2026-04-18
28644,12.0,turunan,2026-04-21
28645,12.0,turunan,2026-04-22
28646,12.0,turunan,2026-04-24
28647,12.0,turunan,2026-04-25
28648,12.0,turunan,2026-04-27
28649,12.0,turunan,2026-04-30
28650,12.0,turunan,2026-05-02
28651,12.0,integral,2026-05-05
28652,12.0,integral,2026-05-06
28653,12.0,integral,2026-05-07
28654,12.0,integral,2026-05-08
28655,12.0,integral,2026-05-10
28656,12.0,integral,2026-05-13
28657,12.0,integral,2026-05-14
28658,12.0,integral,2026-05-16
28659,18.0,penjumlahan,2026-01-01
28660,18.0,penjumlahan,2026-01-04
28661,18.0,penjumlahan,2026-01-05
28662,18.0,penjumlahan,2026-01-07
28663,18.0,penjumlahan,2026-01-08
28664,18.0,penjumlahan,2026-01-11
28665,18.0,penjumlahan,2026-01-12
28666,18.0,penjumlahan,2026-01-14
28667,18.0,penjumlahan,2026-01-15
28668,18.0,pengurangan,2026-01-18
28669,18.0,pengurangan,2026-01-20
28670,18.0,pengurangan,2026-01-23
28671,18.0,pengurangan,2026-01-26
28672,18.0,pengurangan,2026-01-28
28673,18.0,pengurangan,2026-01-31
28674,18.0,pengurangan,2026-02-02
28675,18.0,pecahan,2026-02-03
28676,18.0,pecahan,2026-02-04
28677,18.0,pecahan,2026-02-07
28678,18.0,pecahan,2026-02-10
28679,18.0,pecahan,2026-02-12
28680,18.0,pecahan,2026-02-13
28681,18.0,pecahan,2026-02-14
28682,18.0,desimal,2026-02-16
28683,18.0,desimal,2026-02-17
28684,18.0,desimal,2026-02-19
28685,18.0,desimal,2026-02-22
28686,18.0,desimal,2026-02-24
28687,18.0,aljabar,2026-02-27
28688,18.0,aljabar,2026-03-01
28689,18.0,aljabar,2026-03-03
28690,18.0,aljabar,2026-03-06
28691,18.0,aljabar,2026-03-09
28692,18.0,aljabar,2026-03-11
28693,18.0,fungsi,2026-03-12
28694,18.0,fungsi,2026-03-15
28695,18.0,fungsi,2026-03-18
28696,18.0,fungsi,2026-03-20
28697,18.0,fungsi,2026-03-21
28698,18.0,fungsi,2026-03-22
28699,18.0,fungsi,2026-03-24
28700,18.0,fungsi,2026-03-25
28701,18.0,limit,2026-03-28
28702,18.0,limit,2026-03-29
28703,18.0,limit,2026-03-30
28704,18.0,limit,2026-04-01
28705,18.0,limit,2026-04-04
28706,18.0,limit,2026-04-07
28707,18.0,limit,2026-04-08
28708,18.0,limit,2026-04-10
28709,18.0,limit,2026-04-12
28710,18.0,turunan,2026-04-15
28711,18.0,turunan,2026-04-16
28712,18.0,turunan,2026-04-18
28713,18.0,turunan,2026-04-21
28714,18.0,turunan,2026-04-23
28715,18.0,turunan,2026-04-25
28716,18.0,turunan,2026-04-27
28717,18.0,turunan,2026-04-30
28718,15.0,penjumlahan,2026-01-01
28719,15.0,penjumlahan,2026-01-04
28720,15.0,penjumlahan,2026-01-07
28721,15.0,penjumlahan,2026-01-09
28722,15.0,penjumlahan,2026-01-10
28723,15.0,pengurangan,2026-01-13
28724,15.0,pengurangan,2026-01-14
28725,15.0,pengurangan,2026-01-16
28726,15.0,pengurangan,2026-01-17
28727,15.0,pengurangan,2026-01-18
28728,15.0,pengurangan,2026-01-21
28729,15.0,pengurangan,2026-01-24
28730,15.0,pengurangan,2026-01-25
28731,15.0,perkalian,2026-01-26
28732,15.0,perkalian,2026-01-29
28733,15.0,perkalian,2026-01-31
28734,15.0,perkalian,2026-02-02
28735,15.0,perkalian,2026-02-03
28736,15.0,perkalian,2026-02-04
28737,15.0,perkalian,2026-02-06
28738,15.0,pecahan,2026-02-07
28739,15.0,pecahan,2026-02-10
28740,15.0,pecahan,2026-02-13
28741,15.0,pecahan,2026-02-16
28742,15.0,pecahan,2026-02-19
28743,15.0,pecahan,2026-02-21
28744,15.0,aljabar,2026-02-23
28745,15.0,aljabar,2026-02-26
28746,15.0,aljabar,2026-02-28
28747,15.0,aljabar,2026-03-01
28748,15.0,aljabar,2026-03-02
28749,15.0,aljabar,2026-03-03
28750,15.0,persamaan_linear,2026-03-06
28751,15.0,persamaan_linear,2026-03-07
28752,15.0,persamaan_linear,2026-03-08
28753,15.0,persamaan_linear,2026-03-09
28754,15.0,persamaan_linear,2026-03-11
28755,15.0,persamaan_linear,2026-03-12
28756,15.0,persamaan_linear,2026-03-15
28757,15.0,persamaan_linear,2026-03-17
28758,15.0,limit,2026-03-19
28759,15.0,limit,2026-03-20
28760,15.0,limit,2026-03-21
28761,15.0,limit,2026-03-24
28762,15.0,limit,2026-03-26
28763,15.0,limit,2026-03-28
28764,15.0,limit,2026-03-29
28765,15.0,turunan,2026-04-01
28766,15.0,turunan,2026-04-02
28767,15.0,turunan,2026-04-03
28768,15.0,turunan,2026-04-04
28769,15.0,turunan,2026-04-07
28770,15.0,integral,2026-04-08
28771,15.0,integral,2026-04-09
28772,15.0,integral,2026-04-12
28773,15.0,integral,2026-04-14
28774,15.0,integral,2026-04-15
28775,15.0,integral,2026-04-16
28776,15.0,integral,2026-04-18
28777,15.0,integral,2026-04-19
28778,15.0,integral,2026-04-22
28779,7.0,penjumlahan,2026-01-01
28780,7.0,penjumlahan,2026-01-03
28781,7.0,penjumlahan,2026-01-04
28782,7.0,penjumlahan,2026-01-06
28783,7.0,penjumlahan,2026-01-08
28784,7.0,penjumlahan,2026-01-11
28785,7.0,pengurangan,2026-01-12
28786,7.0,pengurangan,2026-01-15
28787,7.0,pengurangan,2026-01-16
28788,7.0,pengurangan,2026-01-18
28789,7.0,pengurangan,2026-01-19
28790,7.0,perkalian,2026-01-21
28791,7.0,perkalian,2026-01-24
28792,7.0,perkalian,2026-01-26
28793,7.0,perkalian,2026-01-27
28794,7.0,perkalian,2026-01-28
28795,7.0,pembagian,2026-01-29
28796,7.0,pembagian,2026-02-01
28797,7.0,pembagian,2026-02-03
28798,7.0,pembagian,2026-02-06
28799,7.0,pembagian,2026-02-09
28800,7.0,pembagian,2026-02-10
28801,7.0,pecahan,2026-02-12
28802,7.0,pecahan,2026-02-14
28803,7.0,pecahan,2026-02-16
28804,7.0,pecahan,2026-02-17
28805,7.0,pecahan,2026-02-18
28806,7.0,pecahan,2026-02-19
28807,7.0,pecahan,2026-02-20
28808,7.0,desimal,2026-02-21
28809,7.0,desimal,2026-02-22
28810,7.0,desimal,2026-02-25
28811,7.0,desimal,2026-02-26
28812,7.0,desimal,2026-02-28
28813,7.0,desimal,2026-03-01
28814,7.0,aljabar,2026-03-02
28815,7.0,aljabar,2026-03-05
28816,7.0,aljabar,2026-03-08
28817,7.0,aljabar,2026-03-11
28818,7.0,aljabar,2026-03-13
28819,7.0,persamaan_linear,2026-03-16
28820,7.0,persamaan_linear,2026-03-17
28821,7.0,persamaan_linear,2026-03-19
28822,7.0,persamaan_linear,2026-03-21
28823,7.0,persamaan_linear,2026-03-22
28824,7.0,persamaan_linear,2026-03-25
28825,7.0,fungsi,2026-03-27
28826,7.0,fungsi,2026-03-29
28827,7.0,fungsi,2026-04-01
28828,7.0,fungsi,2026-04-03
28829,7.0,fungsi,2026-04-05
28830,7.0,fungsi,2026-04-07
28831,7.0,integral,2026-04-09
28832,7.0,integral,2026-04-11
28833,7.0,integral,2026-04-14
28834,7.0,integral,2026-04-17
28835,7.0,integral,2026-04-19
28836,19.0,penjumlahan,2026-01-01
28837,19.0,penjumlahan,2026-01-02
28838,19.0,penjumlahan,2026-01-03
28839,19.0,penjumlahan,2026-01-05
28840,19.0,penjumlahan,2026-01-07
28841,19.0,penjumlahan,2026-01-09
28842,19.0,penjumlahan,2026-01-12
28843,19.0,penjumlahan,2026-01-14
28844,19.0,pengurangan,2026-01-17
28845,19.0,pengurangan,2026-01-18
28846,19.0,pengurangan,2026-01-19
28847,19.0,pengurangan,2026-01-22
28848,19.0,pengurangan,2026-01-24
28849,19.0,pengurangan,2026-01-25
28850,19.0,perkalian,2026-01-28
28851,19.0,perkalian,2026-01-29
28852,19.0,perkalian,2026-02-01
28853,19.0,perkalian,2026-02-03
28854,19.0,perkalian,2026-02-06
28855,19.0,pembagian,2026-02-09
28856,19.0,pembagian,2026-02-10
28857,19.0,pembagian,2026-02-12
28858,19.0,pembagian,2026-02-14
28859,19.0,pembagian,2026-02-15
28860,19.0,pembagian,2026-02-17
28861,19.0,pembagian,2026-02-18
28862,19.0,pecahan,2026-02-21
28863,19.0,pecahan,2026-02-24
28864,19.0,pecahan,2026-02-25
28865,19.0,pecahan,2026-02-28
28866,19.0,pecahan,2026-03-03
28867,19.0,pecahan,2026-03-06
28868,19.0,pecahan,2026-03-08
28869,19.0,pecahan,2026-03-11
28870,19.0,aljabar,2026-03-12
28871,19.0,aljabar,2026-03-14
28872,19.0,aljabar,2026-03-17
28873,19.0,aljabar,2026-03-18
28874,19.0,aljabar,2026-03-19
28875,19.0,persamaan_linear,2026-03-22
28876,19.0,persamaan_linear,2026-03-24
28877,19.0,persamaan_linear,2026-03-25
28878,19.0,persamaan_linear,2026-03-28
28879,19.0,persamaan_linear,2026-03-29
28880,19.0,persamaan_linear,2026-04-01
28881,19.0,fungsi,2026-04-03
28882,19.0,fungsi,2026-04-04
28883,19.0,fungsi,2026-04-07
28884,19.0,fungsi,2026-04-08
28885,19.0,fungsi,2026-04-09
28886,19.0,fungsi,2026-04-12
28887,19.0,fungsi,2026-04-13
28888,19.0,fungsi,2026-04-15
28889,19.0,turunan,2026-04-16
28890,19.0,turunan,2026-04-19
28891,19.0,turunan,2026-04-21
28892,19.0,turunan,2026-04-23
28893,19.0,turunan,2026-04-24
28894,8.0,penjumlahan,2026-01-01
28895,8.0,penjumlahan,2026-01-04
28896,8.0,penjumlahan,2026-01-05
28897,8.0,penjumlahan,2026-01-06
28898,8.0,penjumlahan,2026-01-07
28899,8.0,penjumlahan,2026-01-10
28900,8.0,penjumlahan,2026-01-12
28901,8.0,pengurangan,2026-01-13
28902,8.0,pengurangan,2026-01-15
28903,8.0,pengurangan,2026-01-17
28904,8.0,pengurangan,2026-01-19
28905,8.0,pengurangan,2026-01-22
28906,8.0,perkalian,2026-01-24
28907,8.0,perkalian,2026-01-25
28908,8.0,perkalian,2026-01-28
28909,8.0,perkalian,2026-01-29
28910,8.0,perkalian,2026-01-30
28911,8.0,pembagian,2026-02-02
28912,8.0,pembagian,2026-02-04
28913,8.0,pembagian,2026-02-06
28914,8.0,pembagian,2026-02-07
28915,8.0,pembagian,2026-02-08
28916,8.0,pembagian,2026-02-09
28917,8.0,pembagian,2026-02-12
28918,8.0,pembagian,2026-02-15
28919,8.0,pecahan,2026-02-18
28920,8.0,pecahan,2026-02-21
28921,8.0,pecahan,2026-02-23
28922,8.0,pecahan,2026-02-24
28923,8.0,pecahan,2026-02-27
28924,8.0,pecahan,2026-03-02
28925,8.0,pecahan,2026-03-04
28926,8.0,pecahan,2026-03-07
28927,8.0,pecahan,2026-03-10
28928,8.0,aljabar,2026-03-12
28929,8.0,aljabar,2026-03-13
28930,8.0,aljabar,2026-03-14
28931,8.0,aljabar,2026-03-17
28932,8.0,aljabar,2026-03-18
28933,8.0,aljabar,2026-03-19
28934,8.0,aljabar,2026-03-20
28935,8.0,aljabar,2026-03-23
28936,8.0,persamaan_linear,2026-03-26
28937,8.0,persamaan_linear,2026-03-28
28938,8.0,persamaan_linear,2026-03-31
28939,8.0,persamaan_linear,2026-04-02
28940,8.0,persamaan_linear,2026-04-05
28941,8.0,persamaan_linear,2026-04-07
28942,8.0,fungsi,2026-04-08
28943,8.0,fungsi,2026-04-11
28944,8.0,fungsi,2026-04-12
28945,8.0,fungsi,2026-04-14
28946,8.0,fungsi,2026-04-16
28947,8.0,fungsi,2026-04-18
28948,8.0,integral,2026-04-19
28949,8.0,integral,2026-04-21
28950,8.0,integral,2026-04-22
28951,8.0,integral,2026-04-23
28952,8.0,integral,2026-04-25
28953,8.0,integral,2026-04-26
28954,8.0,integral,2026-04-27
28955,2.0,penjumlahan,2026-01-01
28956,2.0,penjumlahan,2026-01-04
28957,2.0,penjumlahan,2026-01-05
28958,2.0,penjumlahan,2026-01-07
28959,2.0,penjumlahan,2026-01-09
28960,2.0,penjumlahan,2026-01-11
28961,2.0,penjumlahan,2026-01-14
28962,2.0,pengurangan,2026-01-15
28963,2.0,pengurangan,2026-01-16
28964,2.0,pengurangan,2026-01-18
28965,2.0,pengurangan,2026-01-20
28966,2.0,pengurangan,2026-01-22
28967,2.0,pengurangan,2026-01-25
28968,2.0,pengurangan,2026-01-26
28969,2.0,perkalian,2026-01-27
28970,2.0,perkalian,2026-01-28
28971,2.0,perkalian,2026-01-29
28972,2.0,perkalian,2026-02-01
28973,2.0,perkalian,2026-02-04
28974,2.0,perkalian,2026-02-06
28975,2.0,perkalian,2026-02-09
28976,2.0,perkalian,2026-02-12
28977,2.0,perkalian,2026-02-15
28978,2.0,pembagian,2026-02-18
28979,2.0,pembagian,2026-02-21
28980,2.0,pembagian,2026-02-24
28981,2.0,pembagian,2026-02-26
28982,2.0,pembagian,2026-02-28
28983,2.0,pembagian,2026-03-03
28984,2.0,pembagian,2026-03-04
28985,2.0,pembagian,2026-03-06
28986,2.0,aljabar,2026-03-07
28987,2.0,aljabar,2026-03-10
28988,2.0,aljabar,2026-03-13
28989,2.0,aljabar,2026-03-14
28990,2.0,aljabar,2026-03-16
28991,2.0,persamaan_linear,2026-03-17
28992,2.0,persamaan_linear,2026-03-18
28993,2.0,persamaan_linear,2026-03-19
28994,2.0,persamaan_linear,2026-03-21
28995,2.0,persamaan_linear,2026-03-23
28996,2.0,limit,2026-03-24
28997,2.0,limit,2026-03-27
28998,2.0,limit,2026-03-28
28999,2.0,limit,2026-03-30
29000,2.0,limit,2026-04-02
29001,2.0,limit,2026-04-05
29002,2.0,limit,2026-04-07
29003,2.0,turunan,2026-04-08
29004,2.0,turunan,2026-04-09
29005,2.0,turunan,2026-04-11
29006,2.0,turunan,2026-04-13
29007,2.0,turunan,2026-04-14
29008,2.0,turunan,2026-04-16
29009,2.0,turunan,2026-04-19
29010,2.0,turunan,2026-04-22
29011,2.0,integral,2026-04-24
29012,2.0,integral,2026-04-26
29013,2.0,integral,2026-04-29
29014,2.0,integral,2026-05-02
29015,2.0,integral,2026-05-05
29016,2.0,integral,2026-05-07
29017,2.0,integral,2026-05-08
29018,2.0,integral,2026-05-11
29019,16.0,penjumlahan,2026-01-01
29020,16.0,penjumlahan,2026-01-03
29021,16.0,penjumlahan,2026-01-05
29022,16.0,penjumlahan,2026-01-07
29023,16.0,penjumlahan,2026-01-08
29024,16.0,pengurangan,2026-01-10
29025,16.0,pengurangan,2026-01-12
29026,16.0,pengurangan,2026-01-14
29027,16.0,pengurangan,2026-01-17
29028,16.0,pengurangan,2026-01-20
29029,16.0,perkalian,2026-01-23
29030,16.0,perkalian,2026-01-26
29031,16.0,perkalian,2026-01-28
29032,16.0,perkalian,2026-01-29
29033,16.0,perkalian,2026-02-01
29034,16.0,perkalian,2026-02-02
29035,16.0,perkalian,2026-02-04
29036,16.0,perkalian,2026-02-07
29037,16.0,perkalian,2026-02-08
29038,16.0,pecahan,2026-02-09
29039,16.0,pecahan,2026-02-12
29040,16.0,pecahan,2026-02-14
29041,16.0,pecahan,2026-02-15
29042,16.0,pecahan,2026-02-16
29043,16.0,pecahan,2026-02-19
29044,16.0,pecahan,2026-02-20
29045,16.0,pecahan,2026-02-22
29046,16.0,desimal,2026-02-24
29047,16.0,desimal,2026-02-27
29048,16.0,desimal,2026-02-28
29049,16.0,desimal,2026-03-02
29050,16.0,desimal,2026-03-05
29051,16.0,desimal,2026-03-06
29052,16.0,desimal,2026-03-08
29053,16.0,aljabar,2026-03-11
29054,16.0,aljabar,2026-03-12
29055,16.0,aljabar,2026-03-13
29056,16.0,aljabar,2026-03-14
29057,16.0,aljabar,2026-03-17
29058,16.0,aljabar,2026-03-19
29059,16.0,aljabar,2026-03-22
29060,16.0,aljabar,2026-03-23
29061,16.0,persamaan_linear,2026-03-26
29062,16.0,persamaan_linear,2026-03-29
29063,16.0,persamaan_linear,2026-03-30
29064,16.0,persamaan_linear,2026-03-31
29065,16.0,persamaan_linear,2026-04-03
29066,16.0,fungsi,2026-04-04
29067,16.0,fungsi,2026-04-06
29068,16.0,fungsi,2026-04-08
29069,16.0,fungsi,2026-04-09
29070,16.0,fungsi,2026-04-12
29071,16.0,fungsi,2026-04-13
29072,16.0,limit,2026-04-14
29073,16.0,limit,2026-04-16
29074,16.0,limit,2026-04-19
29075,16.0,limit,2026-04-20
29076,16.0,limit,2026-04-22
29077,16.0,limit,2026-04-23
29078,16.0,limit,2026-04-26
29079,16.0,limit,2026-04-27
29080,16.0,limit,2026-04-29
29081,16.0,turunan,2026-05-02
29082,16.0,turunan,2026-05-04
29083,16.0,turunan,2026-05-07
29084,16.0,turunan,2026-05-10
29085,16.0,turunan,2026-05-12
29086,16.0,turunan,2026-05-15
29087,16.0,turunan,2026-05-17
29088,16.0,turunan,2026-05-19
29089,16.0,integral,2026-05-22
29090,16.0,integral,2026-05-23
29091,16.0,integral,2026-05-26
29092,16.0,integral,2026-05-28
29093,16.0,integral,2026-05-31
29094,16.0,integral,2026-06-01
29095,13.0,penjumlahan,2026-01-01
29096,13.0,penjumlahan,2026-01-04
29097,13.0,penjumlahan,2026-01-07
29098,13.0,penjumlahan,2026-01-09
29099,13.0,penjumlahan,2026-01-10
29100,13.0,penjumlahan,2026-01-12
29101,13.0,penjumlahan,2026-01-13
29102,13.0,pengurangan,2026-01-16
29103,13.0,pengurangan,2026-01-19
29104,13.0,pengurangan,2026-01-21
29105,13.0,pengurangan,2026-01-22
29106,13.0,pengurangan,2026-01-24
29107,13.0,pengurangan,2026-01-26
29108,13.0,pengurangan,2026-01-28
29109,13.0,pembagian,2026-01-31
29110,13.0,pembagian,2026-02-03
29111,13.0,pembagian,2026-02-04
29112,13.0,pembagian,2026-02-05
29113,13.0,pembagian,2026-02-08
29114,13.0,pembagian,2026-02-09
29115,13.0,pembagian,2026-02-12
29116,13.0,pecahan,2026-02-13
29117,13.0,pecahan,2026-02-14
29118,13.0,pecahan,2026-02-16
29119,13.0,pecahan,2026-02-19
29120,13.0,pecahan,2026-02-21
29121,13.0,pecahan,2026-02-22
29122,13.0,pecahan,2026-02-24
29123,13.0,pecahan,2026-02-26
29124,13.0,pecahan,2026-02-27
29125,13.0,fungsi,2026-02-28
29126,13.0,fungsi,2026-03-03
29127,13.0,fungsi,2026-03-04
29128,13.0,fungsi,2026-03-05
29129,13.0,fungsi,2026-03-07
29130,13.0,fungsi,2026-03-08
29131,13.0,fungsi,2026-03-09
29132,13.0,fungsi,2026-03-11
29133,13.0,fungsi,2026-03-14
29134,13.0,limit,2026-03-15
29135,13.0,limit,2026-03-18
29136,13.0,limit,2026-03-20
29137,13.0,limit,2026-03-23
29138,13.0,limit,2026-03-26
29139,13.0,turunan,2026-03-27
29140,13.0,turunan,2026-03-29
29141,13.0,turunan,2026-03-30
29142,13.0,turunan,2026-04-02
29143,13.0,turunan,2026-04-05
29144,13.0,turunan,2026-04-07
29145,13.0,turunan,2026-04-08
29146,13.0,turunan,2026-04-09
29147,16.0,penjumlahan,2026-01-01
29148,16.0,penjumlahan,2026-01-02
29149,16.0,penjumlahan,2026-01-03
29150,16.0,penjumlahan,2026-01-04
29151,16.0,penjumlahan,2026-01-07
29152,16.0,penjumlahan,2026-01-08
29153,16.0,penjumlahan,2026-01-11
29154,16.0,penjumlahan,2026-01-13
29155,16.0,pengurangan,2026-01-14
29156,16.0,pengurangan,2026-01-17
29157,16.0,pengurangan,2026-01-19
29158,16.0,pengurangan,2026-01-22
29159,16.0,pengurangan,2026-01-24
29160,16.0,pengurangan,2026-01-27
29161,16.0,pengurangan,2026-01-30
29162,16.0,pembagian,2026-01-31
29163,16.0,pembagian,2026-02-02
29164,16.0,pembagian,2026-02-05
29165,16.0,pembagian,2026-02-08
29166,16.0,pembagian,2026-02-11
29167,16.0,pembagian,2026-02-13
29168,16.0,pembagian,2026-02-16
29169,16.0,pembagian,2026-02-19
29170,16.0,pecahan,2026-02-21
29171,16.0,pecahan,2026-02-23
29172,16.0,pecahan,2026-02-24
29173,16.0,pecahan,2026-02-25
29174,16.0,pecahan,2026-02-28
29175,16.0,pecahan,2026-03-02
29176,16.0,pecahan,2026-03-05
29177,16.0,desimal,2026-03-06
29178,16.0,desimal,2026-03-08
29179,16.0,desimal,2026-03-09
29180,16.0,desimal,2026-03-12
29181,16.0,desimal,2026-03-14
29182,16.0,desimal,2026-03-16
29183,16.0,aljabar,2026-03-18
29184,16.0,aljabar,2026-03-21
29185,16.0,aljabar,2026-03-23
29186,16.0,aljabar,2026-03-24
29187,16.0,aljabar,2026-03-26
29188,16.0,aljabar,2026-03-27
29189,16.0,aljabar,2026-03-28
29190,16.0,persamaan_linear,2026-03-30
29191,16.0,persamaan_linear,2026-03-31
29192,16.0,persamaan_linear,2026-04-01
29193,16.0,persamaan_linear,2026-04-04
29194,16.0,persamaan_linear,2026-04-07
29195,16.0,limit,2026-04-09
29196,16.0,limit,2026-04-10
29197,16.0,limit,2026-04-13
29198,16.0,limit,2026-04-15
29199,16.0,limit,2026-04-16
29200,16.0,limit,2026-04-18
29201,16.0,limit,2026-04-21
29202,16.0,turunan,2026-04-23
29203,16.0,turunan,2026-04-26
29204,16.0,turunan,2026-04-28
29205,16.0,turunan,2026-04-30
29206,16.0,turunan,2026-05-02
29207,16.0,turunan,2026-05-04
29208,16.0,turunan,2026-05-05
29209,16.0,turunan,2026-05-06
29210,16.0,integral,2026-05-07
29211,16.0,integral,2026-05-09
29212,16.0,integral,2026-05-10
29213,16.0,integral,2026-05-12
29214,16.0,integral,2026-05-15
29215,16.0,integral,2026-05-17
29216,5.0,penjumlahan,2026-01-01
29217,5.0,penjumlahan,2026-01-02
29218,5.0,penjumlahan,2026-01-03
29219,5.0,penjumlahan,2026-01-06
29220,5.0,penjumlahan,2026-01-08
29221,5.0,penjumlahan,2026-01-09
29222,5.0,penjumlahan,2026-01-10
29223,5.0,penjumlahan,2026-01-13
29224,5.0,penjumlahan,2026-01-15
29225,5.0,pengurangan,2026-01-18
29226,5.0,pengurangan,2026-01-21
29227,5.0,pengurangan,2026-01-22
29228,5.0,pengurangan,2026-01-23
29229,5.0,pengurangan,2026-01-25
29230,5.0,pembagian,2026-01-26
29231,5.0,pembagian,2026-01-28
29232,5.0,pembagian,2026-01-31
29233,5.0,pembagian,2026-02-03
29234,5.0,pembagian,2026-02-05
29235,5.0,pembagian,2026-02-08
29236,5.0,pembagian,2026-02-09
29237,5.0,pembagian,2026-02-10
29238,5.0,pembagian,2026-02-13
29239,5.0,pecahan,2026-02-14
29240,5.0,pecahan,2026-02-15
29241,5.0,pecahan,2026-02-17
29242,5.0,pecahan,2026-02-18
29243,5.0,pecahan,2026-02-20
29244,5.0,pecahan,2026-02-21
29245,5.0,desimal,2026-02-24
29246,5.0,desimal,2026-02-26
29247,5.0,desimal,2026-02-27
29248,5.0,desimal,2026-03-01
29249,5.0,desimal,2026-03-04
29250,5.0,desimal,2026-03-07
29251,5.0,aljabar,2026-03-10
29252,5.0,aljabar,2026-03-11
29253,5.0,aljabar,2026-03-13
29254,5.0,aljabar,2026-03-14
29255,5.0,aljabar,2026-03-16
29256,5.0,aljabar,2026-03-17
29257,5.0,aljabar,2026-03-20
29258,5.0,aljabar,2026-03-23
29259,5.0,persamaan_linear,2026-03-26
29260,5.0,persamaan_linear,2026-03-27
29261,5.0,persamaan_linear,2026-03-28
29262,5.0,persamaan_linear,2026-03-31
29263,5.0,persamaan_linear,2026-04-02
29264,5.0,persamaan_linear,2026-04-03
29265,5.0,fungsi,2026-04-06
29266,5.0,fungsi,2026-04-08
29267,5.0,fungsi,2026-04-11
29268,5.0,fungsi,2026-04-14
29269,5.0,fungsi,2026-04-15
29270,5.0,fungsi,2026-04-17
29271,5.0,fungsi,2026-04-19
29272,5.0,fungsi,2026-04-22
29273,5.0,fungsi,2026-04-25
29274,5.0,limit,2026-04-28
29275,5.0,limit,2026-05-01
29276,5.0,limit,2026-05-02
29277,5.0,limit,2026-05-03
29278,5.0,limit,2026-05-04
29279,5.0,limit,2026-05-07
29280,5.0,limit,2026-05-08
29281,5.0,limit,2026-05-09
29282,5.0,integral,2026-05-10
29283,5.0,integral,2026-05-12
29284,5.0,integral,2026-05-14
29285,5.0,integral,2026-05-15
29286,5.0,integral,2026-05-17
29287,4.0,penjumlahan,2026-01-01
29288,4.0,penjumlahan,2026-01-04
29289,4.0,penjumlahan,2026-01-06
29290,4.0,penjumlahan,2026-01-08
29291,4.0,penjumlahan,2026-01-09
29292,4.0,penjumlahan,2026-01-12
29293,4.0,penjumlahan,2026-01-13
29294,4.0,penjumlahan,2026-01-15
29295,4.0,pengurangan,2026-01-17
29296,4.0,pengurangan,2026-01-18
29297,4.0,pengurangan,2026-01-19
29298,4.0,pengurangan,2026-01-21
29299,4.0,pengurangan,2026-01-23
29300,4.0,pengurangan,2026-01-24
29301,4.0,pengurangan,2026-01-27
29302,4.0,perkalian,2026-01-28
29303,4.0,perkalian,2026-01-30
29304,4.0,perkalian,2026-01-31
29305,4.0,perkalian,2026-02-03
29306,4.0,perkalian,2026-02-04
29307,4.0,perkalian,2026-02-06
29308,4.0,perkalian,2026-02-07
29309,4.0,pembagian,2026-02-10
29310,4.0,pembagian,2026-02-12
29311,4.0,pembagian,2026-02-13
29312,4.0,pembagian,2026-02-15
29313,4.0,pembagian,2026-02-18
29314,4.0,desimal,2026-02-19
29315,4.0,desimal,2026-02-20
29316,4.0,desimal,2026-02-23
29317,4.0,desimal,2026-02-24
29318,4.0,desimal,2026-02-27
29319,4.0,desimal,2026-03-02
29320,4.0,desimal,2026-03-04
29321,4.0,desimal,2026-03-07
29322,4.0,aljabar,2026-03-08
29323,4.0,aljabar,2026-03-10
29324,4.0,aljabar,2026-03-13
29325,4.0,aljabar,2026-03-14
29326,4.0,aljabar,2026-03-16
29327,4.0,aljabar,2026-03-19
29328,4.0,aljabar,2026-03-22
29329,4.0,aljabar,2026-03-23
29330,4.0,aljabar,2026-03-26
29331,4.0,persamaan_linear,2026-03-28
29332,4.0,persamaan_linear,2026-03-29
29333,4.0,persamaan_linear,2026-03-31
29334,4.0,persamaan_linear,2026-04-03
29335,4.0,persamaan_linear,2026-04-06
29336,4.0,persamaan_linear,2026-04-09
29337,4.0,persamaan_linear,2026-04-10
29338,4.0,persamaan_linear,2026-04-12
29339,4.0,persamaan_linear,2026-04-14
29340,4.0,fungsi,2026-04-17
29341,4.0,fungsi,2026-04-19
29342,4.0,fungsi,2026-04-20
29343,4.0,fungsi,2026-04-23
29344,4.0,fungsi,2026-04-24
29345,4.0,fungsi,2026-04-26
29346,4.0,fungsi,2026-04-27
29347,4.0,fungsi,2026-04-28
29348,4.0,fungsi,2026-04-30
29349,4.0,integral,2026-05-02
29350,4.0,integral,2026-05-03
29351,4.0,integral,2026-05-06
29352,4.0,integral,2026-05-08
29353,4.0,integral,2026-05-10
29354,4.0,integral,2026-05-12
29355,4.0,penjumlahan,2026-01-01
29356,4.0,penjumlahan,2026-01-04
29357,4.0,penjumlahan,2026-01-07
29358,4.0,penjumlahan,2026-01-08
29359,4.0,penjumlahan,2026-01-11
29360,4.0,penjumlahan,2026-01-14
29361,4.0,pengurangan,2026-01-15
29362,4.0,pengurangan,2026-01-16
29363,4.0,pengurangan,2026-01-17
29364,4.0,pengurangan,2026-01-18
29365,4.0,pengurangan,2026-01-20
29366,4.0,pengurangan,2026-01-21
29367,4.0,pengurangan,2026-01-24
29368,4.0,pengurangan,2026-01-27
29369,4.0,pembagian,2026-01-30
29370,4.0,pembagian,2026-02-02
29371,4.0,pembagian,2026-02-05
29372,4.0,pembagian,2026-02-07
29373,4.0,pembagian,2026-02-09
29374,4.0,pembagian,2026-02-11
29375,4.0,pecahan,2026-02-12
29376,4.0,pecahan,2026-02-13
29377,4.0,pecahan,2026-02-15
29378,4.0,pecahan,2026-02-17
29379,4.0,pecahan,2026-02-18
29380,4.0,pecahan,2026-02-21
29381,4.0,desimal,2026-02-22
29382,4.0,desimal,2026-02-25
29383,4.0,desimal,2026-02-27
29384,4.0,desimal,2026-02-28
29385,4.0,desimal,2026-03-03
29386,4.0,persamaan_linear,2026-03-04
29387,4.0,persamaan_linear,2026-03-06
29388,4.0,persamaan_linear,2026-03-09
29389,4.0,persamaan_linear,2026-03-12
29390,4.0,persamaan_linear,2026-03-14
29391,4.0,persamaan_linear,2026-03-16
29392,4.0,persamaan_linear,2026-03-18
29393,4.0,persamaan_linear,2026-03-19
29394,4.0,fungsi,2026-03-21
29395,4.0,fungsi,2026-03-24
29396,4.0,fungsi,2026-03-27
29397,4.0,fungsi,2026-03-30
29398,4.0,fungsi,2026-03-31
29399,4.0,fungsi,2026-04-01
29400,4.0,limit,2026-04-04
29401,4.0,limit,2026-04-05
29402,4.0,limit,2026-04-06
29403,4.0,limit,2026-04-09
29404,4.0,limit,2026-04-12
29405,4.0,limit,2026-04-13
29406,4.0,limit,2026-04-14
29407,4.0,turunan,2026-04-16
29408,4.0,turunan,2026-04-18
29409,4.0,turunan,2026-04-20
29410,4.0,turunan,2026-04-22
29411,4.0,turunan,2026-04-24
29412,4.0,turunan,2026-04-26
29413,4.0,integral,2026-04-29
29414,4.0,integral,2026-04-30
29415,4.0,integral,2026-05-01
29416,4.0,integral,2026-05-03
29417,4.0,integral,2026-05-04
29418,4.0,integral,2026-05-06
29419,1.0,penjumlahan,2026-01-01
29420,1.0,penjumlahan,2026-01-03
29421,1.0,penjumlahan,2026-01-06
29422,1.0,penjumlahan,2026-01-08
29423,1.0,penjumlahan,2026-01-10
29424,1.0,pengurangan,2026-01-12
29425,1.0,pengurangan,2026-01-13
29426,1.0,pengurangan,2026-01-16
29427,1.0,pengurangan,2026-01-17
29428,1.0,pengurangan,2026-01-19
29429,1.0,pengurangan,2026-01-22
29430,1.0,pengurangan,2026-01-25
29431,1.0,pengurangan,2026-01-27
29432,1.0,pengurangan,2026-01-28
29433,1.0,perkalian,2026-01-31
29434,1.0,perkalian,2026-02-02
29435,1.0,perkalian,2026-02-03
29436,1.0,perkalian,2026-02-05
29437,1.0,perkalian,2026-02-06
29438,1.0,perkalian,2026-02-08
29439,1.0,perkalian,2026-02-10
29440,1.0,perkalian,2026-02-13
29441,1.0,pembagian,2026-02-15
29442,1.0,pembagian,2026-02-17
29443,1.0,pembagian,2026-02-20
29444,1.0,pembagian,2026-02-21
29445,1.0,pembagian,2026-02-23
29446,1.0,pembagian,2026-02-24
29447,1.0,pembagian,2026-02-26
29448,1.0,pembagian,2026-02-27
29449,1.0,pembagian,2026-02-28
29450,1.0,pecahan,2026-03-03
29451,1.0,pecahan,2026-03-06
29452,1.0,pecahan,2026-03-07
29453,1.0,pecahan,2026-03-09
29454,1.0,pecahan,2026-03-12
29455,1.0,aljabar,2026-03-14
29456,1.0,aljabar,2026-03-15
29457,1.0,aljabar,2026-03-18
29458,1.0,aljabar,2026-03-21
29459,1.0,aljabar,2026-03-24
29460,1.0,aljabar,2026-03-25
29461,1.0,persamaan_linear,2026-03-28
29462,1.0,persamaan_linear,2026-03-31
29463,1.0,persamaan_linear,2026-04-01
29464,1.0,persamaan_linear,2026-04-03
29465,1.0,persamaan_linear,2026-04-06
29466,1.0,persamaan_linear,2026-04-08
29467,1.0,persamaan_linear,2026-04-11
29468,1.0,persamaan_linear,2026-04-12
29469,1.0,persamaan_linear,2026-04-13
29470,1.0,limit,2026-04-16
29471,1.0,limit,2026-04-19
29472,1.0,limit,2026-04-20
29473,1.0,limit,2026-04-23
29474,1.0,limit,2026-04-25
29475,1.0,turunan,2026-04-26
29476,1.0,turunan,2026-04-28
29477,1.0,turunan,2026-04-29
29478,1.0,turunan,2026-05-02
29479,1.0,turunan,2026-05-05
29480,1.0,turunan,2026-05-08
29481,1.0,turunan,2026-05-11
29482,1.0,integral,2026-05-12
29483,1.0,integral,2026-05-14
29484,1.0,integral,2026-05-16
29485,1.0,integral,2026-05-18
29486,1.0,integral,2026-05-21
29487,1.0,integral,2026-05-24
29488,1.0,integral,2026-05-26
29489,14.0,penjumlahan,2026-01-01
29490,14.0,penjumlahan,2026-01-04
29491,14.0,penjumlahan,2026-01-07
29492,14.0,penjumlahan,2026-01-10
29493,14.0,penjumlahan,2026-01-11
29494,14.0,penjumlahan,2026-01-13
29495,14.0,penjumlahan,2026-01-15
29496,14.0,pengurangan,2026-01-18
29497,14.0,pengurangan,2026-01-19
29498,14.0,pengurangan,2026-01-21
29499,14.0,pengurangan,2026-01-24
29500,14.0,pengurangan,2026-01-26
29501,14.0,pengurangan,2026-01-29
29502,14.0,pengurangan,2026-01-30
29503,14.0,pengurangan,2026-02-02
29504,14.0,pengurangan,2026-02-04
29505,14.0,perkalian,2026-02-07
29506,14.0,perkalian,2026-02-10
29507,14.0,perkalian,2026-02-13
29508,14.0,perkalian,2026-02-16
29509,14.0,perkalian,2026-02-17
29510,14.0,perkalian,2026-02-18
29511,14.0,perkalian,2026-02-21
29512,14.0,perkalian,2026-02-22
29513,14.0,perkalian,2026-02-25
29514,14.0,pembagian,2026-02-27
29515,14.0,pembagian,2026-03-01
29516,14.0,pembagian,2026-03-03
29517,14.0,pembagian,2026-03-04
29518,14.0,pembagian,2026-03-06
29519,14.0,pembagian,2026-03-09
29520,14.0,pecahan,2026-03-10
29521,14.0,pecahan,2026-03-13
29522,14.0,pecahan,2026-03-14
29523,14.0,pecahan,2026-03-16
29524,14.0,pecahan,2026-03-17
29525,14.0,aljabar,2026-03-20
29526,14.0,aljabar,2026-03-21
29527,14.0,aljabar,2026-03-22
29528,14.0,aljabar,2026-03-24
29529,14.0,aljabar,2026-03-26
29530,14.0,aljabar,2026-03-29
29531,14.0,persamaan_linear,2026-03-31
29532,14.0,persamaan_linear,2026-04-02
29533,14.0,persamaan_linear,2026-04-03
29534,14.0,persamaan_linear,2026-04-05
29535,14.0,persamaan_linear,2026-04-07
29536,14.0,persamaan_linear,2026-04-08
29537,14.0,persamaan_linear,2026-04-09
29538,14.0,limit,2026-04-12
29539,14.0,limit,2026-04-15
29540,14.0,limit,2026-04-16
29541,14.0,limit,2026-04-19
29542,14.0,limit,2026-04-20
29543,14.0,limit,2026-04-21
29544,14.0,limit,2026-04-24
29545,14.0,limit,2026-04-26
29546,14.0,turunan,2026-04-28
29547,14.0,turunan,2026-05-01
29548,14.0,turunan,2026-05-04
29549,14.0,turunan,2026-05-06
29550,14.0,turunan,2026-05-09
29551,14.0,turunan,2026-05-11
29552,14.0,turunan,2026-05-13
29553,14.0,turunan,2026-05-14
29554,14.0,integral,2026-05-15
29555,14.0,integral,2026-05-18
29556,14.0,integral,2026-05-20
29557,14.0,integral,2026-05-22
29558,14.0,integral,2026-05-23
29559,14.0,integral,2026-05-25
29560,3.0,penjumlahan,2026-01-01
29561,3.0,penjumlahan,2026-01-04
29562,3.0,penjumlahan,2026-01-06
29563,3.0,penjumlahan,2026-01-07
29564,3.0,penjumlahan,2026-01-09
29565,3.0,penjumlahan,2026-01-12
29566,3.0,penjumlahan,2026-01-15
29567,3.0,penjumlahan,2026-01-17
29568,3.0,pengurangan,2026-01-20
29569,3.0,pengurangan,2026-01-23
29570,3.0,pengurangan,2026-01-26
29571,3.0,pengurangan,2026-01-27
29572,3.0,pengurangan,2026-01-30
29573,3.0,pengurangan,2026-02-01
29574,3.0,pengurangan,2026-02-03
29575,3.0,perkalian,2026-02-06
29576,3.0,perkalian,2026-02-08
29577,3.0,perkalian,2026-02-11
29578,3.0,perkalian,2026-02-14
29579,3.0,perkalian,2026-02-16
29580,3.0,pembagian,2026-02-17
29581,3.0,pembagian,2026-02-19
29582,3.0,pembagian,2026-02-21
29583,3.0,pembagian,2026-02-23
29584,3.0,pembagian,2026-02-24
29585,3.0,pecahan,2026-02-26
29586,3.0,pecahan,2026-02-27
29587,3.0,pecahan,2026-02-28
29588,3.0,pecahan,2026-03-03
29589,3.0,pecahan,2026-03-04
29590,3.0,desimal,2026-03-06
29591,3.0,desimal,2026-03-08
29592,3.0,desimal,2026-03-10
29593,3.0,desimal,2026-03-13
29594,3.0,desimal,2026-03-14
29595,3.0,desimal,2026-03-16
29596,3.0,desimal,2026-03-19
29597,3.0,aljabar,2026-03-22
29598,3.0,aljabar,2026-03-25
29599,3.0,aljabar,2026-03-26
29600,3.0,aljabar,2026-03-28
29601,3.0,aljabar,2026-03-29
29602,3.0,aljabar,2026-03-30
29603,3.0,fungsi,2026-04-02
29604,3.0,fungsi,2026-04-05
29605,3.0,fungsi,2026-04-08
29606,3.0,fungsi,2026-04-10
29607,3.0,fungsi,2026-04-11
29608,3.0,fungsi,2026-04-14
29609,3.0,fungsi,2026-04-15
29610,9.0,penjumlahan,2026-01-01
29611,9.0,penjumlahan,2026-01-02
29612,9.0,penjumlahan,2026-01-04
29613,9.0,penjumlahan,2026-01-07
29614,9.0,penjumlahan,2026-01-08
29615,9.0,pengurangan,2026-01-11
29616,9.0,pengurangan,2026-01-12
29617,9.0,pengurangan,2026-01-15
29618,9.0,pengurangan,2026-01-16
29619,9.0,pengurangan,2026-01-19
29620,9.0,pengurangan,2026-01-21
29621,9.0,pengurangan,2026-01-23
29622,9.0,pengurangan,2026-01-25
29623,9.0,perkalian,2026-01-27
29624,9.0,perkalian,2026-01-28
29625,9.0,perkalian,2026-01-29
29626,9.0,perkalian,2026-01-30
29627,9.0,perkalian,2026-02-01
29628,9.0,perkalian,2026-02-03
29629,9.0,pecahan,2026-02-05
29630,9.0,pecahan,2026-02-08
29631,9.0,pecahan,2026-02-09
29632,9.0,pecahan,2026-02-12
29633,9.0,pecahan,2026-02-15
29634,9.0,pecahan,2026-02-18
29635,9.0,aljabar,2026-02-21
29636,9.0,aljabar,2026-02-24
29637,9.0,aljabar,2026-02-25
29638,9.0,aljabar,2026-02-27
29639,9.0,aljabar,2026-03-02
29640,9.0,aljabar,2026-03-05
29641,9.0,aljabar,2026-03-06
29642,9.0,aljabar,2026-03-08
29643,9.0,persamaan_linear,2026-03-11
29644,9.0,persamaan_linear,2026-03-13
29645,9.0,persamaan_linear,2026-03-14
29646,9.0,persamaan_linear,2026-03-17
29647,9.0,persamaan_linear,2026-03-19
29648,9.0,persamaan_linear,2026-03-22
29649,9.0,persamaan_linear,2026-03-25
29650,9.0,limit,2026-03-27
29651,9.0,limit,2026-03-30
29652,9.0,limit,2026-04-01
29653,9.0,limit,2026-04-03
29654,9.0,limit,2026-04-04
29655,9.0,limit,2026-04-07
29656,9.0,limit,2026-04-09
29657,9.0,turunan,2026-04-12
29658,9.0,turunan,2026-04-15
29659,9.0,turunan,2026-04-18
29660,9.0,turunan,2026-04-19
29661,9.0,turunan,2026-04-22
29662,9.0,turunan,2026-04-23
29663,9.0,turunan,2026-04-26
29664,9.0,turunan,2026-04-29
29665,9.0,turunan,2026-05-02
29666,9.0,integral,2026-05-04
29667,9.0,integral,2026-05-06
29668,9.0,integral,2026-05-09
29669,9.0,integral,2026-05-10
29670,9.0,integral,2026-05-12
29671,20.0,penjumlahan,2026-01-01
29672,20.0,penjumlahan,2026-01-04
29673,20.0,penjumlahan,2026-01-06
29674,20.0,penjumlahan,2026-01-09
29675,20.0,penjumlahan,2026-01-10
29676,20.0,penjumlahan,2026-01-12
29677,20.0,pengurangan,2026-01-13
29678,20.0,pengurangan,2026-01-16
29679,20.0,pengurangan,2026-01-18
29680,20.0,pengurangan,2026-01-20
29681,20.0,pengurangan,2026-01-23
29682,20.0,pengurangan,2026-01-24
29683,20.0,pengurangan,2026-01-27
29684,20.0,pengurangan,2026-01-30
29685,20.0,pengurangan,2026-02-02
29686,20.0,perkalian,2026-02-05
29687,20.0,perkalian,2026-02-08
29688,20.0,perkalian,2026-02-11
29689,20.0,perkalian,2026-02-14
29690,20.0,perkalian,2026-02-15
29691,20.0,perkalian,2026-02-16
29692,20.0,perkalian,2026-02-17
29693,20.0,pembagian,2026-02-19
29694,20.0,pembagian,2026-02-22
29695,20.0,pembagian,2026-02-23
29696,20.0,pembagian,2026-02-26
29697,20.0,pembagian,2026-02-28
29698,20.0,pembagian,2026-03-02
29699,20.0,pembagian,2026-03-05
29700,20.0,pembagian,2026-03-08
29701,20.0,pembagian,2026-03-11
29702,20.0,aljabar,2026-03-14
29703,20.0,aljabar,2026-03-16
29704,20.0,aljabar,2026-03-19
29705,20.0,aljabar,2026-03-22
29706,20.0,aljabar,2026-03-24
29707,20.0,aljabar,2026-03-25
29708,20.0,persamaan_linear,2026-03-27
29709,20.0,persamaan_linear,2026-03-29
29710,20.0,persamaan_linear,2026-03-30
29711,20.0,persamaan_linear,2026-04-01
29712,20.0,persamaan_linear,2026-04-03
29713,20.0,persamaan_linear,2026-04-05
29714,20.0,persamaan_linear,2026-04-06
29715,20.0,persamaan_linear,2026-04-07
29716,20.0,persamaan_linear,2026-04-08
29717,20.0,limit,2026-04-10
29718,20.0,limit,2026-04-11
29719,20.0,limit,2026-04-12
29720,20.0,limit,2026-04-14
29721,20.0,limit,2026-04-17
29722,20.0,integral,2026-04-20
29723,20.0,integral,2026-04-23
29724,20.0,integral,2026-04-26
29725,20.0,integral,2026-04-29
29726,20.0,integral,2026-05-01
29727,20.0,integral,2026-05-03
29728,20.0,integral,2026-05-05
29729,20.0,integral,2026-05-07
29730,20.0,integral,2026-05-09
29731,3.0,penjumlahan,2026-01-01
29732,3.0,penjumlahan,2026-01-03
29733,3.0,penjumlahan,2026-01-05
29734,3.0,penjumlahan,2026-01-07
29735,3.0,penjumlahan,2026-01-08
29736,3.0,penjumlahan,2026-01-09
29737,3.0,penjumlahan,2026-01-12
29738,3.0,penjumlahan,2026-01-15
29739,3.0,pengurangan,2026-01-18
29740,3.0,pengurangan,2026-01-19
29741,3.0,pengurangan,2026-01-21
29742,3.0,pengurangan,2026-01-22
29743,3.0,pengurangan,2026-01-25
29744,3.0,pengurangan,2026-01-26
29745,3.0,pengurangan,2026-01-29
29746,3.0,pengurangan,2026-02-01
29747,3.0,pengurangan,2026-02-02
29748,3.0,pecahan,2026-02-05
29749,3.0,pecahan,2026-02-07
29750,3.0,pecahan,2026-02-08
29751,3.0,pecahan,2026-02-10
29752,3.0,pecahan,2026-02-13
29753,3.0,pecahan,2026-02-15
29754,3.0,pecahan,2026-02-16
29755,3.0,pecahan,2026-02-17
29756,3.0,desimal,2026-02-19
29757,3.0,desimal,2026-02-21
29758,3.0,desimal,2026-02-24
29759,3.0,desimal,2026-02-25
29760,3.0,desimal,2026-02-28
29761,3.0,desimal,2026-03-03
29762,3.0,persamaan_linear,2026-03-05
29763,3.0,persamaan_linear,2026-03-07
29764,3.0,persamaan_linear,2026-03-10
29765,3.0,persamaan_linear,2026-03-11
29766,3.0,persamaan_linear,2026-03-12
29767,3.0,fungsi,2026-03-14
29768,3.0,fungsi,2026-03-16
29769,3.0,fungsi,2026-03-19
29770,3.0,fungsi,2026-03-21
29771,3.0,fungsi,2026-03-22
29772,3.0,fungsi,2026-03-25
29773,3.0,limit,2026-03-26
29774,3.0,limit,2026-03-29
29775,3.0,limit,2026-03-31
29776,3.0,limit,2026-04-01
29777,3.0,limit,2026-04-04
29778,3.0,limit,2026-04-05
29779,3.0,turunan,2026-04-08
29780,3.0,turunan,2026-04-11
29781,3.0,turunan,2026-04-14
29782,3.0,turunan,2026-04-15
29783,3.0,turunan,2026-04-16
29784,3.0,turunan,2026-04-19
29785,3.0,turunan,2026-04-20
29786,3.0,integral,2026-04-23
29787,3.0,integral,2026-04-26
29788,3.0,integral,2026-04-27
29789,3.0,integral,2026-04-30
29790,3.0,integral,2026-05-01
29791,3.0,integral,2026-05-03
29792,18.0,penjumlahan,2026-01-01
29793,18.0,penjumlahan,2026-01-04
29794,18.0,penjumlahan,2026-01-05
29795,18.0,penjumlahan,2026-01-08
29796,18.0,penjumlahan,2026-01-09
29797,18.0,penjumlahan,2026-01-11
29798,18.0,pengurangan,2026-01-13
29799,18.0,pengurangan,2026-01-16
29800,18.0,pengurangan,2026-01-18
29801,18.0,pengurangan,2026-01-20
29802,18.0,pengurangan,2026-01-23
29803,18.0,pengurangan,2026-01-24
29804,18.0,pengurangan,2026-01-26
29805,18.0,pengurangan,2026-01-29
29806,18.0,pembagian,2026-01-30
29807,18.0,pembagian,2026-01-31
29808,18.0,pembagian,2026-02-01
29809,18.0,pembagian,2026-02-02
29810,18.0,pembagian,2026-02-05
29811,18.0,pembagian,2026-02-06
29812,18.0,pecahan,2026-02-08
29813,18.0,pecahan,2026-02-11
29814,18.0,pecahan,2026-02-14
29815,18.0,pecahan,2026-02-16
29816,18.0,pecahan,2026-02-18
29817,18.0,desimal,2026-02-21
29818,18.0,desimal,2026-02-23
29819,18.0,desimal,2026-02-25
29820,18.0,desimal,2026-02-26
29821,18.0,desimal,2026-03-01
29822,18.0,persamaan_linear,2026-03-04
29823,18.0,persamaan_linear,2026-03-07
29824,18.0,persamaan_linear,2026-03-09
29825,18.0,persamaan_linear,2026-03-10
29826,18.0,persamaan_linear,2026-03-12
29827,18.0,persamaan_linear,2026-03-13
29828,18.0,fungsi,2026-03-16
29829,18.0,fungsi,2026-03-18
29830,18.0,fungsi,2026-03-19
29831,18.0,fungsi,2026-03-21
29832,18.0,fungsi,2026-03-22
29833,18.0,fungsi,2026-03-24
29834,18.0,turunan,2026-03-27
29835,18.0,turunan,2026-03-28
29836,18.0,turunan,2026-03-31
29837,18.0,turunan,2026-04-02
29838,18.0,turunan,2026-04-05
29839,18.0,turunan,2026-04-06
29840,18.0,turunan,2026-04-07
29841,18.0,turunan,2026-04-08
29842,18.0,integral,2026-04-09
29843,18.0,integral,2026-04-11
29844,18.0,integral,2026-04-14
29845,18.0,integral,2026-04-17
29846,18.0,integral,2026-04-18
29847,11.0,penjumlahan,2026-01-01
29848,11.0,penjumlahan,2026-01-04
29849,11.0,penjumlahan,2026-01-06
29850,11.0,penjumlahan,2026-01-07
29851,11.0,penjumlahan,2026-01-08
29852,11.0,penjumlahan,2026-01-09
29853,11.0,penjumlahan,2026-01-10
29854,11.0,penjumlahan,2026-01-11
29855,11.0,pengurangan,2026-01-12
29856,11.0,pengurangan,2026-01-13
29857,11.0,pengurangan,2026-01-15
29858,11.0,pengurangan,2026-01-16
29859,11.0,pengurangan,2026-01-17
29860,11.0,pengurangan,2026-01-19
29861,11.0,pengurangan,2026-01-21
29862,11.0,pengurangan,2026-01-23
29863,11.0,pengurangan,2026-01-24
29864,11.0,perkalian,2026-01-26
29865,11.0,perkalian,2026-01-29
29866,11.0,perkalian,2026-01-31
29867,11.0,perkalian,2026-02-02
29868,11.0,perkalian,2026-02-03
29869,11.0,perkalian,2026-02-04
29870,11.0,perkalian,2026-02-06
29871,11.0,pembagian,2026-02-09
29872,11.0,pembagian,2026-02-12
29873,11.0,pembagian,2026-02-15
29874,11.0,pembagian,2026-02-17
29875,11.0,pembagian,2026-02-20
29876,11.0,pembagian,2026-02-22
29877,11.0,pecahan,2026-02-23
29878,11.0,pecahan,2026-02-25
29879,11.0,pecahan,2026-02-27
29880,11.0,pecahan,2026-02-28
29881,11.0,pecahan,2026-03-01
29882,11.0,pecahan,2026-03-04
29883,11.0,pecahan,2026-03-06
29884,11.0,pecahan,2026-03-09
29885,11.0,pecahan,2026-03-11
29886,11.0,persamaan_linear,2026-03-14
29887,11.0,persamaan_linear,2026-03-17
29888,11.0,persamaan_linear,2026-03-18
29889,11.0,persamaan_linear,2026-03-21
29890,11.0,persamaan_linear,2026-03-23
29891,11.0,persamaan_linear,2026-03-26
29892,11.0,persamaan_linear,2026-03-29
29893,11.0,persamaan_linear,2026-03-31
29894,11.0,persamaan_linear,2026-04-03
29895,11.0,fungsi,2026-04-06
29896,11.0,fungsi,2026-04-07
29897,11.0,fungsi,2026-04-10
29898,11.0,fungsi,2026-04-13
29899,11.0,fungsi,2026-04-16
29900,11.0,fungsi,2026-04-17
29901,11.0,fungsi,2026-04-18
29902,11.0,fungsi,2026-04-21
29903,11.0,limit,2026-04-22
29904,11.0,limit,2026-04-24
29905,11.0,limit,2026-04-26
29906,11.0,limit,2026-04-29
29907,11.0,limit,2026-05-02
29908,11.0,turunan,2026-05-03
29909,11.0,turunan,2026-05-05
29910,11.0,turunan,2026-05-06
29911,11.0,turunan,2026-05-07
29912,11.0,turunan,2026-05-09
29913,18.0,penjumlahan,2026-01-01
29914,18.0,penjumlahan,2026-01-03
29915,18.0,penjumlahan,2026-01-04
29916,18.0,penjumlahan,2026-01-07
29917,18.0,penjumlahan,2026-01-09
29918,18.0,penjumlahan,2026-01-12
29919,18.0,penjumlahan,2026-01-15
29920,18.0,penjumlahan,2026-01-17
29921,18.0,pengurangan,2026-01-20
29922,18.0,pengurangan,2026-01-21
29923,18.0,pengurangan,2026-01-23
29924,18.0,pengurangan,2026-01-24
29925,18.0,pengurangan,2026-01-25
29926,18.0,pengurangan,2026-01-28
29927,18.0,pengurangan,2026-01-30
29928,18.0,pengurangan,2026-01-31
29929,18.0,perkalian,2026-02-02
29930,18.0,perkalian,2026-02-04
29931,18.0,perkalian,2026-02-07
29932,18.0,perkalian,2026-02-10
29933,18.0,perkalian,2026-02-12
29934,18.0,perkalian,2026-02-13
29935,18.0,pembagian,2026-02-14
29936,18.0,pembagian,2026-02-17
29937,18.0,pembagian,2026-02-19
29938,18.0,pembagian,2026-02-21
29939,18.0,pembagian,2026-02-23
29940,18.0,pembagian,2026-02-24
29941,18.0,pembagian,2026-02-26
29942,18.0,aljabar,2026-02-28
29943,18.0,aljabar,2026-03-02
29944,18.0,aljabar,2026-03-04
29945,18.0,aljabar,2026-03-07
29946,18.0,aljabar,2026-03-09
29947,18.0,aljabar,2026-03-12
29948,18.0,aljabar,2026-03-13
29949,18.0,persamaan_linear,2026-03-14
29950,18.0,persamaan_linear,2026-03-17
29951,18.0,persamaan_linear,2026-03-20
29952,18.0,persamaan_linear,2026-03-23
29953,18.0,persamaan_linear,2026-03-26
29954,18.0,persamaan_linear,2026-03-28
29955,18.0,turunan,2026-03-30
29956,18.0,turunan,2026-04-02
29957,18.0,turunan,2026-04-03
29958,18.0,turunan,2026-04-04
29959,18.0,turunan,2026-04-07
29960,18.0,turunan,2026-04-10
29961,18.0,turunan,2026-04-12
29962,18.0,turunan,2026-04-15
29963,20.0,penjumlahan,2026-01-01
29964,20.0,penjumlahan,2026-01-04
29965,20.0,penjumlahan,2026-01-05
29966,20.0,penjumlahan,2026-01-08
29967,20.0,penjumlahan,2026-01-11
29968,20.0,pengurangan,2026-01-13
29969,20.0,pengurangan,2026-01-14
29970,20.0,pengurangan,2026-01-16
29971,20.0,pengurangan,2026-01-19
29972,20.0,pengurangan,2026-01-22
29973,20.0,perkalian,2026-01-23
29974,20.0,perkalian,2026-01-26
29975,20.0,perkalian,2026-01-28
29976,20.0,perkalian,2026-01-31
29977,20.0,perkalian,2026-02-01
29978,20.0,perkalian,2026-02-02
29979,20.0,perkalian,2026-02-04
29980,20.0,aljabar,2026-02-05
29981,20.0,aljabar,2026-02-07
29982,20.0,aljabar,2026-02-10
29983,20.0,aljabar,2026-02-11
29984,20.0,aljabar,2026-02-12
29985,20.0,aljabar,2026-02-13
29986,20.0,aljabar,2026-02-15
29987,20.0,aljabar,2026-02-17
29988,20.0,aljabar,2026-02-19
29989,20.0,persamaan_linear,2026-02-22
29990,20.0,persamaan_linear,2026-02-23
29991,20.0,persamaan_linear,2026-02-26
29992,20.0,persamaan_linear,2026-02-27
29993,20.0,persamaan_linear,2026-02-28
29994,20.0,persamaan_linear,2026-03-02
29995,20.0,fungsi,2026-03-03
29996,20.0,fungsi,2026-03-04
29997,20.0,fungsi,2026-03-05
29998,20.0,fungsi,2026-03-08
29999,20.0,fungsi,2026-03-09
30000,20.0,limit,2026-03-10
30001,20.0,limit,2026-03-13
30002,20.0,limit,2026-03-15
30003,20.0,limit,2026-03-18
30004,20.0,limit,2026-03-21
30005,20.0,limit,2026-03-23
30006,20.0,integral,2026-03-24
30007,20.0,integral,2026-03-25
30008,20.0,integral,2026-03-28
30009,20.0,integral,2026-03-29
30010,20.0,integral,2026-03-31
30011,20.0,integral,2026-04-01
30012,20.0,integral,2026-04-03
30013,20.0,integral,2026-04-04
30014,20.0,integral,2026-04-06
30015,8.0,penjumlahan,2026-01-01
30016,8.0,penjumlahan,2026-01-03
30017,8.0,penjumlahan,2026-01-05
30018,8.0,penjumlahan,2026-01-07
30019,8.0,penjumlahan,2026-01-08
30020,8.0,penjumlahan,2026-01-10
30021,8.0,penjumlahan,2026-01-11
30022,8.0,pengurangan,2026-01-14
30023,8.0,pengurangan,2026-01-15
30024,8.0,pengurangan,2026-01-18
30025,8.0,pengurangan,2026-01-19
30026,8.0,pengurangan,2026-01-21
30027,8.0,perkalian,2026-01-24
30028,8.0,perkalian,2026-01-25
30029,8.0,perkalian,2026-01-28
30030,8.0,perkalian,2026-01-31
30031,8.0,perkalian,2026-02-01
30032,8.0,pembagian,2026-02-02
30033,8.0,pembagian,2026-02-05
30034,8.0,pembagian,2026-02-08
30035,8.0,pembagian,2026-02-09
30036,8.0,pembagian,2026-02-10
30037,8.0,desimal,2026-02-11
30038,8.0,desimal,2026-02-13
30039,8.0,desimal,2026-02-15
30040,8.0,desimal,2026-02-17
30041,8.0,desimal,2026-02-19
30042,8.0,desimal,2026-02-22
30043,8.0,desimal,2026-02-25
30044,8.0,desimal,2026-02-28
30045,8.0,aljabar,2026-03-01
30046,8.0,aljabar,2026-03-03
30047,8.0,aljabar,2026-03-06
30048,8.0,aljabar,2026-03-09
30049,8.0,aljabar,2026-03-11
30050,8.0,persamaan_linear,2026-03-14
30051,8.0,persamaan_linear,2026-03-17
30052,8.0,persamaan_linear,2026-03-18
30053,8.0,persamaan_linear,2026-03-19
30054,8.0,persamaan_linear,2026-03-22
30055,8.0,persamaan_linear,2026-03-24
30056,8.0,persamaan_linear,2026-03-26
30057,8.0,fungsi,2026-03-28
30058,8.0,fungsi,2026-03-31
30059,8.0,fungsi,2026-04-03
30060,8.0,fungsi,2026-04-06
30061,8.0,fungsi,2026-04-07
30062,8.0,fungsi,2026-04-10
30063,8.0,limit,2026-04-11
30064,8.0,limit,2026-04-12
30065,8.0,limit,2026-04-13
30066,8.0,limit,2026-04-14
30067,8.0,limit,2026-04-15
30068,8.0,limit,2026-04-16
30069,8.0,limit,2026-04-19
30070,8.0,limit,2026-04-20
30071,8.0,turunan,2026-04-23
30072,8.0,turunan,2026-04-26
30073,8.0,turunan,2026-04-27
30074,8.0,turunan,2026-04-28
30075,8.0,turunan,2026-04-29
30076,8.0,turunan,2026-05-02
30077,8.0,penjumlahan,2026-01-01
30078,8.0,penjumlahan,2026-01-04
30079,8.0,penjumlahan,2026-01-07
30080,8.0,penjumlahan,2026-01-08
30081,8.0,penjumlahan,2026-01-10
30082,8.0,penjumlahan,2026-01-12
30083,8.0,penjumlahan,2026-01-14
30084,8.0,penjumlahan,2026-01-15
30085,8.0,pengurangan,2026-01-17
30086,8.0,pengurangan,2026-01-19
30087,8.0,pengurangan,2026-01-22
30088,8.0,pengurangan,2026-01-23
30089,8.0,pengurangan,2026-01-24
30090,8.0,perkalian,2026-01-27
30091,8.0,perkalian,2026-01-29
30092,8.0,perkalian,2026-01-31
30093,8.0,perkalian,2026-02-01
30094,8.0,perkalian,2026-02-04
30095,8.0,perkalian,2026-02-07
30096,8.0,perkalian,2026-02-10
30097,8.0,perkalian,2026-02-13
30098,8.0,pembagian,2026-02-16
30099,8.0,pembagian,2026-02-17
30100,8.0,pembagian,2026-02-18
30101,8.0,pembagian,2026-02-20
30102,8.0,pembagian,2026-02-22
30103,8.0,pecahan,2026-02-24
30104,8.0,pecahan,2026-02-27
30105,8.0,pecahan,2026-02-28
30106,8.0,pecahan,2026-03-03
30107,8.0,pecahan,2026-03-04
30108,8.0,pecahan,2026-03-06
30109,8.0,pecahan,2026-03-08
30110,8.0,pecahan,2026-03-09
30111,8.0,pecahan,2026-03-10
30112,8.0,aljabar,2026-03-11
30113,8.0,aljabar,2026-03-13
30114,8.0,aljabar,2026-03-15
30115,8.0,aljabar,2026-03-16
30116,8.0,aljabar,2026-03-19
30117,8.0,aljabar,2026-03-20
30118,8.0,aljabar,2026-03-23
30119,8.0,aljabar,2026-03-24
30120,8.0,persamaan_linear,2026-03-26
30121,8.0,persamaan_linear,2026-03-27
30122,8.0,persamaan_linear,2026-03-28
30123,8.0,persamaan_linear,2026-03-30
30124,8.0,persamaan_linear,2026-03-31
30125,8.0,persamaan_linear,2026-04-01
30126,8.0,persamaan_linear,2026-04-02
30127,8.0,persamaan_linear,2026-04-05
30128,8.0,persamaan_linear,2026-04-06
30129,8.0,fungsi,2026-04-08
30130,8.0,fungsi,2026-04-11
30131,8.0,fungsi,2026-04-13
30132,8.0,fungsi,2026-04-16
30133,8.0,fungsi,2026-04-17
30134,8.0,fungsi,2026-04-20
30135,8.0,fungsi,2026-04-21
30136,8.0,limit,2026-04-22
30137,8.0,limit,2026-04-24
30138,8.0,limit,2026-04-25
30139,8.0,limit,2026-04-28
30140,8.0,limit,2026-04-29
30141,8.0,limit,2026-05-02
30142,8.0,integral,2026-05-04
30143,8.0,integral,2026-05-05
30144,8.0,integral,2026-05-08
30145,8.0,integral,2026-05-10
30146,8.0,integral,2026-05-11
30147,8.0,integral,2026-05-13
30148,8.0,integral,2026-05-16
30149,8.0,integral,2026-05-19
30150,8.0,integral,2026-05-22
30151,14.0,penjumlahan,2026-01-01
30152,14.0,penjumlahan,2026-01-03
30153,14.0,penjumlahan,2026-01-05
30154,14.0,penjumlahan,2026-01-08
30155,14.0,penjumlahan,2026-01-10
30156,14.0,penjumlahan,2026-01-13
30157,14.0,penjumlahan,2026-01-14
30158,14.0,penjumlahan,2026-01-17
30159,14.0,pengurangan,2026-01-19
30160,14.0,pengurangan,2026-01-20
30161,14.0,pengurangan,2026-01-22
30162,14.0,pengurangan,2026-01-24
30163,14.0,pengurangan,2026-01-26
30164,14.0,pengurangan,2026-01-29
30165,14.0,pengurangan,2026-01-30
30166,14.0,pengurangan,2026-02-01
30167,14.0,pembagian,2026-02-04
30168,14.0,pembagian,2026-02-05
30169,14.0,pembagian,2026-02-08
30170,14.0,pembagian,2026-02-11
30171,14.0,pembagian,2026-02-12
30172,14.0,pembagian,2026-02-15
30173,14.0,pembagian,2026-02-17
30174,14.0,pembagian,2026-02-18
30175,14.0,pecahan,2026-02-21
30176,14.0,pecahan,2026-02-23
30177,14.0,pecahan,2026-02-26
30178,14.0,pecahan,2026-02-27
30179,14.0,pecahan,2026-03-01
30180,14.0,pecahan,2026-03-04
30181,14.0,fungsi,2026-03-07
30182,14.0,fungsi,2026-03-09
30183,14.0,fungsi,2026-03-11
30184,14.0,fungsi,2026-03-12
30185,14.0,fungsi,2026-03-14
30186,14.0,fungsi,2026-03-16
30187,14.0,fungsi,2026-03-18
30188,14.0,limit,2026-03-19
30189,14.0,limit,2026-03-22
30190,14.0,limit,2026-03-24
30191,14.0,limit,2026-03-26
30192,14.0,limit,2026-03-28
30193,14.0,turunan,2026-03-29
30194,14.0,turunan,2026-03-31
30195,14.0,turunan,2026-04-02
30196,14.0,turunan,2026-04-04
30197,14.0,turunan,2026-04-07
30198,14.0,integral,2026-04-08
30199,14.0,integral,2026-04-09
30200,14.0,integral,2026-04-10
30201,14.0,integral,2026-04-13
30202,14.0,integral,2026-04-15
30203,14.0,integral,2026-04-17
30204,14.0,integral,2026-04-18
30205,4.0,penjumlahan,2026-01-01
30206,4.0,penjumlahan,2026-01-04
30207,4.0,penjumlahan,2026-01-06
30208,4.0,penjumlahan,2026-01-09
30209,4.0,penjumlahan,2026-01-12
30210,4.0,pengurangan,2026-01-14
30211,4.0,pengurangan,2026-01-17
30212,4.0,pengurangan,2026-01-20
30213,4.0,pengurangan,2026-01-23
30214,4.0,pengurangan,2026-01-24
30215,4.0,pengurangan,2026-01-27
30216,4.0,pengurangan,2026-01-28
30217,4.0,pembagian,2026-01-30
30218,4.0,pembagian,2026-01-31
30219,4.0,pembagian,2026-02-01
30220,4.0,pembagian,2026-02-04
30221,4.0,pembagian,2026-02-07
30222,4.0,pembagian,2026-02-08
30223,4.0,pembagian,2026-02-10
30224,4.0,pembagian,2026-02-12
30225,4.0,pembagian,2026-02-13
30226,4.0,pecahan,2026-02-14
30227,4.0,pecahan,2026-02-17
30228,4.0,pecahan,2026-02-18
30229,4.0,pecahan,2026-02-19
30230,4.0,pecahan,2026-02-22
30231,4.0,pecahan,2026-02-24
30232,4.0,pecahan,2026-02-25
30233,4.0,aljabar,2026-02-27
30234,4.0,aljabar,2026-02-28
30235,4.0,aljabar,2026-03-03
30236,4.0,aljabar,2026-03-06
30237,4.0,aljabar,2026-03-09
30238,4.0,aljabar,2026-03-11
30239,4.0,aljabar,2026-03-13
30240,4.0,persamaan_linear,2026-03-16
30241,4.0,persamaan_linear,2026-03-19
30242,4.0,persamaan_linear,2026-03-20
30243,4.0,persamaan_linear,2026-03-21
30244,4.0,persamaan_linear,2026-03-24
30245,4.0,persamaan_linear,2026-03-27
30246,4.0,persamaan_linear,2026-03-30
30247,4.0,persamaan_linear,2026-03-31
30248,4.0,fungsi,2026-04-03
30249,4.0,fungsi,2026-04-06
30250,4.0,fungsi,2026-04-08
30251,4.0,fungsi,2026-04-09
30252,4.0,fungsi,2026-04-12
30253,4.0,limit,2026-04-15
30254,4.0,limit,2026-04-16
30255,4.0,limit,2026-04-17
30256,4.0,limit,2026-04-19
30257,4.0,limit,2026-04-22
30258,4.0,turunan,2026-04-24
30259,4.0,turunan,2026-04-25
30260,4.0,turunan,2026-04-26
30261,4.0,turunan,2026-04-28
30262,4.0,turunan,2026-04-30
30263,4.0,integral,2026-05-03
30264,4.0,integral,2026-05-06
30265,4.0,integral,2026-05-09
30266,4.0,integral,2026-05-10
30267,4.0,integral,2026-05-13
30268,4.0,integral,2026-05-16
30269,4.0,integral,2026-05-18
30270,4.0,integral,2026-05-19
30271,4.0,integral,2026-05-22
30272,6.0,penjumlahan,2026-01-01
30273,6.0,penjumlahan,2026-01-04
30274,6.0,penjumlahan,2026-01-05
30275,6.0,penjumlahan,2026-01-06
30276,6.0,penjumlahan,2026-01-07
30277,6.0,penjumlahan,2026-01-10
30278,6.0,penjumlahan,2026-01-11
30279,6.0,penjumlahan,2026-01-12
30280,6.0,penjumlahan,2026-01-14
30281,6.0,pengurangan,2026-01-16
30282,6.0,pengurangan,2026-01-18
30283,6.0,pengurangan,2026-01-21
30284,6.0,pengurangan,2026-01-23
30285,6.0,pengurangan,2026-01-24
30286,6.0,pengurangan,2026-01-26
30287,6.0,pengurangan,2026-01-29
30288,6.0,pengurangan,2026-01-30
30289,6.0,perkalian,2026-01-31
30290,6.0,perkalian,2026-02-01
30291,6.0,perkalian,2026-02-04
30292,6.0,perkalian,2026-02-05
30293,6.0,perkalian,2026-02-08
30294,6.0,perkalian,2026-02-09
30295,6.0,pembagian,2026-02-12
30296,6.0,pembagian,2026-02-14
30297,6.0,pembagian,2026-02-17
30298,6.0,pembagian,2026-02-19
30299,6.0,pembagian,2026-02-22
30300,6.0,pembagian,2026-02-24
30301,6.0,pecahan,2026-02-26
30302,6.0,pecahan,2026-02-28
30303,6.0,pecahan,2026-03-01
30304,6.0,pecahan,2026-03-04
30305,6.0,pecahan,2026-03-05
30306,6.0,pecahan,2026-03-08
30307,6.0,aljabar,2026-03-11
30308,6.0,aljabar,2026-03-14
30309,6.0,aljabar,2026-03-15
30310,6.0,aljabar,2026-03-18
30311,6.0,aljabar,2026-03-19
30312,6.0,aljabar,2026-03-21
30313,6.0,aljabar,2026-03-24
30314,6.0,turunan,2026-03-27
30315,6.0,turunan,2026-03-30
30316,6.0,turunan,2026-03-31
30317,6.0,turunan,2026-04-03
30318,6.0,turunan,2026-04-04
30319,6.0,turunan,2026-04-07
30320,6.0,integral,2026-04-09
30321,6.0,integral,2026-04-12
30322,6.0,integral,2026-04-13
30323,6.0,integral,2026-04-16
30324,6.0,integral,2026-04-18
30325,1.0,penjumlahan,2026-01-01
30326,1.0,penjumlahan,2026-01-04
30327,1.0,penjumlahan,2026-01-07
30328,1.0,penjumlahan,2026-01-09
30329,1.0,penjumlahan,2026-01-11
30330,1.0,penjumlahan,2026-01-14
30331,1.0,penjumlahan,2026-01-17
30332,1.0,penjumlahan,2026-01-19
30333,1.0,pengurangan,2026-01-21
30334,1.0,pengurangan,2026-01-23
30335,1.0,pengurangan,2026-01-25
30336,1.0,pengurangan,2026-01-27
30337,1.0,pengurangan,2026-01-29
30338,1.0,pengurangan,2026-01-30
30339,1.0,pembagian,2026-02-02
30340,1.0,pembagian,2026-02-03
30341,1.0,pembagian,2026-02-05
30342,1.0,pembagian,2026-02-07
30343,1.0,pembagian,2026-02-08
30344,1.0,pembagian,2026-02-10
30345,1.0,pembagian,2026-02-13
30346,1.0,pembagian,2026-02-16
30347,1.0,pembagian,2026-02-19
30348,1.0,pecahan,2026-02-21
30349,1.0,pecahan,2026-02-24
30350,1.0,pecahan,2026-02-26
30351,1.0,pecahan,2026-03-01
30352,1.0,pecahan,2026-03-04
30353,1.0,desimal,2026-03-05
30354,1.0,desimal,2026-03-08
30355,1.0,desimal,2026-03-09
30356,1.0,desimal,2026-03-12
30357,1.0,desimal,2026-03-13
30358,1.0,desimal,2026-03-14
30359,1.0,desimal,2026-03-17
30360,1.0,desimal,2026-03-18
30361,1.0,desimal,2026-03-21
30362,1.0,fungsi,2026-03-24
30363,1.0,fungsi,2026-03-27
30364,1.0,fungsi,2026-03-28
30365,1.0,fungsi,2026-03-31
30366,1.0,fungsi,2026-04-01
30367,1.0,turunan,2026-04-02
30368,1.0,turunan,2026-04-04
30369,1.0,turunan,2026-04-07
30370,1.0,turunan,2026-04-08
30371,1.0,turunan,2026-04-11
30372,1.0,turunan,2026-04-13
30373,1.0,integral,2026-04-16
30374,1.0,integral,2026-04-18
30375,1.0,integral,2026-04-19
30376,1.0,integral,2026-04-21
30377,1.0,integral,2026-04-23
30378,11.0,penjumlahan,2026-01-01
30379,11.0,penjumlahan,2026-01-04
30380,11.0,penjumlahan,2026-01-07
30381,11.0,penjumlahan,2026-01-10
30382,11.0,penjumlahan,2026-01-11
30383,11.0,penjumlahan,2026-01-12
30384,11.0,penjumlahan,2026-01-13
30385,11.0,penjumlahan,2026-01-15
30386,11.0,pengurangan,2026-01-17
30387,11.0,pengurangan,2026-01-18
30388,11.0,pengurangan,2026-01-20
30389,11.0,pengurangan,2026-01-21
30390,11.0,pengurangan,2026-01-22
30391,11.0,pengurangan,2026-01-25
30392,11.0,pengurangan,2026-01-26
30393,11.0,pengurangan,2026-01-27
30394,11.0,perkalian,2026-01-30
30395,11.0,perkalian,2026-02-02
30396,11.0,perkalian,2026-02-05
30397,11.0,perkalian,2026-02-06
30398,11.0,perkalian,2026-02-09
30399,11.0,perkalian,2026-02-11
30400,11.0,pembagian,2026-02-14
30401,11.0,pembagian,2026-02-17
30402,11.0,pembagian,2026-02-20
30403,11.0,pembagian,2026-02-21
30404,11.0,pembagian,2026-02-23
30405,11.0,pembagian,2026-02-26
30406,11.0,pembagian,2026-02-27
30407,11.0,pembagian,2026-03-02
30408,11.0,desimal,2026-03-05
30409,11.0,desimal,2026-03-06
30410,11.0,desimal,2026-03-07
30411,11.0,desimal,2026-03-08
30412,11.0,desimal,2026-03-11
30413,11.0,desimal,2026-03-14
30414,11.0,desimal,2026-03-16
30415,11.0,aljabar,2026-03-19
30416,11.0,aljabar,2026-03-21
30417,11.0,aljabar,2026-03-23
30418,11.0,aljabar,2026-03-24
30419,11.0,aljabar,2026-03-26
30420,11.0,aljabar,2026-03-28
30421,11.0,aljabar,2026-03-29
30422,11.0,fungsi,2026-04-01
30423,11.0,fungsi,2026-04-03
30424,11.0,fungsi,2026-04-04
30425,11.0,fungsi,2026-04-07
30426,11.0,fungsi,2026-04-10
30427,11.0,fungsi,2026-04-11
30428,11.0,fungsi,2026-04-12
30429,11.0,fungsi,2026-04-13
30430,11.0,limit,2026-04-16
30431,11.0,limit,2026-04-18
30432,11.0,limit,2026-04-19
30433,11.0,limit,2026-04-22
30434,11.0,limit,2026-04-23
30435,11.0,limit,2026-04-25
30436,11.0,limit,2026-04-26
30437,11.0,limit,2026-04-28
30438,11.0,turunan,2026-05-01
30439,11.0,turunan,2026-05-03
30440,11.0,turunan,2026-05-04
30441,11.0,turunan,2026-05-07
30442,11.0,turunan,2026-05-09
30443,11.0,integral,2026-05-11
30444,11.0,integral,2026-05-12
30445,11.0,integral,2026-05-14
30446,11.0,integral,2026-05-15
30447,11.0,integral,2026-05-16
30448,10.0,penjumlahan,2026-01-01
30449,10.0,penjumlahan,2026-01-03
30450,10.0,penjumlahan,2026-01-06
30451,10.0,penjumlahan,2026-01-09
30452,10.0,penjumlahan,2026-01-12
30453,10.0,penjumlahan,2026-01-13
30454,10.0,penjumlahan,2026-01-15
30455,10.0,penjumlahan,2026-01-18
30456,10.0,penjumlahan,2026-01-21
30457,10.0,pengurangan,2026-01-24
30458,10.0,pengurangan,2026-01-25
30459,10.0,pengurangan,2026-01-26
30460,10.0,pengurangan,2026-01-29
30461,10.0,pengurangan,2026-01-30
30462,10.0,pengurangan,2026-01-31
30463,10.0,pengurangan,2026-02-03
30464,10.0,pengurangan,2026-02-04
30465,10.0,perkalian,2026-02-05
30466,10.0,perkalian,2026-02-06
30467,10.0,perkalian,2026-02-09
30468,10.0,perkalian,2026-02-11
30469,10.0,perkalian,2026-02-12
30470,10.0,perkalian,2026-02-13
30471,10.0,perkalian,2026-02-14
30472,10.0,perkalian,2026-02-17
30473,10.0,pembagian,2026-02-19
30474,10.0,pembagian,2026-02-21
30475,10.0,pembagian,2026-02-24
30476,10.0,pembagian,2026-02-26
30477,10.0,pembagian,2026-03-01
30478,10.0,pembagian,2026-03-04
30479,10.0,pembagian,2026-03-07
30480,10.0,pembagian,2026-03-10
30481,10.0,pembagian,2026-03-13
30482,10.0,pecahan,2026-03-15
30483,10.0,pecahan,2026-03-17
30484,10.0,pecahan,2026-03-20
30485,10.0,pecahan,2026-03-21
30486,10.0,pecahan,2026-03-22
30487,10.0,pecahan,2026-03-24
30488,10.0,pecahan,2026-03-25
30489,10.0,desimal,2026-03-28
30490,10.0,desimal,2026-03-30
30491,10.0,desimal,2026-03-31
30492,10.0,desimal,2026-04-02
30493,10.0,desimal,2026-04-03
30494,10.0,desimal,2026-04-06
30495,10.0,desimal,2026-04-07
30496,10.0,aljabar,2026-04-10
30497,10.0,aljabar,2026-04-11
30498,10.0,aljabar,2026-04-13
30499,10.0,aljabar,2026-04-16
30500,10.0,aljabar,2026-04-17
30501,10.0,aljabar,2026-04-19
30502,10.0,aljabar,2026-04-22
30503,10.0,aljabar,2026-04-23
30504,10.0,persamaan_linear,2026-04-26
30505,10.0,persamaan_linear,2026-04-27
30506,10.0,persamaan_linear,2026-04-29
30507,10.0,persamaan_linear,2026-04-30
30508,10.0,persamaan_linear,2026-05-02
30509,10.0,persamaan_linear,2026-05-03
30510,10.0,persamaan_linear,2026-05-04
30511,10.0,fungsi,2026-05-06
30512,10.0,fungsi,2026-05-07
30513,10.0,fungsi,2026-05-08
30514,10.0,fungsi,2026-05-11
30515,10.0,fungsi,2026-05-12
30516,10.0,fungsi,2026-05-13
30517,10.0,fungsi,2026-05-15
30518,10.0,fungsi,2026-05-16
30519,10.0,turunan,2026-05-19
30520,10.0,turunan,2026-05-20
30521,10.0,turunan,2026-05-22
30522,10.0,turunan,2026-05-25
30523,10.0,turunan,2026-05-27
30524,10.0,turunan,2026-05-30
30525,10.0,turunan,2026-06-02
30526,12.0,penjumlahan,2026-01-01
30527,12.0,penjumlahan,2026-01-02
30528,12.0,penjumlahan,2026-01-04
30529,12.0,penjumlahan,2026-01-05
30530,12.0,penjumlahan,2026-01-06
30531,12.0,penjumlahan,2026-01-08
30532,12.0,penjumlahan,2026-01-09
30533,12.0,pengurangan,2026-01-10
30534,12.0,pengurangan,2026-01-11
30535,12.0,pengurangan,2026-01-13
30536,12.0,pengurangan,2026-01-16
30537,12.0,pengurangan,2026-01-18
30538,12.0,pengurangan,2026-01-19
30539,12.0,pengurangan,2026-01-20
30540,12.0,pengurangan,2026-01-21
30541,12.0,perkalian,2026-01-22
30542,12.0,perkalian,2026-01-25
30543,12.0,perkalian,2026-01-26
30544,12.0,perkalian,2026-01-28
30545,12.0,perkalian,2026-01-31
30546,12.0,pecahan,2026-02-02
30547,12.0,pecahan,2026-02-03
30548,12.0,pecahan,2026-02-06
30549,12.0,pecahan,2026-02-08
30550,12.0,pecahan,2026-02-11
30551,12.0,pecahan,2026-02-12
30552,12.0,pecahan,2026-02-14
30553,12.0,pecahan,2026-02-17
30554,12.0,pecahan,2026-02-18
30555,12.0,desimal,2026-02-20
30556,12.0,desimal,2026-02-22
30557,12.0,desimal,2026-02-24
30558,12.0,desimal,2026-02-25
30559,12.0,desimal,2026-02-27
30560,12.0,desimal,2026-03-02
30561,12.0,desimal,2026-03-05
30562,12.0,aljabar,2026-03-08
30563,12.0,aljabar,2026-03-10
30564,12.0,aljabar,2026-03-11
30565,12.0,aljabar,2026-03-13
30566,12.0,aljabar,2026-03-14
30567,12.0,aljabar,2026-03-16
30568,12.0,turunan,2026-03-17
30569,12.0,turunan,2026-03-19
30570,12.0,turunan,2026-03-22
30571,12.0,turunan,2026-03-23
30572,12.0,turunan,2026-03-24
30573,12.0,turunan,2026-03-25
30574,12.0,integral,2026-03-27
30575,12.0,integral,2026-03-28
30576,12.0,integral,2026-03-31
30577,12.0,integral,2026-04-03
30578,12.0,integral,2026-04-06
30579,12.0,integral,2026-04-09
30580,12.0,integral,2026-04-12
30581,12.0,integral,2026-04-15
30582,5.0,penjumlahan,2026-01-01
30583,5.0,penjumlahan,2026-01-02
30584,5.0,penjumlahan,2026-01-04
30585,5.0,penjumlahan,2026-01-05
30586,5.0,penjumlahan,2026-01-08
30587,5.0,penjumlahan,2026-01-09
30588,5.0,penjumlahan,2026-01-11
30589,5.0,penjumlahan,2026-01-13
30590,5.0,penjumlahan,2026-01-15
30591,5.0,pengurangan,2026-01-16
30592,5.0,pengurangan,2026-01-17
30593,5.0,pengurangan,2026-01-18
30594,5.0,pengurangan,2026-01-19
30595,5.0,pengurangan,2026-01-20
30596,5.0,pengurangan,2026-01-23
30597,5.0,pengurangan,2026-01-24
30598,5.0,pengurangan,2026-01-26
30599,5.0,perkalian,2026-01-27
30600,5.0,perkalian,2026-01-28
30601,5.0,perkalian,2026-01-29
30602,5.0,perkalian,2026-01-30
30603,5.0,perkalian,2026-01-31
30604,5.0,perkalian,2026-02-02
30605,5.0,perkalian,2026-02-04
30606,5.0,perkalian,2026-02-05
30607,5.0,perkalian,2026-02-06
30608,5.0,pembagian,2026-02-08
30609,5.0,pembagian,2026-02-09
30610,5.0,pembagian,2026-02-11
30611,5.0,pembagian,2026-02-14
30612,5.0,pembagian,2026-02-17
30613,5.0,pecahan,2026-02-20
30614,5.0,pecahan,2026-02-21
30615,5.0,pecahan,2026-02-24
30616,5.0,pecahan,2026-02-27
30617,5.0,pecahan,2026-02-28
30618,5.0,pecahan,2026-03-01
30619,5.0,pecahan,2026-03-02
30620,5.0,pecahan,2026-03-05
30621,5.0,pecahan,2026-03-08
30622,5.0,desimal,2026-03-09
30623,5.0,desimal,2026-03-11
30624,5.0,desimal,2026-03-12
30625,5.0,desimal,2026-03-15
30626,5.0,desimal,2026-03-16
30627,5.0,aljabar,2026-03-19
30628,5.0,aljabar,2026-03-20
30629,5.0,aljabar,2026-03-22
30630,5.0,aljabar,2026-03-23
30631,5.0,aljabar,2026-03-26
30632,5.0,aljabar,2026-03-29
30633,5.0,aljabar,2026-03-31
30634,5.0,limit,2026-04-01
30635,5.0,limit,2026-04-03
30636,5.0,limit,2026-04-06
30637,5.0,limit,2026-04-09
30638,5.0,limit,2026-04-10
30639,5.0,integral,2026-04-12
30640,5.0,integral,2026-04-13
30641,5.0,integral,2026-04-14
30642,5.0,integral,2026-04-15
30643,5.0,integral,2026-04-16
30644,5.0,integral,2026-04-18
30645,5.0,integral,2026-04-20
30646,5.0,integral,2026-04-21
30647,5.0,integral,2026-04-22
30648,17.0,penjumlahan,2026-01-01
30649,17.0,penjumlahan,2026-01-02
30650,17.0,penjumlahan,2026-01-03
30651,17.0,penjumlahan,2026-01-06
30652,17.0,penjumlahan,2026-01-08
30653,17.0,penjumlahan,2026-01-11
30654,17.0,penjumlahan,2026-01-12
30655,17.0,penjumlahan,2026-01-14
30656,17.0,pengurangan,2026-01-15
30657,17.0,pengurangan,2026-01-18
30658,17.0,pengurangan,2026-01-20
30659,17.0,pengurangan,2026-01-22
30660,17.0,pengurangan,2026-01-24
30661,17.0,perkalian,2026-01-27
30662,17.0,perkalian,2026-01-29
30663,17.0,perkalian,2026-01-30
30664,17.0,perkalian,2026-02-02
30665,17.0,perkalian,2026-02-04
30666,17.0,perkalian,2026-02-06
30667,17.0,pembagian,2026-02-08
30668,17.0,pembagian,2026-02-09
30669,17.0,pembagian,2026-02-10
30670,17.0,pembagian,2026-02-13
30671,17.0,pembagian,2026-02-15
30672,17.0,pembagian,2026-02-17
30673,17.0,pecahan,2026-02-19
30674,17.0,pecahan,2026-02-22
30675,17.0,pecahan,2026-02-25
30676,17.0,pecahan,2026-02-27
30677,17.0,pecahan,2026-03-01
30678,17.0,pecahan,2026-03-02
30679,17.0,pecahan,2026-03-04
30680,17.0,pecahan,2026-03-07
30681,17.0,pecahan,2026-03-08
30682,17.0,desimal,2026-03-10
30683,17.0,desimal,2026-03-12
30684,17.0,desimal,2026-03-14
30685,17.0,desimal,2026-03-16
30686,17.0,desimal,2026-03-18
30687,17.0,persamaan_linear,2026-03-21
30688,17.0,persamaan_linear,2026-03-22
30689,17.0,persamaan_linear,2026-03-25
30690,17.0,persamaan_linear,2026-03-26
30691,17.0,persamaan_linear,2026-03-29
30692,17.0,limit,2026-04-01
30693,17.0,limit,2026-04-04
30694,17.0,limit,2026-04-05
30695,17.0,limit,2026-04-06
30696,17.0,limit,2026-04-09
30697,17.0,limit,2026-04-10
30698,17.0,limit,2026-04-11
30699,17.0,limit,2026-04-12
30700,17.0,turunan,2026-04-15
30701,17.0,turunan,2026-04-18
30702,17.0,turunan,2026-04-19
30703,17.0,turunan,2026-04-20
30704,17.0,turunan,2026-04-22
30705,17.0,turunan,2026-04-25
30706,17.0,turunan,2026-04-26
30707,19.0,penjumlahan,2026-01-01
30708,19.0,penjumlahan,2026-01-04
30709,19.0,penjumlahan,2026-01-05
30710,19.0,penjumlahan,2026-01-06
30711,19.0,penjumlahan,2026-01-09
30712,19.0,pengurangan,2026-01-12
30713,19.0,pengurangan,2026-01-15
30714,19.0,pengurangan,2026-01-17
30715,19.0,pengurangan,2026-01-18
30716,19.0,pengurangan,2026-01-19
30717,19.0,pengurangan,2026-01-22
30718,19.0,pengurangan,2026-01-23
30719,19.0,pengurangan,2026-01-26
30720,19.0,pengurangan,2026-01-27
30721,19.0,perkalian,2026-01-29
30722,19.0,perkalian,2026-01-31
30723,19.0,perkalian,2026-02-03
30724,19.0,perkalian,2026-02-04
30725,19.0,perkalian,2026-02-06
30726,19.0,perkalian,2026-02-09
30727,19.0,perkalian,2026-02-11
30728,19.0,pembagian,2026-02-13
30729,19.0,pembagian,2026-02-16
30730,19.0,pembagian,2026-02-17
30731,19.0,pembagian,2026-02-18
30732,19.0,pembagian,2026-02-21
30733,19.0,pembagian,2026-02-24
30734,19.0,pecahan,2026-02-26
30735,19.0,pecahan,2026-02-28
30736,19.0,pecahan,2026-03-01
30737,19.0,pecahan,2026-03-03
30738,19.0,pecahan,2026-03-05
30739,19.0,pecahan,2026-03-07
30740,19.0,pecahan,2026-03-09
30741,19.0,pecahan,2026-03-12
30742,19.0,pecahan,2026-03-13
30743,19.0,aljabar,2026-03-16
30744,19.0,aljabar,2026-03-18
30745,19.0,aljabar,2026-03-19
30746,19.0,aljabar,2026-03-20
30747,19.0,aljabar,2026-03-23
30748,19.0,aljabar,2026-03-25
30749,19.0,persamaan_linear,2026-03-26
30750,19.0,persamaan_linear,2026-03-29
30751,19.0,persamaan_linear,2026-04-01
30752,19.0,persamaan_linear,2026-04-03
30753,19.0,persamaan_linear,2026-04-06
30754,19.0,persamaan_linear,2026-04-07
30755,19.0,fungsi,2026-04-09
30756,19.0,fungsi,2026-04-11
30757,19.0,fungsi,2026-04-14
30758,19.0,fungsi,2026-04-17
30759,19.0,fungsi,2026-04-19
30760,19.0,fungsi,2026-04-20
30761,19.0,fungsi,2026-04-22
30762,19.0,limit,2026-04-23
30763,19.0,limit,2026-04-24
30764,19.0,limit,2026-04-27
30765,19.0,limit,2026-04-30
30766,19.0,limit,2026-05-02
30767,19.0,limit,2026-05-03
30768,19.0,limit,2026-05-06
30769,19.0,limit,2026-05-09
30770,6.0,penjumlahan,2026-01-01
30771,6.0,penjumlahan,2026-01-02
30772,6.0,penjumlahan,2026-01-03
30773,6.0,penjumlahan,2026-01-06
30774,6.0,penjumlahan,2026-01-09
30775,6.0,penjumlahan,2026-01-12
30776,6.0,pengurangan,2026-01-14
30777,6.0,pengurangan,2026-01-17
30778,6.0,pengurangan,2026-01-18
30779,6.0,pengurangan,2026-01-21
30780,6.0,pengurangan,2026-01-22
30781,6.0,pengurangan,2026-01-24
30782,6.0,pengurangan,2026-01-26
30783,6.0,pengurangan,2026-01-27
30784,6.0,pengurangan,2026-01-29
30785,6.0,pembagian,2026-01-31
30786,6.0,pembagian,2026-02-01
30787,6.0,pembagian,2026-02-02
30788,6.0,pembagian,2026-02-05
30789,6.0,pembagian,2026-02-07
30790,6.0,pembagian,2026-02-10
30791,6.0,pembagian,2026-02-11
30792,6.0,pecahan,2026-02-12
30793,6.0,pecahan,2026-02-14
30794,6.0,pecahan,2026-02-16
30795,6.0,pecahan,2026-02-17
30796,6.0,pecahan,2026-02-18
30797,6.0,pecahan,2026-02-21
30798,6.0,pecahan,2026-02-24
30799,6.0,pecahan,2026-02-26
30800,6.0,desimal,2026-03-01
30801,6.0,desimal,2026-03-03
30802,6.0,desimal,2026-03-06
30803,6.0,desimal,2026-03-09
30804,6.0,desimal,2026-03-12
30805,6.0,desimal,2026-03-15
30806,6.0,desimal,2026-03-17
30807,6.0,desimal,2026-03-18
30808,6.0,aljabar,2026-03-21
30809,6.0,aljabar,2026-03-24
30810,6.0,aljabar,2026-03-26
30811,6.0,aljabar,2026-03-28
30812,6.0,aljabar,2026-03-30
30813,6.0,aljabar,2026-04-02
30814,6.0,aljabar,2026-04-05
30815,6.0,aljabar,2026-04-06
30816,6.0,aljabar,2026-04-09
30817,6.0,persamaan_linear,2026-04-10
30818,6.0,persamaan_linear,2026-04-13
30819,6.0,persamaan_linear,2026-04-16
30820,6.0,persamaan_linear,2026-04-17
30821,6.0,persamaan_linear,2026-04-18
30822,6.0,persamaan_linear,2026-04-19
30823,6.0,persamaan_linear,2026-04-21
30824,6.0,fungsi,2026-04-24
30825,6.0,fungsi,2026-04-25
30826,6.0,fungsi,2026-04-28
30827,6.0,fungsi,2026-04-30
30828,6.0,fungsi,2026-05-01
30829,6.0,turunan,2026-05-04
30830,6.0,turunan,2026-05-06
30831,6.0,turunan,2026-05-07
30832,6.0,turunan,2026-05-08
30833,6.0,turunan,2026-05-11
30834,6.0,turunan,2026-05-13
30835,6.0,integral,2026-05-16
30836,6.0,integral,2026-05-17
30837,6.0,integral,2026-05-20
30838,6.0,integral,2026-05-22
30839,6.0,integral,2026-05-25
30840,3.0,penjumlahan,2026-01-01
30841,3.0,penjumlahan,2026-01-04
30842,3.0,penjumlahan,2026-01-06
30843,3.0,penjumlahan,2026-01-09
30844,3.0,penjumlahan,2026-01-11
30845,3.0,penjumlahan,2026-01-14
30846,3.0,penjumlahan,2026-01-17
30847,3.0,pengurangan,2026-01-20
30848,3.0,pengurangan,2026-01-22
30849,3.0,pengurangan,2026-01-24
30850,3.0,pengurangan,2026-01-26
30851,3.0,pengurangan,2026-01-27
30852,3.0,pengurangan,2026-01-30
30853,3.0,pengurangan,2026-02-01
30854,3.0,perkalian,2026-02-02
30855,3.0,perkalian,2026-02-03
30856,3.0,perkalian,2026-02-04
30857,3.0,perkalian,2026-02-05
30858,3.0,perkalian,2026-02-08
30859,3.0,perkalian,2026-02-10
30860,3.0,perkalian,2026-02-13
30861,3.0,pembagian,2026-02-14
30862,3.0,pembagian,2026-02-15
30863,3.0,pembagian,2026-02-16
30864,3.0,pembagian,2026-02-19
30865,3.0,pembagian,2026-02-21
30866,3.0,pembagian,2026-02-22
30867,3.0,pembagian,2026-02-25
30868,3.0,pembagian,2026-02-26
30869,3.0,pembagian,2026-02-28
30870,3.0,desimal,2026-03-03
30871,3.0,desimal,2026-03-06
30872,3.0,desimal,2026-03-09
30873,3.0,desimal,2026-03-11
30874,3.0,desimal,2026-03-14
30875,3.0,desimal,2026-03-16
30876,3.0,desimal,2026-03-18
30877,3.0,integral,2026-03-21
30878,3.0,integral,2026-03-22
30879,3.0,integral,2026-03-24
30880,3.0,integral,2026-03-26
30881,3.0,integral,2026-03-28
30882,3.0,integral,2026-03-29
30883,3.0,integral,2026-04-01
30884,3.0,integral,2026-04-03
30885,3.0,integral,2026-04-05
30886,20.0,penjumlahan,2026-01-01
30887,20.0,penjumlahan,2026-01-03
30888,20.0,penjumlahan,2026-01-04
30889,20.0,penjumlahan,2026-01-05
30890,20.0,penjumlahan,2026-01-07
30891,20.0,penjumlahan,2026-01-10
30892,20.0,penjumlahan,2026-01-13
30893,20.0,pengurangan,2026-01-14
30894,20.0,pengurangan,2026-01-16
30895,20.0,pengurangan,2026-01-17
30896,20.0,pengurangan,2026-01-20
30897,20.0,pengurangan,2026-01-22
30898,20.0,pengurangan,2026-01-24
30899,20.0,pengurangan,2026-01-27
30900,20.0,pengurangan,2026-01-30
30901,20.0,perkalian,2026-02-02
30902,20.0,perkalian,2026-02-04
30903,20.0,perkalian,2026-02-05
30904,20.0,perkalian,2026-02-06
30905,20.0,perkalian,2026-02-08
30906,20.0,pembagian,2026-02-09
30907,20.0,pembagian,2026-02-12
30908,20.0,pembagian,2026-02-15
30909,20.0,pembagian,2026-02-17
30910,20.0,pembagian,2026-02-18
30911,20.0,pecahan,2026-02-21
30912,20.0,pecahan,2026-02-23
30913,20.0,pecahan,2026-02-25
30914,20.0,pecahan,2026-02-28
30915,20.0,pecahan,2026-03-02
30916,20.0,aljabar,2026-03-05
30917,20.0,aljabar,2026-03-07
30918,20.0,aljabar,2026-03-08
30919,20.0,aljabar,2026-03-10
30920,20.0,aljabar,2026-03-12
30921,20.0,aljabar,2026-03-14
30922,20.0,aljabar,2026-03-17
30923,20.0,fungsi,2026-03-19
30924,20.0,fungsi,2026-03-20
30925,20.0,fungsi,2026-03-22
30926,20.0,fungsi,2026-03-24
30927,20.0,fungsi,2026-03-25
30928,20.0,fungsi,2026-03-27
30929,20.0,fungsi,2026-03-28
30930,20.0,limit,2026-03-31
30931,20.0,limit,2026-04-01
30932,20.0,limit,2026-04-02
30933,20.0,limit,2026-04-04
30934,20.0,limit,2026-04-07
30935,20.0,limit,2026-04-10
30936,20.0,limit,2026-04-12
30937,20.0,turunan,2026-04-13
30938,20.0,turunan,2026-04-16
30939,20.0,turunan,2026-04-17
30940,20.0,turunan,2026-04-18
30941,20.0,turunan,2026-04-19
30942,20.0,turunan,2026-04-21
30943,20.0,turunan,2026-04-24
30944,20.0,turunan,2026-04-25
30945,20.0,turunan,2026-04-26
30946,20.0,integral,2026-04-27
30947,20.0,integral,2026-04-29
30948,20.0,integral,2026-05-01
30949,20.0,integral,2026-05-04
30950,20.0,integral,2026-05-06
30951,20.0,integral,2026-05-09
30952,20.0,integral,2026-05-12
30953,20.0,integral,2026-05-13
30954,20.0,integral,2026-05-14
30955,16.0,penjumlahan,2026-01-01
30956,16.0,penjumlahan,2026-01-02
30957,16.0,penjumlahan,2026-01-05
30958,16.0,penjumlahan,2026-01-07
30959,16.0,penjumlahan,2026-01-08
30960,16.0,penjumlahan,2026-01-10
30961,16.0,penjumlahan,2026-01-12
30962,16.0,penjumlahan,2026-01-15
30963,16.0,penjumlahan,2026-01-16
30964,16.0,pengurangan,2026-01-19
30965,16.0,pengurangan,2026-01-22
30966,16.0,pengurangan,2026-01-25
30967,16.0,pengurangan,2026-01-27
30968,16.0,pengurangan,2026-01-30
30969,16.0,pengurangan,2026-02-02
30970,16.0,pengurangan,2026-02-03
30971,16.0,perkalian,2026-02-05
30972,16.0,perkalian,2026-02-07
30973,16.0,perkalian,2026-02-08
30974,16.0,perkalian,2026-02-09
30975,16.0,perkalian,2026-02-10
30976,16.0,perkalian,2026-02-12
30977,16.0,perkalian,2026-02-13
30978,16.0,perkalian,2026-02-16
30979,16.0,perkalian,2026-02-17
30980,16.0,desimal,2026-02-18
30981,16.0,desimal,2026-02-19
30982,16.0,desimal,2026-02-21
30983,16.0,desimal,2026-02-24
30984,16.0,desimal,2026-02-27
30985,16.0,desimal,2026-03-02
30986,16.0,desimal,2026-03-05
30987,16.0,desimal,2026-03-08
30988,16.0,desimal,2026-03-09
30989,16.0,fungsi,2026-03-12
30990,16.0,fungsi,2026-03-14
30991,16.0,fungsi,2026-03-17
30992,16.0,fungsi,2026-03-19
30993,16.0,fungsi,2026-03-22
30994,16.0,limit,2026-03-24
30995,16.0,limit,2026-03-25
30996,16.0,limit,2026-03-27
30997,16.0,limit,2026-03-30
30998,16.0,limit,2026-04-01
30999,16.0,integral,2026-04-03
31000,16.0,integral,2026-04-06
31001,16.0,integral,2026-04-09
31002,16.0,integral,2026-04-12
31003,16.0,integral,2026-04-13
31004,16.0,integral,2026-04-14
31005,16.0,integral,2026-04-16
31006,16.0,integral,2026-04-19
31007,8.0,penjumlahan,2026-01-01
31008,8.0,penjumlahan,2026-01-03
31009,8.0,penjumlahan,2026-01-06
31010,8.0,penjumlahan,2026-01-07
31011,8.0,penjumlahan,2026-01-10
31012,8.0,penjumlahan,2026-01-11
31013,8.0,penjumlahan,2026-01-13
31014,8.0,penjumlahan,2026-01-15
31015,8.0,pengurangan,2026-01-18
31016,8.0,pengurangan,2026-01-19
31017,8.0,pengurangan,2026-01-20
31018,8.0,pengurangan,2026-01-21
31019,8.0,pengurangan,2026-01-24
31020,8.0,pembagian,2026-01-26
31021,8.0,pembagian,2026-01-29
31022,8.0,pembagian,2026-01-30
31023,8.0,pembagian,2026-02-01
31024,8.0,pembagian,2026-02-02
31025,8.0,pembagian,2026-02-03
31026,8.0,pembagian,2026-02-04
31027,8.0,pembagian,2026-02-07
31028,8.0,pecahan,2026-02-10
31029,8.0,pecahan,2026-02-12
31030,8.0,pecahan,2026-02-14
31031,8.0,pecahan,2026-02-16
31032,8.0,pecahan,2026-02-19
31033,8.0,desimal,2026-02-21
31034,8.0,desimal,2026-02-24
31035,8.0,desimal,2026-02-25
31036,8.0,desimal,2026-02-26
31037,8.0,desimal,2026-02-28
31038,8.0,desimal,2026-03-01
31039,8.0,desimal,2026-03-04
31040,8.0,aljabar,2026-03-05
31041,8.0,aljabar,2026-03-08
31042,8.0,aljabar,2026-03-10
31043,8.0,aljabar,2026-03-12
31044,8.0,aljabar,2026-03-15
31045,8.0,persamaan_linear,2026-03-17
31046,8.0,persamaan_linear,2026-03-20
31047,8.0,persamaan_linear,2026-03-23
31048,8.0,persamaan_linear,2026-03-25
31049,8.0,persamaan_linear,2026-03-27
31050,8.0,fungsi,2026-03-29
31051,8.0,fungsi,2026-03-31
31052,8.0,fungsi,2026-04-01
31053,8.0,fungsi,2026-04-04
31054,8.0,fungsi,2026-04-05
31055,8.0,fungsi,2026-04-06
31056,8.0,fungsi,2026-04-09
31057,8.0,turunan,2026-04-12
31058,8.0,turunan,2026-04-14
31059,8.0,turunan,2026-04-16
31060,8.0,turunan,2026-04-19
31061,8.0,turunan,2026-04-21
31062,8.0,turunan,2026-04-23
31063,8.0,integral,2026-04-24
31064,8.0,integral,2026-04-25
31065,8.0,integral,2026-04-27
31066,8.0,integral,2026-04-28
31067,8.0,integral,2026-04-30
31068,8.0,integral,2026-05-01
31069,8.0,integral,2026-05-02
31070,8.0,integral,2026-05-03
31071,8.0,integral,2026-05-04
31072,9.0,penjumlahan,2026-01-01
31073,9.0,penjumlahan,2026-01-02
31074,9.0,penjumlahan,2026-01-04
31075,9.0,penjumlahan,2026-01-07
31076,9.0,penjumlahan,2026-01-08
31077,9.0,penjumlahan,2026-01-09
31078,9.0,penjumlahan,2026-01-12
31079,9.0,penjumlahan,2026-01-14
31080,9.0,pengurangan,2026-01-16
31081,9.0,pengurangan,2026-01-17
31082,9.0,pengurangan,2026-01-20
31083,9.0,pengurangan,2026-01-23
31084,9.0,pengurangan,2026-01-25
31085,9.0,pengurangan,2026-01-28
31086,9.0,pengurangan,2026-01-30
31087,9.0,pengurangan,2026-01-31
31088,9.0,pengurangan,2026-02-02
31089,9.0,perkalian,2026-02-05
31090,9.0,perkalian,2026-02-07
31091,9.0,perkalian,2026-02-10
31092,9.0,perkalian,2026-02-13
31093,9.0,perkalian,2026-02-16
31094,9.0,perkalian,2026-02-17
31095,9.0,pembagian,2026-02-19
31096,9.0,pembagian,2026-02-21
31097,9.0,pembagian,2026-02-24
31098,9.0,pembagian,2026-02-25
31099,9.0,pembagian,2026-02-27
31100,9.0,pembagian,2026-02-28
31101,9.0,pecahan,2026-03-02
31102,9.0,pecahan,2026-03-03
31103,9.0,pecahan,2026-03-05
31104,9.0,pecahan,2026-03-08
31105,9.0,pecahan,2026-03-09
31106,9.0,pecahan,2026-03-11
31107,9.0,desimal,2026-03-12
31108,9.0,desimal,2026-03-15
31109,9.0,desimal,2026-03-17
31110,9.0,desimal,2026-03-19
31111,9.0,desimal,2026-03-22
31112,9.0,desimal,2026-03-25
31113,9.0,limit,2026-03-27
31114,9.0,limit,2026-03-29
31115,9.0,limit,2026-03-31
31116,9.0,limit,2026-04-02
31117,9.0,limit,2026-04-05
31118,9.0,limit,2026-04-08
31119,9.0,limit,2026-04-09
31120,9.0,integral,2026-04-11
31121,9.0,integral,2026-04-14
31122,9.0,integral,2026-04-17
31123,9.0,integral,2026-04-20
31124,9.0,integral,2026-04-22
31125,9.0,penjumlahan,2026-01-01
31126,9.0,penjumlahan,2026-01-04
31127,9.0,penjumlahan,2026-01-06
31128,9.0,penjumlahan,2026-01-09
31129,9.0,penjumlahan,2026-01-12
31130,9.0,penjumlahan,2026-01-14
31131,9.0,penjumlahan,2026-01-17
31132,9.0,penjumlahan,2026-01-20
31133,9.0,penjumlahan,2026-01-23
31134,9.0,pengurangan,2026-01-26
31135,9.0,pengurangan,2026-01-29
31136,9.0,pengurangan,2026-01-30
31137,9.0,pengurangan,2026-02-02
31138,9.0,pengurangan,2026-02-03
31139,9.0,pengurangan,2026-02-05
31140,9.0,pembagian,2026-02-07
31141,9.0,pembagian,2026-02-09
31142,9.0,pembagian,2026-02-11
31143,9.0,pembagian,2026-02-12
31144,9.0,pembagian,2026-02-13
31145,9.0,pecahan,2026-02-16
31146,9.0,pecahan,2026-02-17
31147,9.0,pecahan,2026-02-20
31148,9.0,pecahan,2026-02-21
31149,9.0,pecahan,2026-02-23
31150,9.0,pecahan,2026-02-24
31151,9.0,pecahan,2026-02-25
31152,9.0,pecahan,2026-02-27
31153,9.0,desimal,2026-03-02
31154,9.0,desimal,2026-03-05
31155,9.0,desimal,2026-03-07
31156,9.0,desimal,2026-03-09
31157,9.0,desimal,2026-03-11
31158,9.0,desimal,2026-03-13
31159,9.0,aljabar,2026-03-16
31160,9.0,aljabar,2026-03-17
31161,9.0,aljabar,2026-03-18
31162,9.0,aljabar,2026-03-20
31163,9.0,aljabar,2026-03-23
31164,9.0,aljabar,2026-03-24
31165,9.0,aljabar,2026-03-26
31166,9.0,aljabar,2026-03-29
31167,9.0,persamaan_linear,2026-03-31
31168,9.0,persamaan_linear,2026-04-03
31169,9.0,persamaan_linear,2026-04-06
31170,9.0,persamaan_linear,2026-04-07
31171,9.0,persamaan_linear,2026-04-09
31172,9.0,fungsi,2026-04-10
31173,9.0,fungsi,2026-04-11
31174,9.0,fungsi,2026-04-13
31175,9.0,fungsi,2026-04-16
31176,9.0,fungsi,2026-04-18
31177,9.0,fungsi,2026-04-21
31178,9.0,turunan,2026-04-22
31179,9.0,turunan,2026-04-24
31180,9.0,turunan,2026-04-26
31181,9.0,turunan,2026-04-28
31182,9.0,turunan,2026-04-29
31183,9.0,turunan,2026-04-30
31184,9.0,integral,2026-05-03
31185,9.0,integral,2026-05-05
31186,9.0,integral,2026-05-06
31187,9.0,integral,2026-05-08
31188,9.0,integral,2026-05-10
31189,9.0,integral,2026-05-11
31190,9.0,integral,2026-05-12
31191,15.0,penjumlahan,2026-01-01
31192,15.0,penjumlahan,2026-01-02
31193,15.0,penjumlahan,2026-01-04
31194,15.0,penjumlahan,2026-01-05
31195,15.0,penjumlahan,2026-01-07
31196,15.0,penjumlahan,2026-01-09
31197,15.0,penjumlahan,2026-01-11
31198,15.0,pengurangan,2026-01-14
31199,15.0,pengurangan,2026-01-17
31200,15.0,pengurangan,2026-01-18
31201,15.0,pengurangan,2026-01-20
31202,15.0,pengurangan,2026-01-22
31203,15.0,pengurangan,2026-01-25
31204,15.0,pengurangan,2026-01-28
31205,15.0,pembagian,2026-01-29
31206,15.0,pembagian,2026-01-31
31207,15.0,pembagian,2026-02-02
31208,15.0,pembagian,2026-02-03
31209,15.0,pembagian,2026-02-04
31210,15.0,pembagian,2026-02-05
31211,15.0,pembagian,2026-02-08
31212,15.0,pembagian,2026-02-11
31213,15.0,pecahan,2026-02-12
31214,15.0,pecahan,2026-02-14
31215,15.0,pecahan,2026-02-17
31216,15.0,pecahan,2026-02-20
31217,15.0,pecahan,2026-02-22
31218,15.0,pecahan,2026-02-24
31219,15.0,pecahan,2026-02-25
31220,15.0,pecahan,2026-02-26
31221,15.0,persamaan_linear,2026-02-27
31222,15.0,persamaan_linear,2026-02-28
31223,15.0,persamaan_linear,2026-03-01
31224,15.0,persamaan_linear,2026-03-03
31225,15.0,persamaan_linear,2026-03-04
31226,15.0,limit,2026-03-05
31227,15.0,limit,2026-03-08
31228,15.0,limit,2026-03-10
31229,15.0,limit,2026-03-12
31230,15.0,limit,2026-03-13
31231,15.0,limit,2026-03-16
31232,15.0,turunan,2026-03-18
31233,15.0,turunan,2026-03-20
31234,15.0,turunan,2026-03-23
31235,15.0,turunan,2026-03-25
31236,15.0,turunan,2026-03-26
31237,15.0,turunan,2026-03-29
31238,15.0,turunan,2026-03-31
31239,15.0,turunan,2026-04-03
31240,15.0,turunan,2026-04-06
31241,18.0,penjumlahan,2026-01-01
31242,18.0,penjumlahan,2026-01-03
31243,18.0,penjumlahan,2026-01-04
31244,18.0,penjumlahan,2026-01-06
31245,18.0,penjumlahan,2026-01-08
31246,18.0,penjumlahan,2026-01-09
31247,18.0,penjumlahan,2026-01-12
31248,18.0,pengurangan,2026-01-15
31249,18.0,pengurangan,2026-01-18
31250,18.0,pengurangan,2026-01-19
31251,18.0,pengurangan,2026-01-20
31252,18.0,pengurangan,2026-01-22
31253,18.0,pengurangan,2026-01-24
31254,18.0,pengurangan,2026-01-25
31255,18.0,pengurangan,2026-01-28
31256,18.0,perkalian,2026-01-31
31257,18.0,perkalian,2026-02-02
31258,18.0,perkalian,2026-02-03
31259,18.0,perkalian,2026-02-05
31260,18.0,perkalian,2026-02-07
31261,18.0,perkalian,2026-02-09
31262,18.0,perkalian,2026-02-12
31263,18.0,perkalian,2026-02-13
31264,18.0,perkalian,2026-02-14
31265,18.0,pembagian,2026-02-15
31266,18.0,pembagian,2026-02-17
31267,18.0,pembagian,2026-02-19
31268,18.0,pembagian,2026-02-22
31269,18.0,pembagian,2026-02-23
31270,18.0,pembagian,2026-02-26
31271,18.0,pembagian,2026-02-27
31272,18.0,aljabar,2026-03-02
31273,18.0,aljabar,2026-03-04
31274,18.0,aljabar,2026-03-05
31275,18.0,aljabar,2026-03-07
31276,18.0,aljabar,2026-03-10
31277,18.0,aljabar,2026-03-11
31278,18.0,persamaan_linear,2026-03-13
31279,18.0,persamaan_linear,2026-03-14
31280,18.0,persamaan_linear,2026-03-16
31281,18.0,persamaan_linear,2026-03-17
31282,18.0,persamaan_linear,2026-03-20
31283,18.0,persamaan_linear,2026-03-23
31284,18.0,persamaan_linear,2026-03-26
31285,18.0,fungsi,2026-03-29
31286,18.0,fungsi,2026-04-01
31287,18.0,fungsi,2026-04-03
31288,18.0,fungsi,2026-04-04
31289,18.0,fungsi,2026-04-05
31290,18.0,fungsi,2026-04-06
31291,18.0,fungsi,2026-04-08
31292,18.0,fungsi,2026-04-09
31293,18.0,integral,2026-04-10
31294,18.0,integral,2026-04-12
31295,18.0,integral,2026-04-14
31296,18.0,integral,2026-04-15
31297,18.0,integral,2026-04-16
31298,18.0,integral,2026-04-17
31299,18.0,integral,2026-04-18
31300,18.0,integral,2026-04-19
31301,3.0,penjumlahan,2026-01-01
31302,3.0,penjumlahan,2026-01-03
31303,3.0,penjumlahan,2026-01-06
31304,3.0,penjumlahan,2026-01-09
31305,3.0,penjumlahan,2026-01-10
31306,3.0,penjumlahan,2026-01-11
31307,3.0,penjumlahan,2026-01-14
31308,3.0,penjumlahan,2026-01-16
31309,3.0,pengurangan,2026-01-19
31310,3.0,pengurangan,2026-01-22
31311,3.0,pengurangan,2026-01-23
31312,3.0,pengurangan,2026-01-25
31313,3.0,pengurangan,2026-01-27
31314,3.0,pengurangan,2026-01-29
31315,3.0,pengurangan,2026-02-01
31316,3.0,pengurangan,2026-02-04
31317,3.0,pengurangan,2026-02-07
31318,3.0,perkalian,2026-02-09
31319,3.0,perkalian,2026-02-12
31320,3.0,perkalian,2026-02-13
31321,3.0,perkalian,2026-02-15
31322,3.0,perkalian,2026-02-16
31323,3.0,perkalian,2026-02-17
31324,3.0,pembagian,2026-02-18
31325,3.0,pembagian,2026-02-20
31326,3.0,pembagian,2026-02-23
31327,3.0,pembagian,2026-02-26
31328,3.0,pembagian,2026-02-27
31329,3.0,pembagian,2026-02-28
31330,3.0,pembagian,2026-03-02
31331,3.0,pembagian,2026-03-05
31332,3.0,pecahan,2026-03-06
31333,3.0,pecahan,2026-03-08
31334,3.0,pecahan,2026-03-09
31335,3.0,pecahan,2026-03-10
31336,3.0,pecahan,2026-03-12
31337,3.0,pecahan,2026-03-13
31338,3.0,pecahan,2026-03-15
31339,3.0,pecahan,2026-03-16
31340,3.0,desimal,2026-03-17
31341,3.0,desimal,2026-03-19
31342,3.0,desimal,2026-03-22
31343,3.0,desimal,2026-03-25
31344,3.0,desimal,2026-03-26
31345,3.0,aljabar,2026-03-29
31346,3.0,aljabar,2026-04-01
31347,3.0,aljabar,2026-04-03
31348,3.0,aljabar,2026-04-04
31349,3.0,aljabar,2026-04-05
31350,3.0,fungsi,2026-04-08
31351,3.0,fungsi,2026-04-09
31352,3.0,fungsi,2026-04-10
31353,3.0,fungsi,2026-04-13
31354,3.0,fungsi,2026-04-16
31355,3.0,limit,2026-04-18
31356,3.0,limit,2026-04-19
31357,3.0,limit,2026-04-21
31358,3.0,limit,2026-04-22
31359,3.0,limit,2026-04-24
31360,3.0,limit,2026-04-26
31361,3.0,limit,2026-04-27
31362,3.0,limit,2026-04-29
31363,3.0,limit,2026-04-30
31364,3.0,integral,2026-05-02
31365,3.0,integral,2026-05-03
31366,3.0,integral,2026-05-04
31367,3.0,integral,2026-05-06
31368,3.0,integral,2026-05-07
31369,3.0,integral,2026-05-09
