user_id,skill_name,p_knowledge
1.0,bangun_ruang,0.15882352942618302
1.0,barisan_deret,0.15882352941176495
1.0,eksponen_logaritma,0.15882352941176872
1.0,fungsi_kuadrat,0.15882352941176872
1.0,himpunan,0.1588235294118263
1.0,integral,0.15882352941176495
1.0,matriks,0.15882352941270705
1.0,peluang_dasar,0.15882352941270705
1.0,persamaan_linear_satu_variabel,0.9999975118538004
1.0,teorema_pythagoras,0.15882352941270705
1.0,trigonometri,0.15882352941176872
1.0,turunan,0.15882352941176872
2.0,aljabar_dasar,0.9999997773211557
2.0,bangun_ruang,0.15882352942618302
2.0,barisan_deret,0.1588235294118263
2.0,eksponen_logaritma,0.1588235294118263
2.0,fungsi_kuadrat,0.15882352941176872
2.0,himpunan,0.15882352941176495
2.0,integral,0.1588235294118263
2.0,limit,0.1588235294118263
2.0,matriks,0.15882352941176872
2.0,peluang_dasar,0.15882352941176872
2.0,perbandingan,0.9772288226709103
2.0,sistem_persamaan_linear,0.15882352942618302
2.0,statistika_dasar,0.15882352942618302
2.0,trigonometri,0.15882352941176495
2.0,turunan,0.1588235294118263
3.0,aljabar_dasar,0.9999999999152466
3.0,aritmatika_sosial,0.15915327663739537
3.0,bangun_ruang,0.15882352941270705
3.0,bilangan_bulat,0.9999999846362609
3.0,eksponen_logaritma,0.15882352941270705
3.0,fungsi_kuadrat,0.15882352942618302
3.0,himpunan,0.25220104007274424
3.0,integral,0.15882352941270705
3.0,limit,0.15882352941176495
3.0,peluang_dasar,0.15882352942618302
3.0,sistem_persamaan_linear,0.15882352941176872
3.0,statistika_dasar,0.1588235294118263
3.0,trigonometri,0.15882352941176872
3.0,turunan,0.15882352942618302
4.0,aljabar_dasar,0.9999999846362609
4.0,bangun_ruang,0.15882352942618302
4.0,barisan_deret,0.1588235294118263
4.0,bilangan_bulat,0.9999999986253497
4.0,eksponen_logaritma,0.1588235294118263
4.0,himpunan,0.9966876367579468
4.0,integral,0.15882352942618302
4.0,matriks,0.15882352941176872
4.0,peluang_dasar,0.1588235294118263
4.0,persamaan_linear_satu_variabel,0.999999989413145
4.0,sistem_persamaan_linear,0.15882352941176495
4.0,statistika_dasar,0.1588252999445159
4.0,teorema_pythagoras,0.16511736511164454
4.0,trigonometri,0.15882352941176872
4.0,turunan,0.15882352941176495
5.0,aljabar_dasar,0.9999975112811612
5.0,aritmatika_sosial,0.16513685243479162
5.0,bangun_ruang,0.15882352941194772
5.0,barisan_deret,0.15882352941270705
5.0,bilangan_bulat,0.9999833047816681
5.0,fungsi_kuadrat,0.15882352941176872
5.0,himpunan,0.15882352941176495
5.0,integral,0.1588235294118263
5.0,peluang_dasar,0.15882352942618302
5.0,persamaan_linear_satu_variabel,0.962594245322993
5.0,statistika_dasar,0.15882352941176495
5.0,teorema_pythagoras,0.16511735789549373
5.0,trigonometri,0.1588235294118263
5.0,turunan,0.15882352941270705
6.0,aljabar_dasar,0.9995859488349961
6.0,aritmatika_sosial,0.15923778772852282
6.0,bangun_ruang,0.15923778787898807
6.0,barisan_deret,0.15882352941176872
6.0,bilangan_bulat,0.9999999989384473
6.0,eksponen_logaritma,0.15882352941270705
6.0,himpunan,0.16511735789549373
6.0,integral,0.15882352942618302
6.0,limit,0.15882352941270705
6.0,peluang_dasar,0.1588235294118263
6.0,persamaan_linear_satu_variabel,0.9625948251571886
6.0,sistem_persamaan_linear,0.15882352942618302
6.0,statistika_dasar,0.15882352942618302
6.0,teorema_pythagoras,0.6957446808510697
6.0,trigonometri,0.15882352941270705
7.0,aljabar_dasar,0.9999999982708232
7.0,bangun_ruang,0.15882352941270705
7.0,barisan_deret,0.1588235294118263
7.0,bilangan_bulat,0.9999999998770049
7.0,eksponen_logaritma,0.15882352941176872
7.0,fungsi_kuadrat,0.1588235294118263
7.0,himpunan,0.6957844491551887
7.0,integral,0.15882352942618302
7.0,matriks,0.15882352941176495
7.0,perbandingan,0.6963877123226179
7.0,persamaan_linear_satu_variabel,0.9998133342183296
7.0,sistem_persamaan_linear,0.1588235294118263
7.0,teorema_pythagoras,0.15882352941270705
7.0,trigonometri,0.1588235294118263
8.0,aljabar_dasar,0.9775446518841506
8.0,aritmatika_sosial,0.28228579480638843
8.0,bangun_ruang,0.15882352941176495
8.0,barisan_deret,0.15882352942618302
8.0,bilangan_bulat,0.9999999999860004
8.0,eksponen_logaritma,0.15882352941176872
8.0,fungsi_kuadrat,0.15882352941270705
8.0,himpunan,0.6957842853174644
8.0,integral,0.1588235294118263
8.0,matriks,0.15882352941176872
8.0,peluang_dasar,0.1588235294118263
8.0,perbandingan,0.9965372832560119
8.0,statistika_dasar,0.1588235294118263
8.0,trigonometri,0.1588235294118263
8.0,turunan,0.15882352942618302
9.0,aritmatika_sosial,0.1588235294118263
9.0,eksponen_logaritma,0.15882352942618302
9.0,fungsi_kuadrat,0.15882352941176872
9.0,himpunan,0.15882352941176872
9.0,integral,0.15882352941176872
9.0,limit,0.15882352942618302
9.0,matriks,0.1588235294118263
9.0,peluang_dasar,0.15882352941270705
9.0,perbandingan,0.5863505678172453
9.0,sistem_persamaan_linear,0.15882352941270705
9.0,statistika_dasar,0.1588235294118263
9.0,teorema_pythagoras,0.15882352941270705
9.0,trigonometri,0.15882352941176495
9.0,turunan,0.15882352941176872
10.0,aritmatika_sosial,0.15923778772852282
10.0,bangun_ruang,0.15882352941270705
10.0,barisan_deret,0.15882352941176872
10.0,eksponen_logaritma,0.15882352941176872
10.0,fungsi_kuadrat,0.15882352942618302
10.0,himpunan,0.16965572105224144
10.0,integral,0.15882352941176872
10.0,limit,0.15882352941176495
10.0,peluang_dasar,0.15882352941176872
10.0,perbandingan,0.22954602929977208
10.0,persamaan_linear_satu_variabel,0.7956045120860554
10.0,teorema_pythagoras,0.15882352942618302
10.0,trigonometri,0.1588235294118263
11.0,aljabar_dasar,0.16511736032359203
11.0,aritmatika_sosial,0.15882352942618302
11.0,bangun_ruang,0.15882352941176495
11.0,barisan_deret,0.15882352942618302
11.0,bilangan_bulat,0.9999969464605118
11.0,himpunan,0.15882352941176495
11.0,integral,0.15882352941270705
11.0,limit,0.15882352941176495
11.0,matriks,0.15882352941270705
11.0,peluang_dasar,0.15882352941270705
11.0,perbandingan,0.15882352941176872
11.0,persamaan_linear_satu_variabel,0.15882352942618302
11.0,sistem_persamaan_linear,0.15882352942618302
12.0,aljabar_dasar,0.997168852027562
12.0,aritmatika_sosial,0.16511735790519097
12.0,bangun_ruang,0.15882352941176495
12.0,barisan_deret,0.15882352942618302
12.0,himpunan,0.15882352941176872
12.0,integral,0.1588235294118263
12.0,limit,0.15882352942618302
12.0,matriks,0.15882352941176495
12.0,peluang_dasar,0.15882352941270705
12.0,perbandingan,0.6501566071481019
12.0,sistem_persamaan_linear,0.15882352942618302
12.0,statistika_dasar,0.15882352941176495
12.0,trigonometri,0.15882352941270705
13.0,aljabar_dasar,0.9996892147202281
13.0,bangun_ruang,0.1588235294118263
13.0,bilangan_bulat,0.9967715178085602
13.0,eksponen_logaritma,0.15882352942618302
13.0,fungsi_kuadrat,0.15882352941176872
13.0,himpunan,0.6957446808993141
13.0,integral,0.1588235294118263
13.0,matriks,0.15882352941176872
13.0,peluang_dasar,0.15882352941176872
13.0,perbandingan,0.24581179348582743
13.0,persamaan_linear_satu_variabel,0.9965372779463965
13.0,statistika_dasar,0.15882352941270705
13.0,teorema_pythagoras,0.15882352941176872
13.0,trigonometri,0.15882352942618302
13.0,turunan,0.1588235294118263
14.0,aritmatika_sosial,0.6501566118941209
14.0,barisan_deret,0.15882352941176495
14.0,eksponen_logaritma,0.15882352941176872
14.0,fungsi_kuadrat,0.15882352942618302
14.0,himpunan,0.15882352941270705
14.0,limit,0.15882352941176495
14.0,matriks,0.15882352941176872
14.0,peluang_dasar,0.15882352941176495
14.0,sistem_persamaan_linear,0.1588235294118263
14.0,teorema_pythagoras,0.15882352941270705
14.0,trigonometri,0.15882352941176872
14.0,turunan,0.15882352941176872
15.0,aljabar_dasar,0.15882352941176495
15.0,aritmatika_sosial,0.15882352941176872
15.0,bangun_ruang,0.15882352941176872
15.0,bilangan_bulat,0.15882352942618302
15.0,fungsi_kuadrat,0.15882352941270705
15.0,himpunan,0.1588235294118263
15.0,integral,0.15882352942618302
15.0,limit,0.15882352941270705
15.0,matriks,0.15882352941176495
15.0,perbandingan,0.15882352942618302
15.0,sistem_persamaan_linear,0.15882352942618302
15.0,statistika_dasar,0.1588235294118263
15.0,teorema_pythagoras,0.15882352942618302
15.0,trigonometri,0.15882352941176872
16.0,aljabar_dasar,0.24882118832756467
16.0,aritmatika_sosial,0.15882352942618302
16.0,bilangan_bulat,0.9999999998407003
16.0,eksponen_logaritma,0.15882352941270705
16.0,fungsi_kuadrat,0.15882352941270705
16.0,himpunan,0.15882352942618302
16.0,integral,0.15882352941270705
16.0,limit,0.15882352942618302
16.0,matriks,0.1588235294118263
16.0,peluang_dasar,0.15882352941270705
16.0,persamaan_linear_satu_variabel,0.6501566800533469
16.0,statistika_dasar,0.15882352941176495
16.0,trigonometri,0.15882352941176872
16.0,turunan,0.15882352941176872
17.0,aritmatika_sosial,0.15882352941270705
17.0,barisan_deret,0.15882352941270705
17.0,bilangan_bulat,0.9999967378804235
17.0,fungsi_kuadrat,0.15882352941176872
17.0,himpunan,0.15882352941270705
17.0,integral,0.15882352941270705
17.0,limit,0.15882352941270705
17.0,peluang_dasar,0.1588235294118263
17.0,perbandingan,0.9545465213880557
17.0,persamaan_linear_satu_variabel,0.24951719893057078
17.0,sistem_persamaan_linear,0.15882352941176872
17.0,teorema_pythagoras,0.1588506200517642
17.0,trigonometri,0.15882352941176495
17.0,turunan,0.15882352941176495
18.0,aljabar_dasar,0.9996892147202281
18.0,aritmatika_sosial,0.1588235294118263
18.0,bangun_ruang,0.1588235294118263
18.0,barisan_deret,0.15882352941270705
18.0,bilangan_bulat,0.999995394820537
18.0,eksponen_logaritma,0.1588235294118263
18.0,himpunan,0.6957446921459554
18.0,integral,0.15882352942618302
18.0,matriks,0.15882352942618302
18.0,peluang_dasar,0.15882352942618302
18.0,sistem_persamaan_linear,0.15882352942618302
18.0,statistika_dasar,0.1588235294118263
18.0,teorema_pythagoras,0.1588235294118263
18.0,trigonometri,0.15882352941270705
18.0,turunan,0.15882352941176872
19.0,aritmatika_sosial,0.1588235294118263
19.0,barisan_deret,0.15882352941176872
19.0,eksponen_logaritma,0.15882352942618302
19.0,fungsi_kuadrat,0.15882352941270705
19.0,himpunan,0.15882352941270705
19.0,integral,0.15882352941270705
19.0,peluang_dasar,0.15882352942618302
19.0,perbandingan,0.2458117910202285
19.0,persamaan_linear_satu_variabel,0.6957446808721462
19.0,sistem_persamaan_linear,0.15882352941176495
19.0,statistika_dasar,0.15882352942618302
19.0,teorema_pythagoras,0.1588235294118263
19.0,trigonometri,0.15882352941176495
19.0,turunan,0.1588235294118263
20.0,aljabar_dasar,0.15923778787898807
20.0,aritmatika_sosial,0.15882529993402855
20.0,bangun_ruang,0.1588235294118263
20.0,barisan_deret,0.15882352941176872
20.0,bilangan_bulat,0.9544358405367502
20.0,fungsi_kuadrat,0.1588235294118263
20.0,himpunan,0.15882352941176872
20.0,integral,0.15882352941176872
20.0,persamaan_linear_satu_variabel,0.29878292297137443
20.0,sistem_persamaan_linear,0.15882352941176495
20.0,statistika_dasar,0.15882352941176872
20.0,trigonometri,0.15882352941270705
20.0,turunan,0.15882352941176495
21.0,aritmatika_sosial,0.9986195115273904
21.0,bangun_ruang,0.15882352942618302
21.0,barisan_deret,0.15882352941176872
21.0,himpunan,0.9996183082219134
21.0,integral,0.15882352941176872
21.0,limit,0.1588235294118263
21.0,persamaan_linear_satu_variabel,0.9995755259305732
21.0,sistem_persamaan_linear,0.15882352941176872
21.0,teorema_pythagoras,0.15923779018110648
21.0,trigonometri,0.15882352941270705
22.0,aljabar_dasar,0.9971531442372706
22.0,aritmatika_sosial,0.15882352941270705
22.0,bangun_ruang,0.15882352942618302
22.0,barisan_deret,0.15882352941176495
22.0,bilangan_bulat,0.9999871671469788
22.0,eksponen_logaritma,0.15882352942618302
22.0,fungsi_kuadrat,0.15882352942618302
22.0,himpunan,0.15882352942618302
22.0,limit,0.15882352941176872
22.0,matriks,0.15882352941270705
22.0,peluang_dasar,0.15882352941176872
22.0,perbandingan,0.6957446808721462
22.0,persamaan_linear_satu_variabel,0.16513685593224453
22.0,statistika_dasar,0.15882352941270705
22.0,teorema_pythagoras,0.15882352942618302
22.0,turunan,0.15882352941176872
23.0,aljabar_dasar,0.9626963422042677
23.0,bangun_ruang,0.15882352941270705
23.0,barisan_deret,0.15882352941270705
23.0,bilangan_bulat,0.9999675145927883
23.0,fungsi_kuadrat,0.15882352941176495
23.0,himpunan,0.15882352942618302
23.0,integral,0.15882352941176495
23.0,limit,0.15882352941176495
23.0,matriks,0.1588235294118263
23.0,perbandingan,0.1588235369758942
23.0,persamaan_linear_satu_variabel,0.6957446808721462
23.0,statistika_dasar,0.15882352941176495
24.0,aljabar_dasar,0.15882352942618302
24.0,aritmatika_sosial,0.15882352942618302
24.0,bangun_ruang,0.15882352942618302
24.0,barisan_deret,0.15882352941270705
24.0,eksponen_logaritma,0.15882352941270705
24.0,fungsi_kuadrat,0.15882352941176495
24.0,himpunan,0.15882352941270705
24.0,integral,0.15882352942618302
24.0,peluang_dasar,0.1588235294118263
24.0,perbandingan,0.15882352942618302
24.0,sistem_persamaan_linear,0.15882352941176872
24.0,statistika_dasar,0.15882352941270705
24.0,teorema_pythagoras,0.15882352942618302
24.0,trigonometri,0.15882352941176495
24.0,turunan,0.15882352941270705
25.0,aljabar_dasar,0.9999999809230825
25.0,bangun_ruang,0.15882352941176872
25.0,barisan_deret,0.15882352941176872
25.0,fungsi_kuadrat,0.1588235294118263
25.0,himpunan,0.15882352942618302
25.0,integral,0.15882352942618302
25.0,limit,0.1588235294118263
25.0,matriks,0.15882352942618302
25.0,persamaan_linear_satu_variabel,0.16511735805355915
25.0,statistika_dasar,0.15882352941270705
25.0,teorema_pythagoras,0.15882352941270705
25.0,turunan,0.15882352941176495
26.0,aljabar_dasar,0.9957502539995164
26.0,aritmatika_sosial,0.1588235369758942
26.0,bilangan_bulat,0.9999999982174822
26.0,eksponen_logaritma,0.15882352941176495
26.0,fungsi_kuadrat,0.15882352942618302
26.0,himpunan,0.15923779018110648
26.0,integral,0.15882352942618302
26.0,matriks,0.1588235294118263
26.0,perbandingan,0.245811789038816
26.0,persamaan_linear_satu_variabel,0.6957472699278572
26.0,statistika_dasar,0.15882352941176495
26.0,teorema_pythagoras,0.15882352941176495
26.0,turunan,0.15882352941270705
27.0,aljabar_dasar,0.15923778772852282
27.0,bilangan_bulat,0.9957499393972606
27.0,eksponen_logaritma,0.15882352941270705
27.0,fungsi_kuadrat,0.1588235294118263
27.0,himpunan,0.15882352942618302
27.0,integral,0.15882352941176872
27.0,limit,0.15882352941270705
27.0,matriks,0.15882352941176495
27.0,peluang_dasar,0.15882352941176495
27.0,persamaan_linear_satu_variabel,0.15882352941270705
27.0,statistika_dasar,0.15882352941270705
27.0,teorema_pythagoras,0.15882352941270705
28.0,bangun_ruang,0.15882352942618302
28.0,barisan_deret,0.1588235294118263
28.0,bilangan_bulat,0.9999999712083314
28.0,eksponen_logaritma,0.15882352941270705
28.0,fungsi_kuadrat,0.15882352941176495
28.0,himpunan,0.1588235294118263
28.0,integral,0.15882352941270705
28.0,matriks,0.15882352941176495
28.0,peluang_dasar,0.15882352941176872
28.0,perbandingan,0.15885061774752507
28.0,sistem_persamaan_linear,0.15882352942618302
28.0,teorema_pythagoras,0.1588235294118263
28.0,trigonometri,0.15882352941176872
29.0,aljabar_dasar,0.23237458146655599
29.0,aritmatika_sosial,0.15882352941176495
29.0,barisan_deret,0.1588235294118263
29.0,bilangan_bulat,0.9995926959729667
29.0,fungsi_kuadrat,0.15882352941270705
29.0,himpunan,0.15882352942618302
29.0,integral,0.15882352941176872
29.0,limit,0.15882352941270705
29.0,matriks,0.15882352941176495
29.0,peluang_dasar,0.15882352941176872
29.0,perbandingan,0.16511736032359203
29.0,persamaan_linear_satu_variabel,0.1638405381040603
29.0,statistika_dasar,0.15882352941176872
29.0,teorema_pythagoras,0.15882352941176495
29.0,turunan,0.15882352941176495
30.0,aljabar_dasar,0.1588253023995067
30.0,aritmatika_sosial,0.9965372778717658
30.0,bangun_ruang,0.15882352941270705
30.0,barisan_deret,0.15882352942618302
30.0,bilangan_bulat,0.9999999800762003
30.0,eksponen_logaritma,0.15882352941270705
30.0,fungsi_kuadrat,0.15882352941176495
30.0,himpunan,0.15882352941176872
30.0,integral,0.1588235294118263
30.0,limit,0.1588235294118263
30.0,matriks,0.15882352941176495
30.0,perbandingan,0.6957856305873439
30.0,sistem_persamaan_linear,0.1588235294118263
30.0,statistika_dasar,0.1588235294118263
30.0,teorema_pythagoras,0.15882352942618302
30.0,turunan,0.15882352941270705
31.0,aritmatika_sosial,0.6957446808524417
31.0,barisan_deret,0.1588235294118263
31.0,bilangan_bulat,0.9999999983144934
31.0,himpunan,0.2458117890467293
31.0,integral,0.1588235294118263
31.0,limit,0.1588235294118263
31.0,perbandingan,0.15882352941270705
31.0,persamaan_linear_satu_variabel,0.9999836085315673
31.0,statistika_dasar,0.1588235294118263
31.0,teorema_pythagoras,0.15882352941270705
31.0,trigonometri,0.1588235294118263
31.0,turunan,0.15882352941176872
32.0,aljabar_dasar,0.999999707219764
32.0,aritmatika_sosial,0.6957446811736256
32.0,bangun_ruang,0.1588235294118263
32.0,barisan_deret,0.15882352942618302
32.0,bilangan_bulat,0.9999999999889951
32.0,eksponen_logaritma,0.1588236451330872
32.0,fungsi_kuadrat,0.15882352941176495
32.0,himpunan,0.6963513869124212
32.0,integral,0.15882352942618302
32.0,limit,0.15882352941176872
32.0,perbandingan,0.9983094320141105
32.0,statistika_dasar,0.15882352941270705
32.0,teorema_pythagoras,0.16511736032359203
33.0,bangun_ruang,0.15882352941270705
33.0,barisan_deret,0.15882352941270705
33.0,eksponen_logaritma,0.15882352942618302
33.0,himpunan,0.15882352942618302
33.0,integral,0.1588235294118263
33.0,matriks,0.15882352942618302
33.0,peluang_dasar,0.15882352941270705
33.0,perbandingan,0.9997838132435231
33.0,sistem_persamaan_linear,0.15882352942618302
33.0,statistika_dasar,0.1588235294118263
33.0,trigonometri,0.1588235294118263
33.0,turunan,0.1588235294118263
34.0,aljabar_dasar,0.9625942452720643
34.0,aritmatika_sosial,0.15882352942618302
34.0,bangun_ruang,0.15882352941270705
34.0,barisan_deret,0.15882352941270705
34.0,himpunan,0.15882352941176872
34.0,limit,0.15882352941176495
34.0,peluang_dasar,0.15882352941176872
34.0,perbandingan,0.15882352941176872
34.0,persamaan_linear_satu_variabel,0.6957446808524417
34.0,sistem_persamaan_linear,0.15882352941176872
34.0,trigonometri,0.15882352941176872
34.0,turunan,0.1588235294118263
35.0,aljabar_dasar,0.9999997815587466
35.0,aritmatika_sosial,0.7519434306969641
35.0,eksponen_logaritma,0.15882352941270705
35.0,fungsi_kuadrat,0.15882352942618302
35.0,himpunan,0.15882352941176495
35.0,integral,0.15882352941270705
35.0,limit,0.15882352941270705
35.0,matriks,0.1588235294118263
35.0,peluang_dasar,0.15882352941176495
35.0,persamaan_linear_satu_variabel,0.9999723398642789
35.0,sistem_persamaan_linear,0.15882352941176872
35.0,statistika_dasar,0.15882352941176495
35.0,teorema_pythagoras,0.15882352941176872
35.0,turunan,0.1588235294118263
36.0,bangun_ruang,0.6957446808511539
36.0,barisan_deret,0.1588235294118263
36.0,bilangan_bulat,0.9996892147202281
36.0,fungsi_kuadrat,0.15882352941176872
36.0,himpunan,0.1588235294118263
36.0,integral,0.15882352941270705
36.0,perbandingan,0.15882530009512885
36.0,sistem_persamaan_linear,0.15882352941176872
36.0,statistika_dasar,0.6957446808510697
36.0,teorema_pythagoras,0.15882352941176495
36.0,turunan,0.15882352941176495
37.0,aritmatika_sosial,0.9625942452687356
37.0,bangun_ruang,0.1588235294118263
37.0,bilangan_bulat,0.9999998662740998
37.0,eksponen_logaritma,0.15882352942618302
37.0,fungsi_kuadrat,0.15882352941176872
37.0,himpunan,0.1588235294118263
37.0,integral,0.15882352942618302
37.0,limit,0.15882352942618302
37.0,perbandingan,0.49866583280727833
37.0,persamaan_linear_satu_variabel,0.9640977716984308
37.0,sistem_persamaan_linear,0.15882352942618302
37.0,statistika_dasar,0.1588506175870778
37.0,teorema_pythagoras,0.6957446921459554
37.0,trigonometri,0.15882352941176495
37.0,turunan,0.1588235294118263
38.0,aljabar_dasar,0.15882352942618302
38.0,aritmatika_sosial,0.15882352941176495
38.0,bangun_ruang,0.1588235294118263
38.0,barisan_deret,0.15882352941176872
38.0,bilangan_bulat,0.9625942738550715
38.0,eksponen_logaritma,0.15882352941270705
38.0,fungsi_kuadrat,0.15882352941176872
38.0,himpunan,0.15882352941176872
38.0,limit,0.15882352941176872
38.0,peluang_dasar,0.15882352941176495
38.0,perbandingan,0.15882352941176495
38.0,sistem_persamaan_linear,0.15882352941176872
38.0,statistika_dasar,0.15882352942618302
38.0,trigonometri,0.15882352941176872
39.0,aritmatika_sosial,0.1592377877186885
39.0,bangun_ruang,0.15882352941176872
39.0,barisan_deret,0.15882352941176872
39.0,eksponen_logaritma,0.1588235294118263
39.0,fungsi_kuadrat,0.15882352941270705
39.0,himpunan,0.1588235294118263
39.0,integral,0.15882352941176495
39.0,matriks,0.15882352941176495
39.0,peluang_dasar,0.15882352942618302
39.0,perbandingan,0.9625942452687356
39.0,persamaan_linear_satu_variabel,0.7924969472324093
39.0,sistem_persamaan_linear,0.15882352942618302
39.0,statistika_dasar,0.15882352941176495
39.0,teorema_pythagoras,0.15882352941176495
39.0,trigonometri,0.1588235294118263
39.0,turunan,0.15882352941176872
40.0,aljabar_dasar,0.9965381274369112
40.0,aritmatika_sosial,0.15923779018110648
40.0,barisan_deret,0.15882352942618302
40.0,bilangan_bulat,0.9994870194892882
40.0,eksponen_logaritma,0.15882352941176872
40.0,himpunan,0.16511735805355915
40.0,integral,0.15882352942618302
40.0,limit,0.15882352941270705
40.0,matriks,0.15882352941176872
40.0,peluang_dasar,0.15882352941176872
40.0,persamaan_linear_satu_variabel,0.27066069418434224
40.0,statistika_dasar,0.15882352941270705
40.0,trigonometri,0.1588235294118263
40.0,turunan,0.15882352941176495
41.0,aljabar_dasar,0.9999999881355873
41.0,aritmatika_sosial,0.6957448536628139
41.0,bangun_ruang,0.15882352941270705
41.0,barisan_deret,0.15882352941270705
41.0,bilangan_bulat,0.9999999998770049
41.0,himpunan,0.6588881489235315
41.0,integral,0.15882352941176872
41.0,limit,0.15882352941176495
41.0,matriks,0.1588235294118263
41.0,perbandingan,0.9771653786469918
41.0,persamaan_linear_satu_variabel,0.9997467749370836
41.0,sistem_persamaan_linear,0.1588235294118263
41.0,statistika_dasar,0.1588235294118263
41.0,teorema_pythagoras,0.6957842853030741
41.0,turunan,0.1588235294118263
42.0,aljabar_dasar,0.991968644869047
42.0,aritmatika_sosial,0.15882352941176872
42.0,bilangan_bulat,0.9823938929344803
42.0,eksponen_logaritma,0.15882352941270705
42.0,fungsi_kuadrat,0.15882352941176495
42.0,himpunan,0.6957446811736256
42.0,integral,0.15882352941176495
42.0,limit,0.15882352941176872
42.0,matriks,0.15882352941176495
42.0,peluang_dasar,0.15882352941176872
42.0,persamaan_linear_satu_variabel,0.15882352942618302
42.0,sistem_persamaan_linear,0.15882352941176495
42.0,teorema_pythagoras,0.15882352941176495
42.0,trigonometri,0.15882352941270705
42.0,turunan,0.15882352941176872
43.0,aritmatika_sosial,0.15923779018110648
43.0,barisan_deret,0.15882352942618302
43.0,bilangan_bulat,0.999972185599319
43.0,fungsi_kuadrat,0.15882352941176872
43.0,himpunan,0.288582021830336
43.0,limit,0.1588235294118263
43.0,matriks,0.15923778787898807
43.0,peluang_dasar,0.15882352941176872
43.0,perbandingan,0.15882352941176872
43.0,persamaan_linear_satu_variabel,0.977203481873121
43.0,sistem_persamaan_linear,0.1588235294118263
43.0,teorema_pythagoras,0.15882352941270705
43.0,trigonometri,0.15882352941270705
43.0,turunan,0.15882352942618302
44.0,aljabar_dasar,0.9999997667769537
44.0,aritmatika_sosial,0.24951719893057078
44.0,bangun_ruang,0.15882352942618302
44.0,barisan_deret,0.15882352942618302
44.0,fungsi_kuadrat,0.15882352942618302
44.0,himpunan,0.6501566074392686
44.0,integral,0.1588235294118263
44.0,limit,0.15882352941270705
44.0,matriks,0.15882352941270705
44.0,peluang_dasar,0.15882352942618302
44.0,perbandingan,0.15882352941270705
44.0,persamaan_linear_satu_variabel,0.9822611664519493
44.0,statistika_dasar,0.15882352941176872
44.0,turunan,0.15882352942618302
45.0,aritmatika_sosial,0.15882352942618302
45.0,bangun_ruang,0.1588235294118263
45.0,barisan_deret,0.15882352941176495
45.0,bilangan_bulat,0.1588235294118263
45.0,eksponen_logaritma,0.1588235294118263
45.0,fungsi_kuadrat,0.15882352942618302
45.0,himpunan,0.15882352942618302
45.0,integral,0.15882352941176872
45.0,limit,0.15882352941176495
45.0,perbandingan,0.1588235294118263
45.0,sistem_persamaan_linear,0.15882352941270705
45.0,statistika_dasar,0.15882352942618302
45.0,teorema_pythagoras,0.15882352941176495
45.0,trigonometri,0.1588235294118263
45.0,turunan,0.15882352941270705
46.0,aritmatika_sosial,0.16511735789549373
46.0,bangun_ruang,0.15882352942618302
46.0,barisan_deret,0.1588235294118263
46.0,bilangan_bulat,0.9999999809230825
46.0,eksponen_logaritma,0.15882352941176872
46.0,fungsi_kuadrat,0.1588235294118263
46.0,himpunan,0.1588235294118263
46.0,integral,0.15882352941176872
46.0,limit,0.15882352942618302
46.0,peluang_dasar,0.15882352941176872
46.0,perbandingan,0.15882352941176872
46.0,persamaan_linear_satu_variabel,0.1651174683122849
46.0,sistem_persamaan_linear,0.15882352942618302
46.0,statistika_dasar,0.15882352941176872
46.0,trigonometri,0.15882352941176872
46.0,turunan,0.15882352941270705
47.0,aritmatika_sosial,0.15882352941270705
47.0,bangun_ruang,0.1588235294118263
47.0,barisan_deret,0.15882352941270705
47.0,bilangan_bulat,0.9999999999889951
47.0,eksponen_logaritma,0.15882352942618302
47.0,fungsi_kuadrat,0.15882352942618302
47.0,himpunan,0.15882352941270705
47.0,integral,0.15882352942618302
47.0,matriks,0.15882352941176872
47.0,peluang_dasar,0.15882352941176872
47.0,perbandingan,0.9393556868796301
47.0,sistem_persamaan_linear,0.15882352941176495
47.0,teorema_pythagoras,0.15882352942618302
47.0,trigonometri,0.1588235294118263
48.0,aljabar_dasar,0.9942959490792356
48.0,bangun_ruang,0.15882352941270705
48.0,barisan_deret,0.15882352941176872
48.0,eksponen_logaritma,0.15882352941176495
48.0,fungsi_kuadrat,0.15882352942618302
48.0,himpunan,0.6957446811736256
48.0,integral,0.15882352941176495
48.0,matriks,0.6957446808511539
48.0,peluang_dasar,0.15882352942618302
48.0,persamaan_linear_satu_variabel,0.9964274838153963
48.0,statistika_dasar,0.16511735790519097
48.0,teorema_pythagoras,0.15882352941270705
48.0,trigonometri,0.15882352941176872
48.0,turunan,0.15882352941176495
49.0,bangun_ruang,0.15882352941176872
49.0,barisan_deret,0.15882352941176872
49.0,bilangan_bulat,0.9999999983144934
49.0,fungsi_kuadrat,0.15882352941176872
49.0,himpunan,0.1588708256366778
49.0,limit,0.15882352941176872
49.0,matriks,0.15882352941176872
49.0,peluang_dasar,0.1588235294118263
49.0,perbandingan,0.1588895686453296
49.0,persamaan_linear_satu_variabel,0.7683522934285952
49.0,sistem_persamaan_linear,0.15882352941176872
49.0,statistika_dasar,0.15882364529354476
49.0,teorema_pythagoras,0.15882352942618302
49.0,trigonometri,0.15882352942618302
49.0,turunan,0.1588235294118263
50.0,aljabar_dasar,0.1588235294118263
50.0,aritmatika_sosial,0.15882352942618302
50.0,bangun_ruang,0.15882352941176872
50.0,barisan_deret,0.15882352942618302
50.0,fungsi_kuadrat,0.15882352941176872
50.0,himpunan,0.15882352941176872
50.0,limit,0.15882352942618302
50.0,matriks,0.15882352942618302
50.0,peluang_dasar,0.15882352941176495
50.0,perbandingan,0.15882352941176872
50.0,statistika_dasar,0.15882352942618302
50.0,teorema_pythagoras,0.1588235294118263
50.0,trigonometri,0.15882352941270705
50.0,turunan,0.15882352941176872
51.0,aljabar_dasar,0.15887136887417927
51.0,aritmatika_sosial,0.15882352944476308
51.0,bangun_ruang,0.15882352941176872
51.0,barisan_deret,0.15882352941176872
51.0,bilangan_bulat,0.9999999999889951
51.0,eksponen_logaritma,0.15882352942618302
51.0,himpunan,0.1588235369758942
51.0,matriks,0.15882352942618302
51.0,peluang_dasar,0.15882352941176495
51.0,perbandingan,0.15882529993467195
51.0,sistem_persamaan_linear,0.15882352942618302
51.0,statistika_dasar,0.15882352941176872
51.0,teorema_pythagoras,0.15882352941176872
51.0,trigonometri,0.1588235294118263
51.0,turunan,0.15882352941176872
52.0,aljabar_dasar,0.15882352942618302
52.0,bangun_ruang,0.15882352941176495
52.0,barisan_deret,0.15882352941176495
52.0,eksponen_logaritma,0.1588235294118263
52.0,fungsi_kuadrat,0.1588235294118263
52.0,himpunan,0.15882352942618302
52.0,integral,0.15882352941176872
52.0,limit,0.15882352942618302
52.0,matriks,0.15882352942618302
52.0,peluang_dasar,0.15882352941270705
52.0,perbandingan,0.15882352942618302
52.0,sistem_persamaan_linear,0.15882352942618302
52.0,statistika_dasar,0.15882352941176495
52.0,turunan,0.15882352941176495
53.0,aljabar_dasar,0.15954056164210198
53.0,aritmatika_sosial,0.15882352941176495
53.0,barisan_deret,0.15882352942618302
53.0,bilangan_bulat,0.9999975112419879
53.0,fungsi_kuadrat,0.15882352941176872
53.0,himpunan,0.15882352941270705
53.0,integral,0.15882352942618302
53.0,limit,0.1588235294118263
53.0,matriks,0.15882352941176872
53.0,peluang_dasar,0.1588235294118263
53.0,sistem_persamaan_linear,0.15882352941176495
53.0,statistika_dasar,0.15882352941176495
53.0,teorema_pythagoras,0.15882352941176872
54.0,aritmatika_sosial,0.6589000007736856
54.0,bangun_ruang,0.15882352941270705
54.0,barisan_deret,0.1588235294118263
54.0,himpunan,0.1696561317550716
54.0,integral,0.15882352941176872
54.0,limit,0.1588235294118263
54.0,matriks,0.15882352941176495
54.0,peluang_dasar,0.1588235294118263
54.0,perbandingan,0.2495171975906596
54.0,persamaan_linear_satu_variabel,0.9999996951897593
54.0,sistem_persamaan_linear,0.1588235294118263
54.0,statistika_dasar,0.1588235294118263
54.0,teorema_pythagoras,0.24582771799754277
54.0,turunan,0.15882352941176495
55.0,aljabar_dasar,0.999711134319351
55.0,aritmatika_sosial,0.6957448502933421
55.0,bangun_ruang,0.15882352941270705
55.0,barisan_deret,0.15882352942618302
55.0,bilangan_bulat,0.9999997117786137
55.0,eksponen_logaritma,0.15882352942618302
55.0,fungsi_kuadrat,0.15882352941176495
55.0,himpunan,0.1588236451330872
55.0,limit,0.15882352941270705
55.0,matriks,0.1588235294118263
55.0,perbandingan,0.24582847147087805
55.0,persamaan_linear_satu_variabel,0.9626009371066969
55.0,sistem_persamaan_linear,0.15882352941176495
55.0,statistika_dasar,0.2458117910202285
55.0,trigonometri,0.15882352941176872
55.0,turunan,0.15882352941176495
56.0,aljabar_dasar,0.993953733773747
56.0,aritmatika_sosial,0.1588235369758942
56.0,barisan_deret,0.1588235294118263
56.0,bilangan_bulat,0.999997511254587
56.0,eksponen_logaritma,0.15882352941176495
56.0,himpunan,0.6957446808511539
56.0,integral,0.15882352941176872
56.0,matriks,0.15882352942618302
56.0,peluang_dasar,0.15882352941176872
56.0,persamaan_linear_satu_variabel,0.3330129761551074
56.0,sistem_persamaan_linear,0.1588235294118263
56.0,statistika_dasar,0.15882352941270705
56.0,teorema_pythagoras,0.15882352942618302
56.0,turunan,0.15882352941176872
57.0,aljabar_dasar,0.15954056164210198
57.0,barisan_deret,0.15882352941176872
57.0,eksponen_logaritma,0.15882352941176495
57.0,himpunan,0.15882352941176495
57.0,integral,0.15882352941176495
57.0,matriks,0.15882352941176495
57.0,peluang_dasar,0.15882352941176495
57.0,perbandingan,0.1588235294546071
57.0,sistem_persamaan_linear,0.15882352941176872
57.0,teorema_pythagoras,0.15882352941176872
57.0,trigonometri,0.15882352941176872
58.0,aljabar_dasar,0.15923778787898807
58.0,aritmatika_sosial,0.15882352941176495
58.0,bilangan_bulat,0.9709798155043722
58.0,eksponen_logaritma,0.15882352941176872
58.0,fungsi_kuadrat,0.15882352942618302
58.0,himpunan,0.15882352941176495
58.0,integral,0.15882352942618302
58.0,limit,0.15882352941176495
58.0,matriks,0.15882352941270705
58.0,peluang_dasar,0.15882352942618302
58.0,persamaan_linear_satu_variabel,0.22954602929977208
58.0,statistika_dasar,0.15882352941176495
58.0,teorema_pythagoras,0.15882352942618302
58.0,trigonometri,0.15882352942618302
58.0,turunan,0.15882352941176872
59.0,aljabar_dasar,0.999999985585606
59.0,aritmatika_sosial,0.15882352941270705
59.0,bangun_ruang,0.6957472699278572
59.0,barisan_deret,0.15882352942618302
59.0,eksponen_logaritma,0.15882352941176495
59.0,himpunan,0.15882352941270705
59.0,integral,0.15882352941176495
59.0,limit,0.15882352941176872
59.0,matriks,0.15882352941176495
59.0,peluang_dasar,0.15882352941176495
59.0,perbandingan,0.6957446808721462
59.0,sistem_persamaan_linear,0.1588235294118263
59.0,statistika_dasar,0.15882352942618302
59.0,teorema_pythagoras,0.2458117890467293
59.0,turunan,0.15882352941176872
60.0,aljabar_dasar,0.9999975859156756
60.0,aritmatika_sosial,0.1595401425520964
60.0,bilangan_bulat,0.9999999989384473
60.0,eksponen_logaritma,0.15882352941176495
60.0,fungsi_kuadrat,0.15882352941270705
60.0,himpunan,0.15882352942618302
60.0,integral,0.15882352941176495
60.0,matriks,0.15882352942618302
60.0,peluang_dasar,0.1588235294118263
60.0,perbandingan,0.9825069345359656
60.0,sistem_persamaan_linear,0.15882352941176495
60.0,statistika_dasar,0.1588252999445159
60.0,teorema_pythagoras,0.1588506175870778
60.0,trigonometri,0.15882352941176872
60.0,turunan,0.15882352941270705
61.0,aljabar_dasar,0.9952699994051663
61.0,aritmatika_sosial,0.29878294086881463
61.0,bangun_ruang,0.15882352941176495
61.0,barisan_deret,0.15882352942618302
61.0,bilangan_bulat,0.9999721853023267
61.0,eksponen_logaritma,0.15882352941176495
61.0,fungsi_kuadrat,0.15882352941176495
61.0,himpunan,0.1588252999445159
61.0,integral,0.15882352942618302
61.0,matriks,0.15882352941270705
61.0,peluang_dasar,0.15882352941176872
61.0,perbandingan,0.15882352941176495
61.0,persamaan_linear_satu_variabel,0.6957446811736256
61.0,statistika_dasar,0.15882352941270705
61.0,teorema_pythagoras,0.15882352941270705
62.0,aljabar_dasar,0.9965372790882453
62.0,aritmatika_sosial,0.6957446811736256
62.0,bangun_ruang,0.15882352942618302
62.0,bilangan_bulat,0.9997868744062691
62.0,eksponen_logaritma,0.15882352941270705
62.0,fungsi_kuadrat,0.1588235294118263
62.0,himpunan,0.15882352941176872
62.0,integral,0.1588235294118263
62.0,limit,0.15882352942618302
62.0,matriks,0.1588235294118263
62.0,peluang_dasar,0.15882352941270705
62.0,perbandingan,0.16511735805355915
62.0,persamaan_linear_satu_variabel,0.971631898812766
62.0,sistem_persamaan_linear,0.15882352941176495
62.0,statistika_dasar,0.1588235294118263
62.0,teorema_pythagoras,0.1588235294118263
62.0,trigonometri,0.15882352944476308
62.0,turunan,0.15882352941176495
63.0,aljabar_dasar,0.996846691134709
63.0,aritmatika_sosial,0.245811789038816
63.0,bangun_ruang,0.15882352942618302
63.0,barisan_deret,0.15882352942618302
63.0,bilangan_bulat,0.9996892162930817
63.0,eksponen_logaritma,0.15882352942618302
63.0,fungsi_kuadrat,0.15882352941270705
63.0,himpunan,0.15882352942618302
63.0,integral,0.15882352942618302
63.0,limit,0.15882352941270705
63.0,matriks,0.15882352942618302
63.0,peluang_dasar,0.15882352941176495
63.0,perbandingan,0.245811789038816
63.0,sistem_persamaan_linear,0.15882352942618302
63.0,teorema_pythagoras,0.15882352941270705
63.0,turunan,0.15882352941270705
64.0,aljabar_dasar,0.9999658345890106
64.0,bangun_ruang,0.15882352941176872
64.0,barisan_deret,0.15882352942618302
64.0,eksponen_logaritma,0.15882352941176872
64.0,fungsi_kuadrat,0.15882352941176495
64.0,himpunan,0.15882352941176495
64.0,integral,0.15882352941270705
64.0,limit,0.15882352941176872
64.0,matriks,0.15882352941270705
64.0,perbandingan,0.15882352942618302
64.0,teorema_pythagoras,0.15882352941270705
64.0,trigonometri,0.15882352941270705
65.0,aljabar_dasar,0.9998179369653428
65.0,aritmatika_sosial,0.16511736032359203
65.0,bangun_ruang,0.15882352942618302
65.0,barisan_deret,0.15882352941176872
65.0,bilangan_bulat,0.9999999999152466
65.0,eksponen_logaritma,0.1588235294118263
65.0,fungsi_kuadrat,0.15882352942618302
65.0,himpunan,0.16511735805355915
65.0,integral,0.1588235294118263
65.0,limit,0.15882352941176495
65.0,matriks,0.15882352941176495
65.0,peluang_dasar,0.15882352941176495
65.0,perbandingan,0.24582803474880016
65.0,persamaan_linear_satu_variabel,0.9656794300294238
65.0,sistem_persamaan_linear,0.15882352941270705
65.0,trigonometri,0.15882352942618302
65.0,turunan,0.1588235294118263
66.0,aritmatika_sosial,0.7047705049875888
66.0,bangun_ruang,0.1588235394407393
66.0,barisan_deret,0.1588235294118263
66.0,eksponen_logaritma,0.15882352941176495
66.0,fungsi_kuadrat,0.1588235294118263
66.0,himpunan,0.16563345374392743
66.0,integral,0.15882352941176872
66.0,peluang_dasar,0.15882352941176495
66.0,perbandingan,0.9998158325090967
66.0,persamaan_linear_satu_variabel,0.9979578055184297
66.0,statistika_dasar,0.15882352942618302
66.0,teorema_pythagoras,0.15882364514293124
66.0,trigonometri,0.1588235294118263
66.0,turunan,0.15882352942618302
67.0,aljabar_dasar,0.24584310275123245
67.0,aritmatika_sosial,0.15882352941270705
67.0,bangun_ruang,0.1588235294118263
67.0,barisan_deret,0.15882352941176495
67.0,fungsi_kuadrat,0.15882352941270705
67.0,himpunan,0.6957446811736256
67.0,integral,0.15882352941270705
67.0,matriks,0.15882352941176872
67.0,peluang_dasar,0.15882352942618302
67.0,perbandingan,0.16513685077663667
67.0,persamaan_linear_satu_variabel,0.16511736032359203
67.0,sistem_persamaan_linear,0.15882352941176495
67.0,teorema_pythagoras,0.15882352942618302
67.0,trigonometri,0.1588235294118263
68.0,aljabar_dasar,0.994540919795
68.0,aritmatika_sosial,0.16873351740486114
68.0,barisan_deret,0.15882352941176872
68.0,bilangan_bulat,0.9999999846362609
68.0,eksponen_logaritma,0.1588235294118263
68.0,himpunan,0.1588235294118263
68.0,integral,0.15882352941270705
68.0,matriks,0.15882352941176495
68.0,peluang_dasar,0.15882352941176495
68.0,perbandingan,0.9625942461022025
68.0,statistika_dasar,0.15882352941176872
68.0,teorema_pythagoras,0.1588235294118263
68.0,trigonometri,0.15882352941176495
68.0,turunan,0.1588235294118263
69.0,aljabar_dasar,0.9965372790882453
69.0,bangun_ruang,0.15882352941270705
69.0,eksponen_logaritma,0.15882352941176495
69.0,himpunan,0.6958132120052734
69.0,limit,0.15882352942618302
69.0,matriks,0.15882352942618302
69.0,peluang_dasar,0.15882352942618302
69.0,sistem_persamaan_linear,0.15882352941176872
69.0,statistika_dasar,0.15882352941176872
70.0,aljabar_dasar,0.9999975114473385
70.0,aritmatika_sosial,0.1653546503598819
70.0,bangun_ruang,0.15882352941176872
70.0,bilangan_bulat,0.7780956527680754
70.0,eksponen_logaritma,0.15882352941270705
70.0,fungsi_kuadrat,0.15882352942618302
70.0,himpunan,0.15882352942618302
70.0,integral,0.15882352942618302
70.0,limit,0.15882352942618302
70.0,matriks,0.15882352941176872
70.0,perbandingan,0.15882352941176495
70.0,sistem_persamaan_linear,0.15882352941176495
70.0,statistika_dasar,0.1588235294118263
70.0,teorema_pythagoras,0.15882352942618302
71.0,aritmatika_sosial,0.15882352942618302
71.0,bangun_ruang,0.15882352941176872
71.0,bilangan_bulat,0.9999975205824343
71.0,eksponen_logaritma,0.15882352942618302
71.0,fungsi_kuadrat,0.15882352942618302
71.0,himpunan,0.15882352941270705
71.0,integral,0.15882352942618302
71.0,matriks,0.15882352941270705
71.0,peluang_dasar,0.1588235294118263
71.0,sistem_persamaan_linear,0.15882352941176872
71.0,teorema_pythagoras,0.1588235294118263
71.0,trigonometri,0.15882352941270705
71.0,turunan,0.15882352941270705
72.0,aritmatika_sosial,0.15925755779791664
72.0,bangun_ruang,0.15882352941270705
72.0,bilangan_bulat,0.9999999981181866
72.0,fungsi_kuadrat,0.15882352941270705
72.0,himpunan,0.15923778771804575
72.0,limit,0.15882352941270705
72.0,matriks,0.15882352941270705
72.0,peluang_dasar,0.15882352941176872
72.0,perbandingan,0.9999999755546942
72.0,sistem_persamaan_linear,0.15882352941176872
72.0,teorema_pythagoras,0.15882353006725325
72.0,trigonometri,0.15882352942618302
72.0,turunan,0.15882352941270705
73.0,aljabar_dasar,0.24581178916780289
73.0,aritmatika_sosial,0.1588235371363518
73.0,bangun_ruang,0.15882352941176495
73.0,barisan_deret,0.15882352941176872
73.0,bilangan_bulat,0.998387748377697
73.0,himpunan,0.15882352941270705
73.0,integral,0.1588235294118263
73.0,matriks,0.1588235294118263
73.0,peluang_dasar,0.15882352941270705
73.0,perbandingan,0.15882364514293124
73.0,persamaan_linear_satu_variabel,0.7051589895157468
73.0,sistem_persamaan_linear,0.15882352941176872
73.0,statistika_dasar,0.15882352941270705
73.0,teorema_pythagoras,0.15882352941176495
73.0,turunan,0.15882352941176872
74.0,aljabar_dasar,0.9999999804552524
74.0,bangun_ruang,0.15882352941176872
74.0,barisan_deret,0.15882352941176495
74.0,bilangan_bulat,0.9999999981329231
74.0,eksponen_logaritma,0.15882352941270705
74.0,fungsi_kuadrat,0.15882352941176495
74.0,himpunan,0.15983279661435498
74.0,integral,0.15882352941270705
74.0,limit,0.15882352942618302
74.0,matriks,0.1588235294118263
74.0,peluang_dasar,0.1588235294118263
74.0,perbandingan,0.15882352942618302
74.0,sistem_persamaan_linear,0.1588235294118263
74.0,statistika_dasar,0.15882352941176495
74.0,teorema_pythagoras,0.15882352990615223
74.0,trigonometri,0.15882352942618302
74.0,turunan,0.15882352941176495
75.0,aritmatika_sosial,0.15882352942618302
75.0,bangun_ruang,0.15882352941270705
75.0,barisan_deret,0.15882352942618302
75.0,eksponen_logaritma,0.1588235294118263
75.0,fungsi_kuadrat,0.15882352941270705
75.0,himpunan,0.1588235294118263
75.0,integral,0.15882352942618302
75.0,matriks,0.1588235294118263
75.0,peluang_dasar,0.15882352941176495
75.0,perbandingan,0.15882529993467195
75.0,persamaan_linear_satu_variabel,0.9999975112411643
75.0,sistem_persamaan_linear,0.15882352941176495
75.0,statistika_dasar,0.1588235294118263
75.0,teorema_pythagoras,0.15882352941176495
75.0,trigonometri,0.15882352941176872
76.0,aljabar_dasar,0.9999997009656372
76.0,aritmatika_sosial,0.1588236451324438
76.0,bangun_ruang,0.15923778771804575
76.0,barisan_deret,0.15882352941176872
76.0,bilangan_bulat,0.999999991372621
76.0,eksponen_logaritma,0.15882352942618302
76.0,fungsi_kuadrat,0.15882352941270705
76.0,himpunan,0.16511736032359203
76.0,integral,0.15882352942618302
76.0,limit,0.15882352941270705
76.0,matriks,0.15882352941176872
76.0,peluang_dasar,0.15882352942618302
76.0,perbandingan,0.2458117910202285
76.0,sistem_persamaan_linear,0.1588235294118263
76.0,statistika_dasar,0.15882352941270705
76.0,trigonometri,0.15882352941270705
76.0,turunan,0.15882352941176495
77.0,aljabar_dasar,0.9999999983144934
77.0,bangun_ruang,0.1588235294118263
77.0,eksponen_logaritma,0.1588235294118263
77.0,himpunan,0.15882352941270705
77.0,limit,0.1588235294118263
77.0,matriks,0.15882352941176495
77.0,peluang_dasar,0.15882352941270705
77.0,perbandingan,0.15882496603436558
77.0,persamaan_linear_satu_variabel,0.9415193810360698
77.0,sistem_persamaan_linear,0.15882352941270705
77.0,statistika_dasar,0.15882352941270705
77.0,teorema_pythagoras,0.6957446808510697
77.0,trigonometri,0.1588235294118263
77.0,turunan,0.1588235294118263
78.0,aljabar_dasar,0.9935440038541643
78.0,aritmatika_sosial,0.15884515067880473
78.0,bangun_ruang,0.15882352941176872
78.0,barisan_deret,0.15882352941270705
78.0,bilangan_bulat,0.9192737313221461
78.0,eksponen_logaritma,0.15882352942618302
78.0,himpunan,0.15882352941176495
78.0,integral,0.15882352942618302
78.0,matriks,0.15882352942618302
78.0,peluang_dasar,0.15882352941176872
78.0,perbandingan,0.1588235294118263
78.0,persamaan_linear_satu_variabel,0.15884550920075483
78.0,sistem_persamaan_linear,0.15882352941176872
78.0,statistika_dasar,0.15882352942618302
78.0,teorema_pythagoras,0.15882352941270705
78.0,trigonometri,0.1588235294118263
78.0,turunan,0.1588235294118263
79.0,aljabar_dasar,0.9999999999860004
79.0,bangun_ruang,0.15882352941270705
79.0,bilangan_bulat,0.9999969952889434
79.0,eksponen_logaritma,0.15882352942618302
79.0,fungsi_kuadrat,0.15882352941176872
79.0,himpunan,0.15923779018110648
79.0,integral,0.15882352941176495
79.0,limit,0.15882352942618302
79.0,peluang_dasar,0.15882352942618302
79.0,perbandingan,0.7924969712111474
79.0,sistem_persamaan_linear,0.1588235294118263
79.0,statistika_dasar,0.6957446808721462
79.0,trigonometri,0.15882352941176495
79.0,turunan,0.15882352941270705
80.0,aljabar_dasar,0.15882352941270705
80.0,bangun_ruang,0.1588235294118263
80.0,barisan_deret,0.15882352941270705
80.0,bilangan_bulat,0.15882352941270705
80.0,eksponen_logaritma,0.15882352941270705
80.0,fungsi_kuadrat,0.15882352942618302
80.0,himpunan,0.15882352941270705
80.0,integral,0.15882352941270705
80.0,limit,0.1588235294118263
80.0,matriks,0.15882352941176872
80.0,peluang_dasar,0.15882352942618302
80.0,perbandingan,0.15882352941176495
80.0,persamaan_linear_satu_variabel,0.1588235294118263
80.0,sistem_persamaan_linear,0.15882352941176872
80.0,statistika_dasar,0.15882352941176495
80.0,teorema_pythagoras,0.15882352942618302
80.0,trigonometri,0.1588235294118263
80.0,turunan,0.1588235294118263
81.0,aljabar_dasar,0.9999997773395293
81.0,aritmatika_sosial,0.15882352941176872
81.0,bangun_ruang,0.15882352941176495
81.0,barisan_deret,0.15882352942618302
81.0,eksponen_logaritma,0.15882352942618302
81.0,fungsi_kuadrat,0.15882352941270705
81.0,himpunan,0.15882352942618302
81.0,integral,0.15882352941176495
81.0,limit,0.15882352941176495
81.0,matriks,0.15882352941176495
81.0,peluang_dasar,0.15882352941176495
81.0,perbandingan,0.1588235369758942
81.0,sistem_persamaan_linear,0.1588235294118263
81.0,statistika_dasar,0.1588506175969212
81.0,teorema_pythagoras,0.15882352990679563
81.0,turunan,0.15882352941176872
82.0,aljabar_dasar,0.9999832972994998
82.0,aritmatika_sosial,0.16384012162809025
82.0,bangun_ruang,0.15882352941176872
82.0,barisan_deret,0.1588235294118263
82.0,bilangan_bulat,0.9999985061949929
82.0,eksponen_logaritma,0.15882352941270705
82.0,fungsi_kuadrat,0.15882352941270705
82.0,himpunan,0.15885061774752507
82.0,integral,0.15882352942618302
82.0,limit,0.15882352941176495
82.0,matriks,0.15882352941176495
82.0,peluang_dasar,0.15882352941176495
82.0,perbandingan,0.15882352942618302
82.0,persamaan_linear_satu_variabel,0.9998133405597855
82.0,sistem_persamaan_linear,0.1588235294118263
82.0,teorema_pythagoras,0.15882352941270705
82.0,trigonometri,0.15882352941176872
83.0,aljabar_dasar,0.9999834364578298
83.0,aritmatika_sosial,0.22954602788759904
83.0,bangun_ruang,0.15882529993402855
83.0,barisan_deret,0.15882352941176872
83.0,bilangan_bulat,0.9999997815587466
83.0,fungsi_kuadrat,0.15882352941176495
83.0,himpunan,0.9651216555632383
83.0,integral,0.1588235294118263
83.0,matriks,0.15882352941270705
83.0,peluang_dasar,0.15882352941176495
83.0,perbandingan,0.9999999999990153
83.0,persamaan_linear_satu_variabel,0.998387748377697
83.0,sistem_persamaan_linear,0.15882352941270705
83.0,statistika_dasar,0.9772010744111422
83.0,teorema_pythagoras,0.15882352942618302
83.0,trigonometri,0.15882352941176495
83.0,turunan,0.1588235294118263
84.0,aljabar_dasar,0.15882352941270705
84.0,aritmatika_sosial,0.1588253023995067
84.0,bangun_ruang,0.15882352941176872
84.0,barisan_deret,0.15882352941176495
84.0,bilangan_bulat,0.9640976489494768
84.0,fungsi_kuadrat,0.1588235294118263
84.0,himpunan,0.1588235294118263
84.0,integral,0.1588235294118263
84.0,peluang_dasar,0.15882352941270705
84.0,perbandingan,0.15882352941270705
84.0,persamaan_linear_satu_variabel,0.15882364759793166
84.0,sistem_persamaan_linear,0.1588235294118263
84.0,teorema_pythagoras,0.1588235294118263
84.0,trigonometri,0.1588235294118263
84.0,turunan,0.15882352941176495
85.0,aljabar_dasar,0.15954020371240613
85.0,bangun_ruang,0.15882352942618302
85.0,bilangan_bulat,0.9999969464605118
85.0,eksponen_logaritma,0.15882352941270705
85.0,himpunan,0.15882352942618302
85.0,integral,0.15882352941176872
85.0,matriks,0.15882352941176872
85.0,persamaan_linear_satu_variabel,0.6957446808511539
85.0,sistem_persamaan_linear,0.15882352941176495
85.0,statistika_dasar,0.15882352941176872
85.0,teorema_pythagoras,0.15882352941176872
85.0,trigonometri,0.15882352941176495
85.0,turunan,0.15882352941176872
86.0,aljabar_dasar,0.2541496040645046
86.0,aritmatika_sosial,0.1588235294118263
86.0,bilangan_bulat,0.9998168267985336
86.0,fungsi_kuadrat,0.1588235294118263
86.0,himpunan,0.15882352942618302
86.0,integral,0.1588235294118263
86.0,limit,0.15882352941176872
86.0,matriks,0.15882352941270705
86.0,peluang_dasar,0.15882352942618302
86.0,perbandingan,0.15882352941176872
86.0,sistem_persamaan_linear,0.15882352941176872
86.0,statistika_dasar,0.15882352941176495
86.0,trigonometri,0.15882352942618302
86.0,turunan,0.15882352942618302
87.0,barisan_deret,0.1588235294118263
87.0,bilangan_bulat,0.9999658732477945
87.0,fungsi_kuadrat,0.15882352941176495
87.0,himpunan,0.15882352991663967
87.0,integral,0.1588235294118263
87.0,limit,0.15882352941176495
87.0,matriks,0.15882352941176495
87.0,statistika_dasar,0.9965372779463965
87.0,teorema_pythagoras,0.15882352942618302
87.0,trigonometri,0.15882352941176495
88.0,aljabar_dasar,0.9544360382420672
88.0,aritmatika_sosial,0.16541549778698839
88.0,barisan_deret,0.15882352942618302
88.0,bilangan_bulat,0.9999997012340435
88.0,fungsi_kuadrat,0.15882352941176872
88.0,himpunan,0.15882364514293124
88.0,integral,0.1588235294118263
88.0,persamaan_linear_satu_variabel,0.7047426788024354
88.0,sistem_persamaan_linear,0.1588235294118263
88.0,turunan,0.15882352941270705
89.0,aljabar_dasar,0.6076982472915474
89.0,aritmatika_sosial,0.15882352941176495
89.0,bangun_ruang,0.15882352941176872
89.0,barisan_deret,0.15882352941176872
89.0,eksponen_logaritma,0.15882352942618302
89.0,fungsi_kuadrat,0.1588235294118263
89.0,himpunan,0.15882352942618302
89.0,peluang_dasar,0.15882352941176495
89.0,sistem_persamaan_linear,0.15882352941176495
89.0,statistika_dasar,0.1588235294118263
89.0,teorema_pythagoras,0.1588235294118263
89.0,trigonometri,0.15882352941270705
89.0,turunan,0.15882352941176495
90.0,aljabar_dasar,0.9545466745023433
90.0,aritmatika_sosial,0.1588506175969212
90.0,bangun_ruang,0.15882352942618302
90.0,bilangan_bulat,0.9999954707982668
90.0,eksponen_logaritma,0.15882352941270705
90.0,himpunan,0.15882352942618302
90.0,integral,0.1588235294118263
90.0,peluang_dasar,0.15882352942618302
90.0,persamaan_linear_satu_variabel,0.1588253023995067
90.0,statistika_dasar,0.15882352941270705
90.0,teorema_pythagoras,0.1592377877186885
90.0,trigonometri,0.15882352941176495
91.0,aljabar_dasar,0.9999997894575103
91.0,aritmatika_sosial,0.16965574778836995
91.0,barisan_deret,0.1588235294118263
91.0,eksponen_logaritma,0.1588235294118263
91.0,fungsi_kuadrat,0.15882352941176872
91.0,himpunan,0.15882352941176872
91.0,limit,0.15882352941176495
91.0,matriks,0.15882352942618302
91.0,perbandingan,0.9996187134784102
91.0,persamaan_linear_satu_variabel,0.8316151380732844
91.0,sistem_persamaan_linear,0.15882352941176495
91.0,teorema_pythagoras,0.6957446818095192
91.0,trigonometri,0.1588235294118263
91.0,turunan,0.15882352942618302
92.0,aljabar_dasar,0.9999999811619842
92.0,aritmatika_sosial,0.9952703637046505
92.0,bangun_ruang,0.15882352941176872
92.0,barisan_deret,0.15882352941270705
92.0,eksponen_logaritma,0.6957446808721462
92.0,fungsi_kuadrat,0.1588235294118263
92.0,himpunan,0.15882541202203754
92.0,integral,0.1588235294118263
92.0,matriks,0.15882352941176495
92.0,perbandingan,0.8520178399843836
92.0,persamaan_linear_satu_variabel,0.9999999806739054
92.0,statistika_dasar,0.2987832146995375
92.0,teorema_pythagoras,0.1638405381040603
92.0,turunan,0.1588235294118263
93.0,bangun_ruang,0.15882352942618302
93.0,barisan_deret,0.1588235294118263
93.0,bilangan_bulat,0.9999997776030644
93.0,eksponen_logaritma,0.15882352942618302
93.0,fungsi_kuadrat,0.15882352942618302
93.0,himpunan,0.15882353006725325
93.0,integral,0.15882352942618302
93.0,matriks,0.1588235294118263
93.0,peluang_dasar,0.1588235294118263
93.0,perbandingan,0.15882352942618302
93.0,persamaan_linear_satu_variabel,0.9776183952554407
93.0,statistika_dasar,0.1588235294118263
93.0,trigonometri,0.15882352941176495
93.0,turunan,0.1588235294118263
94.0,barisan_deret,0.1588235294118263
94.0,bilangan_bulat,0.9997868744062691
94.0,himpunan,0.24581178903829887
94.0,limit,0.15882352941176495
94.0,matriks,0.15882352941176872
94.0,peluang_dasar,0.15882352941176872
94.0,persamaan_linear_satu_variabel,0.9560747806574352
94.0,sistem_persamaan_linear,0.15882352942618302
94.0,teorema_pythagoras,0.1588235294118263
94.0,trigonometri,0.15882352941176872
94.0,turunan,0.15882352941176872
95.0,aljabar_dasar,0.9999721874565007
95.0,aritmatika_sosial,0.1592377877186885
95.0,bangun_ruang,0.15882352941270705
95.0,eksponen_logaritma,0.15882352941176872
95.0,fungsi_kuadrat,0.15882352941176872
95.0,himpunan,0.15882352942618302
95.0,integral,0.15882352941270705
95.0,limit,0.1588235294118263
95.0,matriks,0.15882352941176495
95.0,peluang_dasar,0.6957446811736256
95.0,persamaan_linear_satu_variabel,0.15954056164210198
95.0,sistem_persamaan_linear,0.1588235294118263
95.0,statistika_dasar,0.15882352941176872
95.0,teorema_pythagoras,0.15882352941176872
95.0,trigonometri,0.15882352941176495
95.0,turunan,0.15882352941270705
96.0,bangun_ruang,0.1588235294118263
96.0,barisan_deret,0.15882352942618302
96.0,bilangan_bulat,0.2458117910202285
96.0,eksponen_logaritma,0.15882352942618302
96.0,himpunan,0.15882352941176495
96.0,integral,0.15882352941270705
96.0,limit,0.15882352941176872
96.0,peluang_dasar,0.15882352942618302
96.0,statistika_dasar,0.1588235294118263
96.0,teorema_pythagoras,0.15882352942618302
96.0,turunan,0.15882352941176495
97.0,aljabar_dasar,0.36311050440427756
97.0,aritmatika_sosial,0.15882529993402855
97.0,barisan_deret,0.15882352942618302
97.0,eksponen_logaritma,0.15882352941176495
97.0,fungsi_kuadrat,0.1588235294118263
97.0,himpunan,0.15882352942618302
97.0,integral,0.15882352941270705
97.0,limit,0.15882352941176495
97.0,matriks,0.1588235294118263
97.0,peluang_dasar,0.15882352941176495
97.0,perbandingan,0.6957446808993141
97.0,persamaan_linear_satu_variabel,0.15882352942618302
97.0,sistem_persamaan_linear,0.15882352942618302
97.0,statistika_dasar,0.15882352941176495
97.0,teorema_pythagoras,0.15882352942618302
98.0,aljabar_dasar,0.9996892162930817
98.0,aritmatika_sosial,0.15882352941194772
98.0,bangun_ruang,0.15882352942618302
98.0,barisan_deret,0.15882352941270705
98.0,bilangan_bulat,0.9999999989384473
98.0,eksponen_logaritma,0.15882352941176495
98.0,fungsi_kuadrat,0.15882352942618302
98.0,himpunan,0.15882352942618302
98.0,limit,0.15882352941176495
98.0,peluang_dasar,0.15882352942618302
98.0,perbandingan,0.16511735805355915
98.0,sistem_persamaan_linear,0.15882352941176872
98.0,trigonometri,0.1588235294118263
98.0,turunan,0.15882352941176872
99.0,aljabar_dasar,0.2449270883072081
99.0,aritmatika_sosial,0.6501566074392686
99.0,bangun_ruang,0.15882352941270705
99.0,barisan_deret,0.15882352942618302
99.0,bilangan_bulat,0.8523735884557484
99.0,eksponen_logaritma,0.15882352942618302
99.0,fungsi_kuadrat,0.15882352942618302
99.0,himpunan,0.15882352942618302
99.0,limit,0.15882352941176495
99.0,peluang_dasar,0.15882352941270705
99.0,sistem_persamaan_linear,0.1588235294118263
99.0,statistika_dasar,0.15882352942618302
99.0,trigonometri,0.15882352941176495
99.0,turunan,0.1588235294118263
100.0,aritmatika_sosial,0.15882352941176872
100.0,bangun_ruang,0.15882352941270705
100.0,bilangan_bulat,0.9994264880162834
100.0,fungsi_kuadrat,0.15882352941176872
100.0,himpunan,0.15882352941270705
100.0,integral,0.1588235294118263
100.0,matriks,0.15882352941176495
100.0,peluang_dasar,0.1588235294118263
100.0,persamaan_linear_satu_variabel,0.1651173578948599
100.0,statistika_dasar,0.15882352941176872
100.0,teorema_pythagoras,0.15882352941270705
100.0,trigonometri,0.15882352941270705
101.0,aljabar_dasar,0.7925104040899157
101.0,aritmatika_sosial,0.15882352942618302
101.0,barisan_deret,0.15882352941176872
101.0,eksponen_logaritma,0.1588235294118263
101.0,fungsi_kuadrat,0.1588235294118263
101.0,himpunan,0.1588235294118263
101.0,integral,0.15882352942618302
101.0,limit,0.15882352942618302
101.0,matriks,0.1588235294118263
101.0,sistem_persamaan_linear,0.15882352941176872
101.0,statistika_dasar,0.15882352942618302
101.0,teorema_pythagoras,0.15882352941176872
101.0,trigonometri,0.15882352942618302
101.0,turunan,0.15882352941176495
102.0,aljabar_dasar,0.9995789106039202
102.0,bangun_ruang,0.15882352942618302
102.0,bilangan_bulat,0.9999658732477945
102.0,eksponen_logaritma,0.15882352942618302
102.0,himpunan,0.15882352942618302
102.0,limit,0.15882352941176495
102.0,matriks,0.15882352941176872
102.0,perbandingan,0.15882352942618302
102.0,persamaan_linear_satu_variabel,0.2523288593798855
102.0,statistika_dasar,0.15882352941176872
102.0,teorema_pythagoras,0.15882352941176872
102.0,trigonometri,0.15882352942618302
103.0,aritmatika_sosial,0.1588235294118263
103.0,barisan_deret,0.1588235294118263
103.0,eksponen_logaritma,0.15882352941270705
103.0,fungsi_kuadrat,0.15882352941270705
103.0,himpunan,0.1588506175969212
103.0,limit,0.15882352941270705
103.0,matriks,0.15882352941270705
103.0,perbandingan,0.9994178110820069
103.0,persamaan_linear_satu_variabel,0.9544358405367502
103.0,sistem_persamaan_linear,0.15882352942618302
103.0,statistika_dasar,0.1588236451324438
103.0,teorema_pythagoras,0.15882352942618302
103.0,trigonometri,0.15882352941176495
103.0,turunan,0.1588235294118263
104.0,aritmatika_sosial,0.15882352941176872
104.0,barisan_deret,0.15882352941176495
104.0,eksponen_logaritma,0.1588235294118263
104.0,fungsi_kuadrat,0.15882352941176872
104.0,himpunan,0.15882352941176495
104.0,integral,0.1588235294118263
104.0,limit,0.1588235294118263
104.0,matriks,0.15882352941270705
104.0,peluang_dasar,0.15882352941270705
104.0,perbandingan,0.15882352941176872
104.0,sistem_persamaan_linear,0.15882352941176495
104.0,teorema_pythagoras,0.15882352941270705
104.0,turunan,0.1588235294118263
105.0,aljabar_dasar,0.8316151380732844
105.0,aritmatika_sosial,0.1638401487400415
105.0,bangun_ruang,0.15882352942618302
105.0,barisan_deret,0.15882352941176495
105.0,bilangan_bulat,0.9996892162930817
105.0,eksponen_logaritma,0.15882352941176495
105.0,fungsi_kuadrat,0.15882352941176872
105.0,himpunan,0.15882352941270705
105.0,limit,0.15882352941176872
105.0,peluang_dasar,0.15882352941176495
105.0,perbandingan,0.15882352941270705
105.0,trigonometri,0.15882352941176495
105.0,turunan,0.15882352941176872
106.0,aljabar_dasar,0.6651995414847898
106.0,aritmatika_sosial,0.9935386254510385
106.0,bangun_ruang,0.15882352941270705
106.0,bilangan_bulat,0.9999999809230825
106.0,eksponen_logaritma,0.15882352941176495
106.0,himpunan,0.15882352941270705
106.0,integral,0.15882352941270705
106.0,limit,0.15882352941176495
106.0,matriks,0.15882352942618302
106.0,peluang_dasar,0.15882352941176495
106.0,perbandingan,0.15882364759793166
106.0,persamaan_linear_satu_variabel,0.16965574778836995
106.0,sistem_persamaan_linear,0.15882352941176495
106.0,statistika_dasar,0.1588235294118263
106.0,teorema_pythagoras,0.15882352942618302
106.0,turunan,0.15882352941176495
107.0,aritmatika_sosial,0.15915333091821163
107.0,bangun_ruang,0.15882352941176872
107.0,barisan_deret,0.15882352942618302
107.0,bilangan_bulat,0.9999999999990153
107.0,eksponen_logaritma,0.15882352942618302
107.0,himpunan,0.24582803474880016
107.0,integral,0.15882352941176872
107.0,limit,0.15882352941176872
107.0,matriks,0.1588235294118263
107.0,peluang_dasar,0.15882530546665913
107.0,perbandingan,0.9999999811619842
107.0,persamaan_linear_satu_variabel,0.9999494491746812
107.0,sistem_persamaan_linear,0.1588235294118263
108.0,aljabar_dasar,0.9998763298562121
108.0,aritmatika_sosial,0.15882352942618302
108.0,bangun_ruang,0.15885061758643446
108.0,barisan_deret,0.15882352941270705
108.0,bilangan_bulat,0.9999987555942318
108.0,fungsi_kuadrat,0.15882352941176872
108.0,himpunan,0.1588253023995067
108.0,integral,0.15882352941176872
108.0,limit,0.15882352941270705
108.0,matriks,0.15882352941270705
108.0,perbandingan,0.15882352942618302
108.0,persamaan_linear_satu_variabel,0.6501948611238834
108.0,sistem_persamaan_linear,0.15882352942618302
108.0,statistika_dasar,0.15882352941270705
108.0,teorema_pythagoras,0.15882352941176495
108.0,turunan,0.15882352942618302
109.0,aljabar_dasar,0.999972289549559
109.0,aritmatika_sosial,0.6957446808524417
109.0,barisan_deret,0.15882352941176872
109.0,bilangan_bulat,0.9999999986253497
109.0,eksponen_logaritma,0.15882352942618302
109.0,fungsi_kuadrat,0.15882352941176872
109.0,himpunan,0.695744973833193
109.0,integral,0.15882352941176495
109.0,limit,0.15882352942618302
109.0,peluang_dasar,0.6957446808511539
109.0,perbandingan,0.9996183082219134
109.0,persamaan_linear_satu_variabel,0.9998179369653428
109.0,teorema_pythagoras,0.15882364529354476
109.0,trigonometri,0.15882352941270705
109.0,turunan,0.15882352942618302
110.0,aljabar_dasar,0.1588506175969212
110.0,aritmatika_sosial,0.2460550898387066
110.0,barisan_deret,0.15882352942618302
110.0,bilangan_bulat,0.9942626426307969
110.0,eksponen_logaritma,0.15882352942618302
110.0,fungsi_kuadrat,0.15882352941176872
110.0,himpunan,0.15882529993402855
110.0,integral,0.15882352941176872
110.0,limit,0.1588235294118263
110.0,matriks,0.15882352941176495
110.0,persamaan_linear_satu_variabel,0.6501566071290714
110.0,sistem_persamaan_linear,0.1588235294118263
110.0,statistika_dasar,0.15882352941270705
110.0,teorema_pythagoras,0.1588235294118263
110.0,turunan,0.15882352941270705
111.0,bangun_ruang,0.15882352941176872
111.0,barisan_deret,0.15882352941176495
111.0,bilangan_bulat,0.15882352941176872
111.0,eksponen_logaritma,0.15882352941176495
111.0,fungsi_kuadrat,0.1588235294118263
111.0,himpunan,0.1588506200517642
111.0,integral,0.1588235294118263
111.0,limit,0.15882352942618302
111.0,matriks,0.1588235294118263
111.0,peluang_dasar,0.15882352941176872
111.0,perbandingan,0.15882352941176872
111.0,persamaan_linear_satu_variabel,0.15882352941270705
111.0,sistem_persamaan_linear,0.15882352941176495
111.0,statistika_dasar,0.15882352941176495
111.0,teorema_pythagoras,0.15882352941176872
111.0,turunan,0.1588235294118263
112.0,aljabar_dasar,0.1592377877186885
112.0,aritmatika_sosial,0.15882352941456485
112.0,bangun_ruang,0.15882352941270705
112.0,barisan_deret,0.15882352941270705
112.0,bilangan_bulat,0.6963495580686669
112.0,eksponen_logaritma,0.15882352942618302
112.0,fungsi_kuadrat,0.15882352941176872
112.0,himpunan,0.15882352941270705
112.0,integral,0.15882352941270705
112.0,matriks,0.15882352942618302
112.0,peluang_dasar,0.1588235294118263
112.0,statistika_dasar,0.15882352941176495
112.0,teorema_pythagoras,0.15882352941176495
112.0,trigonometri,0.15882352941176872
113.0,aljabar_dasar,0.7806953572446735
113.0,aritmatika_sosial,0.15882352941176495
113.0,bilangan_bulat,0.9772556353685529
113.0,fungsi_kuadrat,0.1588235294118263
113.0,himpunan,0.15882352941176495
113.0,integral,0.15882352941176872
113.0,peluang_dasar,0.15882352941176872
113.0,perbandingan,0.15882352941176872
113.0,persamaan_linear_satu_variabel,0.1588235294118263
113.0,sistem_persamaan_linear,0.15882352941270705
113.0,statistika_dasar,0.15882352941176872
113.0,teorema_pythagoras,0.15882352941176872
113.0,turunan,0.15882352942618302
114.0,aljabar_dasar,0.999999998119505
114.0,barisan_deret,0.15882352941176872
114.0,bilangan_bulat,0.9999999986253497
114.0,himpunan,0.16511744294133507
114.0,limit,0.15882352942618302
114.0,peluang_dasar,0.15882352941176495
114.0,perbandingan,0.9544360382420672
114.0,persamaan_linear_satu_variabel,0.9999834364578298
114.0,sistem_persamaan_linear,0.15882352942618302
114.0,statistika_dasar,0.6501566118941209
114.0,trigonometri,0.15882352941176495
114.0,turunan,0.15882352941176872
115.0,aljabar_dasar,0.9776189284065102
115.0,aritmatika_sosial,0.15882352941270705
115.0,bangun_ruang,0.15882529993467195
115.0,barisan_deret,0.1588235294118263
115.0,bilangan_bulat,0.6957446811736256
115.0,eksponen_logaritma,0.1588235294118263
115.0,himpunan,0.1588235294118263
115.0,integral,0.15882352942618302
115.0,limit,0.15882352941176495
115.0,matriks,0.15882352941270705
115.0,peluang_dasar,0.15882352941270705
115.0,perbandingan,0.15882352941176872
115.0,persamaan_linear_satu_variabel,0.2295460509060196
115.0,statistika_dasar,0.15882352941270705
115.0,teorema_pythagoras,0.15882352941270705
115.0,trigonometri,0.15882352942618302
115.0,turunan,0.1588235294118263
116.0,aritmatika_sosial,0.15882352941176872
116.0,barisan_deret,0.15882352941176872
116.0,bilangan_bulat,0.9999999989384473
116.0,fungsi_kuadrat,0.15882352941176872
116.0,himpunan,0.15882352941270705
116.0,integral,0.15882352942618302
116.0,limit,0.15882352942618302
116.0,matriks,0.15882352942618302
116.0,perbandingan,0.15954022249402794
116.0,persamaan_linear_satu_variabel,0.9999721853023267
116.0,sistem_persamaan_linear,0.15882352941176495
116.0,statistika_dasar,0.15882352941176495
116.0,teorema_pythagoras,0.15882352942618302
116.0,trigonometri,0.15882352941176495
117.0,aritmatika_sosial,0.1588235294118263
117.0,bangun_ruang,0.1588235294118263
117.0,barisan_deret,0.15882352941270705
117.0,bilangan_bulat,0.9999999755546942
117.0,eksponen_logaritma,0.15882352941176872
117.0,himpunan,0.2458117890467293
117.0,matriks,0.15882352941176495
117.0,perbandingan,0.9692658376092886
117.0,sistem_persamaan_linear,0.15882352942618302
117.0,statistika_dasar,0.1588235294118263
117.0,turunan,0.15882352941176495
118.0,aljabar_dasar,0.16511735805355915
118.0,aritmatika_sosial,0.15882352942618302
118.0,eksponen_logaritma,0.15882352941270705
118.0,fungsi_kuadrat,0.15882352941270705
118.0,himpunan,0.15882352941270705
118.0,integral,0.1588235294118263
118.0,limit,0.15882352941176495
118.0,perbandingan,0.15882352942618302
118.0,persamaan_linear_satu_variabel,0.1588235294118263
118.0,sistem_persamaan_linear,0.15882352942618302
118.0,statistika_dasar,0.15882352941176872
118.0,trigonometri,0.15882352941270705
118.0,turunan,0.1588235294118263
119.0,aritmatika_sosial,0.15923778787898807
119.0,bangun_ruang,0.15882352941176495
119.0,barisan_deret,0.1588235294118263
119.0,eksponen_logaritma,0.15882352941176495
119.0,fungsi_kuadrat,0.1588235294118263
119.0,himpunan,0.15882352942618302
119.0,integral,0.15882352941270705
119.0,limit,0.15882352941176495
119.0,matriks,0.15882352941176872
119.0,peluang_dasar,0.15923778787898807
119.0,perbandingan,0.24882118832756467
119.0,persamaan_linear_satu_variabel,0.9999733675646177
119.0,sistem_persamaan_linear,0.15882352941270705
119.0,statistika_dasar,0.15882352942618302
119.0,trigonometri,0.1588235294118263
119.0,turunan,0.1588235294118263
120.0,aljabar_dasar,0.9955098657388243
120.0,aritmatika_sosial,0.15882352942618302
120.0,bangun_ruang,0.15882352941176872
120.0,barisan_deret,0.15882352941176872
120.0,bilangan_bulat,0.9999966578612337
120.0,eksponen_logaritma,0.15882352941176872
120.0,fungsi_kuadrat,0.15882352941176495
120.0,himpunan,0.15882352941270705
120.0,integral,0.15882352941176872
120.0,limit,0.15882352941270705
120.0,matriks,0.15882352941176872
120.0,peluang_dasar,0.15882352941176872
120.0,sistem_persamaan_linear,0.1588235294118263
120.0,statistika_dasar,0.1588235294118263
120.0,teorema_pythagoras,0.1588235294118263
120.0,trigonometri,0.15882352941270705
121.0,bangun_ruang,0.15882352941176872
121.0,fungsi_kuadrat,0.15882352941176872
121.0,himpunan,0.15882352942618302
121.0,integral,0.15882352942618302
121.0,matriks,0.15882352942618302
121.0,perbandingan,0.9999976150642779
121.0,sistem_persamaan_linear,0.15882352941176872
121.0,teorema_pythagoras,0.15882352942618302
122.0,aljabar_dasar,0.9996182798579903
122.0,barisan_deret,0.1588235294118263
122.0,bilangan_bulat,0.9999975143927174
122.0,fungsi_kuadrat,0.15882352942618302
122.0,himpunan,0.1588235294118263
122.0,integral,0.15882352941270705
122.0,peluang_dasar,0.15882352942618302
122.0,persamaan_linear_satu_variabel,0.24951719893057078
122.0,sistem_persamaan_linear,0.15882352941176495
122.0,statistika_dasar,0.15882352941270705
122.0,teorema_pythagoras,0.15882352941176872
122.0,trigonometri,0.15882352941176872
122.0,turunan,0.15882352941176495
123.0,aljabar_dasar,0.9999963861849646
123.0,bilangan_bulat,0.9999999789678512
123.0,fungsi_kuadrat,0.15882352941176495
123.0,himpunan,0.15882352942618302
123.0,limit,0.15882352942618302
123.0,matriks,0.15882352941270705
123.0,peluang_dasar,0.15882352941176872
123.0,perbandingan,0.972827748345077
123.0,persamaan_linear_satu_variabel,0.9999999761878026
123.0,sistem_persamaan_linear,0.1588235294118263
123.0,teorema_pythagoras,0.24581178916780289
123.0,turunan,0.15882352941270705
124.0,aritmatika_sosial,0.1588235294546071
124.0,bangun_ruang,0.15882352941176872
124.0,barisan_deret,0.1588235294118263
124.0,bilangan_bulat,0.9999969952889434
124.0,himpunan,0.15882352942618302
124.0,integral,0.15882352941176495
124.0,limit,0.15882352942618302
124.0,matriks,0.15882352941176495
124.0,peluang_dasar,0.15882352941176495
124.0,perbandingan,0.15882352941176872
124.0,sistem_persamaan_linear,0.15882352941176495
124.0,statistika_dasar,0.15882352941176872
124.0,trigonometri,0.15882352941176495
124.0,turunan,0.15882352941176495
125.0,aljabar_dasar,0.9999999999152466
125.0,aritmatika_sosial,0.5063889962913756
125.0,bangun_ruang,0.15882352942618302
125.0,barisan_deret,0.1588235294118263
125.0,fungsi_kuadrat,0.1588235294118263
125.0,himpunan,0.15882352942618302
125.0,integral,0.15882352941176872
125.0,limit,0.15882352942618302
125.0,matriks,0.15882352941270705
125.0,peluang_dasar,0.1588235294118263
125.0,perbandingan,0.16511735790519097
125.0,persamaan_linear_satu_variabel,0.9977331385600567
125.0,statistika_dasar,0.15882352942618302
125.0,teorema_pythagoras,0.15925758352626435
125.0,trigonometri,0.15882352941270705
125.0,turunan,0.15882352941176872
126.0,aljabar_dasar,0.9999998380211995
126.0,aritmatika_sosial,0.9936823658119301
126.0,bangun_ruang,0.15882352941176495
126.0,barisan_deret,0.15882352942618302
126.0,bilangan_bulat,0.9999999998329459
126.0,fungsi_kuadrat,0.15882352942618302
126.0,himpunan,0.1588506200517642
126.0,integral,0.15882352941176495
126.0,limit,0.15882352941270705
126.0,peluang_dasar,0.15882352942618302
126.0,perbandingan,0.994824212989611
126.0,sistem_persamaan_linear,0.15882352941270705
126.0,statistika_dasar,0.15882352941194772
126.0,teorema_pythagoras,0.1597608700026704
126.0,trigonometri,0.15882352942618302
126.0,turunan,0.15882352941176495
127.0,aljabar_dasar,0.999999777322283
127.0,aritmatika_sosial,0.15882352941176495
127.0,bangun_ruang,0.15882352941270705
127.0,barisan_deret,0.1588235294118263
127.0,bilangan_bulat,0.99997414744149
127.0,fungsi_kuadrat,0.15882352942618302
127.0,himpunan,0.15882352941270705
127.0,limit,0.15882352941176495
127.0,matriks,0.15882352941270705
127.0,peluang_dasar,0.15882352941176495
127.0,perbandingan,0.15882352942618302
127.0,teorema_pythagoras,0.15882352941176495
127.0,turunan,0.15882352941176495
128.0,aljabar_dasar,0.7154751166942521
128.0,bangun_ruang,0.15882352942618302
128.0,bilangan_bulat,0.9996892162930817
128.0,eksponen_logaritma,0.15882352941176495
128.0,fungsi_kuadrat,0.15882352942618302
128.0,himpunan,0.6957446808511539
128.0,integral,0.15882352942618302
128.0,persamaan_linear_satu_variabel,0.7924969712111474
128.0,sistem_persamaan_linear,0.15882352941176495
128.0,teorema_pythagoras,0.1588235294118263
128.0,turunan,0.15882352941176872
129.0,aritmatika_sosial,0.7047427307453289
129.0,bangun_ruang,0.15882352942618302
129.0,barisan_deret,0.15882352941270705
129.0,eksponen_logaritma,0.15882352941270705
129.0,fungsi_kuadrat,0.1588235294118263
129.0,himpunan,0.15882352942618302
129.0,limit,0.1588235294118263
129.0,matriks,0.15882352941176495
129.0,peluang_dasar,0.2458117890467293
129.0,persamaan_linear_satu_variabel,0.7047788050390356
129.0,sistem_persamaan_linear,0.15882352941270705
129.0,statistika_dasar,0.1588235294118263
129.0,teorema_pythagoras,0.15882352941176495
129.0,trigonometri,0.15882352941176872
129.0,turunan,0.15882352942618302
130.0,aljabar_dasar,0.9999985339197635
130.0,barisan_deret,0.15882352941270705
130.0,fungsi_kuadrat,0.15882352941176495
130.0,himpunan,0.15882352941176495
130.0,integral,0.1588235294118263
130.0,peluang_dasar,0.15882352941176872
130.0,persamaan_linear_satu_variabel,0.9996900949663693
130.0,statistika_dasar,0.15882352941176872
130.0,teorema_pythagoras,0.24581178903829887
130.0,trigonometri,0.15882352941176872
130.0,turunan,0.1588235294118263
131.0,aritmatika_sosial,0.1588506200517642
131.0,bangun_ruang,0.15882352941270705
131.0,bilangan_bulat,0.9996892147202281
131.0,eksponen_logaritma,0.1588235294118263
131.0,himpunan,0.15882352941176495
131.0,integral,0.15882352941176495
131.0,matriks,0.15882352941176495
131.0,peluang_dasar,0.1588235294118263
131.0,perbandingan,0.16511735805355915
131.0,persamaan_linear_satu_variabel,0.7924969456651711
131.0,statistika_dasar,0.15882352942618302
131.0,trigonometri,0.1588235294118263
131.0,turunan,0.15882352941176872
132.0,aritmatika_sosial,0.15882364759793166
132.0,barisan_deret,0.15882352941270705
132.0,bilangan_bulat,0.9999999998770049
132.0,eksponen_logaritma,0.15882352941176872
132.0,fungsi_kuadrat,0.15882352941176872
132.0,himpunan,0.15882352941270705
132.0,limit,0.1588235294118263
132.0,perbandingan,0.9965372778665692
132.0,persamaan_linear_satu_variabel,0.9999975205824343
132.0,sistem_persamaan_linear,0.15882352941176495
132.0,statistika_dasar,0.15882352941176872
132.0,turunan,0.15882352941270705
133.0,aljabar_dasar,0.24951721943121186
133.0,aritmatika_sosial,0.2495171975906596
133.0,bangun_ruang,0.15882352942618302
133.0,barisan_deret,0.15882352941270705
133.0,eksponen_logaritma,0.15882352942618302
133.0,fungsi_kuadrat,0.15882352942618302
133.0,himpunan,0.15882352942618302
133.0,limit,0.15882352941176872
133.0,matriks,0.15882352941176495
133.0,peluang_dasar,0.15882352941176872
133.0,sistem_persamaan_linear,0.15882352941176495
133.0,statistika_dasar,0.15882352941176495
133.0,trigonometri,0.15882352941176495
133.0,turunan,0.1588235294118263
134.0,aritmatika_sosial,0.9625942461022025
134.0,bangun_ruang,0.15882352941176495
134.0,barisan_deret,0.15882352942618302
134.0,fungsi_kuadrat,0.15882352941270705
134.0,himpunan,0.15882352942618302
134.0,matriks,0.1588235294118263
134.0,peluang_dasar,0.15882352942618302
134.0,perbandingan,0.21721760576332708
134.0,persamaan_linear_satu_variabel,0.1703708638678929
134.0,sistem_persamaan_linear,0.15882352941176872
134.0,statistika_dasar,0.15882352941270705
134.0,teorema_pythagoras,0.15882352941176495
135.0,aljabar_dasar,0.9999965964244556
135.0,aritmatika_sosial,0.15882352942618302
135.0,barisan_deret,0.15882352942618302
135.0,eksponen_logaritma,0.15882352941176872
135.0,fungsi_kuadrat,0.15882352941176495
135.0,himpunan,0.6957446808510697
135.0,limit,0.15882352941176872
135.0,perbandingan,0.15882352941270705
135.0,persamaan_linear_satu_variabel,0.7780906368658438
135.0,sistem_persamaan_linear,0.15882352941270705
135.0,statistika_dasar,0.1588506200517642
135.0,teorema_pythagoras,0.15882352942618302
135.0,trigonometri,0.15882352941176495
135.0,turunan,0.15882352942618302
136.0,aljabar_dasar,0.9999999998317453
136.0,aritmatika_sosial,0.9996183082219134
136.0,bangun_ruang,0.15882352942618302
136.0,barisan_deret,0.15882352941176872
136.0,bilangan_bulat,0.9999999999990153
136.0,eksponen_logaritma,0.15882352941176495
136.0,himpunan,0.962770673371663
136.0,integral,0.15882352942618302
136.0,matriks,0.15882352941176495
136.0,peluang_dasar,0.15882352941176495
136.0,perbandingan,0.6501599224544341
136.0,persamaan_linear_satu_variabel,0.9999999999889951
136.0,statistika_dasar,0.6957472696932401
136.0,teorema_pythagoras,0.6962262253502925
136.0,trigonometri,0.15882352941176495
136.0,turunan,0.15882352942618302
137.0,aljabar_dasar,0.15882352942618302
137.0,aritmatika_sosial,0.15882352941270705
137.0,bangun_ruang,0.15882352941176872
137.0,barisan_deret,0.15882352942618302
137.0,bilangan_bulat,0.1638401487400415
137.0,eksponen_logaritma,0.15882352941176495
137.0,himpunan,0.15882352941176495
137.0,limit,0.15882352941270705
137.0,matriks,0.15882352942618302
137.0,perbandingan,0.15882352941392144
137.0,persamaan_linear_satu_variabel,0.16511735790519097
137.0,sistem_persamaan_linear,0.15882352941176872
137.0,statistika_dasar,0.1588235294118263
137.0,teorema_pythagoras,0.15882352941176872
137.0,trigonometri,0.15882352941176495
137.0,turunan,0.15882352941176872
138.0,aritmatika_sosial,0.1588235294118263
138.0,bilangan_bulat,0.1588253023995067
138.0,eksponen_logaritma,0.15882352941176495
138.0,fungsi_kuadrat,0.15882352941270705
138.0,himpunan,0.15882352941176872
138.0,limit,0.1588235294118263
138.0,matriks,0.15882352941176495
138.0,peluang_dasar,0.15882352941270705
138.0,sistem_persamaan_linear,0.15882352941176872
138.0,trigonometri,0.15882352941270705
138.0,turunan,0.15882352941270705
139.0,aljabar_dasar,0.9999988517841774
139.0,aritmatika_sosial,0.7112840456677149
139.0,bangun_ruang,0.15882352941176495
139.0,eksponen_logaritma,0.15882352941176495
139.0,fungsi_kuadrat,0.15882352941270705
139.0,himpunan,0.6957446811736256
139.0,integral,0.15882352941176495
139.0,limit,0.15882352942618302
139.0,matriks,0.1588235294118263
139.0,peluang_dasar,0.15882352941176495
139.0,perbandingan,0.9941977651062844
139.0,persamaan_linear_satu_variabel,0.9999999727846689
139.0,sistem_persamaan_linear,0.15882352942618302
139.0,teorema_pythagoras,0.1588506175969212
139.0,turunan,0.15882352941176495
140.0,aljabar_dasar,0.6957446808524417
140.0,aritmatika_sosial,0.15882352941270705
140.0,bangun_ruang,0.15882352941176495
140.0,barisan_deret,0.15882352941270705
140.0,bilangan_bulat,0.9997461831414984
140.0,eksponen_logaritma,0.15882352941270705
140.0,fungsi_kuadrat,0.15882352941176495
140.0,himpunan,0.1588235294118263
140.0,limit,0.1588235294118263
140.0,matriks,0.15882352941176872
140.0,peluang_dasar,0.15882352941176495
140.0,perbandingan,0.6957446808510697
140.0,persamaan_linear_satu_variabel,0.15882530041280823
140.0,sistem_persamaan_linear,0.15882352941270705
140.0,teorema_pythagoras,0.15882352941270705
140.0,trigonometri,0.15882352941176495
140.0,turunan,0.15882352941270705
141.0,aljabar_dasar,0.9999976170411032
141.0,aritmatika_sosial,0.31586410302879014
141.0,bangun_ruang,0.1588252999445159
141.0,eksponen_logaritma,0.15882352941176872
141.0,fungsi_kuadrat,0.15882352941270705
141.0,himpunan,0.9625942452685181
141.0,integral,0.15882352941176495
141.0,perbandingan,0.7989031601874013
141.0,persamaan_linear_satu_variabel,0.9952699994051663
141.0,sistem_persamaan_linear,0.15882352941176495
141.0,statistika_dasar,0.2458117890467293
141.0,trigonometri,0.15882352942618302
141.0,turunan,0.15882352941270705
142.0,aljabar_dasar,0.9999999998435337
142.0,bangun_ruang,0.1588235294118263
142.0,barisan_deret,0.15882352942618302
142.0,bilangan_bulat,0.9999999999889951
142.0,eksponen_logaritma,0.15882352942618302
142.0,fungsi_kuadrat,0.15882352941176495
142.0,himpunan,0.69637835995119
142.0,peluang_dasar,0.15882352941176872
142.0,perbandingan,0.9965379322654765
142.0,persamaan_linear_satu_variabel,0.9996900961088229
142.0,sistem_persamaan_linear,0.1588235294118263
142.0,statistika_dasar,0.15882352941176495
142.0,teorema_pythagoras,0.15923779018110648
142.0,trigonometri,0.15882352941176495
143.0,aljabar_dasar,0.6957446808721462
143.0,bangun_ruang,0.15882352942618302
143.0,barisan_deret,0.15882352941176872
143.0,eksponen_logaritma,0.15882352942618302
143.0,fungsi_kuadrat,0.15882352941176495
143.0,himpunan,0.15882352941270705
143.0,integral,0.15882352942618302
143.0,limit,0.15882352942618302
143.0,matriks,0.1588235294118263
143.0,peluang_dasar,0.15882352941270705
143.0,perbandingan,0.1588235294118263
143.0,trigonometri,0.15882352941176495
144.0,aljabar_dasar,0.9997610386431885
144.0,aritmatika_sosial,0.6957446808524417
144.0,bangun_ruang,0.15882352941176495
144.0,bilangan_bulat,0.999999989413145
144.0,eksponen_logaritma,0.15882352941270705
144.0,fungsi_kuadrat,0.1588235294118263
144.0,himpunan,0.1651173578948599
144.0,integral,0.1588235294118263
144.0,limit,0.15882352941176495
144.0,matriks,0.15882352941176495
144.0,peluang_dasar,0.15882352941270705
144.0,persamaan_linear_satu_variabel,0.1696561317550716
144.0,sistem_persamaan_linear,0.15882352941270705
144.0,statistika_dasar,0.24581178916780289
144.0,teorema_pythagoras,0.15882352941270705
144.0,turunan,0.15882352941176872
145.0,aljabar_dasar,0.26266789940706115
145.0,aritmatika_sosial,0.15882352941176872
145.0,bangun_ruang,0.15882352941176872
145.0,barisan_deret,0.15882352941176495
145.0,bilangan_bulat,0.9999996784356737
145.0,fungsi_kuadrat,0.15882352941270705
145.0,himpunan,0.15882352941176872
145.0,integral,0.15882352942618302
145.0,limit,0.1588235294118263
145.0,statistika_dasar,0.16511735805355915
145.0,teorema_pythagoras,0.15882352942618302
145.0,trigonometri,0.15882352941270705
145.0,turunan,0.1588235294118263
146.0,aljabar_dasar,0.9968094016788102
146.0,aritmatika_sosial,0.99981343753036
146.0,bilangan_bulat,0.9999997773395293
146.0,eksponen_logaritma,0.1588235294118263
146.0,fungsi_kuadrat,0.15882352942618302
146.0,himpunan,0.2987829217251516
146.0,integral,0.15882352941176495
146.0,matriks,0.15882352941270705
146.0,peluang_dasar,0.245811789038816
146.0,perbandingan,0.9920941247232968
146.0,sistem_persamaan_linear,0.15882352942618302
146.0,statistika_dasar,0.15882352942618302
146.0,trigonometri,0.15882352941176495
146.0,turunan,0.1588235294118263
147.0,aritmatika_sosial,0.15882352941176495
147.0,bangun_ruang,0.15882352941176495
147.0,barisan_deret,0.1588235294118263
147.0,bilangan_bulat,0.15882352942618302
147.0,fungsi_kuadrat,0.1588235294118263
147.0,himpunan,0.15882352941270705
147.0,integral,0.15882352941176872
147.0,limit,0.15882352941176872
147.0,persamaan_linear_satu_variabel,0.15882352941270705
147.0,sistem_persamaan_linear,0.15882352942618302
147.0,statistika_dasar,0.15882352942618302
147.0,teorema_pythagoras,0.15882352941176495
147.0,turunan,0.15882352941270705
148.0,barisan_deret,0.15882352941176872
148.0,bilangan_bulat,0.15882352942618302
148.0,eksponen_logaritma,0.15882352941270705
148.0,fungsi_kuadrat,0.15882352942618302
148.0,himpunan,0.15882352941270705
148.0,integral,0.15882352942618302
148.0,limit,0.15882352941270705
148.0,matriks,0.15882352941270705
148.0,perbandingan,0.15882352942618302
148.0,sistem_persamaan_linear,0.15882352941270705
148.0,statistika_dasar,0.15882352942618302
148.0,teorema_pythagoras,0.1588235294118263
148.0,turunan,0.1588235294118263
149.0,aljabar_dasar,0.9544360382420672
149.0,barisan_deret,0.15882352941176872
149.0,bilangan_bulat,0.9999999806739054
149.0,eksponen_logaritma,0.1588235294118263
149.0,himpunan,0.16511736032359203
149.0,integral,0.15882352941270705
149.0,limit,0.1588235294118263
149.0,matriks,0.1588235294118263
149.0,perbandingan,0.15882352991663967
149.0,statistika_dasar,0.15882352941176872
149.0,teorema_pythagoras,0.15882352941176872
149.0,trigonometri,0.1588235294118263
150.0,aritmatika_sosial,0.15882530009512885
150.0,bangun_ruang,0.15882352942618302
150.0,barisan_deret,0.15882352942618302
150.0,bilangan_bulat,0.9999999998770049
150.0,eksponen_logaritma,0.15882352941270705
150.0,fungsi_kuadrat,0.15882352942618302
150.0,himpunan,0.6957446808510697
150.0,limit,0.1588235294118263
150.0,perbandingan,0.9625942452687356
150.0,persamaan_linear_satu_variabel,0.9999975117130466
150.0,sistem_persamaan_linear,0.1588235294118263
150.0,statistika_dasar,0.16511735805355915
150.0,teorema_pythagoras,0.6957446808721462
150.0,trigonometri,0.15882352942618302
151.0,aljabar_dasar,0.966005512634606
151.0,aritmatika_sosial,0.15882352942618302
151.0,barisan_deret,0.15882352942618302
151.0,bilangan_bulat,0.9999871306064261
151.0,eksponen_logaritma,0.15882352941176872
151.0,fungsi_kuadrat,0.15882352941176495
151.0,himpunan,0.15882352942618302
151.0,integral,0.15882352941176495
151.0,limit,0.15882352942618302
151.0,matriks,0.15882352941270705
151.0,perbandingan,0.158850623118732
151.0,persamaan_linear_satu_variabel,0.2458117890467293
151.0,sistem_persamaan_linear,0.15882352941270705
151.0,statistika_dasar,0.1588235294118263
151.0,trigonometri,0.1588235294118263
152.0,aritmatika_sosial,0.24970433882317478
152.0,bilangan_bulat,0.9999999761878026
152.0,fungsi_kuadrat,0.15882352941176495
152.0,himpunan,0.15885061774752507
152.0,integral,0.15882352941176495
152.0,limit,0.15882352941176495
152.0,matriks,0.15882352941176872
152.0,perbandingan,0.6957842853174644
152.0,persamaan_linear_satu_variabel,0.9709820061259387
152.0,sistem_persamaan_linear,0.1588235294118263
152.0,statistika_dasar,0.1592377877186885
152.0,teorema_pythagoras,0.2458117910202285
152.0,turunan,0.15882352942618302
153.0,aljabar_dasar,0.9999999801508751
153.0,aritmatika_sosial,0.6957446808721462
153.0,bangun_ruang,0.15882352941176495
153.0,barisan_deret,0.15882352942618302
153.0,bilangan_bulat,0.9996892162930817
153.0,eksponen_logaritma,0.1588236451324438
153.0,fungsi_kuadrat,0.15882352941176495
153.0,himpunan,0.15882352941270705
153.0,integral,0.15882352941176495
153.0,matriks,0.15882352942618302
153.0,persamaan_linear_satu_variabel,0.24951753309088026
153.0,sistem_persamaan_linear,0.15882352941270705
153.0,teorema_pythagoras,0.15882352942618302
153.0,turunan,0.15882352942618302
154.0,aritmatika_sosial,0.16966980716008273
154.0,bangun_ruang,0.15882352941270705
154.0,eksponen_logaritma,0.15882352941270705
154.0,fungsi_kuadrat,0.15882352941176872
154.0,himpunan,0.15882352942618302
154.0,limit,0.15882352941176872
154.0,matriks,0.16511735789549373
154.0,peluang_dasar,0.15882352941270705
154.0,perbandingan,0.9370916404861644
154.0,persamaan_linear_satu_variabel,0.9999985253750222
154.0,sistem_persamaan_linear,0.15882352941270705
154.0,trigonometri,0.15882352941176495
154.0,turunan,0.15882352941176495
155.0,bangun_ruang,0.15882352941176872
155.0,barisan_deret,0.15882352941176495
155.0,eksponen_logaritma,0.15882352941176495
155.0,fungsi_kuadrat,0.15882352941176872
155.0,himpunan,0.1588235294118263
155.0,integral,0.15882352941176495
155.0,limit,0.1588235294118263
155.0,matriks,0.15882352941270705
155.0,peluang_dasar,0.15882352942618302
155.0,perbandingan,0.7486104419100965
155.0,persamaan_linear_satu_variabel,0.9966810691023814
155.0,sistem_persamaan_linear,0.15882352941270705
155.0,turunan,0.15882352941176872
156.0,barisan_deret,0.15882352942618302
156.0,bilangan_bulat,0.9999999982174822
156.0,eksponen_logaritma,0.15882352941176872
156.0,himpunan,0.15882352941176872
156.0,limit,0.1588235294118263
156.0,peluang_dasar,0.15882352941270705
156.0,perbandingan,0.24581178942317652
156.0,sistem_persamaan_linear,0.15882352941176495
156.0,statistika_dasar,0.15882352942618302
156.0,teorema_pythagoras,0.15882352941176872
156.0,trigonometri,0.15882352941270705
156.0,turunan,0.15882352942618302
157.0,bangun_ruang,0.15882352941176872
157.0,barisan_deret,0.1588235294118263
157.0,bilangan_bulat,0.9999999846362609
157.0,eksponen_logaritma,0.15882352942618302
157.0,fungsi_kuadrat,0.15882352941176872
157.0,himpunan,0.6957446808721462
157.0,integral,0.15882352941270705
157.0,limit,0.15882352941176872
157.0,peluang_dasar,0.15882352941176872
157.0,perbandingan,0.9966245819955136
157.0,sistem_persamaan_linear,0.15882352941176872
157.0,turunan,0.15882352941176495
158.0,aritmatika_sosial,0.9965383964945025
158.0,bangun_ruang,0.15882352941176872
158.0,barisan_deret,0.15882352942618302
158.0,bilangan_bulat,0.999999999052755
158.0,eksponen_logaritma,0.15882352941270705
158.0,fungsi_kuadrat,0.15882352941270705
158.0,himpunan,0.6963495031306753
158.0,integral,0.15882352941270705
158.0,limit,0.1588235294118263
158.0,matriks,0.15882352941270705
158.0,peluang_dasar,0.15882352942618302
158.0,persamaan_linear_satu_variabel,0.9999721903232126
158.0,turunan,0.15882352941270705
159.0,aljabar_dasar,0.9950713616024786
159.0,bangun_ruang,0.15882352942618302
159.0,bilangan_bulat,0.9996892146174265
159.0,fungsi_kuadrat,0.15882352941270705
159.0,himpunan,0.7047426790233844
159.0,integral,0.15882352941270705
159.0,limit,0.15882352941270705
159.0,matriks,0.15882352941176495
159.0,peluang_dasar,0.15882352941270705
159.0,perbandingan,0.6957446808524417
159.0,sistem_persamaan_linear,0.15882352941176495
159.0,statistika_dasar,0.15882352941270705
159.0,teorema_pythagoras,0.15882352941176872
159.0,turunan,0.15882352941270705
160.0,aljabar_dasar,0.9999998816763394
160.0,bangun_ruang,0.1588235294118263
160.0,barisan_deret,0.15882352941176872
160.0,bilangan_bulat,0.9999973933955622
160.0,eksponen_logaritma,0.15882352941176495
160.0,fungsi_kuadrat,0.15882352941176495
160.0,himpunan,0.3012058448397204
160.0,integral,0.15882352942618302
160.0,matriks,0.15882352941176872
160.0,peluang_dasar,0.24581282881409305
160.0,perbandingan,0.9997481724135222
160.0,persamaan_linear_satu_variabel,0.9996182799712777
160.0,sistem_persamaan_linear,0.1588235294118263
160.0,statistika_dasar,0.15923778787898807
160.0,teorema_pythagoras,0.15923778771804575
160.0,trigonometri,0.15882352941176495
160.0,turunan,0.1588235294118263
161.0,aljabar_dasar,0.24581178933473374
161.0,aritmatika_sosial,0.1588506175870778
161.0,bangun_ruang,0.15882352941176872
161.0,barisan_deret,0.15882352942618302
161.0,bilangan_bulat,0.7047426821965103
161.0,fungsi_kuadrat,0.15882352941270705
161.0,himpunan,0.15882352941176872
161.0,integral,0.15882352941270705
161.0,limit,0.1588235294118263
161.0,matriks,0.15882352941270705
161.0,perbandingan,0.16511735805355915
161.0,persamaan_linear_satu_variabel,0.15882364759793166
161.0,statistika_dasar,0.15882352941176872
161.0,teorema_pythagoras,0.15882352941176872
161.0,trigonometri,0.15882352941270705
161.0,turunan,0.15882352942618302
162.0,aljabar_dasar,0.9971158425091511
162.0,aritmatika_sosial,0.6963495033643646
162.0,bilangan_bulat,0.9999999846362609
162.0,fungsi_kuadrat,0.15882352942618302
162.0,himpunan,0.1588235294118263
162.0,integral,0.15882352941270705
162.0,matriks,0.15882352941270705
162.0,perbandingan,0.15923779018110648
162.0,persamaan_linear_satu_variabel,0.16965572269249474
162.0,sistem_persamaan_linear,0.1588235294118263
162.0,statistika_dasar,0.2458117890467293
162.0,teorema_pythagoras,0.15923778787898807
162.0,turunan,0.15882352941270705
163.0,aljabar_dasar,0.9999997667769537
163.0,aritmatika_sosial,0.9996084525876772
163.0,bilangan_bulat,0.9999999999860004
163.0,eksponen_logaritma,0.15882352941176872
163.0,fungsi_kuadrat,0.15882352941176872
163.0,himpunan,0.24951719893057078
163.0,integral,0.15882352941176495
163.0,limit,0.15882352941176872
163.0,matriks,0.15882352941176495
163.0,peluang_dasar,0.6957446808524417
163.0,sistem_persamaan_linear,0.15882352941176872
163.0,teorema_pythagoras,0.15882352941176495
163.0,trigonometri,0.15882352941176872
164.0,aljabar_dasar,0.9996892147202281
164.0,aritmatika_sosial,0.15954014076180115
164.0,bangun_ruang,0.15882352941176495
164.0,fungsi_kuadrat,0.15882352941270705
164.0,himpunan,0.15882352941176495
164.0,limit,0.15882352941176495
164.0,matriks,0.15882352941176495
164.0,peluang_dasar,0.1588235294118263
164.0,statistika_dasar,0.1588235294118263
164.0,teorema_pythagoras,0.15882352941270705
164.0,trigonometri,0.15882352941176872
164.0,turunan,0.15882352942618302
165.0,aljabar_dasar,0.9999999999990153
165.0,aritmatika_sosial,0.7047426788159905
165.0,bangun_ruang,0.15882352941176872
165.0,barisan_deret,0.15882352941270705
165.0,eksponen_logaritma,0.15882352941176495
165.0,fungsi_kuadrat,0.1588235294118263
165.0,himpunan,0.15882353698573823
165.0,persamaan_linear_satu_variabel,0.9998133405597855
165.0,statistika_dasar,0.15882352941176872
166.0,aljabar_dasar,0.7486168790207346
166.0,aritmatika_sosial,0.15915324911071937
166.0,bangun_ruang,0.15882352942618302
166.0,barisan_deret,0.15882352942618302
166.0,bilangan_bulat,0.9999999982195921
166.0,eksponen_logaritma,0.15882352941456485
166.0,himpunan,0.24581178916780289
166.0,peluang_dasar,0.1588235294118263
166.0,perbandingan,0.9336636227689498
166.0,persamaan_linear_satu_variabel,0.9995801309632939
166.0,statistika_dasar,0.15882352942618302
166.0,teorema_pythagoras,0.1588235294118263
166.0,trigonometri,0.15882352942618302
167.0,aljabar_dasar,0.9999999804552524
167.0,aritmatika_sosial,0.998387748377697
167.0,bangun_ruang,0.15882352941176872
167.0,barisan_deret,0.15882352941176872
167.0,bilangan_bulat,0.9999999986253497
167.0,eksponen_logaritma,0.15882352941176495
167.0,fungsi_kuadrat,0.1588235294118263
167.0,himpunan,0.8248728590442207
167.0,integral,0.15882352941176872
167.0,limit,0.15882352942618302
167.0,peluang_dasar,0.15882352942618302
167.0,perbandingan,0.9965379195084074
167.0,persamaan_linear_satu_variabel,0.9992501793044751
167.0,sistem_persamaan_linear,0.15882352941270705
167.0,statistika_dasar,0.1588235294118263
167.0,teorema_pythagoras,0.15882352991663967
167.0,turunan,0.15882352942618302
168.0,aljabar_dasar,0.9999981897298792
168.0,aritmatika_sosial,0.15923778772852282
168.0,barisan_deret,0.15882352941270705
168.0,bilangan_bulat,0.9999999986253497
168.0,eksponen_logaritma,0.1588235294118263
168.0,himpunan,0.1588235294118263
168.0,integral,0.15882352941270705
168.0,limit,0.15882352942618302
168.0,matriks,0.15882352941176495
168.0,peluang_dasar,0.16511735789549373
168.0,perbandingan,0.24600921810391546
168.0,persamaan_linear_satu_variabel,0.9995591915193811
168.0,sistem_persamaan_linear,0.15882352941176872
168.0,trigonometri,0.15882352942618302
168.0,turunan,0.15882352941176872
169.0,aritmatika_sosial,0.15882352941176495
169.0,bangun_ruang,0.15882352941176495
169.0,barisan_deret,0.15882352941270705
169.0,bilangan_bulat,0.29878294086881463
169.0,fungsi_kuadrat,0.1588235294118263
169.0,himpunan,0.15882352990615223
169.0,integral,0.15882352941176495
169.0,peluang_dasar,0.15882352942618302
169.0,perbandingan,0.15882352941194772
169.0,persamaan_linear_satu_variabel,0.1588506175870778
169.0,teorema_pythagoras,0.15882352941270705
169.0,turunan,0.15882352941270705
170.0,aljabar_dasar,0.9641664976888858
170.0,bangun_ruang,0.15882352941270705
170.0,bilangan_bulat,0.9999999863382024
170.0,eksponen_logaritma,0.15882352941270705
170.0,himpunan,0.15882352942618302
170.0,integral,0.15882352941270705
170.0,limit,0.15882352942618302
170.0,matriks,0.15882352941270705
170.0,persamaan_linear_satu_variabel,0.9393556868796301
170.0,sistem_persamaan_linear,0.1588235294118263
170.0,statistika_dasar,0.6957446811736256
170.0,teorema_pythagoras,0.15882352941176872
171.0,barisan_deret,0.15882352941270705
171.0,bilangan_bulat,0.16511736032359203
171.0,fungsi_kuadrat,0.15882352941270705
171.0,himpunan,0.15882352941270705
171.0,integral,0.15882352941270705
171.0,limit,0.15882352941176872
171.0,matriks,0.15882352942618302
171.0,peluang_dasar,0.15882352941176495
171.0,perbandingan,0.15882352941270705
171.0,persamaan_linear_satu_variabel,0.15882352942618302
171.0,sistem_persamaan_linear,0.15882352942618302
171.0,teorema_pythagoras,0.1588235294118263
171.0,trigonometri,0.1588235294118263
171.0,turunan,0.15882352941270705
172.0,aljabar_dasar,0.9996892146102684
172.0,barisan_deret,0.15882352941270705
172.0,eksponen_logaritma,0.15882352941176495
172.0,fungsi_kuadrat,0.15882352942618302
172.0,himpunan,0.15882352941176495
172.0,integral,0.15882352941270705
172.0,limit,0.15882352941176495
172.0,matriks,0.15882352941176872
172.0,perbandingan,0.15882352942618302
172.0,persamaan_linear_satu_variabel,0.7924969455560423
172.0,sistem_persamaan_linear,0.15882352942618302
172.0,teorema_pythagoras,0.15882352941176495
172.0,trigonometri,0.15882352941176872
172.0,turunan,0.15882352941270705
173.0,aljabar_dasar,0.7519437104638456
173.0,aritmatika_sosial,0.15882529993402855
173.0,bangun_ruang,0.15882352942618302
173.0,bilangan_bulat,0.9999975859156756
173.0,eksponen_logaritma,0.15882352941270705
173.0,fungsi_kuadrat,0.15882352941176872
173.0,himpunan,0.15882352941270705
173.0,integral,0.1588235294118263
173.0,matriks,0.15882352941176872
173.0,peluang_dasar,0.15882352941270705
173.0,perbandingan,0.1638405381040603
173.0,statistika_dasar,0.15882352942618302
173.0,teorema_pythagoras,0.15882352942618302
173.0,turunan,0.15882352941176495
174.0,aljabar_dasar,0.21205122996228265
174.0,aritmatika_sosial,0.15882364759793166
174.0,bangun_ruang,0.15882352942618302
174.0,barisan_deret,0.15882352941176495
174.0,bilangan_bulat,0.9975890073215401
174.0,fungsi_kuadrat,0.1588235294118263
174.0,himpunan,0.15882352944476308
174.0,integral,0.15882352942618302
174.0,limit,0.15882352942618302
174.0,matriks,0.15882352941176872
174.0,persamaan_linear_satu_variabel,0.1729444348253653
174.0,sistem_persamaan_linear,0.15882352941176495
174.0,trigonometri,0.15882352941176495
174.0,turunan,0.15882352941270705
175.0,aljabar_dasar,0.9999675145927883
175.0,aritmatika_sosial,0.15882352941270705
175.0,bangun_ruang,0.15882352941176872
175.0,bilangan_bulat,0.9999975143927174
175.0,eksponen_logaritma,0.15882352942618302
175.0,fungsi_kuadrat,0.1588235294118263
175.0,himpunan,0.15882352942618302
175.0,integral,0.15882352941176495
175.0,perbandingan,0.15882352941176872
175.0,persamaan_linear_satu_variabel,0.9842906818213452
175.0,sistem_persamaan_linear,0.15882352941176872
175.0,statistika_dasar,0.16511735805355915
175.0,teorema_pythagoras,0.6957446811736256
176.0,aljabar_dasar,0.9998040622710691
176.0,aritmatika_sosial,0.24605509127939457
176.0,bangun_ruang,0.15882352942618302
176.0,barisan_deret,0.15882352941270705
176.0,bilangan_bulat,0.9999969952889434
176.0,eksponen_logaritma,0.1588235294118263
176.0,fungsi_kuadrat,0.15882352941176495
176.0,himpunan,0.16511736032359203
176.0,peluang_dasar,0.1588236451324438
176.0,perbandingan,0.1588506175969212
176.0,sistem_persamaan_linear,0.15882352941176872
176.0,statistika_dasar,0.15882352941176872
176.0,teorema_pythagoras,0.1588235294118263
176.0,trigonometri,0.15882352941176872
176.0,turunan,0.15882352942618302
177.0,bangun_ruang,0.15882352941176872
177.0,eksponen_logaritma,0.15882352941176495
177.0,fungsi_kuadrat,0.15882352941176495
177.0,himpunan,0.15882352941176872
177.0,integral,0.1588235294118263
177.0,limit,0.15882352941176495
177.0,sistem_persamaan_linear,0.15882352941176495
177.0,statistika_dasar,0.15882364529354476
177.0,teorema_pythagoras,0.6957446808510697
177.0,trigonometri,0.15882352941176872
177.0,turunan,0.15882352941176872
178.0,barisan_deret,0.15882352941270705
178.0,bilangan_bulat,0.9999999998770049
178.0,eksponen_logaritma,0.15882352941176872
178.0,fungsi_kuadrat,0.15882352941270705
178.0,himpunan,0.16511736032359203
178.0,integral,0.1588235294118263
178.0,limit,0.15882352941176872
178.0,matriks,0.15882352941270705
178.0,peluang_dasar,0.15882352942618302
178.0,perbandingan,0.9729431085689012
178.0,persamaan_linear_satu_variabel,0.9996892162930817
178.0,sistem_persamaan_linear,0.15882352941176495
178.0,statistika_dasar,0.15882352942618302
178.0,trigonometri,0.15882352942618302
179.0,aljabar_dasar,0.6958132120052734
179.0,aritmatika_sosial,0.15882352941270705
179.0,bilangan_bulat,0.999999777322283
179.0,eksponen_logaritma,0.1588235294118263
179.0,fungsi_kuadrat,0.15882352941176872
179.0,himpunan,0.6957446811736256
179.0,integral,0.15882352942618302
179.0,limit,0.15882352941176872
179.0,matriks,0.15882352942618302
179.0,peluang_dasar,0.15882352941270705
179.0,persamaan_linear_satu_variabel,0.22954707874468483
179.0,sistem_persamaan_linear,0.15882352941270705
179.0,statistika_dasar,0.15882352941176495
179.0,turunan,0.1588235294118263
180.0,aljabar_dasar,0.9999999999152466
180.0,aritmatika_sosial,0.17300956896480876
180.0,bangun_ruang,0.15882352941270705
180.0,barisan_deret,0.15882352941270705
180.0,bilangan_bulat,0.9999999846362609
180.0,fungsi_kuadrat,0.15882352941176495
180.0,himpunan,0.6501566118941209
180.0,limit,0.1588235294118263
180.0,matriks,0.15882352941270705
180.0,peluang_dasar,0.1588253023995067
180.0,perbandingan,0.9997013968359855
180.0,sistem_persamaan_linear,0.15882352941176872
180.0,statistika_dasar,0.24581285087078653
180.0,teorema_pythagoras,0.1651173578948599
180.0,trigonometri,0.1588235294118263
181.0,aljabar_dasar,0.9999786146746786
181.0,aritmatika_sosial,0.28863358494799896
181.0,barisan_deret,0.15882352941176872
181.0,bilangan_bulat,0.9998561841094648
181.0,fungsi_kuadrat,0.15882352941176495
181.0,himpunan,0.16384012151937719
181.0,integral,0.15882352942618302
181.0,limit,0.15882352941270705
181.0,matriks,0.1588235294118263
181.0,peluang_dasar,0.6957446808511539
181.0,persamaan_linear_satu_variabel,0.9999721904260326
181.0,sistem_persamaan_linear,0.15882352941176872
181.0,statistika_dasar,0.15882353698573823
181.0,teorema_pythagoras,0.1588235294118263
181.0,trigonometri,0.15882352941176872
181.0,turunan,0.15882352942618302
182.0,aljabar_dasar,0.29879318061165844
182.0,aritmatika_sosial,0.15882352941176495
182.0,bangun_ruang,0.15882352941176495
182.0,barisan_deret,0.15882352941176872
182.0,bilangan_bulat,0.997733142555276
182.0,eksponen_logaritma,0.15882352941176872
182.0,fungsi_kuadrat,0.15882352941176495
182.0,himpunan,0.1588235294118263
182.0,peluang_dasar,0.1588235294118263
182.0,perbandingan,0.1588235294118263
182.0,persamaan_linear_satu_variabel,0.695747324849366
182.0,statistika_dasar,0.15882352941176872
182.0,teorema_pythagoras,0.15882352942618302
182.0,trigonometri,0.15882352941270705
182.0,turunan,0.15882352941176495
183.0,aljabar_dasar,0.99490342351005
183.0,aritmatika_sosial,0.15882352941176872
183.0,bangun_ruang,0.15882352942618302
183.0,barisan_deret,0.15882352942618302
183.0,bilangan_bulat,0.7109948504587469
183.0,eksponen_logaritma,0.15882352941270705
183.0,fungsi_kuadrat,0.15882352941176872
183.0,himpunan,0.6957446808721462
183.0,integral,0.15882352942618302
183.0,limit,0.1588235294118263
183.0,matriks,0.15882352942618302
183.0,peluang_dasar,0.15882352941270705
183.0,perbandingan,0.6957446808510697
183.0,persamaan_linear_satu_variabel,0.9625942452685181
183.0,statistika_dasar,0.15882352942618302
183.0,trigonometri,0.15882352941176495
184.0,aritmatika_sosial,0.8482443324447164
184.0,barisan_deret,0.15882352941176495
184.0,bilangan_bulat,0.9999999804552524
184.0,himpunan,0.6957446808721462
184.0,integral,0.15882352941176872
184.0,limit,0.15882352941176872
184.0,matriks,0.15882352941176495
184.0,peluang_dasar,0.15882352942618302
184.0,persamaan_linear_satu_variabel,0.9999954251625585
184.0,sistem_persamaan_linear,0.1588235294118263
184.0,statistika_dasar,0.15882352941270705
185.0,aritmatika_sosial,0.1588235294118263
185.0,bangun_ruang,0.15882352941176495
185.0,bilangan_bulat,0.979879034669132
185.0,eksponen_logaritma,0.15882352941176872
185.0,fungsi_kuadrat,0.15882352942618302
185.0,himpunan,0.15882352941176495
185.0,limit,0.15882352941176872
185.0,peluang_dasar,0.15882352941270705
185.0,perbandingan,0.1588235294118263
185.0,persamaan_linear_satu_variabel,0.9965372778717658
185.0,sistem_persamaan_linear,0.15882352942618302
185.0,statistika_dasar,0.16511735790519097
185.0,teorema_pythagoras,0.15882352941176872
185.0,turunan,0.15882352942618302
186.0,aljabar_dasar,0.9999722656311505
186.0,aritmatika_sosial,0.24605511196961793
186.0,bangun_ruang,0.1588235294118263
186.0,barisan_deret,0.15882352941176495
186.0,bilangan_bulat,0.9999999846362609
186.0,eksponen_logaritma,0.1588235294118263
186.0,fungsi_kuadrat,0.16511735789549373
186.0,himpunan,0.1588235294118263
186.0,limit,0.15882352941176495
186.0,matriks,0.15882352941176495
186.0,peluang_dasar,0.1588235294118263
186.0,perbandingan,0.7927026703233008
186.0,persamaan_linear_satu_variabel,0.9999771578279366
186.0,sistem_persamaan_linear,0.6957446808721462
186.0,statistika_dasar,0.15882352942618302
186.0,teorema_pythagoras,0.6957446808721462
186.0,turunan,0.15882352941176872
187.0,aljabar_dasar,0.7925147893069897
187.0,bangun_ruang,0.1588235294118263
187.0,bilangan_bulat,0.9999967695399506
187.0,fungsi_kuadrat,0.15882352941270705
187.0,himpunan,0.15882352942618302
187.0,integral,0.15882352941176495
187.0,limit,0.15882352942618302
187.0,peluang_dasar,0.1588235294118263
187.0,sistem_persamaan_linear,0.15882352942618302
187.0,statistika_dasar,0.24581178916780289
187.0,teorema_pythagoras,0.15882364514293124
187.0,trigonometri,0.1588235294118263
188.0,aritmatika_sosial,0.15923778771804575
188.0,bangun_ruang,0.15882352941270705
188.0,bilangan_bulat,0.9996892147202281
188.0,fungsi_kuadrat,0.15882352941176495
188.0,himpunan,0.15882352942618302
188.0,integral,0.15882352942618302
188.0,limit,0.15882352941176495
188.0,peluang_dasar,0.15882352941270705
188.0,perbandingan,0.15923779324525156
188.0,persamaan_linear_satu_variabel,0.9625942452720643
188.0,sistem_persamaan_linear,0.15882352942618302
188.0,statistika_dasar,0.6957446808721462
188.0,teorema_pythagoras,0.15882352941176495
188.0,trigonometri,0.15882352941176495
188.0,turunan,0.15882352941270705
189.0,aljabar_dasar,0.9979176930788691
189.0,aritmatika_sosial,0.6957446808524417
189.0,bangun_ruang,0.15882352941176495
189.0,barisan_deret,0.15882352942618302
189.0,bilangan_bulat,0.999999980101323
189.0,eksponen_logaritma,0.15882352941176872
189.0,himpunan,0.15882352942618302
189.0,integral,0.15882352941270705
189.0,limit,0.15882352942618302
189.0,matriks,0.15882352942618302
189.0,peluang_dasar,0.15882352941176872
189.0,perbandingan,0.29878294086881463
189.0,persamaan_linear_satu_variabel,0.9545824886637913
189.0,sistem_persamaan_linear,0.1588235294118263
189.0,statistika_dasar,0.15882352942618302
189.0,trigonometri,0.15882352941176872
190.0,aljabar_dasar,0.1588235294118263
190.0,bangun_ruang,0.15882352941270705
190.0,barisan_deret,0.15882352941176495
190.0,bilangan_bulat,0.1588235294118263
190.0,eksponen_logaritma,0.15882352941270705
190.0,fungsi_kuadrat,0.1588235294118263
190.0,himpunan,0.15882352941176872
190.0,integral,0.15882352942618302
190.0,limit,0.15882352941176495
190.0,matriks,0.15882352941270705
190.0,peluang_dasar,0.15882352942618302
190.0,perbandingan,0.15882352942618302
190.0,sistem_persamaan_linear,0.15882352941270705
190.0,statistika_dasar,0.1588235294118263
190.0,teorema_pythagoras,0.1588235294118263
190.0,trigonometri,0.15882352942618302
190.0,turunan,0.15882352941176495
191.0,aritmatika_sosial,0.1588506175969212
191.0,bangun_ruang,0.1588235294118263
191.0,barisan_deret,0.1588235294118263
191.0,bilangan_bulat,0.9999999800777434
191.0,eksponen_logaritma,0.15882352941176495
191.0,fungsi_kuadrat,0.15882352941270705
191.0,himpunan,0.15882352941176495
191.0,integral,0.15882352942618302
191.0,persamaan_linear_satu_variabel,0.7109948504587469
191.0,statistika_dasar,0.15923778771804575
191.0,turunan,0.15882352941176872
192.0,aritmatika_sosial,0.16511735789549373
192.0,barisan_deret,0.15882352942618302
192.0,eksponen_logaritma,0.15882352942618302
192.0,fungsi_kuadrat,0.15882352942618302
192.0,himpunan,0.24581178916780289
192.0,integral,0.15882352941270705
192.0,limit,0.1588235294118263
192.0,matriks,0.15882352941176872
192.0,peluang_dasar,0.15882352942618302
192.0,perbandingan,0.16541549767868458
192.0,sistem_persamaan_linear,0.15882352942618302
192.0,statistika_dasar,0.15882352942618302
192.0,teorema_pythagoras,0.15882529993467195
192.0,turunan,0.15882352941270705
193.0,aljabar_dasar,0.24582771799754277
193.0,aritmatika_sosial,0.6957446808721462
193.0,barisan_deret,0.15882352941176495
193.0,bilangan_bulat,0.9999328657400226
193.0,fungsi_kuadrat,0.15882352941392144
193.0,himpunan,0.15882352941176495
193.0,integral,0.15882352941176872
193.0,limit,0.15882352941176872
193.0,peluang_dasar,0.15882352941176495
193.0,perbandingan,0.710986340157656
193.0,persamaan_linear_satu_variabel,0.6501566074392686
193.0,sistem_persamaan_linear,0.15882352941176872
193.0,teorema_pythagoras,0.15882352942618302
194.0,aljabar_dasar,0.1588235369758942
194.0,bangun_ruang,0.15882352941176495
194.0,barisan_deret,0.15882352941176495
194.0,bilangan_bulat,0.3330041738578072
194.0,eksponen_logaritma,0.15882352941176872
194.0,fungsi_kuadrat,0.15882352941176495
194.0,himpunan,0.15882352941176872
194.0,integral,0.1588235294118263
194.0,limit,0.15882352941270705
194.0,matriks,0.15882352941176872
194.0,peluang_dasar,0.15882352941176495
194.0,perbandingan,0.15882352941176872
194.0,persamaan_linear_satu_variabel,0.15882352941176872
194.0,teorema_pythagoras,0.15882352941176872
194.0,trigonometri,0.15882352942618302
195.0,aritmatika_sosial,0.15923778772852282
195.0,bangun_ruang,0.1588235294118263
195.0,bilangan_bulat,0.9995746691865011
195.0,eksponen_logaritma,0.15882352941270705
195.0,fungsi_kuadrat,0.15882352942618302
195.0,himpunan,0.15882352941176872
195.0,integral,0.15882352942618302
195.0,limit,0.15882352941176872
195.0,matriks,0.15882352941176872
195.0,peluang_dasar,0.1651173578948599
195.0,persamaan_linear_satu_variabel,0.6071591342584255
195.0,statistika_dasar,0.15882352942618302
195.0,teorema_pythagoras,0.15882352942618302
196.0,aljabar_dasar,0.9965470555232491
196.0,aritmatika_sosial,0.16511744294133507
196.0,bangun_ruang,0.15882352941270705
196.0,bilangan_bulat,0.9999999804552524
196.0,himpunan,0.15882352942618302
196.0,integral,0.15882352941176872
196.0,limit,0.1588235294118263
196.0,matriks,0.15882352941176495
196.0,peluang_dasar,0.15882352941270705
196.0,perbandingan,0.15882352991663967
196.0,statistika_dasar,0.15882352941176872
196.0,teorema_pythagoras,0.1588506175969212
196.0,trigonometri,0.15882352941270705
196.0,turunan,0.15882352941270705
197.0,aljabar_dasar,0.9965381274369112
197.0,aritmatika_sosial,0.22954638148145717
197.0,bangun_ruang,0.1588235294118263
197.0,bilangan_bulat,0.9999975114473385
197.0,fungsi_kuadrat,0.15882352942618302
197.0,himpunan,0.9625942452720643
197.0,integral,0.15882352941270705
197.0,peluang_dasar,0.15882352941270705
197.0,perbandingan,0.710986340157656
197.0,persamaan_linear_satu_variabel,0.1651190472789014
197.0,sistem_persamaan_linear,0.15882352941270705
197.0,statistika_dasar,0.15882352941176495
197.0,teorema_pythagoras,0.15882352941270705
197.0,trigonometri,0.15882352941176495
198.0,aritmatika_sosial,0.696789841086717
198.0,bilangan_bulat,0.999999980101323
198.0,eksponen_logaritma,0.1588235294118263
198.0,himpunan,0.1588235294118263
198.0,integral,0.15882352942618302
198.0,matriks,0.15882352941176495
198.0,peluang_dasar,0.15882352942618302
198.0,perbandingan,0.2295460509060196
198.0,persamaan_linear_satu_variabel,0.9996996172000568
198.0,sistem_persamaan_linear,0.15882352941176495
198.0,teorema_pythagoras,0.6957446808721462
198.0,trigonometri,0.15882352941176495
198.0,turunan,0.15882352941176872
199.0,aljabar_dasar,0.9626998002891806
199.0,aritmatika_sosial,0.16542974664404417
199.0,barisan_deret,0.15882352941270705
199.0,bilangan_bulat,0.9999721874565007
199.0,fungsi_kuadrat,0.15882352941270705
199.0,himpunan,0.1588235294118263
199.0,integral,0.15882352942618302
199.0,matriks,0.15882352941270705
199.0,persamaan_linear_satu_variabel,0.8485356283946677
199.0,sistem_persamaan_linear,0.1588235294118263
199.0,statistika_dasar,0.15882352941270705
199.0,teorema_pythagoras,0.15882352941176495
199.0,trigonometri,0.15882352941176495
199.0,turunan,0.1588235294118263
200.0,aljabar_dasar,0.24581178916780289
200.0,aritmatika_sosial,0.15882352941176872
200.0,bangun_ruang,0.15882352941176495
200.0,barisan_deret,0.15882352942618302
200.0,bilangan_bulat,0.1588506175969212
200.0,eksponen_logaritma,0.15882352942618302
200.0,himpunan,0.15882352941176872
200.0,integral,0.15882352941270705
200.0,limit,0.15882352941176872
200.0,matriks,0.1588235294118263
200.0,peluang_dasar,0.1588235294118263
200.0,perbandingan,0.1588235294118263
200.0,persamaan_linear_satu_variabel,0.15882352941176495
200.0,sistem_persamaan_linear,0.15882352941176872
200.0,teorema_pythagoras,0.15882352941176872
200.0,turunan,0.15882352941176495
201.0,aljabar_dasar,0.9825069345359656
201.0,aritmatika_sosial,0.24581178916780289
201.0,bangun_ruang,0.1588235294118263
201.0,barisan_deret,0.15882352941176495
201.0,bilangan_bulat,0.9999514028505717
201.0,fungsi_kuadrat,0.15882352941176872
201.0,himpunan,0.15882352941176872
201.0,integral,0.15882352941176872
201.0,limit,0.15882352941270705
201.0,matriks,0.1588235294118263
201.0,perbandingan,0.1651174411747218
201.0,sistem_persamaan_linear,0.15882352941270705
201.0,statistika_dasar,0.1588235294118263
201.0,trigonometri,0.15882352941176495
201.0,turunan,0.15882352941176872
202.0,aritmatika_sosial,0.15882352942618302
202.0,bangun_ruang,0.15923778787898807
202.0,bilangan_bulat,0.9999999999889951
202.0,eksponen_logaritma,0.15882352941270705
202.0,fungsi_kuadrat,0.15882352941176495
202.0,himpunan,0.8316122491599333
202.0,peluang_dasar,0.1588235294118263
202.0,persamaan_linear_satu_variabel,0.9999997815587466
202.0,sistem_persamaan_linear,0.1588235294118263
202.0,turunan,0.15882352941176872
203.0,aljabar_dasar,0.9999975143927174
203.0,aritmatika_sosial,0.16511736032359203
203.0,bangun_ruang,0.15882352941176495
203.0,eksponen_logaritma,0.15882352942618302
203.0,himpunan,0.1588235294118263
203.0,integral,0.15882352942618302
203.0,limit,0.1588235294118263
203.0,matriks,0.15882352942618302
203.0,peluang_dasar,0.15882352941270705
203.0,perbandingan,0.9999976468830114
203.0,persamaan_linear_satu_variabel,0.9999999880412667
203.0,teorema_pythagoras,0.16511735789549373
203.0,turunan,0.1588235294118263
204.0,aljabar_dasar,0.9999997773395293
204.0,aritmatika_sosial,0.9952699994051663
204.0,bangun_ruang,0.15882352942618302
204.0,eksponen_logaritma,0.15882352941270705
204.0,fungsi_kuadrat,0.15882352941176872
204.0,himpunan,0.1588252999445159
204.0,limit,0.15882352941270705
204.0,perbandingan,0.9997027622129256
204.0,persamaan_linear_satu_variabel,0.9968094016788102
204.0,sistem_persamaan_linear,0.1588235294118263
204.0,statistika_dasar,0.15882352941176495
204.0,turunan,0.15882352941176872
205.0,aljabar_dasar,0.16511735789549373
205.0,bangun_ruang,0.15882352941270705
205.0,barisan_deret,0.15882352941270705
205.0,bilangan_bulat,0.15882352941176495
205.0,eksponen_logaritma,0.1588235294118263
205.0,fungsi_kuadrat,0.15882352941176872
205.0,himpunan,0.15882352941176495
205.0,integral,0.1588235294118263
205.0,perbandingan,0.15882352941176872
205.0,persamaan_linear_satu_variabel,0.15882352941176872
205.0,sistem_persamaan_linear,0.15882352941176495
205.0,statistika_dasar,0.15882352941176495
205.0,teorema_pythagoras,0.15882352942618302
205.0,trigonometri,0.15882352941176872
205.0,turunan,0.15882352941270705
206.0,aljabar_dasar,0.9995749907362942
206.0,bangun_ruang,0.15882352941270705
206.0,barisan_deret,0.15882352941176872
206.0,bilangan_bulat,0.9998133342183296
206.0,eksponen_logaritma,0.1588235294118263
206.0,fungsi_kuadrat,0.15882352941176495
206.0,himpunan,0.15882353697525078
206.0,integral,0.1588235294118263
206.0,matriks,0.15882352941176872
206.0,sistem_persamaan_linear,0.15882352941270705
206.0,statistika_dasar,0.15882352942618302
206.0,teorema_pythagoras,0.15882352942618302
206.0,turunan,0.15882352941270705
207.0,aljabar_dasar,0.9944506882392623
207.0,aritmatika_sosial,0.15882352941176495
207.0,bangun_ruang,0.15882352941270705
207.0,bilangan_bulat,0.9999996841186909
207.0,fungsi_kuadrat,0.15882352941176872
207.0,himpunan,0.6957446808721462
207.0,limit,0.15882352942618302
207.0,perbandingan,0.15882352942618302
207.0,persamaan_linear_satu_variabel,0.2458117910202285
207.0,sistem_persamaan_linear,0.15882352941176495
207.0,statistika_dasar,0.15882352941176872
207.0,trigonometri,0.15882352941176495
208.0,bilangan_bulat,0.999998922325055
208.0,eksponen_logaritma,0.15882352941176872
208.0,fungsi_kuadrat,0.15882352941176872
208.0,himpunan,0.15882352941176872
208.0,limit,0.15882352942618302
208.0,matriks,0.15882352941270705
208.0,peluang_dasar,0.15882352941176495
208.0,perbandingan,0.1651368506682605
208.0,sistem_persamaan_linear,0.15882352941176495
208.0,statistika_dasar,0.15882352941176872
208.0,teorema_pythagoras,0.1588235294118263
208.0,trigonometri,0.15882352941270705
209.0,aritmatika_sosial,0.1588506200517642
209.0,bangun_ruang,0.15882352941176872
209.0,barisan_deret,0.15882352941176872
209.0,eksponen_logaritma,0.15882352942618302
209.0,himpunan,0.15882352944411965
209.0,integral,0.15882352942618302
209.0,limit,0.1588235294118263
209.0,matriks,0.15882352941176872
209.0,peluang_dasar,0.15882352942618302
209.0,perbandingan,0.9999975114473385
209.0,sistem_persamaan_linear,0.1588235294118263
209.0,statistika_dasar,0.15882352941270705
209.0,trigonometri,0.15882352942618302
209.0,turunan,0.15882352941270705
210.0,aljabar_dasar,0.9999999998770049
210.0,aritmatika_sosial,0.9133224977154293
210.0,bilangan_bulat,0.9999999999889951
210.0,eksponen_logaritma,0.15882352942618302
210.0,himpunan,0.2524522908024699
210.0,limit,0.1588235294118263
210.0,matriks,0.15882352941176495
210.0,perbandingan,0.995313464727958
210.0,persamaan_linear_satu_variabel,0.9999997649349618
210.0,sistem_persamaan_linear,0.15882352941176872
210.0,teorema_pythagoras,0.15882352941270705
210.0,turunan,0.15882352941176872
211.0,aljabar_dasar,0.9996903807625451
211.0,aritmatika_sosial,0.2458117890467293
211.0,bangun_ruang,0.15882352942618302
211.0,barisan_deret,0.15882352942618302
211.0,eksponen_logaritma,0.15882352941270705
211.0,himpunan,0.1592575560064173
211.0,integral,0.15882352941270705
211.0,limit,0.15882352941176872
211.0,matriks,0.15882352942618302
211.0,persamaan_linear_satu_variabel,0.48832386859843196
211.0,sistem_persamaan_linear,0.1588235294118263
211.0,statistika_dasar,0.15882352941176872
211.0,trigonometri,0.1588235294118263
211.0,turunan,0.15882352941176495
212.0,aljabar_dasar,0.9999977236751194
212.0,aritmatika_sosial,0.15882353006725325
212.0,bangun_ruang,0.15882352942618302
212.0,bilangan_bulat,0.9999999998452842
212.0,fungsi_kuadrat,0.15882352941176495
212.0,himpunan,0.695744850073115
212.0,integral,0.1588235294118263
212.0,limit,0.15882352941270705
212.0,peluang_dasar,0.15882352941176495
212.0,perbandingan,0.24581178916780289
212.0,persamaan_linear_satu_variabel,0.2522120893741038
212.0,sistem_persamaan_linear,0.15882352942618302
212.0,statistika_dasar,0.1588235294118263
213.0,aljabar_dasar,0.999999980101323
213.0,bangun_ruang,0.15882352941176872
213.0,barisan_deret,0.15882352941176872
213.0,eksponen_logaritma,0.1588235294118263
213.0,fungsi_kuadrat,0.15882352941176495
213.0,himpunan,0.15882364759793166
213.0,integral,0.15882352941270705
213.0,limit,0.15882352941176495
213.0,matriks,0.15882352941176495
213.0,peluang_dasar,0.15882352941270705
213.0,perbandingan,0.15882365077511756
213.0,persamaan_linear_satu_variabel,0.9726995247482524
213.0,sistem_persamaan_linear,0.15882352942618302
213.0,statistika_dasar,0.15882352941176495
213.0,teorema_pythagoras,0.15882352941176872
213.0,trigonometri,0.15882352941270705
213.0,turunan,0.15882352941176495
214.0,aljabar_dasar,0.2885853913175257
214.0,aritmatika_sosial,0.15882364529354476
214.0,bangun_ruang,0.15882352941176872
214.0,barisan_deret,0.15882352941270705
214.0,bilangan_bulat,0.9999996955752559
214.0,eksponen_logaritma,0.15882352941270705
214.0,fungsi_kuadrat,0.15882352941176495
214.0,himpunan,0.1588235294118263
214.0,limit,0.15882352941176495
214.0,matriks,0.15882352942618302
214.0,perbandingan,0.6957467438115151
214.0,persamaan_linear_satu_variabel,0.2120478983217103
214.0,teorema_pythagoras,0.15882352941176495
215.0,aljabar_dasar,0.9999620063114352
215.0,aritmatika_sosial,0.2458117910202285
215.0,bilangan_bulat,0.9999721853023267
215.0,eksponen_logaritma,0.15882352941270705
215.0,fungsi_kuadrat,0.15882352941176495
215.0,himpunan,0.15882352941270705
215.0,integral,0.15882352941176872
215.0,limit,0.15882352941270705
215.0,matriks,0.15882352941176872
215.0,persamaan_linear_satu_variabel,0.24951721943121186
215.0,sistem_persamaan_linear,0.15882352941270705
215.0,statistika_dasar,0.15882352941176872
215.0,teorema_pythagoras,0.15882352942618302
215.0,turunan,0.1588235294118263
216.0,aljabar_dasar,0.9641887602131032
216.0,aritmatika_sosial,0.9936823658119301
216.0,bangun_ruang,0.15882352941176495
216.0,barisan_deret,0.1588235294118263
216.0,bilangan_bulat,0.9999999986253497
216.0,eksponen_logaritma,0.15882352941270705
216.0,himpunan,0.17293989906597868
216.0,integral,0.15882352941176495
216.0,limit,0.15882352941176872
216.0,matriks,0.15882352941270705
216.0,perbandingan,0.1703708638678929
216.0,persamaan_linear_satu_variabel,0.24969320031958653
216.0,sistem_persamaan_linear,0.15882352941270705
216.0,statistika_dasar,0.2458117890467293
216.0,trigonometri,0.15882352941176872
217.0,bangun_ruang,0.15882352941176495
217.0,bilangan_bulat,0.1588235394407393
217.0,eksponen_logaritma,0.15882352941176495
217.0,himpunan,0.15882352941176495
217.0,limit,0.1588235294118263
217.0,matriks,0.1588235294118263
217.0,perbandingan,0.1588235294118263
217.0,sistem_persamaan_linear,0.1588235294118263
217.0,teorema_pythagoras,0.15882352941176872
217.0,trigonometri,0.15882352941176495
217.0,turunan,0.1588235294118263
218.0,aljabar_dasar,0.7924969455627373
218.0,bilangan_bulat,0.9999721874565007
218.0,eksponen_logaritma,0.15882352941270705
218.0,himpunan,0.15882352941176872
218.0,integral,0.1588235294118263
218.0,matriks,0.1588235294118263
218.0,peluang_dasar,0.15882352941176495
218.0,perbandingan,0.1588235294118263
218.0,persamaan_linear_satu_variabel,0.6957446811736256
218.0,sistem_persamaan_linear,0.1588235294118263
218.0,trigonometri,0.1588235294118263
219.0,aljabar_dasar,0.16511863373379015
219.0,bangun_ruang,0.1588235294118263
219.0,barisan_deret,0.15882352942618302
219.0,fungsi_kuadrat,0.15882352941176872
219.0,himpunan,0.1588235294118263
219.0,integral,0.15882352941176872
219.0,matriks,0.1588235294118263
219.0,sistem_persamaan_linear,0.15882352942618302
219.0,statistika_dasar,0.15882352941176872
219.0,teorema_pythagoras,0.1588235294118263
219.0,trigonometri,0.15882352941176495
219.0,turunan,0.15882352942618302
220.0,aljabar_dasar,0.9965372779463965
220.0,aritmatika_sosial,0.15882352941176872
220.0,bangun_ruang,0.15882352941270705
220.0,bilangan_bulat,0.9999999978477637
220.0,himpunan,0.15882352941270705
220.0,integral,0.15882352941176495
220.0,limit,0.15882352942618302
220.0,matriks,0.15882352941176495
220.0,perbandingan,0.1696561317550716
220.0,persamaan_linear_satu_variabel,0.9625942461022025
220.0,turunan,0.15882352942618302
221.0,aljabar_dasar,0.9999966578831364
221.0,aritmatika_sosial,0.6957446808524417
221.0,bangun_ruang,0.15885061758643446
221.0,barisan_deret,0.15882352941176495
221.0,bilangan_bulat,0.9999997815587466
221.0,eksponen_logaritma,0.15882352941176495
221.0,fungsi_kuadrat,0.15882352942618302
221.0,himpunan,0.1592378996961522
221.0,limit,0.15882352941176872
221.0,matriks,0.1588235294118263
221.0,peluang_dasar,0.15882352941270705
221.0,perbandingan,0.17300956896480876
221.0,sistem_persamaan_linear,0.1588235294118263
221.0,statistika_dasar,0.15882352941176872
221.0,teorema_pythagoras,0.15882352942618302
221.0,trigonometri,0.15882352941176872
221.0,turunan,0.15882352941270705
222.0,aljabar_dasar,0.16511735805355915
222.0,aritmatika_sosial,0.1588235294118263
222.0,bangun_ruang,0.15882352942618302
222.0,barisan_deret,0.15882352941270705
222.0,bilangan_bulat,0.24581178916780289
222.0,eksponen_logaritma,0.1588235294118263
222.0,fungsi_kuadrat,0.1588235294118263
222.0,himpunan,0.15882352941176495
222.0,limit,0.15882352941176872
222.0,matriks,0.15882352941270705
222.0,peluang_dasar,0.1588235294118263
222.0,perbandingan,0.15882352942618302
222.0,statistika_dasar,0.15882352942618302
222.0,teorema_pythagoras,0.15882352941270705
222.0,trigonometri,0.15882352941176872
222.0,turunan,0.15882352941270705
223.0,aritmatika_sosial,0.24581283016726446
223.0,bangun_ruang,0.15882352942618302
223.0,barisan_deret,0.15882352941176495
223.0,bilangan_bulat,0.9999835191403373
223.0,eksponen_logaritma,0.15882352941176872
223.0,himpunan,0.1588235294118263
223.0,integral,0.15882352941270705
223.0,limit,0.15882352942618302
223.0,matriks,0.1588235294118263
223.0,peluang_dasar,0.1588235294118263
223.0,persamaan_linear_satu_variabel,0.15882353698573823
223.0,trigonometri,0.15882352941270705
224.0,aljabar_dasar,0.15882352941176872
224.0,bangun_ruang,0.15882352941176872
224.0,barisan_deret,0.15882352942618302
224.0,bilangan_bulat,0.7047427307453289
224.0,eksponen_logaritma,0.15882352942618302
224.0,fungsi_kuadrat,0.1588235294118263
224.0,himpunan,0.15882352941270705
224.0,integral,0.15882352941270705
224.0,matriks,0.15882352941176495
224.0,perbandingan,0.15882352942618302
224.0,persamaan_linear_satu_variabel,0.1588236451324438
224.0,sistem_persamaan_linear,0.1588235294118263
224.0,statistika_dasar,0.15882352941176872
224.0,teorema_pythagoras,0.15882352941270705
224.0,trigonometri,0.1588235294118263
224.0,turunan,0.1588235294118263
225.0,aljabar_dasar,0.15882364759793166
225.0,aritmatika_sosial,0.15882352941176495
225.0,bangun_ruang,0.1588235294118263
225.0,barisan_deret,0.15882352941176872
225.0,bilangan_bulat,0.9809346621985902
225.0,eksponen_logaritma,0.15882352941176495
225.0,himpunan,0.15882352941270705
225.0,perbandingan,0.15882352941270705
225.0,persamaan_linear_satu_variabel,0.15882352990615223
225.0,teorema_pythagoras,0.15882352941176495
225.0,trigonometri,0.15882352942618302
225.0,turunan,0.15882352941176495
226.0,aritmatika_sosial,0.15923779324525156
226.0,bangun_ruang,0.1588235294118263
226.0,barisan_deret,0.15882352941176495
226.0,bilangan_bulat,0.999950602256046
226.0,eksponen_logaritma,0.15882352941176495
226.0,fungsi_kuadrat,0.1588235294118263
226.0,himpunan,0.15882352941176495
226.0,integral,0.15882352942618302
226.0,limit,0.1588235294118263
226.0,matriks,0.15882352941176495
226.0,peluang_dasar,0.1588235294118263
226.0,perbandingan,0.9999997894575103
226.0,persamaan_linear_satu_variabel,0.9999494455142619
226.0,sistem_persamaan_linear,0.15882352941176495
226.0,statistika_dasar,0.1592377877186885
226.0,trigonometri,0.1588235294118263
226.0,turunan,0.15882352941176872
227.0,aljabar_dasar,0.9999999982174822
227.0,aritmatika_sosial,0.15882352941270705
227.0,bangun_ruang,0.15882352942618302
227.0,barisan_deret,0.15882352941176872
227.0,eksponen_logaritma,0.15882352941176872
227.0,himpunan,0.15882529993467195
227.0,integral,0.15882352941270705
227.0,limit,0.15882352942618302
227.0,peluang_dasar,0.15882352942618302
227.0,perbandingan,0.1588506175969212
227.0,persamaan_linear_satu_variabel,0.9957499598787961
227.0,sistem_persamaan_linear,0.15882352941176495
227.0,statistika_dasar,0.6957446808510697
227.0,trigonometri,0.15882352941270705
227.0,turunan,0.1588235294118263
228.0,aljabar_dasar,0.2458117910202285
228.0,bangun_ruang,0.1588235294118263
228.0,barisan_deret,0.15882352941176872
228.0,bilangan_bulat,0.1588235294118263
228.0,eksponen_logaritma,0.15882352942618302
228.0,fungsi_kuadrat,0.15882352941270705
228.0,himpunan,0.15882352941176872
228.0,limit,0.15882352941176495
228.0,matriks,0.15882352941270705
228.0,peluang_dasar,0.1588235294118263
228.0,sistem_persamaan_linear,0.15882352941176495
228.0,teorema_pythagoras,0.1588235294118263
228.0,trigonometri,0.15882352941176872
229.0,aritmatika_sosial,0.16511735805355915
229.0,bangun_ruang,0.15882352942618302
229.0,barisan_deret,0.15882352941176495
229.0,eksponen_logaritma,0.15882352941176872
229.0,himpunan,0.1588235294118263
229.0,limit,0.15882352941176872
229.0,peluang_dasar,0.1588235294118263
229.0,persamaan_linear_satu_variabel,0.9996892162930817
229.0,statistika_dasar,0.1588235294118263
229.0,teorema_pythagoras,0.15882352942618302
229.0,turunan,0.15882352941176495
230.0,aljabar_dasar,0.9999999999860004
230.0,aritmatika_sosial,0.15882529993467195
230.0,bangun_ruang,0.15882352942618302
230.0,barisan_deret,0.15882352941176495
230.0,eksponen_logaritma,0.15923778771804575
230.0,himpunan,0.15882352941176872
230.0,integral,0.15882352941176872
230.0,matriks,0.15882352942618302
230.0,peluang_dasar,0.15882352942618302
230.0,perbandingan,0.15882364759793166
230.0,sistem_persamaan_linear,0.15882352941176495
230.0,statistika_dasar,0.15882352941270705
230.0,trigonometri,0.15882529993467195
231.0,aljabar_dasar,0.6501566118941209
231.0,aritmatika_sosial,0.1588253023995067
231.0,bangun_ruang,0.15882352941176872
231.0,bilangan_bulat,0.9999619358144812
231.0,eksponen_logaritma,0.15882352941176872
231.0,himpunan,0.15882352942618302
231.0,limit,0.1588235294118263
231.0,matriks,0.1588235294118263
231.0,perbandingan,0.15882352942618302
231.0,persamaan_linear_satu_variabel,0.16511735789549373
231.0,statistika_dasar,0.15882352941176495
231.0,teorema_pythagoras,0.15882352942618302
231.0,turunan,0.15882352941176872
232.0,aritmatika_sosial,0.15882352942618302
232.0,bangun_ruang,0.15882352941270705
232.0,barisan_deret,0.15882352942618302
232.0,eksponen_logaritma,0.15882352941270705
232.0,fungsi_kuadrat,0.15882352942618302
232.0,himpunan,0.15923778771804575
232.0,integral,0.15882352941176495
232.0,limit,0.15882352941270705
232.0,matriks,0.1588235294118263
232.0,peluang_dasar,0.15882352942618302
232.0,perbandingan,0.245811789038816
232.0,persamaan_linear_satu_variabel,0.24581178903829887
232.0,sistem_persamaan_linear,0.1588235294118263
232.0,statistika_dasar,0.1588235294118263
232.0,trigonometri,0.15882352941176495
232.0,turunan,0.15882352941176872
233.0,aljabar_dasar,0.999977337886136
233.0,aritmatika_sosial,0.1588506200517642
233.0,bangun_ruang,0.15882352941176495
233.0,barisan_deret,0.15882352941176872
233.0,bilangan_bulat,0.999999989413145
233.0,fungsi_kuadrat,0.15882352941176872
233.0,himpunan,0.1588235294118263
233.0,integral,0.15882352942618302
233.0,limit,0.1588235294118263
233.0,matriks,0.15882352941176495
233.0,persamaan_linear_satu_variabel,0.9979535890955498
233.0,sistem_persamaan_linear,0.1588235294118263
233.0,trigonometri,0.1588235294118263
233.0,turunan,0.15882352941176495
234.0,aritmatika_sosial,0.15882352941176872
234.0,bilangan_bulat,0.1592395009804549
234.0,eksponen_logaritma,0.15882352941176495
234.0,fungsi_kuadrat,0.15882352941176495
234.0,himpunan,0.15882352941270705
234.0,limit,0.1588235294118263
234.0,matriks,0.1588235294118263
234.0,peluang_dasar,0.1588235294118263
234.0,perbandingan,0.16511736032359203
234.0,persamaan_linear_satu_variabel,0.15923779018110648
234.0,teorema_pythagoras,0.15882352941270705
234.0,trigonometri,0.15882352941270705
235.0,aljabar_dasar,0.9999999998770049
235.0,aritmatika_sosial,0.15882362162548888
235.0,bangun_ruang,0.15882352941270705
235.0,barisan_deret,0.15882352941176872
235.0,eksponen_logaritma,0.15882352942618302
235.0,fungsi_kuadrat,0.1588235294118263
235.0,himpunan,0.16541549778698839
235.0,limit,0.1588235294118263
235.0,peluang_dasar,0.15882352941176495
235.0,perbandingan,0.9999999811619842
235.0,sistem_persamaan_linear,0.15882352941176495
235.0,trigonometri,0.15882352941176872
235.0,turunan,0.15882352942618302
236.0,aljabar_dasar,0.9713334188304454
236.0,aritmatika_sosial,0.15882352942618302
236.0,eksponen_logaritma,0.24581178903829887
236.0,himpunan,0.15882364529354476
236.0,integral,0.15882352941176495
236.0,matriks,0.15882352942618302
236.0,perbandingan,0.9625942471765417
236.0,persamaan_linear_satu_variabel,0.9999623095687398
236.0,sistem_persamaan_linear,0.15882352941176495
236.0,statistika_dasar,0.15882352942618302
236.0,teorema_pythagoras,0.15882352942618302
236.0,trigonometri,0.15882352941176495
237.0,aritmatika_sosial,0.15882352941176872
237.0,bangun_ruang,0.15882352942618302
237.0,bilangan_bulat,0.15923778772852282
237.0,eksponen_logaritma,0.15882352941176495
237.0,himpunan,0.15882352941176872
237.0,integral,0.15882352941176495
237.0,limit,0.15882352941176495
237.0,peluang_dasar,0.15882352941270705
237.0,perbandingan,0.15882352941270705
237.0,persamaan_linear_satu_variabel,0.24581178903829887
237.0,teorema_pythagoras,0.15882352941270705
237.0,turunan,0.15882352942618302
238.0,aljabar_dasar,0.9847811062621898
238.0,aritmatika_sosial,0.7486104402297687
238.0,bangun_ruang,0.15882352941176495
238.0,barisan_deret,0.15882352941176495
238.0,bilangan_bulat,0.9999999998435337
238.0,fungsi_kuadrat,0.15882352941270705
238.0,himpunan,0.6957446811736256
238.0,integral,0.15882352941270705
238.0,matriks,0.15882352942618302
238.0,peluang_dasar,0.16511735789549373
238.0,sistem_persamaan_linear,0.15882352941270705
238.0,teorema_pythagoras,0.15882352990615223
238.0,trigonometri,0.15882352941176495
239.0,aljabar_dasar,0.1638401487400415
239.0,eksponen_logaritma,0.1588235294118263
239.0,fungsi_kuadrat,0.1588235294118263
239.0,himpunan,0.15882352941176495
239.0,integral,0.15882352942618302
239.0,limit,0.15882352941176495
239.0,matriks,0.1588235294118263
239.0,peluang_dasar,0.15882352942618302
239.0,perbandingan,0.6957446808721462
239.0,persamaan_linear_satu_variabel,0.15882352941270705
240.0,barisan_deret,0.15882352941270705
240.0,himpunan,0.15923779018110648
240.0,integral,0.15882352942618302
240.0,limit,0.15882352942618302
240.0,perbandingan,0.9997628026808743
240.0,persamaan_linear_satu_variabel,0.9999999999860004
240.0,sistem_persamaan_linear,0.1588235294118263
240.0,statistika_dasar,0.1588252999445159
240.0,teorema_pythagoras,0.1592377877186885
240.0,trigonometri,0.15882352942618302
240.0,turunan,0.15882352941176495
241.0,aritmatika_sosial,0.15882352941176495
241.0,bangun_ruang,0.15882352941176495
241.0,barisan_deret,0.15882352942618302
241.0,bilangan_bulat,0.7047426790233844
241.0,eksponen_logaritma,0.1588235294118263
241.0,fungsi_kuadrat,0.15882352941176495
241.0,himpunan,0.1588236451330872
241.0,integral,0.1588235294118263
241.0,limit,0.1588235294118263
241.0,matriks,0.15882352941176495
241.0,peluang_dasar,0.15882352942618302
241.0,perbandingan,0.16511736032359203
241.0,persamaan_linear_satu_variabel,0.15882352941270705
241.0,sistem_persamaan_linear,0.1588235294118263
241.0,statistika_dasar,0.15882352942618302
241.0,teorema_pythagoras,0.1588235294118263
241.0,turunan,0.15882352941176495
242.0,aritmatika_sosial,0.7924970042719538
242.0,bangun_ruang,0.1588235294118263
242.0,barisan_deret,0.15882352942618302
242.0,bilangan_bulat,0.999999998118295
242.0,eksponen_logaritma,0.1588235294118263
242.0,himpunan,0.15882352941176872
242.0,integral,0.15882352941270705
242.0,limit,0.15882352941176495
242.0,peluang_dasar,0.1588235294118263
242.0,perbandingan,0.6957446811736256
242.0,persamaan_linear_satu_variabel,0.24582769729483694
242.0,sistem_persamaan_linear,0.15882352941176872
242.0,teorema_pythagoras,0.15882352942618302
242.0,trigonometri,0.15882352942618302
243.0,aljabar_dasar,0.1651174411747218
243.0,aritmatika_sosial,0.15882352941270705
243.0,bilangan_bulat,0.9994781634372362
243.0,eksponen_logaritma,0.15882352941176872
243.0,fungsi_kuadrat,0.15882352942618302
243.0,himpunan,0.15882352941270705
243.0,matriks,0.15882352941176495
243.0,perbandingan,0.1592377877186885
243.0,sistem_persamaan_linear,0.15882352941176872
243.0,statistika_dasar,0.1588236451324438
243.0,teorema_pythagoras,0.15882364514293124
243.0,trigonometri,0.15882352941270705
243.0,turunan,0.1588235294118263
244.0,barisan_deret,0.15882352941176872
244.0,bilangan_bulat,0.9999999998329459
244.0,eksponen_logaritma,0.15882352941176495
244.0,fungsi_kuadrat,0.1588235294118263
244.0,himpunan,0.2987829217251516
244.0,integral,0.1588235294118263
244.0,peluang_dasar,0.6957446808511539
244.0,perbandingan,0.15976557023765536
244.0,persamaan_linear_satu_variabel,0.7914808530394458
244.0,sistem_persamaan_linear,0.15882352942618302
244.0,teorema_pythagoras,0.15882352941176872
244.0,trigonometri,0.15882352941176872
244.0,turunan,0.1588235294118263
245.0,aljabar_dasar,0.15923778772852282
245.0,bangun_ruang,0.15882352941176872
245.0,barisan_deret,0.15882352942618302
245.0,bilangan_bulat,0.15882352941270705
245.0,eksponen_logaritma,0.15882352941176495
245.0,fungsi_kuadrat,0.15882352941270705
245.0,himpunan,0.15882352941270705
245.0,integral,0.15882352942618302
245.0,limit,0.1588235294118263
245.0,matriks,0.15882352941270705
245.0,peluang_dasar,0.15882352941176872
245.0,perbandingan,0.15882352942618302
245.0,teorema_pythagoras,0.15882352941176872
246.0,bangun_ruang,0.15882352941270705
246.0,barisan_deret,0.15882352942618302
246.0,bilangan_bulat,0.1588523324271165
246.0,eksponen_logaritma,0.15882352941176495
246.0,fungsi_kuadrat,0.15882352942618302
246.0,himpunan,0.1588235294118263
246.0,integral,0.15882352941176495
246.0,limit,0.1588235294118263
246.0,peluang_dasar,0.15882352942618302
246.0,persamaan_linear_satu_variabel,0.15882352942618302
246.0,sistem_persamaan_linear,0.15882352942618302
246.0,statistika_dasar,0.15882352941176872
246.0,teorema_pythagoras,0.15882352941176495
246.0,trigonometri,0.15882352941176495
246.0,turunan,0.15882352941176495
247.0,bangun_ruang,0.15882352941176872
247.0,barisan_deret,0.15882352941176872
247.0,fungsi_kuadrat,0.15882352941176872
247.0,himpunan,0.15923778787898807
247.0,integral,0.15882352941176872
247.0,limit,0.15882352942618302
247.0,peluang_dasar,0.15882352941176872
247.0,perbandingan,0.1592575560064173
247.0,persamaan_linear_satu_variabel,0.995313464727958
247.0,sistem_persamaan_linear,0.15882352941270705
247.0,statistika_dasar,0.15882352942618302
247.0,teorema_pythagoras,0.15882352941176495
247.0,trigonometri,0.15882352942618302
247.0,turunan,0.15882352942618302
248.0,bangun_ruang,0.15882352942618302
248.0,barisan_deret,0.15882352942618302
248.0,bilangan_bulat,0.21205122996228265
248.0,eksponen_logaritma,0.15882352941176495
248.0,fungsi_kuadrat,0.15882352941176872
248.0,himpunan,0.15923778772852282
248.0,integral,0.15882352941176495
248.0,matriks,0.15882352942618302
248.0,peluang_dasar,0.1588235294118263
248.0,perbandingan,0.15882352942618302
248.0,sistem_persamaan_linear,0.15882352941270705
248.0,statistika_dasar,0.15882352941270705
248.0,trigonometri,0.1588235294118263
249.0,aljabar_dasar,0.999999999052755
249.0,aritmatika_sosial,0.9752261229182934
249.0,himpunan,0.1588235371363518
249.0,integral,0.15882352941176495
249.0,limit,0.15882352941176872
249.0,peluang_dasar,0.1588506175870778
249.0,perbandingan,0.6971174554648604
249.0,persamaan_linear_satu_variabel,0.9997021758324857
249.0,sistem_persamaan_linear,0.15882352942618302
249.0,statistika_dasar,0.15882352941176872
249.0,teorema_pythagoras,0.15882352941176872
249.0,trigonometri,0.15882352941176495
249.0,turunan,0.15882352942618302
250.0,aritmatika_sosial,0.1588235294118263
250.0,barisan_deret,0.15882352941176495
250.0,eksponen_logaritma,0.15882352941176495
250.0,fungsi_kuadrat,0.15882352941176872
250.0,himpunan,0.17537316187584942
250.0,integral,0.15882352941176495
250.0,matriks,0.15882352941176872
250.0,peluang_dasar,0.15882352942618302
250.0,persamaan_linear_satu_variabel,0.9999997264973288
250.0,sistem_persamaan_linear,0.15882352942618302
250.0,trigonometri,0.15882352942618302
251.0,aljabar_dasar,0.15882364759793166
251.0,aritmatika_sosial,0.15882352991663967
251.0,bangun_ruang,0.15882352941176495
251.0,barisan_deret,0.1588235294118263
251.0,eksponen_logaritma,0.15882352942618302
251.0,fungsi_kuadrat,0.15882352941270705
251.0,himpunan,0.15882352941270705
251.0,integral,0.15882352941270705
251.0,limit,0.15882352941176495
251.0,matriks,0.15882352941270705
251.0,perbandingan,0.15882352941176872
251.0,persamaan_linear_satu_variabel,0.15882352941176495
251.0,sistem_persamaan_linear,0.15882352941176495
251.0,statistika_dasar,0.15882352941176872
251.0,teorema_pythagoras,0.15882352941176872
251.0,trigonometri,0.1588235294118263
251.0,turunan,0.15882352942618302
252.0,aljabar_dasar,0.9999969464605118
252.0,aritmatika_sosial,0.9634005301267374
252.0,bangun_ruang,0.1588235294118263
252.0,bilangan_bulat,0.9999999998452842
252.0,eksponen_logaritma,0.15882352942618302
252.0,fungsi_kuadrat,0.15882352941176495
252.0,himpunan,0.33300436666930383
252.0,integral,0.15882352941176872
252.0,limit,0.15882352941270705
252.0,peluang_dasar,0.15882352942618302
252.0,perbandingan,0.8317434877053007
252.0,persamaan_linear_satu_variabel,0.23237824903895235
252.0,sistem_persamaan_linear,0.15882352941176872
252.0,statistika_dasar,0.15882352941176872
252.0,turunan,0.15882352941176872
253.0,aritmatika_sosial,0.9999787725768943
253.0,bangun_ruang,0.1588235294118263
253.0,barisan_deret,0.15882352942618302
253.0,eksponen_logaritma,0.1588235294118263
253.0,fungsi_kuadrat,0.1588235294118263
253.0,himpunan,0.15882352941176872
253.0,integral,0.15882352941176495
253.0,limit,0.15882352941176872
253.0,matriks,0.15882352941176495
253.0,peluang_dasar,0.15882352941270705
253.0,perbandingan,0.9999985061949929
253.0,sistem_persamaan_linear,0.15882352941176495
253.0,teorema_pythagoras,0.15923778787898807
253.0,trigonometri,0.1588235294118263
253.0,turunan,0.15882352941270705
254.0,aljabar_dasar,0.999998677560652
254.0,barisan_deret,0.15882352942618302
254.0,bilangan_bulat,0.9999999998770049
254.0,fungsi_kuadrat,0.15882352941176495
254.0,himpunan,0.9772010744111422
254.0,integral,0.15882352941176872
254.0,limit,0.15882352941176872
254.0,matriks,0.15882352941176495
254.0,peluang_dasar,0.1588235294118263
254.0,persamaan_linear_satu_variabel,0.7029582054939065
254.0,statistika_dasar,0.15882352941270705
254.0,teorema_pythagoras,0.15882352941176872
254.0,trigonometri,0.15882352941176872
254.0,turunan,0.15882352942618302
255.0,aljabar_dasar,0.15882352941176872
255.0,aritmatika_sosial,0.15882352941270705
255.0,bangun_ruang,0.15882352941176872
255.0,barisan_deret,0.15882352942618302
255.0,bilangan_bulat,0.9966810698686537
255.0,eksponen_logaritma,0.15882352941270705
255.0,fungsi_kuadrat,0.15882352941176495
255.0,himpunan,0.2458117890467293
255.0,matriks,0.15882352942618302
255.0,peluang_dasar,0.15882352941270705
255.0,perbandingan,0.15882352941176872
255.0,persamaan_linear_satu_variabel,0.15882352941176495
255.0,sistem_persamaan_linear,0.15882352941176872
255.0,statistika_dasar,0.15882352942618302
255.0,trigonometri,0.15882352941176872
255.0,turunan,0.15882352941176495
256.0,aljabar_dasar,0.9542272682713971
256.0,bangun_ruang,0.1588235294118263
256.0,bilangan_bulat,0.9996192708188802
256.0,fungsi_kuadrat,0.15882352941176495
256.0,himpunan,0.15882530009512885
256.0,integral,0.1588235294118263
256.0,matriks,0.15882352942618302
256.0,peluang_dasar,0.15923778787898807
256.0,persamaan_linear_satu_variabel,0.9965470690424758
256.0,statistika_dasar,0.15882352941176495
256.0,trigonometri,0.15882352941176872
256.0,turunan,0.15882352941176495
257.0,aritmatika_sosial,0.15885070391444153
257.0,bangun_ruang,0.15882352941176872
257.0,fungsi_kuadrat,0.1588235294118263
257.0,himpunan,0.16965574778836995
257.0,integral,0.15882352941176872
257.0,limit,0.15882352941270705
257.0,matriks,0.1588235294118263
257.0,peluang_dasar,0.15882352941176495
257.0,perbandingan,0.6957762034348767
257.0,sistem_persamaan_linear,0.15882352942618302
257.0,teorema_pythagoras,0.15882529993402855
258.0,aljabar_dasar,0.7924969455560423
258.0,bangun_ruang,0.15882352941176495
258.0,bilangan_bulat,0.9996892162930817
258.0,eksponen_logaritma,0.15882352941176872
258.0,himpunan,0.1588235294118263
258.0,integral,0.15882352941270705
258.0,limit,0.15882352942618302
258.0,perbandingan,0.15882352941176495
258.0,sistem_persamaan_linear,0.1588235294118263
258.0,teorema_pythagoras,0.15882352941176495
258.0,trigonometri,0.15882352941270705
259.0,aritmatika_sosial,0.15882529993402855
259.0,bangun_ruang,0.15882352941270705
259.0,barisan_deret,0.15882352941176872
259.0,bilangan_bulat,0.16143253562462986
259.0,fungsi_kuadrat,0.1588235294118263
259.0,himpunan,0.1588235294118263
259.0,limit,0.15882352941176495
259.0,matriks,0.15882352942618302
259.0,peluang_dasar,0.1588235294118263
259.0,perbandingan,0.9966528347798316
259.0,trigonometri,0.15882352941270705
259.0,turunan,0.15882352941270705
260.0,aritmatika_sosial,0.15882352941270705
260.0,bangun_ruang,0.15882352941176495
260.0,barisan_deret,0.1588235294118263
260.0,bilangan_bulat,0.9992207076235081
260.0,eksponen_logaritma,0.15882352942618302
260.0,fungsi_kuadrat,0.15882352942618302
260.0,himpunan,0.15882352942618302
260.0,perbandingan,0.1588235369758942
260.0,persamaan_linear_satu_variabel,0.6957449052157244
260.0,sistem_persamaan_linear,0.15882352941176495
260.0,statistika_dasar,0.15882352941176872
260.0,teorema_pythagoras,0.15882352941176495
260.0,trigonometri,0.15882352942618302
261.0,aritmatika_sosial,0.1588235294118263
261.0,bangun_ruang,0.1588252999445159
261.0,barisan_deret,0.15882352942618302
261.0,bilangan_bulat,0.9999998663435838
261.0,eksponen_logaritma,0.15882352941176495
261.0,himpunan,0.15882352942618302
261.0,integral,0.15882352941176495
261.0,limit,0.15882352942618302
261.0,matriks,0.1588235294118263
261.0,perbandingan,0.15882352941270705
261.0,persamaan_linear_satu_variabel,0.15882352941270705
261.0,sistem_persamaan_linear,0.6957446811736256
261.0,statistika_dasar,0.15882352942618302
261.0,teorema_pythagoras,0.1588235294118263
261.0,trigonometri,0.15882352941176495
261.0,turunan,0.15882352942618302
262.0,aljabar_dasar,0.24952894854292124
262.0,bangun_ruang,0.15882352942618302
262.0,barisan_deret,0.15882352942618302
262.0,bilangan_bulat,0.9965372790882453
262.0,fungsi_kuadrat,0.15882352941270705
262.0,himpunan,0.15882352942618302
262.0,integral,0.15882352941176495
262.0,limit,0.15882352942618302
262.0,matriks,0.15882352941270705
262.0,peluang_dasar,0.15882352941176495
262.0,persamaan_linear_satu_variabel,0.16965574778836995
262.0,sistem_persamaan_linear,0.15882352941270705
262.0,statistika_dasar,0.15882352941176495
262.0,trigonometri,0.15882352942618302
262.0,turunan,0.15882352941270705
263.0,aljabar_dasar,0.15882352941176495
263.0,barisan_deret,0.15882352941176495
263.0,bilangan_bulat,0.6501566071290714
263.0,eksponen_logaritma,0.15882352941176872
263.0,himpunan,0.15882352941176495
263.0,integral,0.15882352941176872
263.0,limit,0.15882352941176872
263.0,peluang_dasar,0.15882352941270705
263.0,perbandingan,0.15882352941176495
263.0,persamaan_linear_satu_variabel,0.15882352942618302
263.0,statistika_dasar,0.15882352942618302
263.0,teorema_pythagoras,0.15882352941176872
263.0,trigonometri,0.15882352941176495
264.0,aritmatika_sosial,0.1588235294118263
264.0,bilangan_bulat,0.9957499393151337
264.0,eksponen_logaritma,0.15882352942618302
264.0,fungsi_kuadrat,0.15882352941176872
264.0,himpunan,0.15882352941176872
264.0,integral,0.15882352942618302
264.0,limit,0.1588235294118263
264.0,peluang_dasar,0.15882352941270705
264.0,perbandingan,0.15882352941176872
264.0,persamaan_linear_satu_variabel,0.6957446808510697
264.0,sistem_persamaan_linear,0.15882352942618302
264.0,statistika_dasar,0.15882352941270705
264.0,trigonometri,0.15882352941176872
264.0,turunan,0.15882352941176872
265.0,aritmatika_sosial,0.15882352941270705
265.0,barisan_deret,0.15882352941176872
265.0,bilangan_bulat,0.962770673371663
265.0,himpunan,0.15882352941270705
265.0,limit,0.15882352941270705
265.0,perbandingan,0.15882352990615223
265.0,sistem_persamaan_linear,0.15882352941176872
265.0,statistika_dasar,0.15882352941176872
265.0,trigonometri,0.15882352941176872
265.0,turunan,0.15882352941176495
266.0,aljabar_dasar,0.15885191096725254
266.0,aritmatika_sosial,0.15882352942618302
266.0,barisan_deret,0.15882352941176872
266.0,bilangan_bulat,0.9979176175309812
266.0,eksponen_logaritma,0.15882352941176495
266.0,fungsi_kuadrat,0.15882352941176495
266.0,himpunan,0.15882352942618302
266.0,integral,0.1588235294118263
266.0,limit,0.15882352941176495
266.0,peluang_dasar,0.15882352942618302
266.0,persamaan_linear_satu_variabel,0.15882352941270705
266.0,sistem_persamaan_linear,0.15882352941176872
266.0,statistika_dasar,0.15882352941270705
266.0,teorema_pythagoras,0.1588235294118263
266.0,trigonometri,0.15882352941176872
266.0,turunan,0.15882352941270705
267.0,aljabar_dasar,0.9999973729734717
267.0,aritmatika_sosial,0.9994295603215109
267.0,eksponen_logaritma,0.15882352941270705
267.0,fungsi_kuadrat,0.15882352941176495
267.0,himpunan,0.15923779018110648
267.0,matriks,0.15882352942618302
267.0,sistem_persamaan_linear,0.1588235294118263
267.0,statistika_dasar,0.15882364514293124
268.0,aritmatika_sosial,0.15882352941270705
268.0,bilangan_bulat,0.1588235294118263
268.0,eksponen_logaritma,0.15882352941176495
268.0,fungsi_kuadrat,0.2458117910202285
268.0,himpunan,0.15882352941176495
268.0,matriks,0.15882352941176495
268.0,peluang_dasar,0.15882352941270705
268.0,persamaan_linear_satu_variabel,0.15882352944476308
268.0,sistem_persamaan_linear,0.15882352941176495
268.0,statistika_dasar,0.1588235294118263
268.0,teorema_pythagoras,0.15882352941176872
269.0,aljabar_dasar,0.704771252963647
269.0,aritmatika_sosial,0.15882352941270705
269.0,bangun_ruang,0.15882352942618302
269.0,barisan_deret,0.1588235294118263
269.0,bilangan_bulat,0.9999975112411643
269.0,eksponen_logaritma,0.15882352941270705
269.0,himpunan,0.15882352941270705
269.0,integral,0.15882352942618302
269.0,limit,0.15882352941176872
269.0,matriks,0.1588235294118263
269.0,peluang_dasar,0.1588235294118263
269.0,perbandingan,0.6957446808511539
269.0,sistem_persamaan_linear,0.15882352941176495
269.0,statistika_dasar,0.15882352941176495
269.0,teorema_pythagoras,0.15882352942618302
269.0,trigonometri,0.15882352941176495
269.0,turunan,0.1588235294118263
270.0,aljabar_dasar,0.6957446811736256
270.0,aritmatika_sosial,0.15882352941176872
270.0,bangun_ruang,0.15882352941176495
270.0,barisan_deret,0.15882352941176495
270.0,fungsi_kuadrat,0.15882352942618302
270.0,himpunan,0.15882352942618302
270.0,integral,0.15882352942618302
270.0,peluang_dasar,0.15882352941270705
270.0,perbandingan,0.15882352941270705
270.0,persamaan_linear_satu_variabel,0.16511735805355915
270.0,sistem_persamaan_linear,0.15882352941176872
270.0,statistika_dasar,0.15882352941270705
270.0,trigonometri,0.15882352941176872
271.0,aljabar_dasar,0.9999626814578506
271.0,aritmatika_sosial,0.15882364529354476
271.0,bangun_ruang,0.15882352941270705
271.0,barisan_deret,0.1588235294118263
271.0,eksponen_logaritma,0.15882352942618302
271.0,fungsi_kuadrat,0.15882352941176495
271.0,himpunan,0.15882352941194772
271.0,integral,0.15882352941176495
271.0,limit,0.15882352942618302
271.0,peluang_dasar,0.1588235294118263
271.0,perbandingan,0.1625208442804395
271.0,persamaan_linear_satu_variabel,0.9977332036803749
271.0,sistem_persamaan_linear,0.15882352941176495
271.0,statistika_dasar,0.15923778787898807
271.0,teorema_pythagoras,0.15882352941176495
271.0,trigonometri,0.15882352941176495
271.0,turunan,0.15882352941176495
272.0,aljabar_dasar,0.16511736511164454
272.0,aritmatika_sosial,0.1588235294118263
272.0,bangun_ruang,0.15882352941176495
272.0,barisan_deret,0.15882352941270705
272.0,bilangan_bulat,0.24951719750308365
272.0,eksponen_logaritma,0.15882352941176495
272.0,himpunan,0.1588235294118263
272.0,integral,0.1588235294118263
272.0,matriks,0.1588235294118263
272.0,peluang_dasar,0.15882352941270705
272.0,perbandingan,0.15882352941176872
272.0,persamaan_linear_satu_variabel,0.15882352941270705
272.0,sistem_persamaan_linear,0.1588235294118263
272.0,statistika_dasar,0.15882352941176495
272.0,trigonometri,0.15882352941176872
272.0,turunan,0.15882352942618302
273.0,aritmatika_sosial,0.15923908159015132
273.0,bangun_ruang,0.15882352942618302
273.0,barisan_deret,0.1588235294118263
273.0,eksponen_logaritma,0.1588235294118263
273.0,fungsi_kuadrat,0.15882352942618302
273.0,himpunan,0.245811789038816
273.0,integral,0.15882352941270705
273.0,limit,0.15882352942618302
273.0,matriks,0.15882352942618302
273.0,peluang_dasar,0.15882352941176495
273.0,perbandingan,0.9545535104535539
273.0,persamaan_linear_satu_variabel,0.999999980101323
273.0,sistem_persamaan_linear,0.1588235294118263
273.0,statistika_dasar,0.15882352941270705
273.0,turunan,0.15882352941176872
274.0,aljabar_dasar,0.16511735790519097
274.0,bangun_ruang,0.15882352941270705
274.0,bilangan_bulat,0.9936823968431077
274.0,fungsi_kuadrat,0.1588235294118263
274.0,himpunan,0.15882364759793166
274.0,integral,0.15882352942618302
274.0,matriks,0.15882352942618302
274.0,persamaan_linear_satu_variabel,0.16511736032359203
274.0,sistem_persamaan_linear,0.1588235294118263
274.0,teorema_pythagoras,0.15882352944411965
274.0,trigonometri,0.1588235294118263
275.0,aljabar_dasar,0.15923778772852282
275.0,barisan_deret,0.1588235294118263
275.0,bilangan_bulat,0.24581178942317652
275.0,eksponen_logaritma,0.15882352942618302
275.0,fungsi_kuadrat,0.1588235294118263
275.0,himpunan,0.15882352942618302
275.0,integral,0.15882352941176495
275.0,matriks,0.15882352941270705
275.0,perbandingan,0.1588506175969212
275.0,persamaan_linear_satu_variabel,0.15882352941176872
275.0,statistika_dasar,0.15882352942618302
275.0,teorema_pythagoras,0.15882352941270705
275.0,trigonometri,0.15882352941176872
275.0,turunan,0.1588235294118263
276.0,aritmatika_sosial,0.24581285087078653
276.0,barisan_deret,0.1588235294118263
276.0,fungsi_kuadrat,0.1588235294118263
276.0,himpunan,0.1588235294118263
276.0,limit,0.15882352941176495
276.0,perbandingan,0.7032636996920856
276.0,persamaan_linear_satu_variabel,0.15882352941270705
276.0,sistem_persamaan_linear,0.15882352941270705
276.0,statistika_dasar,0.15882352941270705
276.0,teorema_pythagoras,0.15882352942618302
276.0,trigonometri,0.15882352942618302
277.0,aritmatika_sosial,0.15882352942618302
277.0,bangun_ruang,0.15882352942618302
277.0,barisan_deret,0.1588235294118263
277.0,eksponen_logaritma,0.1588235294118263
277.0,fungsi_kuadrat,0.15882352941176872
277.0,himpunan,0.16511735789549373
277.0,integral,0.15882352941176872
277.0,limit,0.15882352941270705
277.0,matriks,0.15923778771804575
277.0,peluang_dasar,0.15882352942618302
277.0,perbandingan,0.9999832955348724
277.0,sistem_persamaan_linear,0.15882352941176872
277.0,statistika_dasar,0.15882352941176495
277.0,turunan,0.15882352941270705
278.0,aljabar_dasar,0.9998170432093144
278.0,aritmatika_sosial,0.15882352942618302
278.0,barisan_deret,0.15882352941176872
278.0,bilangan_bulat,0.9999999982195921
278.0,himpunan,0.15882352991663967
278.0,integral,0.15882352941270705
278.0,peluang_dasar,0.1588506175870778
278.0,teorema_pythagoras,0.15882352941176495
278.0,turunan,0.15882352941270705
279.0,aljabar_dasar,0.9999664189442623
279.0,aritmatika_sosial,0.710986340157656
279.0,bangun_ruang,0.15882352941176495
279.0,bilangan_bulat,0.9999999998770049
279.0,eksponen_logaritma,0.1588235294118263
279.0,fungsi_kuadrat,0.15882352942618302
279.0,himpunan,0.6957446808721462
279.0,perbandingan,0.15925755611632525
279.0,persamaan_linear_satu_variabel,0.5735242924983087
279.0,sistem_persamaan_linear,0.15882352941176872
279.0,teorema_pythagoras,0.16511735789549373
279.0,turunan,0.15882352941176495
280.0,aritmatika_sosial,0.15882352941270705
280.0,bangun_ruang,0.15882352941176495
280.0,bilangan_bulat,0.9330167754486842
280.0,fungsi_kuadrat,0.15882352941176495
280.0,himpunan,0.24581179492744537
280.0,integral,0.15882352941176872
280.0,peluang_dasar,0.15882352941176872
280.0,perbandingan,0.15882352941176495
280.0,persamaan_linear_satu_variabel,0.15882352942618302
280.0,statistika_dasar,0.15882352941176495
280.0,teorema_pythagoras,0.15882352941176495
280.0,trigonometri,0.15882352942618302
280.0,turunan,0.15882352942618302
281.0,aritmatika_sosial,0.24581178903829887
281.0,bangun_ruang,0.15882352941270705
281.0,barisan_deret,0.15882352942618302
281.0,bilangan_bulat,0.979805080060117
281.0,eksponen_logaritma,0.15882352941270705
281.0,himpunan,0.15882353698573823
281.0,integral,0.1588235294118263
281.0,matriks,0.15882352941270705
281.0,peluang_dasar,0.1588235294118263
281.0,perbandingan,0.15882352941176872
281.0,sistem_persamaan_linear,0.15882352942618302
281.0,teorema_pythagoras,0.15882352942618302
281.0,trigonometri,0.15882352942618302
282.0,aljabar_dasar,0.9999999981181761
282.0,barisan_deret,0.15882352941176872
282.0,eksponen_logaritma,0.15882352941270705
282.0,himpunan,0.6501566800533469
282.0,limit,0.15882352941270705
282.0,peluang_dasar,0.15882352941270705
282.0,perbandingan,0.6588881962587309
282.0,sistem_persamaan_linear,0.15882352941176495
282.0,statistika_dasar,0.15882352941176872
283.0,aljabar_dasar,0.999999999052755
283.0,bangun_ruang,0.245811789038816
283.0,bilangan_bulat,0.9999999846362609
283.0,eksponen_logaritma,0.1588235294118263
283.0,fungsi_kuadrat,0.15882352941176495
283.0,himpunan,0.16290494753302523
283.0,integral,0.15882352941176495
283.0,matriks,0.15882352942618302
283.0,peluang_dasar,0.15882352941270705
283.0,persamaan_linear_satu_variabel,0.999962648177513
283.0,sistem_persamaan_linear,0.15882352942618302
283.0,teorema_pythagoras,0.15954014087163518
284.0,aljabar_dasar,0.6501948611238834
284.0,bangun_ruang,0.15882352941176495
284.0,bilangan_bulat,0.999999731156709
284.0,fungsi_kuadrat,0.1588235294118263
284.0,himpunan,0.1592377877186885
284.0,integral,0.15882352941176495
284.0,limit,0.15882352941176872
284.0,perbandingan,0.15882352942618302
284.0,persamaan_linear_satu_variabel,0.1592377877186885
284.0,statistika_dasar,0.1588235294118263
284.0,trigonometri,0.15882352941176872
284.0,turunan,0.15882352941270705
285.0,barisan_deret,0.15882352941270705
285.0,bilangan_bulat,0.9999999998316264
285.0,eksponen_logaritma,0.15882352941270705
285.0,fungsi_kuadrat,0.15882352941176872
285.0,himpunan,0.15882365245844515
285.0,integral,0.15882352941176872
285.0,limit,0.15882352941270705
285.0,matriks,0.1588235294118263
285.0,perbandingan,0.999999784002515
285.0,persamaan_linear_satu_variabel,0.9847811062621898
285.0,sistem_persamaan_linear,0.15882352942618302
285.0,statistika_dasar,0.15882352942618302
285.0,teorema_pythagoras,0.7486108609660305
286.0,aljabar_dasar,0.6957472697076337
286.0,aritmatika_sosial,0.15882352942618302
286.0,bangun_ruang,0.15882352942618302
286.0,barisan_deret,0.15882352941270705
286.0,bilangan_bulat,0.16511736032359203
286.0,eksponen_logaritma,0.15882352942618302
286.0,himpunan,0.15882352942618302
286.0,integral,0.15882352941176495
286.0,limit,0.15882352941270705
286.0,matriks,0.15882352941176872
286.0,perbandingan,0.1588506175870778
286.0,persamaan_linear_satu_variabel,0.6963495033643646
286.0,teorema_pythagoras,0.15882352941270705
286.0,trigonometri,0.15882352941270705
286.0,turunan,0.15882352941270705
287.0,aljabar_dasar,0.9997137081228142
287.0,aritmatika_sosial,0.9965372778665692
287.0,bangun_ruang,0.15882352942618302
287.0,bilangan_bulat,0.9999999999860004
287.0,eksponen_logaritma,0.15882352942618302
287.0,fungsi_kuadrat,0.15882352941176872
287.0,himpunan,0.6957446808721462
287.0,integral,0.15882352942618302
287.0,limit,0.15882352942618302
287.0,matriks,0.15882352941270705
287.0,perbandingan,0.5137390350833848
287.0,sistem_persamaan_linear,0.15882352942618302
287.0,statistika_dasar,0.15882352941176872
287.0,teorema_pythagoras,0.1588235294118263
287.0,turunan,0.15882352941176495
288.0,aljabar_dasar,0.999999989413145
288.0,aritmatika_sosial,0.29806168232681696
288.0,barisan_deret,0.15882352941176872
288.0,himpunan,0.15923910731962984
288.0,integral,0.15882352941176495
288.0,matriks,0.1588235294118263
288.0,perbandingan,0.15887040419534584
288.0,persamaan_linear_satu_variabel,0.9953138223631556
288.0,statistika_dasar,0.1588235369758942
288.0,teorema_pythagoras,0.1588235294118263
288.0,trigonometri,0.15882352941176495
288.0,turunan,0.1588235294118263
289.0,aritmatika_sosial,0.7047426788024354
289.0,bangun_ruang,0.15882352942618302
289.0,barisan_deret,0.15882352942618302
289.0,eksponen_logaritma,0.15882352941176495
289.0,fungsi_kuadrat,0.15882352941176495
289.0,himpunan,0.15882352942618302
289.0,limit,0.1588235294118263
289.0,matriks,0.1588235294118263
289.0,perbandingan,0.9957499863850756
289.0,statistika_dasar,0.6957446808510697
289.0,trigonometri,0.15882352941270705
289.0,turunan,0.15882352941176495
290.0,aljabar_dasar,0.9998168994804989
290.0,aritmatika_sosial,0.16511735805355915
290.0,bangun_ruang,0.15882352941176495
290.0,barisan_deret,0.1588235294118263
290.0,eksponen_logaritma,0.1588235294118263
290.0,fungsi_kuadrat,0.15882352941270705
290.0,himpunan,0.15882352941176495
290.0,integral,0.15882352942618302
290.0,matriks,0.15882352941270705
290.0,peluang_dasar,0.15882352941270705
290.0,persamaan_linear_satu_variabel,0.16724101748681172
290.0,sistem_persamaan_linear,0.15882352941270705
290.0,turunan,0.15882352941176495
291.0,aljabar_dasar,0.9999722656311505
291.0,barisan_deret,0.15882352941270705
291.0,bilangan_bulat,0.9999864933147712
291.0,fungsi_kuadrat,0.1588235294118263
291.0,himpunan,0.1588235294118263
291.0,limit,0.15882352941176495
291.0,matriks,0.15882352941176495
291.0,persamaan_linear_satu_variabel,0.9965372778665692
291.0,statistika_dasar,0.15882352941176495
291.0,teorema_pythagoras,0.1588235294118263
291.0,trigonometri,0.15882352941176872
291.0,turunan,0.15882352942618302
292.0,aljabar_dasar,0.9999623095687398
292.0,aritmatika_sosial,0.1588235294118263
292.0,bangun_ruang,0.15923778771804575
292.0,barisan_deret,0.15882352941176495
292.0,bilangan_bulat,0.9999999982512593
292.0,fungsi_kuadrat,0.15882352941270705
292.0,himpunan,0.2458117890467293
292.0,integral,0.15882352941176872
292.0,peluang_dasar,0.15882352941176495
292.0,perbandingan,0.7925104029452151
292.0,sistem_persamaan_linear,0.1588235294118263
292.0,statistika_dasar,0.1588235294118263
292.0,trigonometri,0.15882352941270705
292.0,turunan,0.15882352941176495
293.0,aljabar_dasar,0.7927026703233008
293.0,aritmatika_sosial,0.15882352942618302
293.0,bangun_ruang,0.15882352941176872
293.0,barisan_deret,0.15882352941270705
293.0,bilangan_bulat,0.3330071356903359
293.0,eksponen_logaritma,0.15882352942618302
293.0,fungsi_kuadrat,0.15882352941176872
293.0,himpunan,0.15882352942618302
293.0,integral,0.1588235294118263
293.0,peluang_dasar,0.1588235294118263
293.0,perbandingan,0.15882352941176872
293.0,persamaan_linear_satu_variabel,0.6957446808511539
293.0,sistem_persamaan_linear,0.1588235294118263
293.0,trigonometri,0.15882352941176872
293.0,turunan,0.15882352941270705
294.0,aljabar_dasar,0.9478859288017918
294.0,aritmatika_sosial,0.17294017733485814
294.0,bangun_ruang,0.15882352941270705
294.0,barisan_deret,0.15882352942618302
294.0,bilangan_bulat,0.9999996784354706
294.0,eksponen_logaritma,0.1651173578948599
294.0,himpunan,0.29879318061165844
294.0,integral,0.15882352941270705
294.0,limit,0.15882352941270705
294.0,matriks,0.15882352941270705
294.0,peluang_dasar,0.15882364529354476
294.0,perbandingan,0.298986650928021
294.0,persamaan_linear_satu_variabel,0.9499656852297583
294.0,sistem_persamaan_linear,0.1588235294118263
294.0,teorema_pythagoras,0.1588235294118263
294.0,trigonometri,0.15882352942618302
294.0,turunan,0.15882352942618302
295.0,aljabar_dasar,0.9999997773211557
295.0,aritmatika_sosial,0.962594245322993
295.0,bangun_ruang,0.1588235294118263
295.0,barisan_deret,0.15882352941270705
295.0,eksponen_logaritma,0.15882352941176495
295.0,fungsi_kuadrat,0.15882352941176872
295.0,himpunan,0.15885061774752507
295.0,integral,0.15882352941176495
295.0,limit,0.15882352941176495
295.0,persamaan_linear_satu_variabel,0.15882353006725325
295.0,sistem_persamaan_linear,0.15882352942618302
295.0,statistika_dasar,0.15882529993402855
295.0,teorema_pythagoras,0.15882352942618302
295.0,turunan,0.15882352941176495
296.0,aljabar_dasar,0.9760432208575586
296.0,bangun_ruang,0.15882352941270705
296.0,barisan_deret,0.15882352941176495
296.0,bilangan_bulat,0.9999988485146843
296.0,eksponen_logaritma,0.15882352941270705
296.0,himpunan,0.15882352941176495
296.0,integral,0.1588235294118263
296.0,peluang_dasar,0.15882352941176495
296.0,statistika_dasar,0.15882352944476308
296.0,teorema_pythagoras,0.6957446808510697
296.0,trigonometri,0.15882352941270705
296.0,turunan,0.1588235294118263
297.0,aljabar_dasar,0.9999999715359802
297.0,bangun_ruang,0.15882352990615223
297.0,barisan_deret,0.15882352941270705
297.0,bilangan_bulat,0.9999997815587466
297.0,eksponen_logaritma,0.15882352941270705
297.0,fungsi_kuadrat,0.15882352941176495
297.0,himpunan,0.22954638148145717
297.0,limit,0.15882352941176495
297.0,matriks,0.15882352942618302
297.0,peluang_dasar,0.15882352941270705
297.0,perbandingan,0.9544358267702007
297.0,statistika_dasar,0.15923778772852282
297.0,trigonometri,0.15882352942618302
297.0,turunan,0.15882352941270705
298.0,aljabar_dasar,0.15923779018110648
298.0,aritmatika_sosial,0.15882364514293124
298.0,bangun_ruang,0.15882352941270705
298.0,barisan_deret,0.1588235294118263
298.0,bilangan_bulat,0.9999998673977568
298.0,fungsi_kuadrat,0.15882352941270705
298.0,himpunan,0.15885191096725254
298.0,integral,0.15882352942618302
298.0,limit,0.15882352941270705
298.0,matriks,0.1588235294118263
298.0,peluang_dasar,0.15882352941176872
298.0,perbandingan,0.245811789038816
298.0,persamaan_linear_satu_variabel,0.7924978439125474
298.0,teorema_pythagoras,0.15882352942618302
298.0,trigonometri,0.15882352941176495
298.0,turunan,0.15882352942618302
299.0,aljabar_dasar,0.9999489191906596
299.0,bangun_ruang,0.15882352941270705
299.0,barisan_deret,0.15882352941176872
299.0,bilangan_bulat,0.9999973728222241
299.0,fungsi_kuadrat,0.15882352941176495
299.0,himpunan,0.15885061774752507
299.0,integral,0.15882352941176495
299.0,limit,0.15882352941270705
299.0,peluang_dasar,0.15882352941270705
299.0,perbandingan,0.964097640367999
299.0,sistem_persamaan_linear,0.15882352941270705
299.0,statistika_dasar,0.1588235294118263
299.0,teorema_pythagoras,0.16384012329140019
299.0,trigonometri,0.15882352941270705
299.0,turunan,0.15882352941176872
300.0,aritmatika_sosial,0.6957446808524417
300.0,bangun_ruang,0.15882352941270705
300.0,barisan_deret,0.1588235294118263
300.0,bilangan_bulat,0.9999996955752559
300.0,fungsi_kuadrat,0.1588235294118263
300.0,himpunan,0.2458117890467293
300.0,limit,0.15882352941270705
300.0,peluang_dasar,0.15882352941176872
300.0,perbandingan,0.15882352944476308
300.0,persamaan_linear_satu_variabel,0.2297432604019751
300.0,sistem_persamaan_linear,0.15882352941176495
300.0,statistika_dasar,0.15882352941270705
300.0,teorema_pythagoras,0.15882352941270705
300.0,trigonometri,0.15882352942618302
301.0,aljabar_dasar,0.1651174411747218
301.0,bangun_ruang,0.1588235294118263
301.0,barisan_deret,0.1588235294118263
301.0,bilangan_bulat,0.6963495033643646
301.0,eksponen_logaritma,0.15882352941176495
301.0,himpunan,0.15882352941270705
301.0,integral,0.1588235294118263
301.0,limit,0.1588235294118263
301.0,peluang_dasar,0.1588235294118263
301.0,perbandingan,0.15882352941270705
301.0,persamaan_linear_satu_variabel,0.15882352941270705
301.0,statistika_dasar,0.15882352941176872
301.0,teorema_pythagoras,0.15882352942618302
301.0,trigonometri,0.15882352941270705
301.0,turunan,0.15882352941270705
302.0,aljabar_dasar,0.9997021758324857
302.0,bangun_ruang,0.15882352941270705
302.0,bilangan_bulat,0.999999989413145
302.0,eksponen_logaritma,0.15882352942618302
302.0,fungsi_kuadrat,0.15882352941270705
302.0,himpunan,0.9772010743973216
302.0,matriks,0.1588235294118263
302.0,peluang_dasar,0.15882352942618302
302.0,perbandingan,0.1588235294118263
302.0,persamaan_linear_satu_variabel,0.999689219610561
302.0,sistem_persamaan_linear,0.15882352941176495
302.0,statistika_dasar,0.15882352941176495
302.0,teorema_pythagoras,0.6957446808511539
302.0,trigonometri,0.15882352941270705
302.0,turunan,0.15882352942618302
303.0,aljabar_dasar,0.9997461831414984
303.0,aritmatika_sosial,0.7924969455627373
303.0,barisan_deret,0.15882352941176872
303.0,bilangan_bulat,0.9999999999860004
303.0,fungsi_kuadrat,0.1588235294118263
303.0,himpunan,0.1588506175870778
303.0,matriks,0.15882352941270705
303.0,peluang_dasar,0.15882352941176495
303.0,persamaan_linear_satu_variabel,0.9999658369632368
303.0,sistem_persamaan_linear,0.1588235294118263
303.0,statistika_dasar,0.16965572269249474
303.0,teorema_pythagoras,0.9625942461022025
303.0,trigonometri,0.15882352942618302
304.0,aljabar_dasar,0.9999966317938385
304.0,aritmatika_sosial,0.6957446808510697
304.0,bangun_ruang,0.15882352941176872
304.0,barisan_deret,0.15882352942618302
304.0,eksponen_logaritma,0.15882352942618302
304.0,fungsi_kuadrat,0.15882352941176872
304.0,himpunan,0.1588235294118263
304.0,integral,0.15882352941176495
304.0,limit,0.15882352942618302
304.0,matriks,0.1588235294118263
304.0,perbandingan,0.15923778787898807
304.0,persamaan_linear_satu_variabel,0.9997022098788921
304.0,sistem_persamaan_linear,0.15882352941176495
304.0,statistika_dasar,0.15882352941176872
304.0,teorema_pythagoras,0.15882352941176495
305.0,bangun_ruang,0.15882352942618302
305.0,barisan_deret,0.15882352941270705
305.0,bilangan_bulat,0.9999797679354927
305.0,eksponen_logaritma,0.15882352941176872
305.0,fungsi_kuadrat,0.15882352942618302
305.0,himpunan,0.1588235294118263
305.0,integral,0.15882352941270705
305.0,limit,0.15882352941176872
305.0,matriks,0.15882352942618302
305.0,perbandingan,0.3331058763274972
305.0,statistika_dasar,0.2458117910202285
305.0,teorema_pythagoras,0.15882352942618302
305.0,trigonometri,0.15882352941176872
306.0,aljabar_dasar,0.9979573225820692
306.0,aritmatika_sosial,0.16511735790519097
306.0,barisan_deret,0.15882352941176495
306.0,bilangan_bulat,0.9999999986253497
306.0,eksponen_logaritma,0.15882352942618302
306.0,fungsi_kuadrat,0.15882352941176495
306.0,himpunan,0.6957446808524417
306.0,integral,0.15882352941176872
306.0,matriks,0.15882352941270705
306.0,peluang_dasar,0.15882352942618302
306.0,perbandingan,0.15882352941270705
306.0,persamaan_linear_satu_variabel,0.9999870689379039
306.0,sistem_persamaan_linear,0.15882352941176872
306.0,turunan,0.15882352942618302
307.0,aljabar_dasar,0.9997024226213604
307.0,bangun_ruang,0.15882352941176495
307.0,barisan_deret,0.15882352941270705
307.0,eksponen_logaritma,0.15882352941176872
307.0,himpunan,0.2458117910202285
307.0,integral,0.15882352941176872
307.0,limit,0.15882352941270705
307.0,peluang_dasar,0.15882352942618302
307.0,perbandingan,0.9957499863850756
307.0,persamaan_linear_satu_variabel,0.9999997117804342
307.0,sistem_persamaan_linear,0.15882352941270705
307.0,teorema_pythagoras,0.15882352941176495
307.0,turunan,0.15882352941176872
308.0,barisan_deret,0.1588235294118263
308.0,bilangan_bulat,0.9999975114473385
308.0,fungsi_kuadrat,0.15882352941176495
308.0,himpunan,0.15882352941176495
308.0,limit,0.15882352941176495
308.0,peluang_dasar,0.9625942452720643
308.0,perbandingan,0.15923778787898807
308.0,persamaan_linear_satu_variabel,0.9995010050352684
308.0,sistem_persamaan_linear,0.15882352941176495
308.0,statistika_dasar,0.15882353006725325
308.0,trigonometri,0.1588235294118263
308.0,turunan,0.15882352941176495
309.0,aritmatika_sosial,0.15923778787898807
309.0,bilangan_bulat,0.9999999981181762
309.0,himpunan,0.6501566071481019
309.0,integral,0.15882352942618302
309.0,matriks,0.15882352941176495
309.0,peluang_dasar,0.15882352941270705
309.0,perbandingan,0.15925797716978776
309.0,persamaan_linear_satu_variabel,0.9999999982708232
309.0,sistem_persamaan_linear,0.15882352941270705
309.0,statistika_dasar,0.1588235294118263
309.0,teorema_pythagoras,0.15923778772852282
309.0,trigonometri,0.1588235294118263
309.0,turunan,0.15882352941176872
310.0,aritmatika_sosial,0.1651173578948599
310.0,bangun_ruang,0.15882352941176872
310.0,barisan_deret,0.15882352941176495
310.0,bilangan_bulat,0.9994977658058083
310.0,fungsi_kuadrat,0.15882352941176495
310.0,himpunan,0.15882352941176495
310.0,integral,0.15882352942618302
310.0,limit,0.15882352941176872
310.0,peluang_dasar,0.15882352941270705
310.0,persamaan_linear_satu_variabel,0.6957446808510697
310.0,sistem_persamaan_linear,0.15882352941176495
310.0,statistika_dasar,0.15882352941270705
310.0,teorema_pythagoras,0.15882352941176872
310.0,trigonometri,0.15882352941176872
310.0,turunan,0.15882352941176872
311.0,bangun_ruang,0.1588235294118263
311.0,barisan_deret,0.1588235294118263
311.0,bilangan_bulat,0.9944643530438144
311.0,fungsi_kuadrat,0.15882352941176872
311.0,himpunan,0.15882352942618302
311.0,integral,0.15882352941176872
311.0,peluang_dasar,0.15882352942618302
311.0,perbandingan,0.15923779018110648
311.0,persamaan_linear_satu_variabel,0.6957449052157244
311.0,statistika_dasar,0.1588235294118263
311.0,teorema_pythagoras,0.24581178916780289
311.0,trigonometri,0.15882352941176872
311.0,turunan,0.15882352941176495
312.0,aljabar_dasar,0.9999997776030644
312.0,aritmatika_sosial,0.22004161986982373
312.0,bangun_ruang,0.15882352941176872
312.0,barisan_deret,0.15882352941270705
312.0,eksponen_logaritma,0.1651173578948599
312.0,fungsi_kuadrat,0.15882352941270705
312.0,himpunan,0.6963513893639773
312.0,integral,0.15882352942618302
312.0,limit,0.1588235294118263
312.0,matriks,0.15882352942618302
312.0,peluang_dasar,0.15923778772852282
312.0,perbandingan,0.91506837820544
312.0,statistika_dasar,0.15882352942618302
312.0,trigonometri,0.15882352941176495
312.0,turunan,0.1588235294118263
313.0,aljabar_dasar,0.9999999809230825
313.0,aritmatika_sosial,0.15882364529354476
313.0,bangun_ruang,0.15882352942618302
313.0,barisan_deret,0.15882352942618302
313.0,eksponen_logaritma,0.15882352942618302
313.0,fungsi_kuadrat,0.15882352941176872
313.0,himpunan,0.16511736032359203
313.0,integral,0.15882352941176495
313.0,limit,0.15882352941270705
313.0,peluang_dasar,0.15882352941176495
313.0,persamaan_linear_satu_variabel,0.9966857445635952
313.0,sistem_persamaan_linear,0.15882352941270705
313.0,statistika_dasar,0.15882352941176872
313.0,teorema_pythagoras,0.245811789038816
313.0,trigonometri,0.1588235294118263
313.0,turunan,0.1588235294118263
314.0,aritmatika_sosial,0.7047426821965103
314.0,bangun_ruang,0.15882352942618302
314.0,eksponen_logaritma,0.15882352942618302
314.0,fungsi_kuadrat,0.15882352941176495
314.0,himpunan,0.24605508992709232
314.0,integral,0.15882352941176872
314.0,limit,0.15882352941270705
314.0,matriks,0.15882352942618302
314.0,peluang_dasar,0.15882352941270705
314.0,perbandingan,0.9995789106039202
314.0,persamaan_linear_satu_variabel,0.9998814303642712
314.0,sistem_persamaan_linear,0.1588235294118263
314.0,trigonometri,0.15882352941270705
314.0,turunan,0.1588235294118263
315.0,aljabar_dasar,0.9999998695676294
315.0,aritmatika_sosial,0.15882530009512885
315.0,bangun_ruang,0.15882352942618302
315.0,bilangan_bulat,0.9999999982708232
315.0,eksponen_logaritma,0.15882352942618302
315.0,himpunan,0.6501566071481019
315.0,peluang_dasar,0.15882352942618302
315.0,sistem_persamaan_linear,0.15882352942618302
315.0,statistika_dasar,0.24581178916780289
315.0,teorema_pythagoras,0.1588235294118263
315.0,trigonometri,0.15882352941176495
315.0,turunan,0.15882352941270705
316.0,aljabar_dasar,0.9999995965496936
316.0,aritmatika_sosial,0.1592377877186885
316.0,barisan_deret,0.15882352942618302
316.0,eksponen_logaritma,0.15882352941270705
316.0,fungsi_kuadrat,0.1588235294118263
316.0,himpunan,0.15882352941270705
316.0,integral,0.15882352941176495
316.0,limit,0.15882352941270705
316.0,matriks,0.15882352942618302
316.0,peluang_dasar,0.1588235294118263
316.0,persamaan_linear_satu_variabel,0.962770673371663
316.0,sistem_persamaan_linear,0.1588235294118263
316.0,statistika_dasar,0.2495171975906596
316.0,turunan,0.1588235294118263
317.0,aljabar_dasar,0.9979176224676305
317.0,bilangan_bulat,0.999999999052755
317.0,himpunan,0.15882352942618302
317.0,integral,0.15882352941176495
317.0,limit,0.15882352941270705
317.0,matriks,0.15882352941176495
317.0,peluang_dasar,0.15882352941176495
317.0,perbandingan,0.9626771300654758
317.0,sistem_persamaan_linear,0.1588235294118263
317.0,statistika_dasar,0.6957446808524417
317.0,turunan,0.15882352941176495
318.0,aljabar_dasar,0.15923778787898807
318.0,bangun_ruang,0.15882352941176872
318.0,barisan_deret,0.1588235294118263
318.0,bilangan_bulat,0.658888920485627
318.0,eksponen_logaritma,0.15882352941270705
318.0,fungsi_kuadrat,0.15882352942618302
318.0,himpunan,0.15882352944411965
318.0,limit,0.15882352941270705
318.0,peluang_dasar,0.15882352941176495
318.0,perbandingan,0.15882352941270705
318.0,sistem_persamaan_linear,0.15882352941176495
318.0,statistika_dasar,0.15882352941176495
318.0,teorema_pythagoras,0.15882352942618302
318.0,trigonometri,0.15882352941270705
318.0,turunan,0.15882352942618302
319.0,aljabar_dasar,0.9999721874565007
319.0,aritmatika_sosial,0.15882364759793166
319.0,barisan_deret,0.1588235294118263
319.0,bilangan_bulat,0.9999999986253497
319.0,fungsi_kuadrat,0.15882352941176495
319.0,himpunan,0.15923907979857324
319.0,integral,0.1588235294118263
319.0,limit,0.15882352942618302
319.0,matriks,0.15882352941176495
319.0,peluang_dasar,0.15882352942618302
319.0,perbandingan,0.9999722491293945
319.0,persamaan_linear_satu_variabel,0.2522047481246914
319.0,sistem_persamaan_linear,0.15882352941176872
319.0,statistika_dasar,0.15882352941176872
319.0,teorema_pythagoras,0.22954602779530014
319.0,trigonometri,0.15882352942618302
320.0,bangun_ruang,0.15882352941176495
320.0,bilangan_bulat,0.9999999800762003
320.0,fungsi_kuadrat,0.1588235294118263
320.0,himpunan,0.15882352942618302
320.0,integral,0.15882352942618302
320.0,peluang_dasar,0.15882352941176495
320.0,perbandingan,0.15882352941270705
320.0,persamaan_linear_satu_variabel,0.8335980673542797
320.0,sistem_persamaan_linear,0.1588235294118263
320.0,statistika_dasar,0.1588235294118263
320.0,teorema_pythagoras,0.15882352941270705
320.0,trigonometri,0.15882352941176495
321.0,aljabar_dasar,0.9999985054184086
321.0,aritmatika_sosial,0.1588235369758942
321.0,bangun_ruang,0.15882352941176872
321.0,barisan_deret,0.1588235294118263
321.0,bilangan_bulat,0.9999893900122568
321.0,eksponen_logaritma,0.15882352941270705
321.0,fungsi_kuadrat,0.15882352942618302
321.0,himpunan,0.15882352941270705
321.0,limit,0.1588235294118263
321.0,peluang_dasar,0.15882352942618302
321.0,perbandingan,0.9997021585640312
321.0,sistem_persamaan_linear,0.15882352942618302
321.0,statistika_dasar,0.15882352941176872
321.0,teorema_pythagoras,0.15882352941176872
321.0,trigonometri,0.15882352941176872
322.0,aritmatika_sosial,0.9544360382420672
322.0,bangun_ruang,0.15882352941176872
322.0,barisan_deret,0.15882352941270705
322.0,bilangan_bulat,0.9999999999990153
322.0,eksponen_logaritma,0.15882352941176495
322.0,himpunan,0.6957446808511539
322.0,matriks,0.15882352942618302
322.0,persamaan_linear_satu_variabel,0.9999658369632368
322.0,teorema_pythagoras,0.1588235369758942
323.0,aljabar_dasar,0.1588253023995067
323.0,aritmatika_sosial,0.1588235294118263
323.0,bilangan_bulat,0.710986340157656
323.0,fungsi_kuadrat,0.15882352941270705
323.0,himpunan,0.15882352991663967
323.0,integral,0.15882352941176495
323.0,limit,0.15882352941176495
323.0,matriks,0.1588235294118263
323.0,peluang_dasar,0.15882352942618302
323.0,perbandingan,0.15882352942618302
323.0,persamaan_linear_satu_variabel,0.15882352941176495
323.0,sistem_persamaan_linear,0.1588235294118263
323.0,statistika_dasar,0.15882352941176872
323.0,trigonometri,0.1588235294118263
323.0,turunan,0.15882352941176872
324.0,aljabar_dasar,0.9999998300594953
324.0,bangun_ruang,0.24581178903829887
324.0,bilangan_bulat,0.9999997649361728
324.0,eksponen_logaritma,0.15882352941176872
324.0,himpunan,0.2460550898387066
324.0,integral,0.15882352941270705
324.0,limit,0.15882352941176495
324.0,matriks,0.15882352941176495
324.0,peluang_dasar,0.1588235294118263
324.0,perbandingan,0.15882352942618302
324.0,statistika_dasar,0.15923778772852282
324.0,teorema_pythagoras,0.15885061774752507
324.0,trigonometri,0.15882352941176872
324.0,turunan,0.15882352942618302
325.0,aljabar_dasar,0.15882352941270705
325.0,aritmatika_sosial,0.15882352941176495
325.0,barisan_deret,0.15882352942618302
325.0,bilangan_bulat,0.9996892735261907
325.0,eksponen_logaritma,0.15882352941176872
325.0,fungsi_kuadrat,0.15882352942618302
325.0,himpunan,0.16511736032359203
325.0,integral,0.15882352941270705
325.0,limit,0.1588235294118263
325.0,matriks,0.15882352941270705
325.0,sistem_persamaan_linear,0.15882352941176495
325.0,statistika_dasar,0.15882352941176495
325.0,turunan,0.15882352941176872
326.0,aljabar_dasar,0.1588253023995067
326.0,aritmatika_sosial,0.15882352941176872
326.0,bangun_ruang,0.15882352942618302
326.0,barisan_deret,0.15882352942618302
326.0,bilangan_bulat,0.9952699739346896
326.0,eksponen_logaritma,0.15882352942618302
326.0,fungsi_kuadrat,0.15882352941270705
326.0,himpunan,0.1588235294118263
326.0,integral,0.15882352941176872
326.0,matriks,0.15882352941176495
326.0,peluang_dasar,0.15882352941176872
326.0,perbandingan,0.15882352942618302
326.0,persamaan_linear_satu_variabel,0.15882352941270705
326.0,sistem_persamaan_linear,0.1588235294118263
326.0,statistika_dasar,0.15882352941270705
326.0,teorema_pythagoras,0.15882352941176495
326.0,trigonometri,0.15882352941270705
326.0,turunan,0.1588235294118263
327.0,aljabar_dasar,0.9999973933955622
327.0,aritmatika_sosial,0.8121750911940901
327.0,bangun_ruang,0.15882352941176495
327.0,eksponen_logaritma,0.15882352942618302
327.0,himpunan,0.15885061758643446
327.0,integral,0.15882352942618302
327.0,peluang_dasar,0.15882352941270705
327.0,persamaan_linear_satu_variabel,0.9999834364578298
327.0,statistika_dasar,0.15882352941270705
327.0,teorema_pythagoras,0.15923778771804575
327.0,trigonometri,0.15882352941176872
328.0,aritmatika_sosial,0.6958132496471515
328.0,bangun_ruang,0.15882352941270705
328.0,barisan_deret,0.15882352941176495
328.0,bilangan_bulat,0.9999997012340435
328.0,eksponen_logaritma,0.15882352941270705
328.0,fungsi_kuadrat,0.15882352941270705
328.0,himpunan,0.6501566074392686
328.0,integral,0.15882352942618302
328.0,limit,0.15882352941270705
328.0,matriks,0.1588235294118263
328.0,perbandingan,0.23237824903895235
328.0,sistem_persamaan_linear,0.15882352941176872
328.0,statistika_dasar,0.15882352941392144
328.0,teorema_pythagoras,0.15882352942618302
328.0,trigonometri,0.15882352941176872
328.0,turunan,0.15882352941270705
329.0,aritmatika_sosial,0.1588235294118263
329.0,bangun_ruang,0.15882352941176495
329.0,barisan_deret,0.15882352941176495
329.0,bilangan_bulat,0.9999999978477637
329.0,himpunan,0.1588235294118263
329.0,integral,0.15882352942618302
329.0,limit,0.1588235294118263
329.0,perbandingan,0.996537277866888
329.0,sistem_persamaan_linear,0.15885061774752507
329.0,statistika_dasar,0.1588235294118263
329.0,teorema_pythagoras,0.15882352941270705
329.0,trigonometri,0.15882352941270705
330.0,aljabar_dasar,0.9626998002891806
330.0,aritmatika_sosial,0.16873323629807402
330.0,bangun_ruang,0.1588235294118263
330.0,barisan_deret,0.1588235294118263
330.0,bilangan_bulat,0.9999999999152466
330.0,eksponen_logaritma,0.15882352941270705
330.0,fungsi_kuadrat,0.15882352941270705
330.0,himpunan,0.7112782468822026
330.0,integral,0.15882352942618302
330.0,matriks,0.15882352941176872
330.0,perbandingan,0.15915367037859973
330.0,persamaan_linear_satu_variabel,0.24869099340098644
330.0,statistika_dasar,0.16511735805355915
330.0,teorema_pythagoras,0.1588235294118263
330.0,trigonometri,0.1588235294118263
330.0,turunan,0.15882352941176495
331.0,aljabar_dasar,0.2458117910202285
331.0,aritmatika_sosial,0.15882352941176872
331.0,bangun_ruang,0.15882352941176872
331.0,bilangan_bulat,0.9999638960245957
331.0,eksponen_logaritma,0.1588235294118263
331.0,himpunan,0.2458117910202285
331.0,limit,0.15882352941270705
331.0,matriks,0.15882352941176495
331.0,perbandingan,0.6963495580686669
331.0,sistem_persamaan_linear,0.15882352941270705
331.0,statistika_dasar,0.15882352941270705
331.0,turunan,0.15882352941176872
332.0,aljabar_dasar,0.997733142555276
332.0,aritmatika_sosial,0.24581285087078653
332.0,barisan_deret,0.15882352941176495
332.0,bilangan_bulat,0.9999999755546942
332.0,eksponen_logaritma,0.15882352941176495
332.0,fungsi_kuadrat,0.15882352941270705
332.0,himpunan,0.15882352941270705
332.0,integral,0.15882352942618302
332.0,persamaan_linear_satu_variabel,0.6957446808524417
332.0,sistem_persamaan_linear,0.15882352941176495
332.0,teorema_pythagoras,0.6957446808721462
332.0,trigonometri,0.1588235294118263
332.0,turunan,0.15882352941176872
333.0,aljabar_dasar,0.919196137013405
333.0,aritmatika_sosial,0.15882352941270705
333.0,bangun_ruang,0.15882352942618302
333.0,barisan_deret,0.15882352942618302
333.0,bilangan_bulat,0.9962255913727405
333.0,fungsi_kuadrat,0.1588235294118263
333.0,himpunan,0.15882352941270705
333.0,integral,0.1588235294118263
333.0,matriks,0.15882352941270705
333.0,peluang_dasar,0.15882352942618302
333.0,perbandingan,0.15882352942618302
333.0,persamaan_linear_satu_variabel,0.6957446808524417
333.0,sistem_persamaan_linear,0.15882352942618302
333.0,teorema_pythagoras,0.15882352941176872
333.0,trigonometri,0.1588235294118263
333.0,turunan,0.15882352941270705
334.0,aljabar_dasar,0.9999975143927174
334.0,aritmatika_sosial,0.15882352941270705
334.0,bangun_ruang,0.15882352941176872
334.0,barisan_deret,0.15882352942618302
334.0,eksponen_logaritma,0.15882352941176495
334.0,fungsi_kuadrat,0.15882352941270705
334.0,himpunan,0.1588235294118263
334.0,limit,0.15882352941176495
334.0,matriks,0.15882352941176872
334.0,perbandingan,0.15882352941270705
334.0,persamaan_linear_satu_variabel,0.6501566074392686
334.0,statistika_dasar,0.15882352941176872
334.0,turunan,0.15882352941270705
335.0,aljabar_dasar,0.6963877123226179
335.0,aritmatika_sosial,0.15882352942618302
335.0,barisan_deret,0.1588235294118263
335.0,eksponen_logaritma,0.15882352941270705
335.0,himpunan,0.2458117890467293
335.0,integral,0.15882352941270705
335.0,limit,0.1588235294118263
335.0,matriks,0.15882352941176495
335.0,peluang_dasar,0.15882352941176495
335.0,perbandingan,0.24953245402649504
335.0,persamaan_linear_satu_variabel,0.9545256862782382
335.0,sistem_persamaan_linear,0.15882352941176495
335.0,statistika_dasar,0.15882352941176872
335.0,teorema_pythagoras,0.15882352942618302
335.0,trigonometri,0.15882352942618302
335.0,turunan,0.15882352941176495
336.0,aljabar_dasar,0.9530268308855261
336.0,aritmatika_sosial,0.15882352942618302
336.0,bangun_ruang,0.15882352942618302
336.0,bilangan_bulat,0.9999999880412667
336.0,himpunan,0.15882352941176495
336.0,integral,0.1588235294118263
336.0,matriks,0.15882352941270705
336.0,persamaan_linear_satu_variabel,0.6957446811736256
336.0,sistem_persamaan_linear,0.15882352941176872
336.0,trigonometri,0.1588235294118263
336.0,turunan,0.1588235294118263
337.0,aljabar_dasar,0.15885197391098285
337.0,aritmatika_sosial,0.15882352942618302
337.0,bangun_ruang,0.1588235294118263
337.0,barisan_deret,0.15882352941176495
337.0,bilangan_bulat,0.16511736032359203
337.0,fungsi_kuadrat,0.1588235294118263
337.0,himpunan,0.1588235294118263
337.0,limit,0.15882352942618302
337.0,peluang_dasar,0.15882352942618302
337.0,perbandingan,0.16511735790519097
337.0,persamaan_linear_satu_variabel,0.15882352941176495
337.0,statistika_dasar,0.1588506175969212
337.0,teorema_pythagoras,0.15882352941176872
337.0,trigonometri,0.15882352941270705
337.0,turunan,0.1588235294118263
338.0,aljabar_dasar,0.24581178903829887
338.0,aritmatika_sosial,0.24581178916780289
338.0,eksponen_logaritma,0.15882352942618302
338.0,fungsi_kuadrat,0.15882352941270705
338.0,himpunan,0.15882352942618302
338.0,integral,0.15882352941270705
338.0,persamaan_linear_satu_variabel,0.6957446808524417
338.0,sistem_persamaan_linear,0.15882352941270705
338.0,statistika_dasar,0.15882352941270705
338.0,teorema_pythagoras,0.15882352941270705
338.0,turunan,0.1588235294118263
339.0,aritmatika_sosial,0.6957446808524417
339.0,bangun_ruang,0.15882352941176495
339.0,barisan_deret,0.15882352941176872
339.0,bilangan_bulat,0.6209401651321467
339.0,himpunan,0.15882352941456485
339.0,integral,0.15882352941176872
339.0,limit,0.1588235294118263
339.0,matriks,0.15882352941176495
339.0,peluang_dasar,0.1588235294118263
339.0,persamaan_linear_satu_variabel,0.1588506200517642
340.0,aljabar_dasar,0.9965372778665692
340.0,aritmatika_sosial,0.15882352941176872
340.0,bilangan_bulat,0.16511735789549373
340.0,eksponen_logaritma,0.15882352941176495
340.0,fungsi_kuadrat,0.15882352942618302
340.0,himpunan,0.15882352941270705
340.0,integral,0.1588235294118263
340.0,limit,0.15882352941176872
340.0,matriks,0.15882352941176872
340.0,peluang_dasar,0.15882352941176872
340.0,perbandingan,0.6957446811736256
340.0,persamaan_linear_satu_variabel,0.15882364906372964
340.0,sistem_persamaan_linear,0.15882352941176495
340.0,trigonometri,0.15882352942618302
340.0,turunan,0.15882352941176872
341.0,aritmatika_sosial,0.1588252999445159
341.0,bangun_ruang,0.15882352941270705
341.0,barisan_deret,0.15882352941176872
341.0,fungsi_kuadrat,0.15882352941176872
341.0,himpunan,0.15882352941176872
341.0,limit,0.15882352941176495
341.0,matriks,0.15882352941176872
341.0,peluang_dasar,0.15882352941176872
341.0,perbandingan,0.2458117890467293
341.0,persamaan_linear_satu_variabel,0.6071591342584255
341.0,statistika_dasar,0.15882352941176495
341.0,teorema_pythagoras,0.1588236451324438
341.0,trigonometri,0.15882352941270705
342.0,aljabar_dasar,0.9999798765775479
342.0,barisan_deret,0.15882352941176495
342.0,eksponen_logaritma,0.15882352942618302
342.0,fungsi_kuadrat,0.15882352941176872
342.0,himpunan,0.15923778787898807
342.0,integral,0.1588235294118263
342.0,matriks,0.15882352942618302
342.0,peluang_dasar,0.15882352942618302
342.0,sistem_persamaan_linear,0.1588235294118263
342.0,statistika_dasar,0.15882352941176495
342.0,teorema_pythagoras,0.15882352942618302
342.0,trigonometri,0.1588235294118263
343.0,aritmatika_sosial,0.8316151380732844
343.0,bangun_ruang,0.15882352941176872
343.0,bilangan_bulat,0.9999999714361775
343.0,eksponen_logaritma,0.15882352942618302
343.0,himpunan,0.15882352941176872
343.0,limit,0.15882352941176872
343.0,matriks,0.15882352941176495
343.0,peluang_dasar,0.15882352941176872
343.0,perbandingan,0.6082175646538714
343.0,sistem_persamaan_linear,0.15882352942618302
343.0,statistika_dasar,0.15882352941270705
343.0,teorema_pythagoras,0.1588252999445159
343.0,turunan,0.15882352942618302
344.0,aljabar_dasar,0.9957502539995164
344.0,bangun_ruang,0.1588236451324438
344.0,barisan_deret,0.6957446808721462
344.0,bilangan_bulat,0.9999999982195921
344.0,himpunan,0.1651173578948599
344.0,limit,0.1588235294118263
344.0,persamaan_linear_satu_variabel,0.9752267761311021
344.0,statistika_dasar,0.1588235294118263
344.0,trigonometri,0.1588235294118263
344.0,turunan,0.15882352941176872
345.0,aljabar_dasar,0.6501566071481019
345.0,aritmatika_sosial,0.1588235294118263
345.0,barisan_deret,0.15882352941176495
345.0,bilangan_bulat,0.9995794380816111
345.0,eksponen_logaritma,0.15882352941270705
345.0,fungsi_kuadrat,0.15882352941176495
345.0,himpunan,0.15882352941270705
345.0,limit,0.15882352941176495
345.0,peluang_dasar,0.15882352941176495
345.0,perbandingan,0.15882352942618302
345.0,persamaan_linear_satu_variabel,0.2987829217251516
345.0,sistem_persamaan_linear,0.15882352941176495
345.0,teorema_pythagoras,0.15882352941176872
345.0,trigonometri,0.1588235294118263
346.0,aritmatika_sosial,0.15882364759793166
346.0,bangun_ruang,0.15882352941270705
346.0,bilangan_bulat,0.9993187641770169
346.0,eksponen_logaritma,0.15882352941176872
346.0,fungsi_kuadrat,0.15882352941176495
346.0,himpunan,0.15882352942618302
346.0,integral,0.15882352941176872
346.0,limit,0.1588235294118263
346.0,matriks,0.15882352941270705
346.0,peluang_dasar,0.1651173578948599
346.0,perbandingan,0.22954638148145717
346.0,teorema_pythagoras,0.15882352942618302
346.0,trigonometri,0.15882352941176872
346.0,turunan,0.15882352941270705
347.0,aljabar_dasar,0.9998135664430794
347.0,aritmatika_sosial,0.15882352942618302
347.0,bangun_ruang,0.15882352941270705
347.0,barisan_deret,0.15882352941176495
347.0,bilangan_bulat,0.9999998695676294
347.0,eksponen_logaritma,0.15882352941176495
347.0,fungsi_kuadrat,0.15882352941176495
347.0,himpunan,0.15882352942618302
347.0,integral,0.15882352941270705
347.0,limit,0.1588235294118263
347.0,peluang_dasar,0.15882352941176872
347.0,perbandingan,0.15882352942618302
347.0,persamaan_linear_satu_variabel,0.24581178916780289
347.0,sistem_persamaan_linear,0.1588235294118263
347.0,statistika_dasar,0.15882352942618302
347.0,trigonometri,0.15882352941270705
347.0,turunan,0.1588235294118263
348.0,aljabar_dasar,0.9545465307816001
348.0,aritmatika_sosial,0.15882352942618302
348.0,bilangan_bulat,0.9999818204005332
348.0,eksponen_logaritma,0.1588235294118263
348.0,fungsi_kuadrat,0.15882352941176872
348.0,himpunan,0.16511735789549373
348.0,matriks,0.15882352941270705
348.0,peluang_dasar,0.1588235294118263
348.0,persamaan_linear_satu_variabel,0.15882352942618302
348.0,sistem_persamaan_linear,0.15882352941176495
348.0,statistika_dasar,0.15882352941176872
348.0,teorema_pythagoras,0.15882352941270705
348.0,turunan,0.15882352941270705
349.0,bilangan_bulat,0.9847388350142877
349.0,himpunan,0.15882352942618302
349.0,matriks,0.15882352941176872
349.0,peluang_dasar,0.15882352941270705
349.0,perbandingan,0.15882352942618302
349.0,sistem_persamaan_linear,0.15882352942618302
349.0,statistika_dasar,0.15882352941176495
349.0,teorema_pythagoras,0.15882352941176495
349.0,trigonometri,0.15882352941176495
349.0,turunan,0.15882352941270705
350.0,aljabar_dasar,0.949965940230431
350.0,aritmatika_sosial,0.6957446811736256
350.0,barisan_deret,0.15882352941176495
350.0,eksponen_logaritma,0.15882352941176872
350.0,fungsi_kuadrat,0.15882352941176872
350.0,himpunan,0.15882352942618302
350.0,integral,0.15882352941270705
350.0,matriks,0.15882352941176872
350.0,peluang_dasar,0.15882352941270705
350.0,perbandingan,0.15885061795517097
350.0,persamaan_linear_satu_variabel,0.15882352941270705
350.0,sistem_persamaan_linear,0.1588235294118263
350.0,statistika_dasar,0.1588235294118263
350.0,trigonometri,0.15882352941176495
350.0,turunan,0.15882352941270705
351.0,aljabar_dasar,0.9999996955503443
351.0,aritmatika_sosial,0.24581178916780289
351.0,bangun_ruang,0.15882352941176495
351.0,eksponen_logaritma,0.1588235294118263
351.0,fungsi_kuadrat,0.15882352941270705
351.0,himpunan,0.15882352941270705
351.0,integral,0.1588235294118263
351.0,perbandingan,0.6501566118941209
351.0,sistem_persamaan_linear,0.1588235294118263
351.0,statistika_dasar,0.1588235294118263
351.0,teorema_pythagoras,0.15882352942618302
351.0,trigonometri,0.15882352941176872
352.0,aljabar_dasar,0.999999999052755
352.0,aritmatika_sosial,0.9686564906670554
352.0,bangun_ruang,0.15882352942618302
352.0,barisan_deret,0.15882352941270705
352.0,bilangan_bulat,0.9999999811619842
352.0,fungsi_kuadrat,0.15882352941176872
352.0,himpunan,0.6957446811736256
352.0,integral,0.15882352942618302
352.0,limit,0.15882352941176495
352.0,matriks,0.15882352941176872
352.0,peluang_dasar,0.15885061758643446
352.0,perbandingan,0.9625946832074141
352.0,sistem_persamaan_linear,0.15882352942618302
352.0,trigonometri,0.15882352941176495
353.0,aljabar_dasar,0.7807790745554537
353.0,aritmatika_sosial,0.15882352941270705
353.0,barisan_deret,0.15882352941270705
353.0,bilangan_bulat,0.9999737010760301
353.0,eksponen_logaritma,0.15882352941270705
353.0,himpunan,0.1588253023995067
353.0,integral,0.1588235294118263
353.0,peluang_dasar,0.15882352941176872
353.0,perbandingan,0.15882352941270705
353.0,persamaan_linear_satu_variabel,0.9999658345890106
353.0,sistem_persamaan_linear,0.15882352941176872
353.0,statistika_dasar,0.15882352941270705
353.0,teorema_pythagoras,0.15923778772852282
353.0,trigonometri,0.15882352941176495
354.0,aljabar_dasar,0.999999980101323
354.0,aritmatika_sosial,0.1588235294118263
354.0,bangun_ruang,0.15882352941176872
354.0,bilangan_bulat,0.9999999986253497
354.0,fungsi_kuadrat,0.15882352941176495
354.0,himpunan,0.1588235294118263
354.0,integral,0.15882352941270705
354.0,limit,0.15882352942618302
354.0,matriks,0.1588235294118263
354.0,peluang_dasar,0.15882352942618302
354.0,persamaan_linear_satu_variabel,0.7051590271915523
354.0,sistem_persamaan_linear,0.15882352942618302
354.0,statistika_dasar,0.15882352941270705
354.0,turunan,0.1588235294118263
355.0,aritmatika_sosial,0.15882352941176872
355.0,bangun_ruang,0.16511736032359203
355.0,barisan_deret,0.15882352941270705
355.0,himpunan,0.15882352941270705
355.0,integral,0.15882352941176495
355.0,limit,0.15882352942618302
355.0,matriks,0.15882352941270705
355.0,peluang_dasar,0.1588235294118263
355.0,perbandingan,0.15885061758643446
355.0,persamaan_linear_satu_variabel,0.9966897712983115
355.0,sistem_persamaan_linear,0.15882352942618302
355.0,turunan,0.15882352941176495
356.0,aljabar_dasar,0.16384012329140019
356.0,bangun_ruang,0.15882352941176495
356.0,bilangan_bulat,0.9999871306064261
356.0,eksponen_logaritma,0.1588235294118263
356.0,fungsi_kuadrat,0.15882352941270705
356.0,himpunan,0.1588235294118263
356.0,integral,0.15882352941176495
356.0,limit,0.1588235294118263
356.0,matriks,0.15882352941176872
356.0,peluang_dasar,0.15882352941176872
356.0,perbandingan,0.15882352942618302
356.0,sistem_persamaan_linear,0.15882352942618302
356.0,statistika_dasar,0.15882352942618302
356.0,teorema_pythagoras,0.1588235294118263
356.0,trigonometri,0.15882352941270705
357.0,aritmatika_sosial,0.15882352942618302
357.0,bangun_ruang,0.15882352941176495
357.0,barisan_deret,0.15882352941270705
357.0,bilangan_bulat,0.9999721851615193
357.0,eksponen_logaritma,0.15882352941176495
357.0,himpunan,0.15923910731962984
357.0,integral,0.1588235294118263
357.0,limit,0.15882352941176872
357.0,matriks,0.15882352941176495
357.0,peluang_dasar,0.2458117890467293
357.0,perbandingan,0.1696561317550716
357.0,persamaan_linear_satu_variabel,0.2295621070995367
357.0,sistem_persamaan_linear,0.15882352941270705
357.0,statistika_dasar,0.15882352990679563
357.0,teorema_pythagoras,0.15923778771804575
357.0,trigonometri,0.15882352941270705
357.0,turunan,0.15882352942618302
358.0,aljabar_dasar,0.9999998184745879
358.0,aritmatika_sosial,0.16511735805355915
358.0,eksponen_logaritma,0.15882352941270705
358.0,fungsi_kuadrat,0.1588235294118263
358.0,himpunan,0.15882352942618302
358.0,integral,0.1588235294118263
358.0,limit,0.15882352941176872
358.0,matriks,0.15882352941176872
358.0,peluang_dasar,0.15882352941176495
358.0,persamaan_linear_satu_variabel,0.9935888177060707
358.0,sistem_persamaan_linear,0.15882352941270705
358.0,teorema_pythagoras,0.15882352941270705
358.0,trigonometri,0.1588235294118263
359.0,aljabar_dasar,0.1696561317550716
359.0,aritmatika_sosial,0.15882352941176872
359.0,barisan_deret,0.15882352941176872
359.0,bilangan_bulat,0.9999999989384473
359.0,fungsi_kuadrat,0.15882352941270705
359.0,himpunan,0.15882352942618302
359.0,integral,0.15882352941270705
359.0,limit,0.15882352941270705
359.0,peluang_dasar,0.15882352941270705
359.0,perbandingan,0.15882352942618302
359.0,sistem_persamaan_linear,0.15882352942618302
359.0,teorema_pythagoras,0.15882352941270705
359.0,trigonometri,0.15882352941270705
360.0,aljabar_dasar,0.15882352941176495
360.0,aritmatika_sosial,0.15882352941176872
360.0,barisan_deret,0.15882352941270705
360.0,eksponen_logaritma,0.15882352942618302
360.0,fungsi_kuadrat,0.15882352941176495
360.0,himpunan,0.15882352941176495
360.0,limit,0.15882352942618302
360.0,matriks,0.15882352941176872
360.0,persamaan_linear_satu_variabel,0.1588506200517642
360.0,statistika_dasar,0.15882352942618302
360.0,teorema_pythagoras,0.15882352941176495
360.0,trigonometri,0.15882352941176495
360.0,turunan,0.15882352941270705
361.0,aritmatika_sosial,0.2989398499340924
361.0,bangun_ruang,0.1588235294118263
361.0,barisan_deret,0.15882352941176872
361.0,bilangan_bulat,0.9999999998770049
361.0,fungsi_kuadrat,0.15882352941176495
361.0,himpunan,0.6957446808510697
361.0,integral,0.15882352941270705
361.0,matriks,0.15882352941176872
361.0,perbandingan,0.6963877123226179
361.0,sistem_persamaan_linear,0.15882352941176495
361.0,statistika_dasar,0.15882352941176872
361.0,teorema_pythagoras,0.15882352941270705
361.0,trigonometri,0.15882352941176495
361.0,turunan,0.15882352942618302
362.0,aritmatika_sosial,0.9995794380816111
362.0,barisan_deret,0.15882352941270705
362.0,eksponen_logaritma,0.15882352941270705
362.0,himpunan,0.2458277616645908
362.0,integral,0.15882352942618302
362.0,limit,0.15882352941176872
362.0,persamaan_linear_satu_variabel,0.9999970255438299
362.0,sistem_persamaan_linear,0.15882352941176495
362.0,statistika_dasar,0.15882352941270705
362.0,teorema_pythagoras,0.15887040419534584
362.0,trigonometri,0.1588235294118263
362.0,turunan,0.1588235294118263
363.0,bangun_ruang,0.15882352941176495
363.0,barisan_deret,0.15882352941176872
363.0,bilangan_bulat,0.9999997776030644
363.0,himpunan,0.15882352942618302
363.0,matriks,0.15882352942618302
363.0,peluang_dasar,0.15882352941176495
363.0,perbandingan,0.15882352941270705
363.0,persamaan_linear_satu_variabel,0.9772011273574135
363.0,sistem_persamaan_linear,0.15882352942618302
363.0,statistika_dasar,0.15882352941270705
363.0,teorema_pythagoras,0.1588235294118263
363.0,trigonometri,0.15882352942618302
364.0,bangun_ruang,0.15882352941176495
364.0,bilangan_bulat,0.9996454921728448
364.0,fungsi_kuadrat,0.15882352941270705
364.0,himpunan,0.15882352941176495
364.0,integral,0.15882352942618302
364.0,limit,0.15882352941176495
364.0,peluang_dasar,0.15882352941176495
364.0,perbandingan,0.9625942831702733
364.0,sistem_persamaan_linear,0.15882352941176872
364.0,statistika_dasar,0.15882352941270705
364.0,teorema_pythagoras,0.15882352941176495
364.0,trigonometri,0.15882352941176872
364.0,turunan,0.15882352942618302
365.0,aritmatika_sosial,0.9625942452687356
365.0,bangun_ruang,0.15882352941176495
365.0,barisan_deret,0.15882352941270705
365.0,bilangan_bulat,0.9994293883098534
365.0,fungsi_kuadrat,0.1588235294118263
365.0,himpunan,0.15882352941270705
365.0,integral,0.15882352941270705
365.0,limit,0.15882352941176872
365.0,perbandingan,0.314644388612899
365.0,persamaan_linear_satu_variabel,0.7924969472324093
365.0,sistem_persamaan_linear,0.1588235294118263
365.0,teorema_pythagoras,0.15882529993467195
365.0,trigonometri,0.15882352941270705
366.0,aljabar_dasar,0.9609821541254903
366.0,aritmatika_sosial,0.15885061758643446
366.0,bangun_ruang,0.15882352942618302
366.0,barisan_deret,0.15882352942618302
366.0,bilangan_bulat,0.9999999804552524
366.0,eksponen_logaritma,0.15882352941176495
366.0,fungsi_kuadrat,0.15882352942618302
366.0,himpunan,0.15882530009512885
366.0,integral,0.15882352941176872
366.0,limit,0.15882352941176872
366.0,perbandingan,0.9499656851631941
366.0,persamaan_linear_satu_variabel,0.962594245322993
366.0,sistem_persamaan_linear,0.15882352942618302
366.0,teorema_pythagoras,0.15882352941270705
366.0,trigonometri,0.15882352942618302
366.0,turunan,0.1588235294118263
367.0,aljabar_dasar,0.949965940230431
367.0,bangun_ruang,0.15882352942618302
367.0,barisan_deret,0.15882352942618302
367.0,bilangan_bulat,0.9999835846295085
367.0,eksponen_logaritma,0.15882352941176495
367.0,fungsi_kuadrat,0.15882352941176495
367.0,himpunan,0.24581178916780289
367.0,integral,0.15882352941270705
367.0,limit,0.15882352942618302
367.0,matriks,0.1588235294118263
367.0,peluang_dasar,0.15882352941176495
367.0,perbandingan,0.15882353698573823
367.0,persamaan_linear_satu_variabel,0.24581178916780289
367.0,sistem_persamaan_linear,0.15882352941176872
367.0,statistika_dasar,0.15923779018110648
367.0,trigonometri,0.15882352941270705
368.0,aljabar_dasar,0.9979176178523502
368.0,bangun_ruang,0.15882352941270705
368.0,barisan_deret,0.1588235294118263
368.0,bilangan_bulat,0.9978143901697438
368.0,fungsi_kuadrat,0.15882352942618302
368.0,himpunan,0.1588235294118263
368.0,integral,0.15882352941176495
368.0,matriks,0.15882352941176872
368.0,teorema_pythagoras,0.1588235294118263
368.0,trigonometri,0.15882352941270705
369.0,aljabar_dasar,0.9772011273574135
369.0,bangun_ruang,0.15882352941176872
369.0,bilangan_bulat,0.6962268372467378
369.0,fungsi_kuadrat,0.15882352941176495
369.0,himpunan,0.15882352942618302
369.0,integral,0.15882352941176872
369.0,persamaan_linear_satu_variabel,0.1588519384036478
369.0,sistem_persamaan_linear,0.15882352941270705
369.0,statistika_dasar,0.15882352941176495
369.0,teorema_pythagoras,0.1588235294118263
369.0,trigonometri,0.15882352942618302
370.0,aljabar_dasar,0.6957446808524417
370.0,bangun_ruang,0.1588235294118263
370.0,barisan_deret,0.15882352941176495
370.0,bilangan_bulat,0.9999658369632368
370.0,eksponen_logaritma,0.1588235294118263
370.0,fungsi_kuadrat,0.1588235294118263
370.0,himpunan,0.15882352941176495
370.0,integral,0.15882352941176872
370.0,limit,0.15882352941270705
370.0,matriks,0.1588235294118263
370.0,peluang_dasar,0.15882352941270705
370.0,perbandingan,0.1588506175870778
370.0,persamaan_linear_satu_variabel,0.15882352941270705
370.0,sistem_persamaan_linear,0.15882352941270705
370.0,statistika_dasar,0.15882352942618302
370.0,teorema_pythagoras,0.15882352942618302
370.0,turunan,0.15882352941176495
371.0,aljabar_dasar,0.9999999804552524
371.0,aritmatika_sosial,0.9996892146102684
371.0,bangun_ruang,0.15882353697525078
371.0,barisan_deret,0.15882352942618302
371.0,eksponen_logaritma,0.15882352941176872
371.0,fungsi_kuadrat,0.15882352942618302
371.0,himpunan,0.24605508992709232
371.0,integral,0.1588235294118263
371.0,matriks,0.1588235294118263
371.0,statistika_dasar,0.15882352941270705
371.0,teorema_pythagoras,0.1588235294118263
372.0,aljabar_dasar,0.15885061774752507
372.0,aritmatika_sosial,0.6957446811736256
372.0,barisan_deret,0.15882352941176495
372.0,bilangan_bulat,0.9999965976161584
372.0,eksponen_logaritma,0.15882352942618302
372.0,fungsi_kuadrat,0.15882352942618302
372.0,himpunan,0.15882352941270705
372.0,matriks,0.15882352942618302
372.0,peluang_dasar,0.15882352941176495
372.0,perbandingan,0.1588235294118263
372.0,persamaan_linear_satu_variabel,0.24582803474880016
372.0,sistem_persamaan_linear,0.15882352941176872
372.0,teorema_pythagoras,0.15882352941176872
372.0,trigonometri,0.1588235294118263
373.0,aljabar_dasar,0.9999997815587466
373.0,aritmatika_sosial,0.9458012131390141
373.0,barisan_deret,0.15882352941176495
373.0,bilangan_bulat,0.9999999999889951
373.0,eksponen_logaritma,0.15882352941176872
373.0,himpunan,0.15882530009512885
373.0,integral,0.1588235294118263
373.0,limit,0.15882352941270705
373.0,matriks,0.15882352942618302
373.0,peluang_dasar,0.15882352941176495
373.0,perbandingan,0.9936325785859021
373.0,persamaan_linear_satu_variabel,0.9999787725768943
373.0,sistem_persamaan_linear,0.15882352941176872
373.0,statistika_dasar,0.15882352941270705
373.0,teorema_pythagoras,0.15882352941270705
373.0,trigonometri,0.15882352941176495
373.0,turunan,0.1588235294118263
374.0,bangun_ruang,0.1588235294118263
374.0,bilangan_bulat,0.9999999999990153
374.0,fungsi_kuadrat,0.15882352941176872
374.0,himpunan,0.15923778771804575
374.0,integral,0.15882352942618302
374.0,matriks,0.15882352941270705
374.0,peluang_dasar,0.1588235294118263
374.0,perbandingan,0.9998133342183296
374.0,persamaan_linear_satu_variabel,0.9995751723456259
374.0,sistem_persamaan_linear,0.1588235294118263
374.0,teorema_pythagoras,0.245811789038816
374.0,trigonometri,0.15882352942618302
374.0,turunan,0.1588235294118263
375.0,aljabar_dasar,0.9999999811619842
375.0,bangun_ruang,0.15882352941270705
375.0,barisan_deret,0.1588235294118263
375.0,fungsi_kuadrat,0.1588235294118263
375.0,himpunan,0.16384105635132562
375.0,integral,0.15882352941176495
375.0,peluang_dasar,0.1588235294118263
375.0,persamaan_linear_satu_variabel,0.9999966911065753
375.0,sistem_persamaan_linear,0.15882352941176495
375.0,statistika_dasar,0.24581178903829887
375.0,teorema_pythagoras,0.1592377877186885
375.0,trigonometri,0.15882352942618302
375.0,turunan,0.1588235294118263
376.0,aljabar_dasar,0.23237458146655599
376.0,aritmatika_sosial,0.15882352944411965
376.0,eksponen_logaritma,0.15882352941176872
376.0,himpunan,0.15882352941176872
376.0,limit,0.15882352942618302
376.0,peluang_dasar,0.15882352941270705
376.0,perbandingan,0.1588235294118263
376.0,persamaan_linear_satu_variabel,0.1588235371363518
376.0,statistika_dasar,0.15882352941270705
376.0,trigonometri,0.1588235294118263
377.0,aljabar_dasar,0.9999833047816681
377.0,aritmatika_sosial,0.962594245322993
377.0,barisan_deret,0.1588235294118263
377.0,bilangan_bulat,0.9999997776030644
377.0,eksponen_logaritma,0.1588235294118263
377.0,fungsi_kuadrat,0.15882352942618302
377.0,himpunan,0.15923778787898807
377.0,integral,0.15882352942618302
377.0,limit,0.15882352941176872
377.0,matriks,0.15882352942618302
377.0,persamaan_linear_satu_variabel,0.9544360382420672
377.0,sistem_persamaan_linear,0.15882352941176495
377.0,statistika_dasar,0.1588235294118263
377.0,trigonometri,0.15882352941270705
377.0,turunan,0.1588235294118263
378.0,aritmatika_sosial,0.15882353697525078
378.0,bangun_ruang,0.15882352941176872
378.0,barisan_deret,0.15882352941176495
378.0,bilangan_bulat,0.9999997649361728
378.0,himpunan,0.15882352942618302
378.0,integral,0.15882352941176872
378.0,limit,0.15882352942618302
378.0,peluang_dasar,0.15882352941176872
378.0,perbandingan,0.15882352941270705
378.0,persamaan_linear_satu_variabel,0.9640977716984308
378.0,sistem_persamaan_linear,0.15882352942618302
378.0,statistika_dasar,0.1588235294118263
378.0,teorema_pythagoras,0.15882352942618302
378.0,trigonometri,0.15882352941176872
379.0,aljabar_dasar,0.999999998118177
379.0,aritmatika_sosial,0.7467654075439987
379.0,bangun_ruang,0.15882352941176872
379.0,barisan_deret,0.15882352941176872
379.0,bilangan_bulat,0.9999999999990153
379.0,eksponen_logaritma,0.15882352941176495
379.0,fungsi_kuadrat,0.15882352941176495
379.0,himpunan,0.15885061795517097
379.0,integral,0.1588235294118263
379.0,peluang_dasar,0.1588450877340533
379.0,perbandingan,0.9999740726602251
379.0,persamaan_linear_satu_variabel,0.9999976868228373
379.0,sistem_persamaan_linear,0.15882352941270705
379.0,statistika_dasar,0.15882352941270705
379.0,turunan,0.15882352941176495
380.0,aritmatika_sosial,0.15923778772852282
380.0,bangun_ruang,0.15882352941270705
380.0,barisan_deret,0.15882352942618302
380.0,bilangan_bulat,0.9999833047816681
380.0,eksponen_logaritma,0.15882352941176872
380.0,fungsi_kuadrat,0.15882364759793166
380.0,himpunan,0.1588235294118263
380.0,integral,0.15882352941176872
380.0,limit,0.15882352941176872
380.0,matriks,0.15882352941176872
380.0,sistem_persamaan_linear,0.15882352941176872
380.0,statistika_dasar,0.15882352941176872
380.0,trigonometri,0.15882352941176872
380.0,turunan,0.1588235294118263
381.0,aritmatika_sosial,0.15882352941176872
381.0,bangun_ruang,0.15882352941176872
381.0,bilangan_bulat,0.9999997894575103
381.0,eksponen_logaritma,0.15882352942618302
381.0,fungsi_kuadrat,0.15882352942618302
381.0,himpunan,0.15882352941176495
381.0,integral,0.15882352941176495
381.0,matriks,0.15882352941270705
381.0,peluang_dasar,0.15882352941176872
381.0,perbandingan,0.1588252999445159
381.0,persamaan_linear_satu_variabel,0.2987832146995375
381.0,sistem_persamaan_linear,0.15882352942618302
381.0,trigonometri,0.15882352941176495
381.0,turunan,0.15882352941176495
382.0,aljabar_dasar,0.22954682148059097
382.0,aritmatika_sosial,0.15882352941270705
382.0,bangun_ruang,0.15882352942618302
382.0,barisan_deret,0.15882352941176872
382.0,bilangan_bulat,0.9625996738180456
382.0,eksponen_logaritma,0.15882352942618302
382.0,fungsi_kuadrat,0.15882352942618302
382.0,himpunan,0.15882530009512885
382.0,integral,0.15882352941176872
382.0,limit,0.15882352941176495
382.0,matriks,0.15882352942618302
382.0,peluang_dasar,0.1588506175870778
382.0,perbandingan,0.15882352942618302
382.0,sistem_persamaan_linear,0.1588235294118263
382.0,statistika_dasar,0.15882352942618302
382.0,teorema_pythagoras,0.15882352942618302
382.0,trigonometri,0.1588235294118263
383.0,aljabar_dasar,0.15882352941176495
383.0,aritmatika_sosial,0.6957446808510697
383.0,bangun_ruang,0.1588235294118263
383.0,barisan_deret,0.15882352941176872
383.0,bilangan_bulat,0.1592377877186885
383.0,eksponen_logaritma,0.1588235294118263
383.0,fungsi_kuadrat,0.15882352941176872
383.0,himpunan,0.15882352941176872
383.0,integral,0.15882352942618302
383.0,matriks,0.15882352941270705
383.0,peluang_dasar,0.15882352942618302
383.0,persamaan_linear_satu_variabel,0.1588235294118263
383.0,sistem_persamaan_linear,0.15882352942618302
383.0,teorema_pythagoras,0.15882352941176872
383.0,trigonometri,0.15882352941270705
383.0,turunan,0.15882352941176872
384.0,aljabar_dasar,0.999999777322283
384.0,aritmatika_sosial,0.1588235294118263
384.0,barisan_deret,0.15882352941270705
384.0,eksponen_logaritma,0.15882352941270705
384.0,fungsi_kuadrat,0.15882352942618302
384.0,himpunan,0.1588235294118263
384.0,integral,0.15882352942618302
384.0,limit,0.15882352941176495
384.0,peluang_dasar,0.15882352942618302
384.0,perbandingan,0.6957446808524417
384.0,persamaan_linear_satu_variabel,0.6501566800533469
384.0,sistem_persamaan_linear,0.15882352941176495
384.0,statistika_dasar,0.15882352942618302
384.0,teorema_pythagoras,0.1588235294118263
385.0,barisan_deret,0.15882352941176872
385.0,bilangan_bulat,0.9996892183865425
385.0,eksponen_logaritma,0.15882352941176495
385.0,fungsi_kuadrat,0.15882352941176872
385.0,himpunan,0.15882364514293124
385.0,integral,0.15882352941176495
385.0,limit,0.15882352941176872
385.0,sistem_persamaan_linear,0.15882352941176872
385.0,statistika_dasar,0.15882352941176872
385.0,teorema_pythagoras,0.15882352942618302
385.0,trigonometri,0.15882352941176872
385.0,turunan,0.15882352941270705
386.0,aritmatika_sosial,0.7924969456651711
386.0,bilangan_bulat,0.9999999804552524
386.0,eksponen_logaritma,0.15882352941176872
386.0,fungsi_kuadrat,0.15882352941176872
386.0,himpunan,0.7047426788159905
386.0,matriks,0.1588235294118263
386.0,peluang_dasar,0.15882352941176495
386.0,persamaan_linear_satu_variabel,0.9965541729352502
386.0,sistem_persamaan_linear,0.15882352942618302
386.0,teorema_pythagoras,0.1588235294118263
386.0,trigonometri,0.15882352941270705
386.0,turunan,0.15882352941176872
387.0,aljabar_dasar,0.27311637006290135
387.0,aritmatika_sosial,0.16511744128310296
387.0,bangun_ruang,0.15882352941176495
387.0,barisan_deret,0.15882352941176872
387.0,bilangan_bulat,0.9997220895862584
387.0,eksponen_logaritma,0.15882352941176495
387.0,fungsi_kuadrat,0.15882352942618302
387.0,himpunan,0.1651173578948599
387.0,integral,0.15882352941270705
387.0,limit,0.15882352941270705
387.0,matriks,0.15882352941176872
387.0,peluang_dasar,0.1588235294118263
387.0,perbandingan,0.24581178916780289
387.0,sistem_persamaan_linear,0.15882352941176872
387.0,statistika_dasar,0.15882352941176872
387.0,teorema_pythagoras,0.15882352941176872
387.0,trigonometri,0.15882352941270705
387.0,turunan,0.15882352941176872
388.0,aljabar_dasar,0.9999999846362609
388.0,aritmatika_sosial,0.9009861230663977
388.0,bangun_ruang,0.15882352941176872
388.0,bilangan_bulat,0.9999999986253497
388.0,fungsi_kuadrat,0.15882352941270705
388.0,himpunan,0.9625946919160204
388.0,matriks,0.1588235294118263
388.0,peluang_dasar,0.16511735789549373
388.0,perbandingan,0.8675237699185332
388.0,persamaan_linear_satu_variabel,0.999964343805024
388.0,trigonometri,0.15882352941176872
388.0,turunan,0.15882352941270705
389.0,aljabar_dasar,0.9995914158488697
389.0,bangun_ruang,0.15882352941176872
389.0,barisan_deret,0.15882352941176495
389.0,bilangan_bulat,0.9999532488461181
389.0,eksponen_logaritma,0.1588235294118263
389.0,himpunan,0.15882352942618302
389.0,matriks,0.1588235294118263
389.0,persamaan_linear_satu_variabel,0.6957446808721462
389.0,statistika_dasar,0.15923778772852282
389.0,teorema_pythagoras,0.1588235294118263
389.0,trigonometri,0.15882352941270705
390.0,aljabar_dasar,0.9999999730356017
390.0,aritmatika_sosial,0.15882352942618302
390.0,bangun_ruang,0.1588235294118263
390.0,bilangan_bulat,0.9999969464605118
390.0,eksponen_logaritma,0.15882352942618302
390.0,fungsi_kuadrat,0.15882352941176872
390.0,himpunan,0.1588235294118263
390.0,integral,0.15882352941176495
390.0,limit,0.1588235294118263
390.0,matriks,0.15882352941176872
390.0,peluang_dasar,0.15882352941176872
390.0,perbandingan,0.1592377877186885
390.0,statistika_dasar,0.15882352941176872
390.0,teorema_pythagoras,0.1588506175870778
390.0,trigonometri,0.15882352941270705
391.0,aritmatika_sosial,0.1588235294118263
391.0,bangun_ruang,0.15882352941176872
391.0,barisan_deret,0.15882352941176872
391.0,bilangan_bulat,0.985399843594529
391.0,himpunan,0.24605511196961793
391.0,integral,0.15882352941176495
391.0,limit,0.1588235294118263
391.0,matriks,0.15882352942618302
391.0,peluang_dasar,0.15882352942618302
391.0,perbandingan,0.6957446808524417
391.0,sistem_persamaan_linear,0.15882352941270705
391.0,statistika_dasar,0.1588235294118263
391.0,trigonometri,0.15882352942618302
391.0,turunan,0.1588235294118263
392.0,aljabar_dasar,0.9999997009656372
392.0,aritmatika_sosial,0.16717065437694326
392.0,bangun_ruang,0.15882352942618302
392.0,barisan_deret,0.15882352941270705
392.0,bilangan_bulat,0.9999999999889951
392.0,eksponen_logaritma,0.1588235294118263
392.0,himpunan,0.16513687780456188
392.0,matriks,0.15882352941176872
392.0,peluang_dasar,0.15882352941176872
392.0,persamaan_linear_satu_variabel,0.9625942756620637
392.0,teorema_pythagoras,0.15882352942618302
392.0,turunan,0.15882352941176872
393.0,aljabar_dasar,0.16511735789549373
393.0,aritmatika_sosial,0.15882352942618302
393.0,bangun_ruang,0.15882352942618302
393.0,bilangan_bulat,0.9979176175506972
393.0,fungsi_kuadrat,0.15882352942618302
393.0,himpunan,0.15882352941176872
393.0,integral,0.15882352941176872
393.0,limit,0.15882352941176495
393.0,matriks,0.15882352941270705
393.0,peluang_dasar,0.15882352941176495
393.0,perbandingan,0.15882352941176872
393.0,sistem_persamaan_linear,0.1588235294118263
393.0,teorema_pythagoras,0.15882352941176495
393.0,trigonometri,0.15882352941176495
393.0,turunan,0.1588235294118263
394.0,aljabar_dasar,0.9999999986253497
394.0,bangun_ruang,0.1588235294118263
394.0,barisan_deret,0.15882352941270705
394.0,fungsi_kuadrat,0.15882352942618302
394.0,himpunan,0.1588523324271165
394.0,integral,0.15882352941176872
394.0,limit,0.15882352942618302
394.0,matriks,0.15882352942618302
394.0,perbandingan,0.9999835183635932
394.0,persamaan_linear_satu_variabel,0.9999999989384473
394.0,sistem_persamaan_linear,0.15882352942618302
394.0,statistika_dasar,0.1588235294118263
394.0,trigonometri,0.15882352941270705
394.0,turunan,0.15882352941270705
395.0,aritmatika_sosial,0.6957446811736256
395.0,bilangan_bulat,0.9999999999889951
395.0,eksponen_logaritma,0.1588235294118263
395.0,fungsi_kuadrat,0.1588235294118263
395.0,himpunan,0.1588506175969212
395.0,integral,0.15882352942618302
395.0,limit,0.1588235294118263
395.0,matriks,0.15882352941176872
395.0,peluang_dasar,0.1588235294118263
395.0,perbandingan,0.9996046296175087
395.0,persamaan_linear_satu_variabel,0.9967808003791712
395.0,statistika_dasar,0.1588235294118263
395.0,teorema_pythagoras,0.245811789038816
395.0,trigonometri,0.15882352942618302
395.0,turunan,0.15882352941176495
396.0,aritmatika_sosial,0.15882352941176495
396.0,barisan_deret,0.15882352941270705
396.0,bilangan_bulat,0.9999999989384473
396.0,fungsi_kuadrat,0.15882352941270705
396.0,himpunan,0.15882352942618302
396.0,integral,0.1588235294118263
396.0,limit,0.1588235294118263
396.0,peluang_dasar,0.15882352941176495
396.0,sistem_persamaan_linear,0.15923778787898807
396.0,teorema_pythagoras,0.1588235294118263
397.0,aritmatika_sosial,0.15882352941176495
397.0,bangun_ruang,0.15882352941270705
397.0,barisan_deret,0.15882352941176495
397.0,bilangan_bulat,0.962594245322993
397.0,eksponen_logaritma,0.15882352941270705
397.0,himpunan,0.15882364514293124
397.0,integral,0.15882352942618302
397.0,matriks,0.15882352942618302
397.0,perbandingan,0.15882352942618302
397.0,persamaan_linear_satu_variabel,0.15882352941270705
397.0,statistika_dasar,0.1588235294118263
398.0,aritmatika_sosial,0.1588252999652793
398.0,bangun_ruang,0.15882352942618302
398.0,eksponen_logaritma,0.15882352941176872
398.0,fungsi_kuadrat,0.15882352942618302
398.0,himpunan,0.15882352941176872
398.0,integral,0.1588235294118263
398.0,limit,0.15882352941270705
398.0,matriks,0.15882352941270705
398.0,peluang_dasar,0.15882364514293124
398.0,perbandingan,0.5981152388002832
398.0,persamaan_linear_satu_variabel,0.9992435464466042
398.0,sistem_persamaan_linear,0.15882352941270705
399.0,aljabar_dasar,0.16511736511164454
399.0,barisan_deret,0.1588235294118263
399.0,bilangan_bulat,0.9626963416381672
399.0,eksponen_logaritma,0.1588235294118263
399.0,fungsi_kuadrat,0.15882352942618302
399.0,himpunan,0.15882352941176495
399.0,limit,0.15882352941176872
399.0,peluang_dasar,0.15882352941176495
399.0,perbandingan,0.1588235294118263
399.0,persamaan_linear_satu_variabel,0.15882352990679563
399.0,sistem_persamaan_linear,0.15882352941176495
399.0,statistika_dasar,0.1588235294118263
399.0,teorema_pythagoras,0.15882352941176872
399.0,turunan,0.1588235294118263
400.0,aljabar_dasar,0.9999969952889434
400.0,aritmatika_sosial,0.15927670292869006
400.0,bangun_ruang,0.15882352941176872
400.0,bilangan_bulat,0.9999999999990153
400.0,eksponen_logaritma,0.1588235294118263
400.0,fungsi_kuadrat,0.15882352941176872
400.0,himpunan,0.15882352942618302
400.0,integral,0.15882352942618302
400.0,limit,0.15882352941270705
400.0,peluang_dasar,0.1588253023995067
400.0,perbandingan,0.9995978062767173
400.0,persamaan_linear_satu_variabel,0.9999988485146843
400.0,sistem_persamaan_linear,0.15882352941176872
400.0,trigonometri,0.15882352942618302
400.0,turunan,0.1588235294118263
401.0,bangun_ruang,0.15882352941176872
401.0,barisan_deret,0.1588235294118263
401.0,fungsi_kuadrat,0.15882352941176872
401.0,himpunan,0.15882352941176872
401.0,integral,0.15882352942618302
401.0,limit,0.1588235294118263
401.0,matriks,0.1588235294118263
401.0,peluang_dasar,0.15882352941176872
401.0,perbandingan,0.15882352941176872
401.0,persamaan_linear_satu_variabel,0.245811789038816
401.0,sistem_persamaan_linear,0.15882352941270705
401.0,teorema_pythagoras,0.15882352942618302
401.0,trigonometri,0.15882352941176872
401.0,turunan,0.15882352941176495
402.0,aritmatika_sosial,0.24582769594171888
402.0,bangun_ruang,0.15882352942618302
402.0,barisan_deret,0.15882352941176495
402.0,eksponen_logaritma,0.15882352941176495
402.0,fungsi_kuadrat,0.15882352942618302
402.0,himpunan,0.15882352942618302
402.0,integral,0.15882352941176495
402.0,limit,0.15882352942618302
402.0,matriks,0.15882352942618302
402.0,peluang_dasar,0.1588235294118263
402.0,perbandingan,0.6957842889062327
402.0,sistem_persamaan_linear,0.15882352941176872
402.0,statistika_dasar,0.15882352941176872
402.0,teorema_pythagoras,0.15882529993402855
402.0,trigonometri,0.1588235294118263
402.0,turunan,0.15882352941176872
403.0,aljabar_dasar,0.9996892162930817
403.0,aritmatika_sosial,0.15923778787898807
403.0,bangun_ruang,0.15882352941270705
403.0,bilangan_bulat,0.9999959369580492
403.0,eksponen_logaritma,0.15882353697525078
403.0,fungsi_kuadrat,0.15882352941176872
403.0,himpunan,0.15882352941270705
403.0,integral,0.15882352941270705
403.0,limit,0.1588235294118263
403.0,matriks,0.1588235294118263
403.0,peluang_dasar,0.6957446808511539
403.0,persamaan_linear_satu_variabel,0.24951753309088026
403.0,teorema_pythagoras,0.6957446808721462
403.0,trigonometri,0.15882352942618302
403.0,turunan,0.15882352942618302
404.0,aljabar_dasar,0.4825756973280033
404.0,aritmatika_sosial,0.15882352941194772
404.0,bangun_ruang,0.15882352941176872
404.0,barisan_deret,0.15882352941176872
404.0,bilangan_bulat,0.6962262628900228
404.0,himpunan,0.1588235294118263
404.0,integral,0.15882352941176495
404.0,matriks,0.15882352941176495
404.0,perbandingan,0.1588235294118263
404.0,sistem_persamaan_linear,0.15882352942618302
404.0,trigonometri,0.15882352941176495
404.0,turunan,0.15882352942618302
405.0,aritmatika_sosial,0.16541549778698839
405.0,bangun_ruang,0.15882352941270705
405.0,eksponen_logaritma,0.15882352941270705
405.0,himpunan,0.1588235294118263
405.0,limit,0.15882352941176872
405.0,peluang_dasar,0.15882352942618302
405.0,perbandingan,0.15882352942618302
405.0,sistem_persamaan_linear,0.15882352941176872
405.0,teorema_pythagoras,0.15882352942618302
405.0,trigonometri,0.1588235294118263
405.0,turunan,0.15882352941176872
406.0,aljabar_dasar,0.9968094016788102
406.0,aritmatika_sosial,0.15882364759793166
406.0,bangun_ruang,0.1588235294118263
406.0,barisan_deret,0.15882352941176495
406.0,bilangan_bulat,0.9999969952889434
406.0,fungsi_kuadrat,0.15882352942618302
406.0,himpunan,0.15882588456577365
406.0,integral,0.1588235294118263
406.0,matriks,0.15882352941176495
406.0,peluang_dasar,0.15882352941176495
406.0,perbandingan,0.15882352941270705
406.0,sistem_persamaan_linear,0.15882352941270705
406.0,statistika_dasar,0.15923778787898807
406.0,trigonometri,0.15882352941176872
406.0,turunan,0.15882352942618302
407.0,aljabar_dasar,0.6957446808721462
407.0,aritmatika_sosial,0.15882352941270705
407.0,bangun_ruang,0.1588235294118263
407.0,bilangan_bulat,0.15882352942618302
407.0,fungsi_kuadrat,0.15882352941176872
407.0,himpunan,0.15882352942618302
407.0,integral,0.15882352941270705
407.0,limit,0.15882352941270705
407.0,matriks,0.1588235294118263
407.0,peluang_dasar,0.15882352941176495
407.0,perbandingan,0.1588235294118263
407.0,persamaan_linear_satu_variabel,0.15882352941176872
407.0,sistem_persamaan_linear,0.15882352941270705
407.0,teorema_pythagoras,0.15885061758643446
407.0,trigonometri,0.1588235294118263
407.0,turunan,0.15882352941270705
408.0,aljabar_dasar,0.15882530030278724
408.0,aritmatika_sosial,0.15882353698573823
408.0,bangun_ruang,0.15882352942618302
408.0,bilangan_bulat,0.9995010381370265
408.0,fungsi_kuadrat,0.15882352941176872
408.0,himpunan,0.15882352941194772
408.0,integral,0.15882352941176495
408.0,matriks,0.15882352941176495
408.0,perbandingan,0.15882352942618302
408.0,sistem_persamaan_linear,0.1588235294118263
408.0,statistika_dasar,0.15882352941176872
408.0,teorema_pythagoras,0.1592377877186885
408.0,turunan,0.15882352941176495
409.0,aritmatika_sosial,0.1588236451330872
409.0,bangun_ruang,0.15882352941176495
409.0,barisan_deret,0.15882352942618302
409.0,bilangan_bulat,0.9999975114473385
409.0,eksponen_logaritma,0.15882352941270705
409.0,fungsi_kuadrat,0.1588235294118263
409.0,himpunan,0.15882352942618302
409.0,integral,0.1588235294118263
409.0,limit,0.15882352941270705
409.0,matriks,0.15923779018110648
409.0,perbandingan,0.6957449762945507
409.0,sistem_persamaan_linear,0.15882352941270705
409.0,trigonometri,0.15882352942618302
410.0,aritmatika_sosial,0.6649964307955573
410.0,bilangan_bulat,0.9999997649361728
410.0,eksponen_logaritma,0.15882352941176495
410.0,fungsi_kuadrat,0.15882352941176872
410.0,himpunan,0.6957446808511539
410.0,integral,0.15882352941176872
410.0,limit,0.1588235294118263
410.0,matriks,0.15882352941270705
410.0,peluang_dasar,0.1588235294118263
410.0,sistem_persamaan_linear,0.1588235294118263
410.0,statistika_dasar,0.1588235294118263
410.0,teorema_pythagoras,0.24582803474880016
410.0,trigonometri,0.15882352942618302
411.0,aljabar_dasar,0.9999998300594953
411.0,aritmatika_sosial,0.15882352942618302
411.0,barisan_deret,0.15882352942618302
411.0,eksponen_logaritma,0.15882352942618302
411.0,fungsi_kuadrat,0.1588235294118263
411.0,himpunan,0.15923778771804575
411.0,integral,0.15882352941270705
411.0,limit,0.15882352941176872
411.0,matriks,0.1588235294118263
411.0,perbandingan,0.2458117910202285
411.0,persamaan_linear_satu_variabel,0.985399843594529
411.0,statistika_dasar,0.1588235294118263
411.0,teorema_pythagoras,0.1588235294118263
411.0,trigonometri,0.15882352941270705
412.0,aritmatika_sosial,0.1588235294118263
412.0,bangun_ruang,0.15882352941270705
412.0,barisan_deret,0.15882352941176872
412.0,fungsi_kuadrat,0.15882352941176495
412.0,himpunan,0.1588235294118263
412.0,integral,0.15882352941270705
412.0,limit,0.15882352941176495
412.0,matriks,0.15882352941176872
412.0,peluang_dasar,0.15882352941270705
412.0,perbandingan,0.6957446808510697
412.0,persamaan_linear_satu_variabel,0.15882352941176495
412.0,statistika_dasar,0.15882352941270705
412.0,teorema_pythagoras,0.15882352942618302
412.0,trigonometri,0.15882352941176872
412.0,turunan,0.1588235294118263
413.0,aljabar_dasar,0.1588235294118263
413.0,aritmatika_sosial,0.15882352942618302
413.0,bilangan_bulat,0.24581178916780289
413.0,eksponen_logaritma,0.1588235294118263
413.0,fungsi_kuadrat,0.15882352942618302
413.0,himpunan,0.15882352941176495
413.0,integral,0.15882352941270705
413.0,limit,0.15882352941176495
413.0,matriks,0.15882352941270705
413.0,peluang_dasar,0.15882352941270705
413.0,perbandingan,0.15882352941176495
413.0,persamaan_linear_satu_variabel,0.15882352942618302
413.0,statistika_dasar,0.15882352941270705
413.0,teorema_pythagoras,0.15882352941176495
413.0,turunan,0.15882352942618302
414.0,barisan_deret,0.15882352942618302
414.0,eksponen_logaritma,0.15882352942618302
414.0,fungsi_kuadrat,0.15882352942618302
414.0,himpunan,0.1588235294118263
414.0,integral,0.15882352941176872
414.0,limit,0.15882352941176872
414.0,peluang_dasar,0.1588235294118263
414.0,perbandingan,0.9999724705473827
414.0,persamaan_linear_satu_variabel,0.9955264141002399
414.0,sistem_persamaan_linear,0.15882352941176872
414.0,statistika_dasar,0.15882352942618302
414.0,teorema_pythagoras,0.15882352941270705
415.0,aljabar_dasar,0.6957446808511539
415.0,bangun_ruang,0.15882364529354476
415.0,bilangan_bulat,0.9995914158488697
415.0,eksponen_logaritma,0.15882352942618302
415.0,fungsi_kuadrat,0.15882352941176872
415.0,himpunan,0.1588235294118263
415.0,integral,0.15882352941176495
415.0,limit,0.15882352942618302
415.0,perbandingan,0.6957446808510697
415.0,statistika_dasar,0.1588235294118263
415.0,teorema_pythagoras,0.15882353697525078
415.0,turunan,0.1588235294118263
416.0,bangun_ruang,0.1588235294118263
416.0,bilangan_bulat,0.9999999880412667
416.0,eksponen_logaritma,0.15882352941270705
416.0,fungsi_kuadrat,0.15882352941270705
416.0,himpunan,0.1588506200517642
416.0,integral,0.15882352941176495
416.0,limit,0.15882352941176872
416.0,peluang_dasar,0.1588235294118263
416.0,statistika_dasar,0.1588235294118263
416.0,trigonometri,0.15882352941176495
416.0,turunan,0.15882352941176872
417.0,aljabar_dasar,0.9999997043108495
417.0,bangun_ruang,0.15882352941270705
417.0,eksponen_logaritma,0.15882352941176872
417.0,fungsi_kuadrat,0.15882352941176495
417.0,himpunan,0.7486104419100965
417.0,limit,0.15882352941176872
417.0,peluang_dasar,0.2458117910202285
417.0,perbandingan,0.9625942461022025
417.0,persamaan_linear_satu_variabel,0.9995877243417216
417.0,statistika_dasar,0.1588235294118263
417.0,trigonometri,0.15882352941176495
417.0,turunan,0.15882352941270705
418.0,bilangan_bulat,0.9999985179768949
418.0,himpunan,0.15882352941270705
418.0,integral,0.15882352941176495
418.0,limit,0.15882352941176872
418.0,matriks,0.1588235294118263
418.0,peluang_dasar,0.15882352941176872
418.0,perbandingan,0.7924969472324093
418.0,sistem_persamaan_linear,0.1588235294118263
419.0,aritmatika_sosial,0.15885070223122222
419.0,bilangan_bulat,0.999999998119505
419.0,himpunan,0.7416249792775985
419.0,integral,0.15882352942618302
419.0,peluang_dasar,0.1588235294118263
419.0,perbandingan,0.16541552479687474
419.0,statistika_dasar,0.15882352941176495
419.0,trigonometri,0.15882352941176872
419.0,turunan,0.15882352942618302
420.0,aljabar_dasar,0.9999997776030644
420.0,aritmatika_sosial,0.16511863373379015
420.0,bangun_ruang,0.15882352941176872
420.0,eksponen_logaritma,0.15882352941270705
420.0,fungsi_kuadrat,0.15882352941176872
420.0,himpunan,0.15882352990615223
420.0,limit,0.15882352941270705
420.0,matriks,0.1588235294118263
420.0,peluang_dasar,0.1588235294118263
420.0,perbandingan,0.6965482714063074
420.0,persamaan_linear_satu_variabel,0.9965564736742576
420.0,sistem_persamaan_linear,0.15882352941176872
420.0,statistika_dasar,0.15882352941270705
420.0,teorema_pythagoras,0.1588235294118263
421.0,aritmatika_sosial,0.9933057949069234
421.0,barisan_deret,0.1588235294118263
421.0,eksponen_logaritma,0.15882352941270705
421.0,himpunan,0.6957472696932401
421.0,limit,0.1588235294118263
421.0,matriks,0.15882352942618302
421.0,peluang_dasar,0.15882352941176495
421.0,persamaan_linear_satu_variabel,0.9999999998770049
421.0,teorema_pythagoras,0.9626963416381672
421.0,trigonometri,0.15882352941270705
421.0,turunan,0.15882352941270705
422.0,aritmatika_sosial,0.7662391774890789
422.0,bangun_ruang,0.15882352942618302
422.0,barisan_deret,0.15882352941270705
422.0,bilangan_bulat,0.9999999789678512
422.0,eksponen_logaritma,0.15882352941270705
422.0,fungsi_kuadrat,0.15882352942618302
422.0,himpunan,0.16965574778836995
422.0,integral,0.1588235294118263
422.0,limit,0.15882352941176872
422.0,matriks,0.1588235294118263
422.0,peluang_dasar,0.15882352941176872
422.0,perbandingan,0.9519324284849162
422.0,persamaan_linear_satu_variabel,0.9999999998316256
422.0,statistika_dasar,0.15882354261792603
422.0,teorema_pythagoras,0.15882352941176495
423.0,aljabar_dasar,0.7109868962566355
423.0,aritmatika_sosial,0.6957446808510697
423.0,bangun_ruang,0.15882352941176872
423.0,barisan_deret,0.15882352941176495
423.0,bilangan_bulat,0.6957446811736256
423.0,fungsi_kuadrat,0.1588235294118263
423.0,himpunan,0.1588235294118263
423.0,limit,0.15882352942618302
423.0,peluang_dasar,0.15882352941176495
423.0,perbandingan,0.1651174411747218
423.0,persamaan_linear_satu_variabel,0.1651368506682605
423.0,sistem_persamaan_linear,0.1588235294118263
423.0,statistika_dasar,0.15882352941270705
423.0,teorema_pythagoras,0.15882352941176872
423.0,trigonometri,0.15882352942618302
423.0,turunan,0.15882352941176872
424.0,aljabar_dasar,0.9999999846362609
424.0,barisan_deret,0.15882352942618302
424.0,himpunan,0.6957448502933421
424.0,integral,0.15882352941176872
424.0,limit,0.15882352941176495
424.0,matriks,0.15882352941270705
424.0,peluang_dasar,0.15882352941176495
424.0,persamaan_linear_satu_variabel,0.9999996766576094
424.0,trigonometri,0.15882352941270705
425.0,aljabar_dasar,0.9999619675397613
425.0,aritmatika_sosial,0.6963495031450122
425.0,bangun_ruang,0.15882352941176872
425.0,barisan_deret,0.15882352941270705
425.0,bilangan_bulat,0.9999999986253497
425.0,eksponen_logaritma,0.15882352941270705
425.0,fungsi_kuadrat,0.15882352941176495
425.0,himpunan,0.24581178916780289
425.0,limit,0.15882352941176495
425.0,matriks,0.15882352941176872
425.0,peluang_dasar,0.15882352941176495
425.0,persamaan_linear_satu_variabel,0.7807465339684585
425.0,sistem_persamaan_linear,0.15882352942618302
425.0,statistika_dasar,0.15882352941176495
425.0,teorema_pythagoras,0.15882352941176872
425.0,turunan,0.1588235294118263
426.0,aljabar_dasar,0.9999997649361728
426.0,aritmatika_sosial,0.9979176224676305
426.0,bangun_ruang,0.15882352942618302
426.0,barisan_deret,0.15882352942618302
426.0,bilangan_bulat,0.9999999998770049
426.0,eksponen_logaritma,0.1588235294118263
426.0,fungsi_kuadrat,0.15882352941176872
426.0,himpunan,0.9953134413512078
426.0,integral,0.15882352941270705
426.0,limit,0.15882352941176495
426.0,matriks,0.1588235294118263
426.0,peluang_dasar,0.15882352942618302
426.0,perbandingan,0.15882352942618302
426.0,persamaan_linear_satu_variabel,0.9992771107088715
426.0,sistem_persamaan_linear,0.1588235294118263
426.0,statistika_dasar,0.15882352941270705
426.0,teorema_pythagoras,0.15882352941176872
427.0,aritmatika_sosial,0.15882352941270705
427.0,bangun_ruang,0.15882352941176495
427.0,barisan_deret,0.15882352941176872
427.0,bilangan_bulat,0.9999999800777434
427.0,eksponen_logaritma,0.15882352941270705
427.0,fungsi_kuadrat,0.15882352942618302
427.0,himpunan,0.695744681589292
427.0,integral,0.15882352941270705
427.0,matriks,0.15882352942618302
427.0,peluang_dasar,0.15882352941176495
427.0,persamaan_linear_satu_variabel,0.6957446808524417
427.0,sistem_persamaan_linear,0.15882352941270705
427.0,statistika_dasar,0.1588235294118263
427.0,teorema_pythagoras,0.15882352941176872
427.0,trigonometri,0.15882352941270705
428.0,aljabar_dasar,0.9999999982512593
428.0,aritmatika_sosial,0.23237458146655599
428.0,fungsi_kuadrat,0.15882352942618302
428.0,himpunan,0.15882352941176495
428.0,limit,0.15882352941176495
428.0,matriks,0.15882352941176495
428.0,persamaan_linear_satu_variabel,0.9999806532321702
428.0,sistem_persamaan_linear,0.15882352941176872
428.0,statistika_dasar,0.15882352941270705
428.0,teorema_pythagoras,0.1588235294118263
429.0,aritmatika_sosial,0.6957446808524417
429.0,bangun_ruang,0.15882352941176495
429.0,barisan_deret,0.15882352941176495
429.0,eksponen_logaritma,0.15882352941176495
429.0,fungsi_kuadrat,0.1588235294118263
429.0,himpunan,0.15882352941176495
429.0,integral,0.15882352941176495
429.0,limit,0.15882352941270705
429.0,matriks,0.15882352941176872
429.0,peluang_dasar,0.15882352990615223
429.0,persamaan_linear_satu_variabel,0.24600567962846548
429.0,sistem_persamaan_linear,0.15882352942618302
429.0,statistika_dasar,0.15882352942618302
429.0,teorema_pythagoras,0.16541549767868458
430.0,aljabar_dasar,0.2458117910202285
430.0,aritmatika_sosial,0.15882352941176495
430.0,bangun_ruang,0.15882352941270705
430.0,barisan_deret,0.15882352941176872
430.0,bilangan_bulat,0.9979176178523502
430.0,eksponen_logaritma,0.15882352941176495
430.0,himpunan,0.15882352942618302
430.0,limit,0.15882352941176495
430.0,matriks,0.15882352941176495
430.0,persamaan_linear_satu_variabel,0.15882352942618302
430.0,sistem_persamaan_linear,0.15882352941176872
430.0,statistika_dasar,0.15882352942618302
430.0,teorema_pythagoras,0.15882352941270705
430.0,trigonometri,0.15882352942618302
430.0,turunan,0.1588235294118263
431.0,aritmatika_sosial,0.15882352941176872
431.0,bangun_ruang,0.15882352941176495
431.0,barisan_deret,0.1588235294118263
431.0,bilangan_bulat,0.9998485436003367
431.0,eksponen_logaritma,0.15882352941176495
431.0,fungsi_kuadrat,0.15882352941176872
431.0,himpunan,0.15882352941176495
431.0,integral,0.15882352941176872
431.0,limit,0.15882352941270705
431.0,matriks,0.15882352941176872
431.0,sistem_persamaan_linear,0.1588235294118263
431.0,statistika_dasar,0.15882352941176872
431.0,teorema_pythagoras,0.1588235294118263
431.0,turunan,0.15882352941176495
432.0,aljabar_dasar,0.15882352941176872
432.0,bangun_ruang,0.1588235294118263
432.0,barisan_deret,0.1588235294118263
432.0,bilangan_bulat,0.1588236451324438
432.0,eksponen_logaritma,0.15882352942618302
432.0,fungsi_kuadrat,0.15882352941270705
432.0,himpunan,0.15882352942618302
432.0,integral,0.15882352941176495
432.0,limit,0.15882352942618302
432.0,matriks,0.1588235294118263
432.0,perbandingan,0.15882352942618302
432.0,statistika_dasar,0.24581178916780289
432.0,teorema_pythagoras,0.15882352941176495
432.0,trigonometri,0.15882352941176872
432.0,turunan,0.1588235294118263
433.0,aljabar_dasar,0.9772010746225981
433.0,aritmatika_sosial,0.15882352941270705
433.0,bangun_ruang,0.15882352941270705
433.0,fungsi_kuadrat,0.15882352942618302
433.0,himpunan,0.15882352941176495
433.0,integral,0.15882352942618302
433.0,peluang_dasar,0.15882352941176495
433.0,persamaan_linear_satu_variabel,0.2458117890467293
433.0,statistika_dasar,0.15882352942618302
433.0,teorema_pythagoras,0.15882352941176872
433.0,trigonometri,0.1588235294118263
433.0,turunan,0.1588235294118263
434.0,aritmatika_sosial,0.9797999102514011
434.0,bangun_ruang,0.1588235294118263
434.0,barisan_deret,0.1588235294118263
434.0,bilangan_bulat,0.9999997815587466
434.0,eksponen_logaritma,0.15882352941176872
434.0,fungsi_kuadrat,0.1588235294118263
434.0,himpunan,0.6957446808510697
434.0,integral,0.15882352941176872
434.0,limit,0.15882352941270705
434.0,peluang_dasar,0.15882352942618302
434.0,perbandingan,0.7530108760425183
434.0,statistika_dasar,0.15882353697525078
434.0,teorema_pythagoras,0.15882352941194772
434.0,trigonometri,0.1588235294118263
434.0,turunan,0.1588235294118263
435.0,aljabar_dasar,0.9999999791326704
435.0,aritmatika_sosial,0.6511755892618994
435.0,bangun_ruang,0.15882352941270705
435.0,barisan_deret,0.15882352941176495
435.0,bilangan_bulat,0.9933925239265001
435.0,eksponen_logaritma,0.15882352941176495
435.0,fungsi_kuadrat,0.15882352941270705
435.0,himpunan,0.15954056164210198
435.0,integral,0.15882352941176495
435.0,limit,0.15882352941176872
435.0,matriks,0.15882352941176495
435.0,peluang_dasar,0.15882352941176495
435.0,perbandingan,0.15925797716978776
435.0,persamaan_linear_satu_variabel,0.1592395009804549
435.0,sistem_persamaan_linear,0.1588235294118263
435.0,statistika_dasar,0.15882352941270705
435.0,teorema_pythagoras,0.24581178906342044
435.0,trigonometri,0.15882352941270705
435.0,turunan,0.1588235294118263
436.0,aljabar_dasar,0.9976968883066263
436.0,aritmatika_sosial,0.15882352941176495
436.0,bangun_ruang,0.15882352942618302
436.0,barisan_deret,0.1588235294118263
436.0,eksponen_logaritma,0.15882352942618302
436.0,fungsi_kuadrat,0.15882352941270705
436.0,himpunan,0.15882352942618302
436.0,matriks,0.15882352941270705
436.0,perbandingan,0.7486104402297687
436.0,persamaan_linear_satu_variabel,0.2458117910202285
436.0,teorema_pythagoras,0.15882352941270705
436.0,turunan,0.15882352941176872
437.0,aljabar_dasar,0.9999667570668946
437.0,bangun_ruang,0.15882353698573823
437.0,bilangan_bulat,0.999998677560652
437.0,eksponen_logaritma,0.1588235294118263
437.0,fungsi_kuadrat,0.15882352991663967
437.0,himpunan,0.16405950069807868
437.0,limit,0.1592377877186885
437.0,peluang_dasar,0.15882352941176872
437.0,statistika_dasar,0.15882352941176495
437.0,teorema_pythagoras,0.15923778771804575
437.0,trigonometri,0.1588235294118263
437.0,turunan,0.15882352942618302
438.0,aritmatika_sosial,0.15882352941176872
438.0,bangun_ruang,0.15882352941176495
438.0,barisan_deret,0.15882352942618302
438.0,bilangan_bulat,0.29878294086881463
438.0,eksponen_logaritma,0.15882352941176495
438.0,himpunan,0.1588235294118263
438.0,integral,0.15882352941176872
438.0,limit,0.15882352941176872
438.0,peluang_dasar,0.15882352941270705
438.0,perbandingan,0.1588235294118263
438.0,sistem_persamaan_linear,0.15882352941270705
438.0,teorema_pythagoras,0.15882352941176872
438.0,turunan,0.15882352941176495
439.0,aritmatika_sosial,0.15882352942618302
439.0,barisan_deret,0.15882352941176872
439.0,eksponen_logaritma,0.15882352941176495
439.0,fungsi_kuadrat,0.15882352941176495
439.0,himpunan,0.15882352941176872
439.0,integral,0.15882352941176495
439.0,matriks,0.1588235294118263
439.0,perbandingan,0.15882529993402855
439.0,sistem_persamaan_linear,0.15882352941176872
439.0,statistika_dasar,0.15882352942618302
439.0,teorema_pythagoras,0.15882352941176495
439.0,trigonometri,0.15882352942618302
439.0,turunan,0.15882352941176872
440.0,aljabar_dasar,0.9977069357927942
440.0,aritmatika_sosial,0.15882352941176872
440.0,barisan_deret,0.15882352941176495
440.0,bilangan_bulat,0.999999777322283
440.0,eksponen_logaritma,0.15882352942618302
440.0,fungsi_kuadrat,0.15882352941176495
440.0,himpunan,0.15882352941176872
440.0,integral,0.15882352942618302
440.0,matriks,0.1588235294118263
440.0,peluang_dasar,0.1588235294118263
440.0,perbandingan,0.16511736032359203
440.0,sistem_persamaan_linear,0.15882352941270705
440.0,statistika_dasar,0.1588235294118263
440.0,teorema_pythagoras,0.15882352941176495
440.0,trigonometri,0.15882352941176495
440.0,turunan,0.15882352941176872
441.0,aljabar_dasar,0.99977752728485
441.0,bangun_ruang,0.1588235294118263
441.0,fungsi_kuadrat,0.1588235294118263
441.0,himpunan,0.15882352942618302
441.0,integral,0.15882352941270705
441.0,peluang_dasar,0.1588235294118263
441.0,persamaan_linear_satu_variabel,0.9966812609582333
441.0,statistika_dasar,0.15882352941176495
441.0,teorema_pythagoras,0.15882352941176872
441.0,trigonometri,0.15882352941176872
441.0,turunan,0.15882352942618302
442.0,aljabar_dasar,0.2458117910202285
442.0,bangun_ruang,0.15882352941176495
442.0,bilangan_bulat,0.9999996958287348
442.0,eksponen_logaritma,0.1588235294118263
442.0,himpunan,0.1588235294118263
442.0,limit,0.15882352941270705
442.0,matriks,0.1588235294118263
442.0,perbandingan,0.15915324922065457
442.0,persamaan_linear_satu_variabel,0.15923778772852282
442.0,sistem_persamaan_linear,0.15882352941270705
442.0,trigonometri,0.15882352941270705
442.0,turunan,0.15882352941176495
443.0,aljabar_dasar,0.15882352941176872
443.0,aritmatika_sosial,0.1588235294118263
443.0,bangun_ruang,0.15882352941176495
443.0,barisan_deret,0.15882352942618302
443.0,bilangan_bulat,0.15882352941270705
443.0,eksponen_logaritma,0.15882352941176495
443.0,fungsi_kuadrat,0.15882352941176495
443.0,himpunan,0.1588235294118263
443.0,integral,0.15882352942618302
443.0,limit,0.15882352942618302
443.0,peluang_dasar,0.15882352942618302
443.0,perbandingan,0.15882352942618302
443.0,persamaan_linear_satu_variabel,0.15882352942618302
443.0,sistem_persamaan_linear,0.1588235294118263
443.0,trigonometri,0.15882352942618302
443.0,turunan,0.1588235294118263
444.0,aljabar_dasar,0.6957446808524417
444.0,aritmatika_sosial,0.15882352941270705
444.0,bangun_ruang,0.15882352941176872
444.0,bilangan_bulat,0.9999976639692963
444.0,fungsi_kuadrat,0.15882352941176495
444.0,himpunan,0.15923778787898807
444.0,integral,0.15882352941270705
444.0,limit,0.15882352942618302
444.0,matriks,0.1588235294118263
444.0,peluang_dasar,0.1588235294118263
444.0,sistem_persamaan_linear,0.15882352941176872
444.0,teorema_pythagoras,0.15882352941270705
444.0,trigonometri,0.15882352941176872
444.0,turunan,0.15882352941270705
445.0,aritmatika_sosial,0.15882352942618302
445.0,bangun_ruang,0.15882352941176872
445.0,barisan_deret,0.15882352941270705
445.0,bilangan_bulat,0.8316124379315519
445.0,eksponen_logaritma,0.15882352941176495
445.0,fungsi_kuadrat,0.15882352941270705
445.0,himpunan,0.15882352941176495
445.0,integral,0.15882352941176872
445.0,matriks,0.1588235294118263
445.0,peluang_dasar,0.1588235294118263
445.0,persamaan_linear_satu_variabel,0.15923778772852282
445.0,sistem_persamaan_linear,0.15882352941270705
445.0,teorema_pythagoras,0.15882352941270705
445.0,trigonometri,0.1588235294118263
446.0,aljabar_dasar,0.9965476726077551
446.0,aritmatika_sosial,0.15882352941176495
446.0,bangun_ruang,0.15882352941270705
446.0,bilangan_bulat,0.9999964063656823
446.0,eksponen_logaritma,0.15882352941176495
446.0,fungsi_kuadrat,0.15882352942618302
446.0,himpunan,0.1588235294118263
446.0,matriks,0.1588235294118263
446.0,peluang_dasar,0.1588235394407393
446.0,persamaan_linear_satu_variabel,0.6957449052157244
446.0,sistem_persamaan_linear,0.1588235294118263
446.0,turunan,0.15882352941176872
447.0,aljabar_dasar,0.9999797671328398
447.0,aritmatika_sosial,0.16541549944403666
447.0,bangun_ruang,0.15882352941176872
447.0,barisan_deret,0.15882352941270705
447.0,eksponen_logaritma,0.15882352941176495
447.0,fungsi_kuadrat,0.15882352941270705
447.0,himpunan,0.21721354261569525
447.0,integral,0.1588235294118263
447.0,limit,0.15882352941270705
447.0,matriks,0.15882352941270705
447.0,peluang_dasar,0.15882352941176495
447.0,perbandingan,0.9776270824517345
447.0,persamaan_linear_satu_variabel,0.9752267761311021
447.0,teorema_pythagoras,0.15882352941176495
447.0,turunan,0.15882352941176872
448.0,aljabar_dasar,0.9999721853023267
448.0,aritmatika_sosial,0.25220102520418336
448.0,bangun_ruang,0.16511735790519097
448.0,eksponen_logaritma,0.15882352942618302
448.0,fungsi_kuadrat,0.1588235294118263
448.0,himpunan,0.15882352941176495
448.0,integral,0.15882352941270705
448.0,matriks,0.15882352941176495
448.0,peluang_dasar,0.15882352941176495
448.0,sistem_persamaan_linear,0.1588235294118263
448.0,statistika_dasar,0.15882352941176872
448.0,teorema_pythagoras,0.2458276958532798
448.0,trigonometri,0.1588235294118263
448.0,turunan,0.15882352941270705
449.0,aljabar_dasar,0.9625946826382241
449.0,aritmatika_sosial,0.15882352941176495
449.0,bangun_ruang,0.15882352942618302
449.0,bilangan_bulat,0.9977951388061704
449.0,eksponen_logaritma,0.15882352941176495
449.0,fungsi_kuadrat,0.15882352941176495
449.0,himpunan,0.15882352941270705
449.0,integral,0.15882352942618302
449.0,limit,0.15882352941270705
449.0,matriks,0.15882352941270705
449.0,peluang_dasar,0.15882352941176872
449.0,persamaan_linear_satu_variabel,0.6957446808524417
449.0,sistem_persamaan_linear,0.15882352941176495
449.0,statistika_dasar,0.15882352941176495
449.0,teorema_pythagoras,0.15882352941176872
449.0,trigonometri,0.15882352942618302
449.0,turunan,0.15882352941176495
450.0,aljabar_dasar,0.7924969472324093
450.0,aritmatika_sosial,0.1588235294118263
450.0,bilangan_bulat,0.9996900949663693
450.0,eksponen_logaritma,0.15882352941176495
450.0,fungsi_kuadrat,0.15882352942618302
450.0,himpunan,0.1588235294118263
450.0,integral,0.15882352941270705
450.0,matriks,0.15882352942618302
450.0,persamaan_linear_satu_variabel,0.2458117890467293
450.0,teorema_pythagoras,0.15882352941270705
450.0,trigonometri,0.15882352941176495
450.0,turunan,0.15882352941176872
451.0,aljabar_dasar,0.7924969712111474
451.0,aritmatika_sosial,0.6957446808511539
451.0,bangun_ruang,0.15882352942618302
451.0,barisan_deret,0.15882352941176495
451.0,bilangan_bulat,0.9999998673977568
451.0,himpunan,0.15882352941270705
451.0,integral,0.15882352941176872
451.0,limit,0.15882352941176872
451.0,matriks,0.15882352941270705
451.0,statistika_dasar,0.15882352941176495
451.0,teorema_pythagoras,0.15882352941270705
451.0,turunan,0.15882352941176495
452.0,aljabar_dasar,0.6511809733544031
452.0,aritmatika_sosial,0.16511735805355915
452.0,barisan_deret,0.1588235294118263
452.0,bilangan_bulat,0.9999999846362609
452.0,eksponen_logaritma,0.15882352941176872
452.0,fungsi_kuadrat,0.15882352941176495
452.0,himpunan,0.15882529993467195
452.0,integral,0.15882352942618302
452.0,limit,0.15882352942618302
452.0,matriks,0.15882352942618302
452.0,peluang_dasar,0.2458117910202285
452.0,perbandingan,0.7927026703233008
452.0,sistem_persamaan_linear,0.15882352942618302
452.0,teorema_pythagoras,0.1588235294118263
452.0,trigonometri,0.15882352942618302
452.0,turunan,0.15882352941176495
453.0,aritmatika_sosial,0.15882352942618302
453.0,bangun_ruang,0.15882352942618302
453.0,barisan_deret,0.15882352942618302
453.0,fungsi_kuadrat,0.1588235294118263
453.0,himpunan,0.15882352941270705
453.0,integral,0.1588235294118263
453.0,limit,0.15882352942618302
453.0,matriks,0.1588235294118263
453.0,peluang_dasar,0.15882352942618302
453.0,perbandingan,0.15882352941176872
453.0,persamaan_linear_satu_variabel,0.1588236451324438
453.0,sistem_persamaan_linear,0.15882352941270705
453.0,statistika_dasar,0.15882352942618302
453.0,trigonometri,0.1588235294118263
453.0,turunan,0.1588235294118263
454.0,aljabar_dasar,0.9995873907951892
454.0,aritmatika_sosial,0.288582021830336
454.0,barisan_deret,0.15882352941270705
454.0,bilangan_bulat,0.9999996986332773
454.0,fungsi_kuadrat,0.15882352941270705
454.0,himpunan,0.15882352941176495
454.0,matriks,0.15882352942618302
454.0,peluang_dasar,0.1588235294118263
454.0,perbandingan,0.15882352941176872
454.0,persamaan_linear_satu_variabel,0.2460550898387066
454.0,statistika_dasar,0.15882352941176872
454.0,teorema_pythagoras,0.24582771799754277
454.0,trigonometri,0.15882352941270705
454.0,turunan,0.15882352941176495
455.0,aljabar_dasar,0.9772288226709103
455.0,aritmatika_sosial,0.15882352942618302
455.0,bangun_ruang,0.15882352941176495
455.0,barisan_deret,0.15882352941176495
455.0,himpunan,0.1588235371363518
455.0,integral,0.15882352942618302
455.0,limit,0.15882352942618302
455.0,matriks,0.15882352941176872
455.0,sistem_persamaan_linear,0.15882352941270705
455.0,teorema_pythagoras,0.1588235294118263
455.0,trigonometri,0.15882352941176495
455.0,turunan,0.1588235294118263
456.0,aljabar_dasar,0.16511735790519097
456.0,aritmatika_sosial,0.15882352941270705
456.0,barisan_deret,0.15882352941270705
456.0,bilangan_bulat,0.658888920485627
456.0,eksponen_logaritma,0.15882352941176872
456.0,fungsi_kuadrat,0.15882352941176872
456.0,himpunan,0.15882352941270705
456.0,integral,0.15882352941176495
456.0,limit,0.15882352941176495
456.0,matriks,0.15882352941176495
456.0,peluang_dasar,0.15882352941270705
456.0,perbandingan,0.15882352941176495
456.0,persamaan_linear_satu_variabel,0.15885061774752507
456.0,statistika_dasar,0.15882352941270705
456.0,teorema_pythagoras,0.15882352941176872
456.0,trigonometri,0.1588235294118263
457.0,aritmatika_sosial,0.15882352941270705
457.0,bangun_ruang,0.15882352941176872
457.0,barisan_deret,0.15882352941176872
457.0,eksponen_logaritma,0.15882352941270705
457.0,fungsi_kuadrat,0.1588235294118263
457.0,himpunan,0.1588252999445159
457.0,integral,0.15882352942618302
457.0,limit,0.15882352941270705
457.0,matriks,0.15882352941176872
457.0,peluang_dasar,0.15882352941176872
457.0,perbandingan,0.16513687780456188
457.0,persamaan_linear_satu_variabel,0.15882352942618302
457.0,sistem_persamaan_linear,0.15882352941176872
457.0,teorema_pythagoras,0.1588235294118263
457.0,turunan,0.1588235294118263
458.0,bangun_ruang,0.1588235294118263
458.0,barisan_deret,0.1588235294118263
458.0,bilangan_bulat,0.9999999801508751
458.0,fungsi_kuadrat,0.1588235294118263
458.0,himpunan,0.15882352941270705
458.0,limit,0.15882352942618302
458.0,matriks,0.15882352941176495
458.0,peluang_dasar,0.1588235294118263
458.0,sistem_persamaan_linear,0.15882352941176872
458.0,teorema_pythagoras,0.1588235294118263
459.0,aljabar_dasar,0.975594943264215
459.0,aritmatika_sosial,0.15882352941270705
459.0,barisan_deret,0.15882352942618302
459.0,bilangan_bulat,0.1696561317550716
459.0,eksponen_logaritma,0.15882352941176872
459.0,fungsi_kuadrat,0.15882352941270705
459.0,himpunan,0.2458117910202285
459.0,integral,0.15882352941270705
459.0,matriks,0.1588235294118263
459.0,peluang_dasar,0.15882352942618302
459.0,perbandingan,0.15882352941176495
459.0,persamaan_linear_satu_variabel,0.24581178903829887
459.0,sistem_persamaan_linear,0.15882352941176495
459.0,statistika_dasar,0.15882352941176495
459.0,teorema_pythagoras,0.15882352942618302
459.0,trigonometri,0.15882352942618302
459.0,turunan,0.15882352941176872
460.0,aljabar_dasar,0.1588235294118263
460.0,aritmatika_sosial,0.15882352941176872
460.0,bangun_ruang,0.15882352942618302
460.0,barisan_deret,0.15882352942618302
460.0,eksponen_logaritma,0.15882352941176872
460.0,fungsi_kuadrat,0.15882352941176872
460.0,himpunan,0.1588235294118263
460.0,integral,0.15882352942618302
460.0,limit,0.15882352942618302
460.0,matriks,0.1588235294118263
460.0,peluang_dasar,0.15882352941176872
460.0,perbandingan,0.15882352941270705
460.0,persamaan_linear_satu_variabel,0.15882352941176495
460.0,sistem_persamaan_linear,0.15882352941270705
460.0,statistika_dasar,0.15882352941270705
460.0,teorema_pythagoras,0.15882352941270705
460.0,trigonometri,0.15882352941176872
461.0,aljabar_dasar,0.995909069022588
461.0,aritmatika_sosial,0.15882500154397783
461.0,bangun_ruang,0.15882352941270705
461.0,barisan_deret,0.15882352942618302
461.0,bilangan_bulat,0.9999999999889951
461.0,eksponen_logaritma,0.15882352942618302
461.0,fungsi_kuadrat,0.15882352941176872
461.0,himpunan,0.15882352941176872
461.0,integral,0.15882352941270705
461.0,limit,0.15882352941270705
461.0,matriks,0.15882352941176495
461.0,persamaan_linear_satu_variabel,0.9966548725918098
461.0,sistem_persamaan_linear,0.15882352941270705
461.0,statistika_dasar,0.15882352941176495
461.0,teorema_pythagoras,0.6957446808524417
461.0,trigonometri,0.15882352941176495
461.0,turunan,0.15882352941270705
462.0,aritmatika_sosial,0.298782921801607
462.0,barisan_deret,0.15882352942618302
462.0,bilangan_bulat,0.9999999881355873
462.0,eksponen_logaritma,0.15882352942618302
462.0,himpunan,0.15882364759793166
462.0,integral,0.15882352941176872
462.0,limit,0.15882352941176872
462.0,matriks,0.15882352941176495
462.0,perbandingan,0.2458117910202285
462.0,persamaan_linear_satu_variabel,0.9640976489494768
462.0,sistem_persamaan_linear,0.15882352941176495
462.0,turunan,0.15882352941176872
463.0,aljabar_dasar,0.16511735789549373
463.0,aritmatika_sosial,0.15882352941176495
463.0,bangun_ruang,0.15882352941270705
463.0,barisan_deret,0.1588235294118263
463.0,eksponen_logaritma,0.15882352941176872
463.0,himpunan,0.15882352941270705
463.0,integral,0.15882352942618302
463.0,limit,0.1588235294118263
463.0,peluang_dasar,0.15882352941176495
463.0,sistem_persamaan_linear,0.1588235294118263
463.0,statistika_dasar,0.15923778771804575
463.0,teorema_pythagoras,0.15882352942618302
463.0,trigonometri,0.15882352941176872
463.0,turunan,0.15882352942618302
464.0,aljabar_dasar,0.9994840440909262
464.0,aritmatika_sosial,0.9625942452685181
464.0,bangun_ruang,0.1588506175969212
464.0,barisan_deret,0.15882352941176872
464.0,bilangan_bulat,0.9999675145927883
464.0,eksponen_logaritma,0.1588235294118263
464.0,fungsi_kuadrat,0.1588235294118263
464.0,himpunan,0.15882352941176872
464.0,integral,0.15882352941270705
464.0,limit,0.15882352941270705
464.0,matriks,0.15882352942618302
464.0,perbandingan,0.24952871942520757
464.0,persamaan_linear_satu_variabel,0.9625942452685181
464.0,sistem_persamaan_linear,0.15882352941176872
464.0,teorema_pythagoras,0.15882352942618302
464.0,trigonometri,0.15882352942618302
464.0,turunan,0.15882352941270705
465.0,aljabar_dasar,0.9999999998770049
465.0,aritmatika_sosial,0.15882352941392144
465.0,eksponen_logaritma,0.15882352941176495
465.0,himpunan,0.15882352941176495
465.0,integral,0.15882352942618302
465.0,limit,0.15882352941270705
465.0,peluang_dasar,0.15882352941176495
465.0,persamaan_linear_satu_variabel,0.6963495580686669
465.0,sistem_persamaan_linear,0.1588235294118263
465.0,statistika_dasar,0.15882352942618302
465.0,teorema_pythagoras,0.6957446808721462
465.0,turunan,0.15882352941176872
466.0,aljabar_dasar,0.9772011273574135
466.0,aritmatika_sosial,0.15923778771804575
466.0,bangun_ruang,0.15882352941176495
466.0,barisan_deret,0.15882352941176495
466.0,eksponen_logaritma,0.15882352941270705
466.0,fungsi_kuadrat,0.15882352942618302
466.0,himpunan,0.245811789038816
466.0,matriks,0.15882352942618302
466.0,perbandingan,0.16511736032359203
466.0,sistem_persamaan_linear,0.15882352941176495
466.0,statistika_dasar,0.15882352941270705
466.0,teorema_pythagoras,0.15882352942618302
466.0,trigonometri,0.15882352941176872
467.0,aljabar_dasar,0.8317434877053007
467.0,aritmatika_sosial,0.1592377877186885
467.0,bangun_ruang,0.1588235294118263
467.0,bilangan_bulat,0.9998133342183296
467.0,fungsi_kuadrat,0.1588235294118263
467.0,himpunan,0.15882353698573823
467.0,integral,0.1588235294118263
467.0,limit,0.15882352941176872
467.0,perbandingan,0.24582803474880016
467.0,persamaan_linear_satu_variabel,0.1595401682631517
467.0,sistem_persamaan_linear,0.15882352941176872
467.0,statistika_dasar,0.15882352941270705
467.0,teorema_pythagoras,0.1588235294118263
467.0,trigonometri,0.15882352941270705
467.0,turunan,0.15882352941270705
468.0,aljabar_dasar,0.9999626814578506
468.0,aritmatika_sosial,0.24582771799754277
468.0,bangun_ruang,0.24581178903829887
468.0,barisan_deret,0.1588235294118263
468.0,bilangan_bulat,0.9999999804552524
468.0,fungsi_kuadrat,0.15882352941176872
468.0,himpunan,0.15882352941270705
468.0,integral,0.1588235294118263
468.0,matriks,0.1588235294118263
468.0,peluang_dasar,0.6957446808721462
468.0,perbandingan,0.9957499393972606
468.0,persamaan_linear_satu_variabel,0.9973809177512223
468.0,sistem_persamaan_linear,0.15882352941176495
468.0,turunan,0.1588235294118263
469.0,aljabar_dasar,0.9966810691023814
469.0,aritmatika_sosial,0.15882352941176495
469.0,bangun_ruang,0.15882352941176872
469.0,fungsi_kuadrat,0.15882352941176495
469.0,himpunan,0.1588253023995067
469.0,integral,0.15882352941176872
469.0,limit,0.15882352941176495
469.0,matriks,0.1588235294118263
469.0,peluang_dasar,0.15882352941176495
469.0,perbandingan,0.15882364514293124
469.0,statistika_dasar,0.15882352941270705
469.0,trigonometri,0.1588235294118263
469.0,turunan,0.15882352941176872
470.0,aljabar_dasar,0.9999478862999666
470.0,aritmatika_sosial,0.1588235294118263
470.0,bangun_ruang,0.15882352941176872
470.0,bilangan_bulat,0.29878292297137443
470.0,eksponen_logaritma,0.15882352942618302
470.0,fungsi_kuadrat,0.15882352941176495
470.0,himpunan,0.1588235294118263
470.0,integral,0.15882352942618302
470.0,perbandingan,0.9625942452720643
470.0,statistika_dasar,0.15882352941176495
470.0,teorema_pythagoras,0.15882352942618302
470.0,trigonometri,0.15882352941176495
471.0,aljabar_dasar,0.9499656862481769
471.0,aritmatika_sosial,0.16511735789549373
471.0,bangun_ruang,0.15882352941176872
471.0,barisan_deret,0.15882352941176872
471.0,bilangan_bulat,0.9692289324112421
471.0,eksponen_logaritma,0.15882352941270705
471.0,fungsi_kuadrat,0.15882352941270705
471.0,himpunan,0.6957446808510697
471.0,limit,0.15882352941176872
471.0,perbandingan,0.15882352941176495
471.0,persamaan_linear_satu_variabel,0.7047426790233844
471.0,sistem_persamaan_linear,0.1588235294118263
471.0,teorema_pythagoras,0.15882352941176495
472.0,aljabar_dasar,0.15882352941176495
472.0,barisan_deret,0.1588235294118263
472.0,bilangan_bulat,0.15923778771804575
472.0,eksponen_logaritma,0.15882352941270705
472.0,himpunan,0.15882352942618302
472.0,integral,0.15882352941176872
472.0,limit,0.15882352941270705
472.0,matriks,0.15882352942618302
472.0,persamaan_linear_satu_variabel,0.15882352941176495
472.0,teorema_pythagoras,0.15882352941176495
472.0,trigonometri,0.15882352941176495
473.0,aritmatika_sosial,0.15882352941176495
473.0,bangun_ruang,0.15882352941270705
473.0,bilangan_bulat,0.9957499393151337
473.0,eksponen_logaritma,0.1588235294118263
473.0,fungsi_kuadrat,0.1588235294118263
473.0,himpunan,0.15882352942618302
473.0,limit,0.15882352941270705
473.0,matriks,0.15882352941270705
473.0,peluang_dasar,0.15882352941176872
473.0,perbandingan,0.1588236451324438
473.0,persamaan_linear_satu_variabel,0.1588235294118263
473.0,sistem_persamaan_linear,0.15882352941176872
473.0,statistika_dasar,0.1588235294118263
473.0,teorema_pythagoras,0.15882352941176872
473.0,turunan,0.15882352941176495
474.0,barisan_deret,0.15882352942618302
474.0,eksponen_logaritma,0.15882352941270705
474.0,himpunan,0.15923778772852282
474.0,integral,0.15882352941176872
474.0,limit,0.15882352941270705
474.0,matriks,0.15882352942618302
474.0,peluang_dasar,0.15882352941176495
474.0,perbandingan,0.9999997399285322
474.0,sistem_persamaan_linear,0.15882352942618302
474.0,statistika_dasar,0.15882352941176872
474.0,teorema_pythagoras,0.24581187914274796
474.0,trigonometri,0.15882352941270705
474.0,turunan,0.15882352941176872
475.0,aljabar_dasar,0.9999999999860004
475.0,aritmatika_sosial,0.1588506200517642
475.0,bangun_ruang,0.15882352941270705
475.0,barisan_deret,0.1588235294118263
475.0,bilangan_bulat,0.9999999801508751
475.0,eksponen_logaritma,0.15882352941270705
475.0,himpunan,0.24952894854292124
475.0,integral,0.15882352942618302
475.0,limit,0.15882352941176872
475.0,peluang_dasar,0.15882352941176872
475.0,perbandingan,0.9999979675560797
475.0,persamaan_linear_satu_variabel,0.9999975859156756
475.0,statistika_dasar,0.6957446808524417
475.0,trigonometri,0.15882352941176872
475.0,turunan,0.15882352941270705
476.0,aljabar_dasar,0.9998133337767496
476.0,bangun_ruang,0.15882352942618302
476.0,barisan_deret,0.1588235294118263
476.0,bilangan_bulat,0.999998531234752
476.0,eksponen_logaritma,0.1588235294118263
476.0,himpunan,0.15882352941270705
476.0,integral,0.15882352941270705
476.0,peluang_dasar,0.15882352941270705
476.0,persamaan_linear_satu_variabel,0.15882352942618302
476.0,sistem_persamaan_linear,0.15882352941176872
476.0,statistika_dasar,0.15882352941270705
476.0,teorema_pythagoras,0.15882352941270705
476.0,trigonometri,0.15882352941176495
476.0,turunan,0.15882352941176495
477.0,aljabar_dasar,0.9996370457089311
477.0,bangun_ruang,0.15882352942618302
477.0,barisan_deret,0.15882352941270705
477.0,bilangan_bulat,0.9999973728086902
477.0,eksponen_logaritma,0.15882352941176495
477.0,fungsi_kuadrat,0.15882352941176872
477.0,himpunan,0.24582771799754277
477.0,limit,0.1588235294118263
477.0,matriks,0.15882352942618302
477.0,peluang_dasar,0.15882352941176495
477.0,perbandingan,0.6963495067204574
477.0,persamaan_linear_satu_variabel,0.7047426790233844
477.0,sistem_persamaan_linear,0.15882352941176872
477.0,teorema_pythagoras,0.1651173578948599
477.0,turunan,0.15882352942618302
478.0,aljabar_dasar,0.24581178933473374
478.0,aritmatika_sosial,0.15923778771804575
478.0,bangun_ruang,0.1588235294118263
478.0,barisan_deret,0.15882352941176872
478.0,fungsi_kuadrat,0.15882352941176872
478.0,himpunan,0.15887040408533665
478.0,matriks,0.15882352941176495
478.0,sistem_persamaan_linear,0.15882352942618302
478.0,statistika_dasar,0.15882352941176495
478.0,trigonometri,0.15882352941270705
478.0,turunan,0.15882352941176872
479.0,aritmatika_sosial,0.9977483454336311
479.0,bangun_ruang,0.15882352942618302
479.0,barisan_deret,0.15882352941176495
479.0,bilangan_bulat,0.9999973728086902
479.0,eksponen_logaritma,0.15882352942618302
479.0,fungsi_kuadrat,0.15882352941176495
479.0,himpunan,0.24951753309088026
479.0,limit,0.1588235294118263
479.0,matriks,0.15882352942618302
479.0,peluang_dasar,0.15882352941176495
479.0,persamaan_linear_satu_variabel,0.999999989413145
479.0,sistem_persamaan_linear,0.15882352942618302
479.0,statistika_dasar,0.15882493859621077
479.0,teorema_pythagoras,0.2458117890467293
479.0,turunan,0.15882352941176495
480.0,aljabar_dasar,0.9999997815587466
480.0,aritmatika_sosial,0.16541549778698839
480.0,bangun_ruang,0.15882352942618302
480.0,barisan_deret,0.15882352942618302
480.0,bilangan_bulat,0.9999973728222241
480.0,eksponen_logaritma,0.15882352941176872
480.0,fungsi_kuadrat,0.15882352941176872
480.0,himpunan,0.6957446811736256
480.0,limit,0.15882352942618302
480.0,matriks,0.15882352941176495
480.0,peluang_dasar,0.15882352941176872
480.0,perbandingan,0.1588237314659874
480.0,persamaan_linear_satu_variabel,0.6017875170877396
480.0,sistem_persamaan_linear,0.15882352942618302
480.0,statistika_dasar,0.15882352941176495
480.0,teorema_pythagoras,0.15882352942618302
480.0,turunan,0.15882352942618302
481.0,aritmatika_sosial,0.15882353697525078
481.0,bilangan_bulat,0.9999635614169863
481.0,eksponen_logaritma,0.15882352941270705
481.0,fungsi_kuadrat,0.1588235294118263
481.0,himpunan,0.15882352941270705
481.0,integral,0.15882352942618302
481.0,matriks,0.15882352941176495
481.0,peluang_dasar,0.15882352941176495
481.0,perbandingan,0.15923779018110648
481.0,sistem_persamaan_linear,0.15882352941176872
481.0,teorema_pythagoras,0.15882352941270705
481.0,trigonometri,0.15882352941176495
481.0,turunan,0.15882352941270705
482.0,aljabar_dasar,0.15882352941176872
482.0,aritmatika_sosial,0.1588235294118263
482.0,bilangan_bulat,0.1588506200517642
482.0,eksponen_logaritma,0.1588235294118263
482.0,himpunan,0.15882352941176495
482.0,limit,0.15882352941270705
482.0,matriks,0.15882352941176495
482.0,perbandingan,0.15882352941270705
482.0,statistika_dasar,0.15882352941270705
482.0,trigonometri,0.15882352941176872
483.0,aljabar_dasar,0.9995926959729667
483.0,aritmatika_sosial,0.24581178916780289
483.0,bangun_ruang,0.6957446808510697
483.0,eksponen_logaritma,0.15882352941176495
483.0,himpunan,0.6957446808721462
483.0,limit,0.15882352941176495
483.0,matriks,0.1588235294118263
483.0,peluang_dasar,0.1588235294118263
483.0,perbandingan,0.15882352941176872
483.0,persamaan_linear_satu_variabel,0.9996892146107075
483.0,sistem_persamaan_linear,0.15882352941176495
483.0,statistika_dasar,0.15882352941176872
483.0,turunan,0.15882352941176872
484.0,aritmatika_sosial,0.15882352941176495
484.0,eksponen_logaritma,0.15882352942618302
484.0,himpunan,0.1588235294118263
484.0,peluang_dasar,0.15882352942618302
484.0,perbandingan,0.15882352941176872
484.0,persamaan_linear_satu_variabel,0.16513685243479162
484.0,sistem_persamaan_linear,0.15882352941176872
484.0,statistika_dasar,0.15882352941270705
484.0,teorema_pythagoras,0.15882364514293124
484.0,trigonometri,0.15882352942618302
484.0,turunan,0.15882352941176872
485.0,aljabar_dasar,0.22954638148145717
485.0,aritmatika_sosial,0.1588235294118263
485.0,barisan_deret,0.15882352941176872
485.0,fungsi_kuadrat,0.15882352941176495
485.0,himpunan,0.15882352942618302
485.0,integral,0.15882352941176495
485.0,limit,0.15882352942618302
485.0,matriks,0.15882352941176872
485.0,peluang_dasar,0.15882352941176495
485.0,perbandingan,0.1588235294118263
485.0,persamaan_linear_satu_variabel,0.6957446808511539
485.0,sistem_persamaan_linear,0.15882352941270705
485.0,statistika_dasar,0.15882352941176495
485.0,turunan,0.15882352941176872
486.0,aljabar_dasar,0.6957446808524417
486.0,aritmatika_sosial,0.15882352941176495
486.0,bangun_ruang,0.1588235294118263
486.0,bilangan_bulat,0.9625942461022025
486.0,himpunan,0.15882352941176495
486.0,limit,0.15882352942618302
486.0,matriks,0.1588235294118263
486.0,peluang_dasar,0.15882352941176495
486.0,perbandingan,0.15882352942618302
486.0,sistem_persamaan_linear,0.15882352941176872
486.0,statistika_dasar,0.15882352941176872
486.0,teorema_pythagoras,0.15882352941176872
486.0,trigonometri,0.15882352942618302
486.0,turunan,0.15882352942618302
487.0,bangun_ruang,0.15882352942618302
487.0,fungsi_kuadrat,0.15882352941270705
487.0,himpunan,0.1588235294118263
487.0,limit,0.1588235294118263
487.0,matriks,0.1588235294118263
487.0,peluang_dasar,0.1588235294118263
487.0,persamaan_linear_satu_variabel,0.9999997773211557
487.0,sistem_persamaan_linear,0.15882352941176495
487.0,statistika_dasar,0.15882352941176872
487.0,teorema_pythagoras,0.1588235294118263
487.0,turunan,0.15882352942618302
488.0,aritmatika_sosial,0.15882352941270705
488.0,bilangan_bulat,0.9965372778717658
488.0,himpunan,0.15882352941176872
488.0,matriks,0.15882352942618302
488.0,perbandingan,0.15882352941270705
488.0,trigonometri,0.15882352941176495
489.0,aljabar_dasar,0.999999999052755
489.0,aritmatika_sosial,0.9412505297346865
489.0,bangun_ruang,0.15882352941176495
489.0,barisan_deret,0.15882352941176495
489.0,eksponen_logaritma,0.15882352942618302
489.0,fungsi_kuadrat,0.15882352941270705
489.0,himpunan,0.24581178916780289
489.0,integral,0.15882352941270705
489.0,limit,0.15882352942618302
489.0,peluang_dasar,0.1588235294118263
489.0,perbandingan,0.9979176288309398
489.0,persamaan_linear_satu_variabel,0.9999999712099142
489.0,sistem_persamaan_linear,0.15882352941270705
489.0,teorema_pythagoras,0.15882529993467195
489.0,trigonometri,0.15882352941176495
490.0,aljabar_dasar,0.9997449151167151
490.0,aritmatika_sosial,0.15882352941176495
490.0,bangun_ruang,0.15882352941176495
490.0,eksponen_logaritma,0.15882352941176872
490.0,fungsi_kuadrat,0.1588235294118263
490.0,himpunan,0.15923778787898807
490.0,matriks,0.15882352941176872
490.0,peluang_dasar,0.15882352941176495
490.0,perbandingan,0.15909619293174546
490.0,persamaan_linear_satu_variabel,0.704744462202758
490.0,statistika_dasar,0.15882352941176872
490.0,teorema_pythagoras,0.1588235294118263
490.0,trigonometri,0.15882352941176872
490.0,turunan,0.15882352941270705
491.0,aljabar_dasar,0.9999999982195921
491.0,aritmatika_sosial,0.24581185708599765
491.0,bangun_ruang,0.1588235294118263
491.0,barisan_deret,0.15882352941176495
491.0,eksponen_logaritma,0.15882352941270705
491.0,himpunan,0.298782921801607
491.0,integral,0.15882352942618302
491.0,peluang_dasar,0.15882352941270705
491.0,perbandingan,0.9625942452720643
491.0,sistem_persamaan_linear,0.15882352941176872
491.0,statistika_dasar,0.15882352941270705
491.0,teorema_pythagoras,0.15882352941176872
491.0,trigonometri,0.15882352942618302
491.0,turunan,0.15882352941176495
492.0,aritmatika_sosial,0.9963854561393076
492.0,bangun_ruang,0.15882352942618302
492.0,barisan_deret,0.15882352941270705
492.0,bilangan_bulat,0.9999999999860004
492.0,himpunan,0.16543002998953124
492.0,integral,0.15882352941176495
492.0,matriks,0.15882352941176872
492.0,sistem_persamaan_linear,0.15882352941176495
492.0,teorema_pythagoras,0.15923778787898807
492.0,trigonometri,0.1588235294118263
492.0,turunan,0.15882352941176872
493.0,bangun_ruang,0.1588235294118263
493.0,barisan_deret,0.1588235294118263
493.0,eksponen_logaritma,0.15882352941176872
493.0,himpunan,0.15915324922065457
493.0,limit,0.15882352942618302
493.0,matriks,0.15882352942618302
493.0,peluang_dasar,0.1588235294118263
493.0,perbandingan,0.2522047481246914
493.0,persamaan_linear_satu_variabel,0.9999833047816681
493.0,sistem_persamaan_linear,0.1588235294118263
493.0,statistika_dasar,0.15882352941270705
494.0,aljabar_dasar,0.15882352941176872
494.0,aritmatika_sosial,0.15882352941176872
494.0,bangun_ruang,0.1588235294118263
494.0,barisan_deret,0.15882352941270705
494.0,bilangan_bulat,0.1696561317550716
494.0,fungsi_kuadrat,0.15882352941176872
494.0,himpunan,0.15882352941270705
494.0,integral,0.15882352941270705
494.0,limit,0.15882352941176872
494.0,peluang_dasar,0.15882352941176872
494.0,perbandingan,0.16511735805355915
494.0,sistem_persamaan_linear,0.15882352941176872
494.0,teorema_pythagoras,0.15882352941176872
494.0,trigonometri,0.15882352941176495
494.0,turunan,0.15882352941176872
495.0,aljabar_dasar,0.9999969432138004
495.0,barisan_deret,0.15882352941176872
495.0,bilangan_bulat,0.9999998816763394
495.0,fungsi_kuadrat,0.15882352942618302
495.0,himpunan,0.22954602929977208
495.0,integral,0.15882352942618302
495.0,limit,0.1588235294118263
495.0,matriks,0.15882352941270705
495.0,perbandingan,0.9735789087721229
495.0,sistem_persamaan_linear,0.15882352942618302
495.0,statistika_dasar,0.1588506175870778
495.0,trigonometri,0.1588235294118263
495.0,turunan,0.15882352941176872
496.0,aljabar_dasar,0.9999999998770049
496.0,aritmatika_sosial,0.9822611445623702
496.0,bangun_ruang,0.1588235294118263
496.0,barisan_deret,0.15882352942618302
496.0,bilangan_bulat,0.9999999982512593
496.0,eksponen_logaritma,0.1588235294118263
496.0,fungsi_kuadrat,0.15882352941176872
496.0,himpunan,0.15882529993402855
496.0,integral,0.15882352942618302
496.0,limit,0.15882352941176495
496.0,matriks,0.15882352942618302
496.0,perbandingan,0.9772294129698691
496.0,persamaan_linear_satu_variabel,0.962594245322993
496.0,sistem_persamaan_linear,0.15882352942618302
496.0,teorema_pythagoras,0.7047426788024354
497.0,aljabar_dasar,0.7047426788024354
497.0,aritmatika_sosial,0.1588235294118263
497.0,bangun_ruang,0.15882352941270705
497.0,barisan_deret,0.15882352941270705
497.0,bilangan_bulat,0.9998133337767496
497.0,eksponen_logaritma,0.15882352941270705
497.0,fungsi_kuadrat,0.15882352941270705
497.0,himpunan,0.15882352941270705
497.0,peluang_dasar,0.15882352941270705
497.0,statistika_dasar,0.15882352941176495
497.0,teorema_pythagoras,0.15882352942618302
498.0,bangun_ruang,0.15882352941176872
498.0,barisan_deret,0.15882352942618302
498.0,eksponen_logaritma,0.15882352941176872
498.0,fungsi_kuadrat,0.15882352941270705
498.0,himpunan,0.2458117890467293
498.0,integral,0.15882352941176872
498.0,limit,0.15882352941176872
498.0,matriks,0.1588235294118263
498.0,peluang_dasar,0.15882352941176872
498.0,perbandingan,0.964097640367999
498.0,persamaan_linear_satu_variabel,0.9957502539995164
498.0,sistem_persamaan_linear,0.15882352941176495
498.0,teorema_pythagoras,0.15882352941270705
498.0,turunan,0.15882352941270705
499.0,aljabar_dasar,0.9626963508656022
499.0,aritmatika_sosial,0.15882352941270705
499.0,bangun_ruang,0.15882352941176495
499.0,bilangan_bulat,0.9994370576122772
499.0,eksponen_logaritma,0.15882352941270705
499.0,himpunan,0.15882352941270705
499.0,integral,0.15882352941176872
499.0,peluang_dasar,0.1588235294118263
499.0,perbandingan,0.15882352941176872
499.0,persamaan_linear_satu_variabel,0.15882352942618302
499.0,sistem_persamaan_linear,0.15882352941176872
499.0,statistika_dasar,0.15882352941176872
499.0,trigonometri,0.15882352941270705
500.0,aljabar_dasar,0.1588235294118263
500.0,aritmatika_sosial,0.1588235294118263
500.0,bangun_ruang,0.15882352941176872
500.0,bilangan_bulat,0.9996892146174265
500.0,eksponen_logaritma,0.1588235294118263
500.0,fungsi_kuadrat,0.15882352942618302
500.0,himpunan,0.15882352941176495
500.0,integral,0.6957446808524417
500.0,limit,0.15882352941270705
500.0,matriks,0.15882352942618302
500.0,peluang_dasar,0.15882352941176495
500.0,perbandingan,0.1588235294118263
500.0,persamaan_linear_satu_variabel,0.245811789038816
500.0,sistem_persamaan_linear,0.15882352941176872
500.0,statistika_dasar,0.15882352942618302
500.0,turunan,0.15882352941176495
